id,branch_code,official_name,display_name,search_group
1,100219110,Civil Engineering,Civil Engineering,
2,100224610,Information Technology,Information Technology,
3,100229310,Electrical Engineering,Electrical Engineering,
4,100237210,Electronics and Telecommunication Engg,Electronics and Telecommunication Engg,
5,100246610,Instrumentation Engineering,Instrumentation Engineering,
6,100261210,Mechanical Engineering,Mechanical Engineering,
7,100550310,Food Technology,Food Technology,
8,100551710,Oil and Paints Technology,Oil and Paints Technology,
9,100552410,Paper and Pulp Technology,Paper and Pulp Technology,
10,100552710,Petro Chemical Engineering,Petro Chemical Engineering,
11,101219110,Civil Engineering,Civil Engineering,
12,101224510,Computer Engineering,Computer Engineering,
13,101229310,Electrical Engineering,Electrical Engineering,
14,101237210,Electronics and Telecommunication Engg,Electronics and Telecommunication Engg,
15,101261210,Mechanical Engineering,Mechanical Engineering,
16,110124210,Computer Science and Engineering,Computer Science and Engineering,
17,110124610,Information Technology,Information Technology,
18,110135610,Electrical Engg[Electronics and Power],Electrical Engg[Electronics and Power],
19,110137210,Electronics and Telecommunication Engg,Electronics and Telecommunication Engg,
20,110161210,Mechanical Engineering,Mechanical Engineering,
21,110519110,Civil Engineering,Civil Engineering,
22,110524210,Computer Science and Engineering,Computer Science and Engineering,
23,110524610,Information Technology,Information Technology,
24,110526310,Artificial Intelligence (AI) and Data Science,Artificial Intelligence (AI) and Data Science,
25,110537210,Electronics and Telecommunication Engg,Electronics and Telecommunication Engg,
26,110561210,Mechanical Engineering,Mechanical Engineering,
27,110719110,Civil Engineering,Civil Engineering,
28,110724210,Computer Science and Engineering,Computer Science and Engineering,
29,110729310,Electrical Engineering,Electrical Engineering,
30,110737210,Electronics and Telecommunication Engg,Electronics and Telecommunication Engg,
31,110761210,Mechanical Engineering,Mechanical Engineering,
32,110799510,Artificial Intelligence and Data Science,Artificial Intelligence and Data Science,
33,111419110,Civil Engineering,Civil Engineering,
34,111424210,Computer Science and Engineering,Computer Science and Engineering,
35,111424610,Information Technology,Information Technology,
36,111437210,Electronics and Telecommunication Engg,Electronics and Telecommunication Engg,
37,111461210,Mechanical Engineering,Mechanical Engineering,
38,111619110,Civil Engineering,Civil Engineering,
39,111624210,Computer Science and Engineering,Computer Science and Engineering,
40,111650710,Chemical Engineering,Chemical Engineering,
41,111661210,Mechanical Engineering,Mechanical Engineering,
42,111719110,Civil Engineering,Civil Engineering,
43,111724210,Computer Science and Engineering,Computer Science and Engineering,
44,111735610,Electrical Engg[Electronics and Power],Electrical Engg[Electronics and Power],
45,111761210,Mechanical Engineering,Mechanical Engineering,
46,111799510,Artificial Intelligence and Data Science,Artificial Intelligence and Data Science,
47,111924210,Computer Science and Engineering,Computer Science and Engineering,
48,111924610,Information Technology,Information Technology,
49,111937210,Electronics and Telecommunication Engg,Electronics and Telecommunication Engg,
50,111950710,Chemical Engineering,Chemical Engineering,
51,111961210,Mechanical Engineering,Mechanical Engineering,
52,112019110,Civil Engineering,Civil Engineering,
53,112024210,Computer Science and Engineering,Computer Science and Engineering,
54,112029310,Electrical Engineering,Electrical Engineering,
55,112037210,Electronics and Telecommunication Engg,Electronics and Telecommunication Engg,
56,112050710,Chemical Engineering,Chemical Engineering,
57,112061210,Mechanical Engineering,Mechanical Engineering,
58,112089310,Textile Engineering / Technology,Textile Engineering / Technology,
59,112124210,Computer Science and Engineering,Computer Science and Engineering,
60,112124610,Information Technology,Information Technology,
61,112137210,Electronics and Telecommunication Engg,Electronics and Telecommunication Engg,
62,112161210,Mechanical Engineering,Mechanical Engineering,
63,112319110,Civil Engineering,Civil Engineering,
64,112324210,Computer Science and Engineering,Computer Science and Engineering,
65,112337210,Electronics and Telecommunication Engg,Electronics and Telecommunication Engg,
66,112361210,Mechanical Engineering,Mechanical Engineering,
67,112519110,Civil Engineering,Civil Engineering,
68,112524210,Computer Science and Engineering,Computer Science and Engineering,
69,112529310,Electrical Engineering,Electrical Engineering,
70,112561210,Mechanical Engineering,Mechanical Engineering,
71,112619110,Civil Engineering,Civil Engineering,
72,112624210,Computer Science and Engineering,Computer Science and Engineering,
73,112629310,Electrical Engineering,Electrical Engineering,
74,112637210,Electronics and Telecommunication Engg,Electronics and Telecommunication Engg,
75,112661210,Mechanical Engineering,Mechanical Engineering,
76,112719110,Civil Engineering,Civil Engineering,
77,112724510,Computer Engineering,Computer Engineering,
78,112729310,Electrical Engineering,Electrical Engineering,
79,112737210,Electronics and Telecommunication Engg,Electronics and Telecommunication Engg,
80,112761210,Mechanical Engineering,Mechanical Engineering,
81,112819110,Civil Engineering,Civil Engineering,
82,112824210,Computer Science and Engineering,Computer Science and Engineering,
83,112824610,Information Technology,Information Technology,
84,112829310,Electrical Engineering,Electrical Engineering,
85,112837210,Electronics and Telecommunication Engg,Electronics and Telecommunication Engg,
86,112891210,Computer Science and Engineering(Data Science),Computer Science and Engineering(Data Science),
87,113019110,Civil Engineering,Civil Engineering,
88,113024210,Computer Science and Engineering,Computer Science and Engineering,
89,113035610,Electrical Engg[Electronics and Power],Electrical Engg[Electronics and Power],
90,113037210,Electronics and Telecommunication Engg,Electronics and Telecommunication Engg,
91,113061210,Mechanical Engineering,Mechanical Engineering,
92,118019110,Civil Engineering,Civil Engineering,
93,118024210,Computer Science and Engineering,Computer Science and Engineering,
94,118026310,Artificial Intelligence (AI) and Data Science,Artificial Intelligence (AI) and Data Science,
95,118029310,Electrical Engineering,Electrical Engineering,
96,118061210,Mechanical Engineering,Mechanical Engineering,
97,118219110,Civil Engineering,Civil Engineering,
98,118224210,Computer Science and Engineering,Computer Science and Engineering,
99,118229310,Electrical Engineering,Electrical Engineering,
100,118261210,Mechanical Engineering,Mechanical Engineering,
101,126519110,Civil Engineering,Civil Engineering,
102,126524210,Computer Science and Engineering,Computer Science and Engineering,
103,126524610,Information Technology,Information Technology,
104,126535610,Electrical Engg[Electronics and Power],Electrical Engg[Electronics and Power],
105,126537210,Electronics and Telecommunication Engg,Electronics and Telecommunication Engg,
106,126561210,Mechanical Engineering,Mechanical Engineering,
107,126819110,Civil Engineering,Civil Engineering,
108,126824210,Computer Science and Engineering,Computer Science and Engineering,
109,126835610,Electrical Engg[Electronics and Power],Electrical Engg[Electronics and Power],
110,126837210,Electronics and Telecommunication Engg,Electronics and Telecommunication Engg,
111,126861210,Mechanical Engineering,Mechanical Engineering,
112,127619110,Civil Engineering,Civil Engineering,
113,127624510,Computer Engineering,Computer Engineering,
114,127629310,Electrical Engineering,Electrical Engineering,
115,127661210,Mechanical Engineering,Mechanical Engineering,
116,200819110,Civil Engineering,Civil Engineering,
117,200829310,Electrical Engineering,Electrical Engineering,
118,200837210,Electronics and Telecommunication Engg,Electronics and Telecommunication Engg,
119,200861210,Mechanical Engineering,Mechanical Engineering,
120,202019110,Civil Engineering,Civil Engineering,
121,202024210,Computer Science and Engineering,Computer Science and Engineering,
122,202029310,Electrical Engineering,Electrical Engineering,
123,202037210,Electronics and Telecommunication Engg,Electronics and Telecommunication Engg,
124,202046610,Instrumentation Engineering,Instrumentation Engineering,
125,202061210,Mechanical Engineering,Mechanical Engineering,
126,202089610,Textile Technology,Textile Technology,
127,202150310,Food Technology,Food Technology,
128,202181610,Pharmaceutical and Fine Chemical Technology,Pharmaceutical and Fine Chemical Technology,
129,211119110,Civil Engineering,Civil Engineering,
130,211124210,Computer Science and Engineering,Computer Science and Engineering,
131,211129310,Electrical Engineering,Electrical Engineering,
132,211161210,Mechanical Engineering,Mechanical Engineering,
133,211219110,Civil Engineering,Civil Engineering,
134,211224210,Computer Science and Engineering,Computer Science and Engineering,
135,211229310,Electrical Engineering,Electrical Engineering,
136,211261210,Mechanical Engineering,Mechanical Engineering,
137,211284410,Electronics and Computer Engineering,Electronics and Computer Engineering,
138,211291110,Computer Science and Engineering(Artificial Intelligence and Machine Learning),Computer Science and Engineering(Artificial Intelligence and Machine Learning),
139,211291210,Computer Science and Engineering(Data Science),Computer Science and Engineering(Data Science),
140,211292910,VLSI,VLSI,
141,211293010,Logistics,Logistics,
142,211293210,5G,5G,
143,211301110,Agricultural Engineering,Agricultural Engineering,
144,211319110,Civil Engineering,Civil Engineering,
145,211324210,Computer Science and Engineering,Computer Science and Engineering,
146,211325710,Computer Science and Design,Computer Science and Design,
147,211326310,Artificial Intelligence (AI) and Data Science,Artificial Intelligence (AI) and Data Science,
148,211329310,Electrical Engineering,Electrical Engineering,
149,211350110,Plastic and Polymer Engineering,Plastic and Polymer Engineering,
150,211384410,Electronics and Computer Engineering,Electronics and Computer Engineering,
151,211419110,Civil Engineering,Civil Engineering,
152,211424210,Computer Science and Engineering,Computer Science and Engineering,
153,211437210,Electronics and Telecommunication Engg,Electronics and Telecommunication Engg,
154,211461210,Mechanical Engineering,Mechanical Engineering,
155,211491110,Computer Science and Engineering(Artificial Intelligence and Machine Learning),Computer Science and Engineering(Artificial Intelligence and Machine Learning),
156,211619110,Civil Engineering,Civil Engineering,
157,211624210,Computer Science and Engineering,Computer Science and Engineering,
158,211626310,Artificial Intelligence (AI) and Data Science,Artificial Intelligence (AI) and Data Science,
159,211629310,Electrical Engineering,Electrical Engineering,
160,211637210,Electronics and Telecommunication Engg,Electronics and Telecommunication Engg,
161,211661510,Mechanical & Automation Engineering,Mechanical & Automation Engineering,
162,211691110,Computer Science and Engineering(Artificial Intelligence and Machine Learning),Computer Science and Engineering(Artificial Intelligence and Machine Learning),
163,212719110,Civil Engineering,Civil Engineering,
164,212724210,Computer Science and Engineering,Computer Science and Engineering,
165,212724610,Information Technology,Information Technology,
166,212737210,Electronics and Telecommunication Engg,Electronics and Telecommunication Engg,
167,212761210,Mechanical Engineering,Mechanical Engineering,
168,212919110,Civil Engineering,Civil Engineering,
169,212924210,Computer Science and Engineering,Computer Science and Engineering,
170,212924610,Information Technology,Information Technology,
171,212929810,Electrical Engg [Electrical and Power],Electrical Engg [Electrical and Power],
172,212937610,Electronics Engineering,Electronics Engineering,
173,212961210,Mechanical Engineering,Mechanical Engineering,
174,213019110,Civil Engineering,Civil Engineering,
175,213024210,Computer Science and Engineering,Computer Science and Engineering,
176,213037210,Electronics and Telecommunication Engg,Electronics and Telecommunication Engg,
177,213061210,Mechanical Engineering,Mechanical Engineering,
178,213099510,Artificial Intelligence and Data Science,Artificial Intelligence and Data Science,
179,213119110,Civil Engineering,Civil Engineering,
180,213124210,Computer Science and Engineering,Computer Science and Engineering,
181,213137210,Electronics and Telecommunication Engg,Electronics and Telecommunication Engg,
182,213161210,Mechanical Engineering,Mechanical Engineering,
183,213319110,Civil Engineering,Civil Engineering,
184,213324210,Computer Science and Engineering,Computer Science and Engineering,
185,213329310,Electrical Engineering,Electrical Engineering,
186,213361210,Mechanical Engineering,Mechanical Engineering,
187,213384410,Electronics and Computer Engineering,Electronics and Computer Engineering,
188,213419110,Civil Engineering,Civil Engineering,
189,213424210,Computer Science and Engineering,Computer Science and Engineering,
190,213429310,Electrical Engineering,Electrical Engineering,
191,213437810,Electronics Engineering ( VLSI Design and Technology),Electronics Engineering ( VLSI Design and Technology),
192,213461510,Mechanical & Automation Engineering,Mechanical & Automation Engineering,
193,213484410,Electronics and Computer Engineering,Electronics and Computer Engineering,
194,213491210,Computer Science and Engineering(Data Science),Computer Science and Engineering(Data Science),
195,213519110,Civil Engineering,Civil Engineering,
196,213524210,Computer Science and Engineering,Computer Science and Engineering,
197,213561210,Mechanical Engineering,Mechanical Engineering,
198,213591110,Computer Science and Engineering(Artificial Intelligence and Machine Learning),Computer Science and Engineering(Artificial Intelligence and Machine Learning),
199,213619110,Civil Engineering,Civil Engineering,
200,213624210,Computer Science and Engineering,Computer Science and Engineering,
201,213624610,Information Technology,Information Technology,
202,213629310,Electrical Engineering,Electrical Engineering,
203,213637210,Electronics and Telecommunication Engg,Electronics and Telecommunication Engg,
204,213661210,Mechanical Engineering,Mechanical Engineering,
205,213691210,Computer Science and Engineering(Data Science),Computer Science and Engineering(Data Science),
206,213692110,Artificial Intelligence and Machine Learning,Artificial Intelligence and Machine Learning,
207,213719110,Civil Engineering,Civil Engineering,
208,213724210,Computer Science and Engineering,Computer Science and Engineering,
209,213729710,Electrical and Electronics Engineering,Electrical and Electronics Engineering,
210,213761210,Mechanical Engineering,Mechanical Engineering,
211,213819110,Civil Engineering,Civil Engineering,
212,213824210,Computer Science and Engineering,Computer Science and Engineering,
213,213829310,Electrical Engineering,Electrical Engineering,
214,213861210,Mechanical Engineering,Mechanical Engineering,
215,214619110,Civil Engineering,Civil Engineering,
216,214629710,Electrical and Electronics Engineering,Electrical and Electronics Engineering,
217,214661210,Mechanical Engineering,Mechanical Engineering,
218,225019110,Civil Engineering,Civil Engineering,
219,225024210,Computer Science and Engineering,Computer Science and Engineering,
220,225029310,Electrical Engineering,Electrical Engineering,
221,225037210,Electronics and Telecommunication Engg,Electronics and Telecommunication Engg,
222,225061210,Mechanical Engineering,Mechanical Engineering,
223,225219110,Civil Engineering,Civil Engineering,
224,225224210,Computer Science and Engineering,Computer Science and Engineering,
225,225229710,Electrical and Electronics Engineering,Electrical and Electronics Engineering,
226,225261210,Mechanical Engineering,Mechanical Engineering,
227,225419110,Civil Engineering,Civil Engineering,
228,225424510,Computer Engineering,Computer Engineering,
229,225429310,Electrical Engineering,Electrical Engineering,
230,225437210,Electronics and Telecommunication Engg,Electronics and Telecommunication Engg,
231,225461210,Mechanical Engineering,Mechanical Engineering,
232,228219110,Civil Engineering,Civil Engineering,
233,228224510,Computer Engineering,Computer Engineering,
234,228224610,Information Technology,Information Technology,
235,228229310,Electrical Engineering,Electrical Engineering,
236,228290010,Electronics and Computer Science,Electronics and Computer Science,
237,250819110,Civil Engineering,Civil Engineering,
238,250824510,Computer Engineering,Computer Engineering,
239,250829310,Electrical Engineering,Electrical Engineering,
240,250850310,Food Technology,Food Technology,
241,250861210,Mechanical Engineering,Mechanical Engineering,
242,250891410,Safety and Fire Engineering,Safety and Fire Engineering,
243,251619110,Civil Engineering,Civil Engineering,
244,251624210,Computer Science and Engineering,Computer Science and Engineering,
245,251629710,Electrical and Electronics Engineering,Electrical and Electronics Engineering,
246,251661210,Mechanical Engineering,Mechanical Engineering,
247,251692110,Artificial Intelligence and Machine Learning,Artificial Intelligence and Machine Learning,
248,252219110,Civil Engineering,Civil Engineering,
249,252224510,Computer Engineering,Computer Engineering,
250,252237210,Electronics and Telecommunication Engg,Electronics and Telecommunication Engg,
251,252261210,Mechanical Engineering,Mechanical Engineering,
252,253319110,Civil Engineering,Civil Engineering,
253,253324210,Computer Science and Engineering,Computer Science and Engineering,
254,253329310,Electrical Engineering,Electrical Engineering,
255,253337810,Electronics Engineering ( VLSI Design and Technology),Electronics Engineering ( VLSI Design and Technology),
256,253361210,Mechanical Engineering,Mechanical Engineering,
257,253384410,Electronics and Computer Engineering,Electronics and Computer Engineering,
258,253392810,Electronics and Communication(Advanced Communication Technology),Electronics and Communication(Advanced Communication Technology),
259,253399510,Artificial Intelligence and Data Science,Artificial Intelligence and Data Science,
260,301219110,Civil Engineering,Civil Engineering,
261,301261210,Mechanical Engineering,Mechanical Engineering,
262,301262610,Production Engineering[Sandwich],Production Engineering[Sandwich],
263,301289610,Textile Technology,Textile Technology,
264,301419110,Civil Engineering,Civil Engineering,
265,301429310,Electrical Engineering,Electrical Engineering,
266,301461210,Mechanical Engineering,Mechanical Engineering,
267,303319110,Civil Engineering,Civil Engineering,
268,303324510,Computer Engineering,Computer Engineering,
269,303324610,Information Technology,Information Technology,
270,303329310,Electrical Engineering,Electrical Engineering,
271,303337210,Electronics and Telecommunication Engg,Electronics and Telecommunication Engg,
272,303337810,Electronics Engineering ( VLSI Design and Technology),Electronics Engineering ( VLSI Design and Technology),
273,303352710,Petro Chemical Engineering,Petro Chemical Engineering,
274,303650710,Chemical Engineering,Chemical Engineering,
275,303651210,"Oil,Oleochemicals and Surfactants Technology","Oil,Oleochemicals and Surfactants Technology",
276,303651310,Pharmaceuticals Chemistry and Technology,Pharmaceuticals Chemistry and Technology,
277,303651910,Polymer Engineering and Technology,Polymer Engineering and Technology,
278,303653410,Food Engineering and Technology,Food Engineering and Technology,
279,304229310,Electrical Engineering,Electrical Engineering,
280,304250410,Food Technology And Management,Food Technology And Management,
281,304262410,Mechatronics Engineering,Mechatronics Engineering,
282,304291810,Civil and infrastructure Engineering,Civil and infrastructure Engineering,
283,304299510,Artificial Intelligence and Data Science,Artificial Intelligence and Data Science,
284,313524510,Computer Engineering,Computer Engineering,
285,313524610,Information Technology,Information Technology,
286,313537210,Electronics and Telecommunication Engg,Electronics and Telecommunication Engg,
287,313561210,Mechanical Engineering,Mechanical Engineering,
288,313599510,Artificial Intelligence and Data Science,Artificial Intelligence and Data Science,
289,313924510,Computer Engineering,Computer Engineering,
290,313924610,Information Technology,Information Technology,
291,313937210,Electronics and Telecommunication Engg,Electronics and Telecommunication Engg,
292,313946110,Bio Medical Engineering,Bio Medical Engineering,
293,313990010,Electronics and Computer Science,Electronics and Computer Science,
294,314624510,Computer Engineering,Computer Engineering,
295,314624610,Information Technology,Information Technology,
296,314629310,Electrical Engineering,Electrical Engineering,
297,314637210,Electronics and Telecommunication Engg,Electronics and Telecommunication Engg,
298,314661210,Mechanical Engineering,Mechanical Engineering,
299,314692010,Computer Science and Engineering (Internet of Things and Cyber Security Including Block Chain,Computer Science and Engineering (Internet of Things and Cyber Security Including Block Chain,
300,314699510,Artificial Intelligence and Data Science,Artificial Intelligence and Data Science,
301,314719110,Civil Engineering,Civil Engineering,
302,314724510,Computer Engineering,Computer Engineering,
303,314724610,Information Technology,Information Technology,
304,314729310,Electrical Engineering,Electrical Engineering,
305,314791710,Data Science,Data Science,
306,314792110,Artificial Intelligence and Machine Learning,Artificial Intelligence and Machine Learning,
307,314824510,Computer Engineering,Computer Engineering,
308,314824610,Information Technology,Information Technology,
309,314825210,Cyber Security,Cyber Security,
310,314837210,Electronics and Telecommunication Engg,Electronics and Telecommunication Engg,
311,314837810,Electronics Engineering ( VLSI Design and Technology),Electronics Engineering ( VLSI Design and Technology),
312,314890010,Electronics and Computer Science,Electronics and Computer Science,
313,314892810,Electronics and Communication(Advanced Communication Technology),Electronics and Communication(Advanced Communication Technology),
314,314899510,Artificial Intelligence and Data Science,Artificial Intelligence and Data Science,
315,315419110,Civil Engineering,Civil Engineering,
316,315424510,Computer Engineering,Computer Engineering,
317,315424610,Information Technology,Information Technology,
318,315460210,Automobile Engineering,Automobile Engineering,
319,315461210,Mechanical Engineering,Mechanical Engineering,
320,315491110,Computer Science and Engineering(Artificial Intelligence and Machine Learning),Computer Science and Engineering(Artificial Intelligence and Machine Learning),
321,315491210,Computer Science and Engineering(Data Science),Computer Science and Engineering(Data Science),
322,317519110,Civil Engineering,Civil Engineering,
323,317524510,Computer Engineering,Computer Engineering,
324,317524610,Information Technology,Information Technology,
325,317529310,Electrical Engineering,Electrical Engineering,
326,317537210,Electronics and Telecommunication Engg,Electronics and Telecommunication Engg,
327,317546110,Bio Medical Engineering,Bio Medical Engineering,
328,317550710,Chemical Engineering,Chemical Engineering,
329,317561210,Mechanical Engineering,Mechanical Engineering,
330,317591110,Computer Science and Engineering(Artificial Intelligence and Machine Learning),Computer Science and Engineering(Artificial Intelligence and Machine Learning),
331,317591210,Computer Science and Engineering(Data Science),Computer Science and Engineering(Data Science),
332,317619110,Civil Engineering,Civil Engineering,
333,317624510,Computer Engineering,Computer Engineering,
334,317624610,Information Technology,Information Technology,
335,317625310,Internet of Things (IoT),Internet of Things (IoT),
336,317625910,Mechanical and Mechatronics Engineering (Additive Manufacturing),Mechanical and Mechatronics Engineering (Additive Manufacturing),
337,317637210,Electronics and Telecommunication Engg,Electronics and Telecommunication Engg,
338,317661210,Mechanical Engineering,Mechanical Engineering,
339,317690010,Electronics and Computer Science,Electronics and Computer Science,
340,317691010,Computer Science and Engineering(Cyber Security),Computer Science and Engineering(Cyber Security),
341,317692110,Artificial Intelligence and Machine Learning,Artificial Intelligence and Machine Learning,
342,317699510,Artificial Intelligence and Data Science,Artificial Intelligence and Data Science,
343,318224510,Computer Engineering,Computer Engineering,
344,318224610,Information Technology,Information Technology,
345,318237210,Electronics and Telecommunication Engg,Electronics and Telecommunication Engg,
346,318250710,Chemical Engineering,Chemical Engineering,
347,318299510,Artificial Intelligence and Data Science,Artificial Intelligence and Data Science,
348,318319110,Civil Engineering,Civil Engineering,
349,318324510,Computer Engineering,Computer Engineering,
350,318324610,Information Technology,Information Technology,
351,318337210,Electronics and Telecommunication Engg,Electronics and Telecommunication Engg,
352,318361210,Mechanical Engineering,Mechanical Engineering,
353,318391110,Computer Science and Engineering(Artificial Intelligence and Machine Learning),Computer Science and Engineering(Artificial Intelligence and Machine Learning),
354,318392010,Computer Science and Engineering (Internet of Things and Cyber Security Including Block Chain,Computer Science and Engineering (Internet of Things and Cyber Security Including Block Chain,
355,318424510,Computer Engineering,Computer Engineering,
356,318461210,Mechanical Engineering,Mechanical Engineering,
357,318490010,Electronics and Computer Science,Electronics and Computer Science,
358,318499510,Artificial Intelligence and Data Science,Artificial Intelligence and Data Science,
359,318524510,Computer Engineering,Computer Engineering,
360,318524610,Information Technology,Information Technology,
361,318537210,Electronics and Telecommunication Engg,Electronics and Telecommunication Engg,
362,318590010,Electronics and Computer Science,Electronics and Computer Science,
363,318591610,Automation and Robotics,Automation and Robotics,
364,318599510,Artificial Intelligence and Data Science,Artificial Intelligence and Data Science,
365,318719110,Civil Engineering,Civil Engineering,
366,318724510,Computer Engineering,Computer Engineering,
367,318724610,Information Technology,Information Technology,
368,318737210,Electronics and Telecommunication Engg,Electronics and Telecommunication Engg,
369,318750710,Chemical Engineering,Chemical Engineering,
370,318761210,Mechanical Engineering,Mechanical Engineering,
371,318791810,Civil and infrastructure Engineering,Civil and infrastructure Engineering,
372,318799510,Artificial Intelligence and Data Science,Artificial Intelligence and Data Science,
373,318824510,Computer Engineering,Computer Engineering,
374,318824610,Information Technology,Information Technology,
375,318826310,Artificial Intelligence (AI) and Data Science,Artificial Intelligence (AI) and Data Science,
376,318924510,Computer Engineering,Computer Engineering,
377,318924610,Information Technology,Information Technology,
378,318937210,Electronics and Telecommunication Engg,Electronics and Telecommunication Engg,
379,318946610,Instrumentation Engineering,Instrumentation Engineering,
380,318950710,Chemical Engineering,Chemical Engineering,
381,318961210,Mechanical Engineering,Mechanical Engineering,
382,319019110,Civil Engineering,Civil Engineering,
383,319024510,Computer Engineering,Computer Engineering,
384,319024610,Information Technology,Information Technology,
385,319026310,Artificial Intelligence (AI) and Data Science,Artificial Intelligence (AI) and Data Science,
386,319037210,Electronics and Telecommunication Engg,Electronics and Telecommunication Engg,
387,319037610,Electronics Engineering,Electronics Engineering,
388,319061210,Mechanical Engineering,Mechanical Engineering,
389,319062410,Mechatronics Engineering,Mechatronics Engineering,
390,319224510,Computer Engineering,Computer Engineering,
391,319229310,Electrical Engineering,Electrical Engineering,
392,319261210,Mechanical Engineering,Mechanical Engineering,
393,319291110,Computer Science and Engineering(Artificial Intelligence and Machine Learning),Computer Science and Engineering(Artificial Intelligence and Machine Learning),
394,319292010,Computer Science and Engineering (Internet of Things and Cyber Security Including Block Chain,Computer Science and Engineering (Internet of Things and Cyber Security Including Block Chain,
395,319299510,Artificial Intelligence and Data Science,Artificial Intelligence and Data Science,
396,319324510,Computer Engineering,Computer Engineering,
397,319324610,Information Technology,Information Technology,
398,319337210,Electronics and Telecommunication Engg,Electronics and Telecommunication Engg,
399,319350710,Chemical Engineering,Chemical Engineering,
400,319361210,Mechanical Engineering,Mechanical Engineering,
401,319392110,Artificial Intelligence and Machine Learning,Artificial Intelligence and Machine Learning,
402,319419110,Civil Engineering,Civil Engineering,
403,319424510,Computer Engineering,Computer Engineering,
404,319424610,Information Technology,Information Technology,
405,319437210,Electronics and Telecommunication Engg,Electronics and Telecommunication Engg,
406,319437810,Electronics Engineering ( VLSI Design and Technology),Electronics Engineering ( VLSI Design and Technology),
407,319461210,Mechanical Engineering,Mechanical Engineering,
408,319491210,Computer Science and Engineering(Data Science),Computer Science and Engineering(Data Science),
409,319499510,Artificial Intelligence and Data Science,Artificial Intelligence and Data Science,
410,319624510,Computer Engineering,Computer Engineering,
411,319629310,Electrical Engineering,Electrical Engineering,
412,319637210,Electronics and Telecommunication Engg,Electronics and Telecommunication Engg,
413,319661210,Mechanical Engineering,Mechanical Engineering,
414,319691110,Computer Science and Engineering(Artificial Intelligence and Machine Learning),Computer Science and Engineering(Artificial Intelligence and Machine Learning),
415,319691210,Computer Science and Engineering(Data Science),Computer Science and Engineering(Data Science),
416,319692010,Computer Science and Engineering (Internet of Things and Cyber Security Including Block Chain,Computer Science and Engineering (Internet of Things and Cyber Security Including Block Chain,
417,319724510,Computer Engineering,Computer Engineering,
418,319724610,Information Technology,Information Technology,
419,319729310,Electrical Engineering,Electrical Engineering,
420,319737210,Electronics and Telecommunication Engg,Electronics and Telecommunication Engg,
421,319761210,Mechanical Engineering,Mechanical Engineering,
422,319824210,Computer Science and Engineering,Computer Science and Engineering,
423,319824510,Computer Engineering,Computer Engineering,
424,319824610,Information Technology,Information Technology,
425,319861210,Mechanical Engineering,Mechanical Engineering,
426,319899510,Artificial Intelligence and Data Science,Artificial Intelligence and Data Science,
427,319924510,Computer Engineering,Computer Engineering,
428,319924610,Information Technology,Information Technology,
429,319926310,Artificial Intelligence (AI) and Data Science,Artificial Intelligence (AI) and Data Science,
430,319937210,Electronics and Telecommunication Engg,Electronics and Telecommunication Engg,
431,319961210,Mechanical Engineering,Mechanical Engineering,
432,319991210,Computer Science and Engineering(Data Science),Computer Science and Engineering(Data Science),
433,319992010,Computer Science and Engineering (Internet of Things and Cyber Security Including Block Chain,Computer Science and Engineering (Internet of Things and Cyber Security Including Block Chain,
434,319992110,Artificial Intelligence and Machine Learning,Artificial Intelligence and Machine Learning,
435,320024610,Information Technology,Information Technology,
436,320029310,Electrical Engineering,Electrical Engineering,
437,320037210,Electronics and Telecommunication Engg,Electronics and Telecommunication Engg,
438,320050710,Chemical Engineering,Chemical Engineering,
439,320061210,Mechanical Engineering,Mechanical Engineering,
440,320091110,Computer Science and Engineering(Artificial Intelligence and Machine Learning),Computer Science and Engineering(Artificial Intelligence and Machine Learning),
441,320119110,Civil Engineering,Civil Engineering,
442,320124510,Computer Engineering,Computer Engineering,
443,320161210,Mechanical Engineering,Mechanical Engineering,
444,320190010,Electronics and Computer Science,Electronics and Computer Science,
445,320199510,Artificial Intelligence and Data Science,Artificial Intelligence and Data Science,
446,320224510,Computer Engineering,Computer Engineering,
447,320260210,Automobile Engineering,Automobile Engineering,
448,320261210,Mechanical Engineering,Mechanical Engineering,
449,320290010,Electronics and Computer Science,Electronics and Computer Science,
450,320324510,Computer Engineering,Computer Engineering,
451,320324610,Information Technology,Information Technology,
452,320329310,Electrical Engineering,Electrical Engineering,
453,320337210,Electronics and Telecommunication Engg,Electronics and Telecommunication Engg,
454,320390010,Electronics and Computer Science,Electronics and Computer Science,
455,320424510,Computer Engineering,Computer Engineering,
456,320424610,Information Technology,Information Technology,
457,320429310,Electrical Engineering,Electrical Engineering,
458,320437210,Electronics and Telecommunication Engg,Electronics and Telecommunication Engg,
459,320461210,Mechanical Engineering,Mechanical Engineering,
460,320624510,Computer Engineering,Computer Engineering,
461,320629310,Electrical Engineering,Electrical Engineering,
462,320656610,Computer Science,Computer Science,
463,320661210,Mechanical Engineering,Mechanical Engineering,
464,320662410,Mechatronics Engineering,Mechatronics Engineering,
465,320691110,Computer Science and Engineering(Artificial Intelligence and Machine Learning),Computer Science and Engineering(Artificial Intelligence and Machine Learning),
466,320724510,Computer Engineering,Computer Engineering,
467,320724610,Information Technology,Information Technology,
468,320737210,Electronics and Telecommunication Engg,Electronics and Telecommunication Engg,
469,320760210,Automobile Engineering,Automobile Engineering,
470,320761210,Mechanical Engineering,Mechanical Engineering,
471,320790010,Electronics and Computer Science,Electronics and Computer Science,
472,320824510,Computer Engineering,Computer Engineering,
473,320824610,Information Technology,Information Technology,
474,320837210,Electronics and Telecommunication Engg,Electronics and Telecommunication Engg,
475,320861210,Mechanical Engineering,Mechanical Engineering,
476,320924510,Computer Engineering,Computer Engineering,
477,320924610,Information Technology,Information Technology,
478,320937210,Electronics and Telecommunication Engg,Electronics and Telecommunication Engg,
479,320999510,Artificial Intelligence and Data Science,Artificial Intelligence and Data Science,
480,321024510,Computer Engineering,Computer Engineering,
481,321024610,Information Technology,Information Technology,
482,321037210,Electronics and Telecommunication Engg,Electronics and Telecommunication Engg,
483,321124510,Computer Engineering,Computer Engineering,
484,321124610,Information Technology,Information Technology,
485,321137210,Electronics and Telecommunication Engg,Electronics and Telecommunication Engg,
486,321161210,Mechanical Engineering,Mechanical Engineering,
487,321190010,Electronics and Computer Science,Electronics and Computer Science,
488,321192010,Computer Science and Engineering (Internet of Things and Cyber Security Including Block Chain,Computer Science and Engineering (Internet of Things and Cyber Security Including Block Chain,
489,321192110,Artificial Intelligence and Machine Learning,Artificial Intelligence and Machine Learning,
490,321199510,Artificial Intelligence and Data Science,Artificial Intelligence and Data Science,
491,321219110,Civil Engineering,Civil Engineering,
492,321224510,Computer Engineering,Computer Engineering,
493,321424510,Computer Engineering,Computer Engineering,
494,321424610,Information Technology,Information Technology,
495,321437210,Electronics and Telecommunication Engg,Electronics and Telecommunication Engg,
496,321492010,Computer Science and Engineering (Internet of Things and Cyber Security Including Block Chain,Computer Science and Engineering (Internet of Things and Cyber Security Including Block Chain,
497,321524510,Computer Engineering,Computer Engineering,
498,321619110,Civil Engineering,Civil Engineering,
499,321624510,Computer Engineering,Computer Engineering,
500,321637210,Electronics and Telecommunication Engg,Electronics and Telecommunication Engg,
501,321650710,Chemical Engineering,Chemical Engineering,
502,321661210,Mechanical Engineering,Mechanical Engineering,
503,321691110,Computer Science and Engineering(Artificial Intelligence and Machine Learning),Computer Science and Engineering(Artificial Intelligence and Machine Learning),
504,321719110,Civil Engineering,Civil Engineering,
505,321724510,Computer Engineering,Computer Engineering,
506,321737210,Electronics and Telecommunication Engg,Electronics and Telecommunication Engg,
507,321761210,Mechanical Engineering,Mechanical Engineering,
508,321791610,Automation and Robotics,Automation and Robotics,
509,321819110,Civil Engineering,Civil Engineering,
510,321824510,Computer Engineering,Computer Engineering,
511,321824610,Information Technology,Information Technology,
512,321861210,Mechanical Engineering,Mechanical Engineering,
513,321890010,Electronics and Computer Science,Electronics and Computer Science,
514,321891210,Computer Science and Engineering(Data Science),Computer Science and Engineering(Data Science),
515,321892110,Artificial Intelligence and Machine Learning,Artificial Intelligence and Machine Learning,
516,321919110,Civil Engineering,Civil Engineering,
517,321924510,Computer Engineering,Computer Engineering,
518,321924610,Information Technology,Information Technology,
519,321929310,Electrical Engineering,Electrical Engineering,
520,321937210,Electronics and Telecommunication Engg,Electronics and Telecommunication Engg,
521,321961210,Mechanical Engineering,Mechanical Engineering,
522,321991110,Computer Science and Engineering(Artificial Intelligence and Machine Learning),Computer Science and Engineering(Artificial Intelligence and Machine Learning),
523,322024510,Computer Engineering,Computer Engineering,
524,322024610,Information Technology,Information Technology,
525,322025210,Cyber Security,Cyber Security,
526,322037210,Electronics and Telecommunication Engg,Electronics and Telecommunication Engg,
527,322092110,Artificial Intelligence and Machine Learning,Artificial Intelligence and Machine Learning,
528,322119110,Civil Engineering,Civil Engineering,
529,322124510,Computer Engineering,Computer Engineering,
530,322129310,Electrical Engineering,Electrical Engineering,
531,322137210,Electronics and Telecommunication Engg,Electronics and Telecommunication Engg,
532,322161210,Mechanical Engineering,Mechanical Engineering,
533,322191110,Computer Science and Engineering(Artificial Intelligence and Machine Learning),Computer Science and Engineering(Artificial Intelligence and Machine Learning),
534,322219110,Civil Engineering,Civil Engineering,
535,322224510,Computer Engineering,Computer Engineering,
536,322224610,Information Technology,Information Technology,
537,322229310,Electrical Engineering,Electrical Engineering,
538,322260210,Automobile Engineering,Automobile Engineering,
539,322261210,Mechanical Engineering,Mechanical Engineering,
540,322291110,Computer Science and Engineering(Artificial Intelligence and Machine Learning),Computer Science and Engineering(Artificial Intelligence and Machine Learning),
541,322319110,Civil Engineering,Civil Engineering,
542,322324510,Computer Engineering,Computer Engineering,
543,322324610,Information Technology,Information Technology,
544,322361210,Mechanical Engineering,Mechanical Engineering,
545,322390010,Electronics and Computer Science,Electronics and Computer Science,
546,322392610,Electrical and Computer Engineering,Electrical and Computer Engineering,
547,327724510,Computer Engineering,Computer Engineering,
548,327724610,Information Technology,Information Technology,
549,327735610,Electrical Engg[Electronics and Power],Electrical Engg[Electronics and Power],
550,327761510,Mechanical & Automation Engineering,Mechanical & Automation Engineering,
551,327793410,Civil Engineering and Planning,Civil Engineering and Planning,
552,327793510,Electronics and Biomedical Engineering,Electronics and Biomedical Engineering,
553,335119110,Civil Engineering,Civil Engineering,
554,335124510,Computer Engineering,Computer Engineering,
555,335191110,Computer Science and Engineering(Artificial Intelligence and Machine Learning),Computer Science and Engineering(Artificial Intelligence and Machine Learning),
556,342319110,Civil Engineering,Civil Engineering,
557,342324510,Computer Engineering,Computer Engineering,
558,342324610,Information Technology,Information Technology,
559,342337210,Electronics and Telecommunication Engg,Electronics and Telecommunication Engg,
560,342390010,Electronics and Computer Science,Electronics and Computer Science,
561,343619110,Civil Engineering,Civil Engineering,
562,343624510,Computer Engineering,Computer Engineering,
563,343629310,Electrical Engineering,Electrical Engineering,
564,343691110,Computer Science and Engineering(Artificial Intelligence and Machine Learning),Computer Science and Engineering(Artificial Intelligence and Machine Learning),
565,343919110,Civil Engineering,Civil Engineering,
566,343924510,Computer Engineering,Computer Engineering,
567,343929310,Electrical Engineering,Electrical Engineering,
568,343961210,Mechanical Engineering,Mechanical Engineering,
569,343990010,Electronics and Computer Science,Electronics and Computer Science,
570,343991110,Computer Science and Engineering(Artificial Intelligence and Machine Learning),Computer Science and Engineering(Artificial Intelligence and Machine Learning),
571,343991210,Computer Science and Engineering(Data Science),Computer Science and Engineering(Data Science),
572,344019110,Civil Engineering,Civil Engineering,
573,344024510,Computer Engineering,Computer Engineering,
574,344037210,Electronics and Telecommunication Engg,Electronics and Telecommunication Engg,
575,344061210,Mechanical Engineering,Mechanical Engineering,
576,344519110,Civil Engineering,Civil Engineering,
577,344524510,Computer Engineering,Computer Engineering,
578,344537210,Electronics and Telecommunication Engg,Electronics and Telecommunication Engg,
579,344561210,Mechanical Engineering,Mechanical Engineering,
580,344719110,Civil Engineering,Civil Engineering,
581,344724510,Computer Engineering,Computer Engineering,
582,344761210,Mechanical Engineering,Mechanical Engineering,
583,346019110,Civil Engineering,Civil Engineering,
584,346024510,Computer Engineering,Computer Engineering,
585,346024610,Information Technology,Information Technology,
586,346092110,Artificial Intelligence and Machine Learning,Artificial Intelligence and Machine Learning,
587,346092410,Data Engineering,Data Engineering,
588,346219110,Civil Engineering,Civil Engineering,
589,346229310,Electrical Engineering,Electrical Engineering,
590,346246610,Instrumentation Engineering,Instrumentation Engineering,
591,346261210,Mechanical Engineering,Mechanical Engineering,
592,346519110,Civil Engineering,Civil Engineering,
593,346524210,Computer Science and Engineering,Computer Science and Engineering,
594,346529310,Electrical Engineering,Electrical Engineering,
595,346537210,Electronics and Telecommunication Engg,Electronics and Telecommunication Engg,
596,346561210,Mechanical Engineering,Mechanical Engineering,
597,346719110,Civil Engineering,Civil Engineering,
598,346724510,Computer Engineering,Computer Engineering,
599,346729310,Electrical Engineering,Electrical Engineering,
600,346737210,Electronics and Telecommunication Engg,Electronics and Telecommunication Engg,
601,346761210,Mechanical Engineering,Mechanical Engineering,
602,346791110,Computer Science and Engineering(Artificial Intelligence and Machine Learning),Computer Science and Engineering(Artificial Intelligence and Machine Learning),
603,347024210,Computer Science and Engineering,Computer Science and Engineering,
604,347024510,Computer Engineering,Computer Engineering,
605,347029310,Electrical Engineering,Electrical Engineering,
606,347061210,Mechanical Engineering,Mechanical Engineering,
607,347119110,Civil Engineering,Civil Engineering,
608,347124510,Computer Engineering,Computer Engineering,
609,347125710,Computer Science and Design,Computer Science and Design,
610,347161210,Mechanical Engineering,Mechanical Engineering,
611,347162410,Mechatronics Engineering,Mechatronics Engineering,
612,347199510,Artificial Intelligence and Data Science,Artificial Intelligence and Data Science,
613,347519110,Civil Engineering,Civil Engineering,
614,347524510,Computer Engineering,Computer Engineering,
615,347524610,Information Technology,Information Technology,
616,347561210,Mechanical Engineering,Mechanical Engineering,
617,347591110,Computer Science and Engineering(Artificial Intelligence and Machine Learning),Computer Science and Engineering(Artificial Intelligence and Machine Learning),
618,347591210,Computer Science and Engineering(Data Science),Computer Science and Engineering(Data Science),
619,347719110,Civil Engineering,Civil Engineering,
620,347724510,Computer Engineering,Computer Engineering,
621,347761210,Mechanical Engineering,Mechanical Engineering,
622,350319110,Civil Engineering,Civil Engineering,
623,350324510,Computer Engineering,Computer Engineering,
624,350324610,Information Technology,Information Technology,
625,350329310,Electrical Engineering,Electrical Engineering,
626,350361210,Mechanical Engineering,Mechanical Engineering,
627,400419110,Civil Engineering,Civil Engineering,
628,400424210,Computer Science and Engineering,Computer Science and Engineering,
629,400429310,Electrical Engineering,Electrical Engineering,
630,400437210,Electronics and Telecommunication Engg,Electronics and Telecommunication Engg,
631,400446610,Instrumentation Engineering,Instrumentation Engineering,
632,400461210,Mechanical Engineering,Mechanical Engineering,
633,400550310,Food Technology,Food Technology,
634,400550710,Chemical Engineering,Chemical Engineering,
635,400551010,Plastic and Polymer Technology,Plastic and Polymer Technology,
636,400552410,Paper and Pulp Technology,Paper and Pulp Technology,
637,400552810,Petro Chemical Technology,Petro Chemical Technology,
638,400552910,Oil Technology,Oil Technology,
639,400572910,Surface Coating Technology,Surface Coating Technology,
640,402519110,Civil Engineering,Civil Engineering,
641,402524210,Computer Science and Engineering,Computer Science and Engineering,
642,402529310,Electrical Engineering,Electrical Engineering,
643,402537210,Electronics and Telecommunication Engg,Electronics and Telecommunication Engg,
644,402561210,Mechanical Engineering,Mechanical Engineering,
645,410419110,Civil Engineering,Civil Engineering,
646,410424610,Information Technology,Information Technology,
647,410425110,Computer Technology,Computer Technology,
648,410429310,Electrical Engineering,Electrical Engineering,
649,410437010,Electronics and Communication Engineering,Electronics and Communication Engineering,
650,410461210,Mechanical Engineering,Mechanical Engineering,
651,411519110,Civil Engineering,Civil Engineering,
652,411524210,Computer Science and Engineering,Computer Science and Engineering,
653,411524610,Information Technology,Information Technology,
654,411529310,Electrical Engineering,Electrical Engineering,
655,411537010,Electronics and Communication Engineering,Electronics and Communication Engineering,
656,411546110,Bio Medical Engineering,Bio Medical Engineering,
657,411561210,Mechanical Engineering,Mechanical Engineering,
658,411590010,Electronics and Computer Science,Electronics and Computer Science,
659,411591010,Computer Science and Engineering(Cyber Security),Computer Science and Engineering(Cyber Security),
660,411591110,Computer Science and Engineering(Artificial Intelligence and Machine Learning),Computer Science and Engineering(Artificial Intelligence and Machine Learning),
661,411591210,Computer Science and Engineering(Data Science),Computer Science and Engineering(Data Science),
662,411619110,Civil Engineering,Civil Engineering,
663,411624210,Computer Science and Engineering,Computer Science and Engineering,
664,411624610,Information Technology,Information Technology,
665,411626010,Computer Science and Engineering (Cyber Security),Computer Science and Engineering (Cyber Security),
666,411626710,Computer Science and Engineering (IoT),Computer Science and Engineering (IoT),
667,411629310,Electrical Engineering,Electrical Engineering,
668,411637210,Electronics and Telecommunication Engg,Electronics and Telecommunication Engg,
669,411637610,Electronics Engineering,Electronics Engineering,
670,411661210,Mechanical Engineering,Mechanical Engineering,
671,411691110,Computer Science and Engineering(Artificial Intelligence and Machine Learning),Computer Science and Engineering(Artificial Intelligence and Machine Learning),
672,411691310,Computer Science and Engineering (Artificial Intelligence),Computer Science and Engineering (Artificial Intelligence),
673,411691710,Data Science,Data Science,
674,411699710,Artificial Intelligence,Artificial Intelligence,
675,411819110,Civil Engineering,Civil Engineering,
676,411824510,Computer Engineering,Computer Engineering,
677,411829310,Electrical Engineering,Electrical Engineering,
678,411837210,Electronics and Telecommunication Engg,Electronics and Telecommunication Engg,
679,411861210,Mechanical Engineering,Mechanical Engineering,
680,412300210,Aeronautical Engineering,Aeronautical Engineering,
681,412308210,Bio Technology,Bio Technology,
682,412319110,Civil Engineering,Civil Engineering,
683,412324210,Computer Science and Engineering,Computer Science and Engineering,
684,412324610,Information Technology,Information Technology,
685,412325110,Computer Technology,Computer Technology,
686,412326510,Industrial IoT,Industrial IoT,
687,412326610,Robotics and Artificial Intelligence,Robotics and Artificial Intelligence,
688,412329310,Electrical Engineering,Electrical Engineering,
689,412335610,Electrical Engg[Electronics and Power],Electrical Engg[Electronics and Power],
690,412337010,Electronics and Communication Engineering,Electronics and Communication Engineering,
691,412337210,Electronics and Telecommunication Engg,Electronics and Telecommunication Engg,
692,412350710,Chemical Engineering,Chemical Engineering,
693,412361210,Mechanical Engineering,Mechanical Engineering,
694,412399510,Artificial Intelligence and Data Science,Artificial Intelligence and Data Science,
695,413319110,Civil Engineering,Civil Engineering,
696,413324510,Computer Engineering,Computer Engineering,
697,413329310,Electrical Engineering,Electrical Engineering,
698,413337210,Electronics and Telecommunication Engg,Electronics and Telecommunication Engg,
699,413361210,Mechanical Engineering,Mechanical Engineering,
700,413419110,Civil Engineering,Civil Engineering,
701,413424210,Computer Science and Engineering,Computer Science and Engineering,
702,413429310,Electrical Engineering,Electrical Engineering,
703,413437210,Electronics and Telecommunication Engg,Electronics and Telecommunication Engg,
704,413491210,Computer Science and Engineering(Data Science),Computer Science and Engineering(Data Science),
705,413499710,Artificial Intelligence,Artificial Intelligence,
706,413519110,Civil Engineering,Civil Engineering,
707,413524210,Computer Science and Engineering,Computer Science and Engineering,
708,413524610,Information Technology,Information Technology,
709,413529310,Electrical Engineering,Electrical Engineering,
710,413537210,Electronics and Telecommunication Engg,Electronics and Telecommunication Engg,
711,413561210,Mechanical Engineering,Mechanical Engineering,
712,413619110,Civil Engineering,Civil Engineering,
713,413624210,Computer Science and Engineering,Computer Science and Engineering,
714,413629310,Electrical Engineering,Electrical Engineering,
715,413637210,Electronics and Telecommunication Engg,Electronics and Telecommunication Engg,
716,413699710,Artificial Intelligence,Artificial Intelligence,
717,413724210,Computer Science and Engineering,Computer Science and Engineering,
718,413729310,Electrical Engineering,Electrical Engineering,
719,413737210,Electronics and Telecommunication Engg,Electronics and Telecommunication Engg,
720,413761210,Mechanical Engineering,Mechanical Engineering,
721,413791110,Computer Science and Engineering(Artificial Intelligence and Machine Learning),Computer Science and Engineering(Artificial Intelligence and Machine Learning),
722,413791210,Computer Science and Engineering(Data Science),Computer Science and Engineering(Data Science),
723,413819110,Civil Engineering,Civil Engineering,
724,413824210,Computer Science and Engineering,Computer Science and Engineering,
725,413824610,Information Technology,Information Technology,
726,413829310,Electrical Engineering,Electrical Engineering,
727,413837210,Electronics and Telecommunication Engg,Electronics and Telecommunication Engg,
728,413861210,Mechanical Engineering,Mechanical Engineering,
729,413891210,Computer Science and Engineering(Data Science),Computer Science and Engineering(Data Science),
730,413899710,Artificial Intelligence,Artificial Intelligence,
731,413924210,Computer Science and Engineering,Computer Science and Engineering,
732,413929310,Electrical Engineering,Electrical Engineering,
733,413937210,Electronics and Telecommunication Engg,Electronics and Telecommunication Engg,
734,413961210,Mechanical Engineering,Mechanical Engineering,
735,413991110,Computer Science and Engineering(Artificial Intelligence and Machine Learning),Computer Science and Engineering(Artificial Intelligence and Machine Learning),
736,413992810,Electronics and Communication(Advanced Communication Technology),Electronics and Communication(Advanced Communication Technology),
737,414124510,Computer Engineering,Computer Engineering,
738,414161210,Mechanical Engineering,Mechanical Engineering,
739,414199510,Artificial Intelligence and Data Science,Artificial Intelligence and Data Science,
740,414219110,Civil Engineering,Civil Engineering,
741,414224210,Computer Science and Engineering,Computer Science and Engineering,
742,414224610,Information Technology,Information Technology,
743,414229310,Electrical Engineering,Electrical Engineering,
744,414237210,Electronics and Telecommunication Engg,Electronics and Telecommunication Engg,
745,414261210,Mechanical Engineering,Mechanical Engineering,
746,414291010,Computer Science and Engineering(Cyber Security),Computer Science and Engineering(Cyber Security),
747,414291710,Data Science,Data Science,
748,414299710,Artificial Intelligence,Artificial Intelligence,
749,414319110,Civil Engineering,Civil Engineering,
750,414324510,Computer Engineering,Computer Engineering,
751,414329310,Electrical Engineering,Electrical Engineering,
752,414337210,Electronics and Telecommunication Engg,Electronics and Telecommunication Engg,
753,414361210,Mechanical Engineering,Mechanical Engineering,
754,414419110,Civil Engineering,Civil Engineering,
755,414424210,Computer Science and Engineering,Computer Science and Engineering,
756,414424610,Information Technology,Information Technology,
757,414429310,Electrical Engineering,Electrical Engineering,
758,414461210,Mechanical Engineering,Mechanical Engineering,
759,414519110,Civil Engineering,Civil Engineering,
760,414524210,Computer Science and Engineering,Computer Science and Engineering,
761,414529310,Electrical Engineering,Electrical Engineering,
762,414537210,Electronics and Telecommunication Engg,Electronics and Telecommunication Engg,
763,414561210,Mechanical Engineering,Mechanical Engineering,
764,414599510,Artificial Intelligence and Data Science,Artificial Intelligence and Data Science,
765,414719110,Civil Engineering,Civil Engineering,
766,414724210,Computer Science and Engineering,Computer Science and Engineering,
767,414724610,Information Technology,Information Technology,
768,414729310,Electrical Engineering,Electrical Engineering,
769,414737210,Electronics and Telecommunication Engg,Electronics and Telecommunication Engg,
770,414761210,Mechanical Engineering,Mechanical Engineering,
771,414799510,Artificial Intelligence and Data Science,Artificial Intelligence and Data Science,
772,415108210,Bio Technology,Bio Technology,
773,415119110,Civil Engineering,Civil Engineering,
774,415129310,Electrical Engineering,Electrical Engineering,
775,416319110,Civil Engineering,Civil Engineering,
776,416324210,Computer Science and Engineering,Computer Science and Engineering,
777,416329310,Electrical Engineering,Electrical Engineering,
778,416337010,Electronics and Communication Engineering,Electronics and Communication Engineering,
779,416361210,Mechanical Engineering,Mechanical Engineering,
780,416370110,Mining Engineering,Mining Engineering,
781,416391210,Computer Science and Engineering(Data Science),Computer Science and Engineering(Data Science),
782,416719110,Civil Engineering,Civil Engineering,
783,416724210,Computer Science and Engineering,Computer Science and Engineering,
784,416724610,Information Technology,Information Technology,
785,416725110,Computer Technology,Computer Technology,
786,416725710,Computer Science and Design,Computer Science and Design,
787,416726710,Computer Science and Engineering (IoT),Computer Science and Engineering (IoT),
788,416735610,Electrical Engg[Electronics and Power],Electrical Engg[Electronics and Power],
789,416737210,Electronics and Telecommunication Engg,Electronics and Telecommunication Engg,
790,416737810,Electronics Engineering ( VLSI Design and Technology),Electronics Engineering ( VLSI Design and Technology),
791,416791110,Computer Science and Engineering(Artificial Intelligence and Machine Learning),Computer Science and Engineering(Artificial Intelligence and Machine Learning),
792,416799510,Artificial Intelligence and Data Science,Artificial Intelligence and Data Science,
793,417219110,Civil Engineering,Civil Engineering,
794,417224210,Computer Science and Engineering,Computer Science and Engineering,
795,417226310,Artificial Intelligence (AI) and Data Science,Artificial Intelligence (AI) and Data Science,
796,417229310,Electrical Engineering,Electrical Engineering,
797,417237210,Electronics and Telecommunication Engg,Electronics and Telecommunication Engg,
798,417261210,Mechanical Engineering,Mechanical Engineering,
799,417419110,Civil Engineering,Civil Engineering,
800,417424510,Computer Engineering,Computer Engineering,
801,417424610,Information Technology,Information Technology,
802,417426010,Computer Science and Engineering (Cyber Security),Computer Science and Engineering (Cyber Security),
803,417426210,Computer Science and Business Systems,Computer Science and Business Systems,
804,417426510,Industrial IoT,Industrial IoT,
805,417429310,Electrical Engineering,Electrical Engineering,
806,417437210,Electronics and Telecommunication Engg,Electronics and Telecommunication Engg,
807,417461210,Mechanical Engineering,Mechanical Engineering,
808,417491210,Computer Science and Engineering(Data Science),Computer Science and Engineering(Data Science),
809,417499710,Artificial Intelligence,Artificial Intelligence,
810,417519110,Civil Engineering,Civil Engineering,
811,417524210,Computer Science and Engineering,Computer Science and Engineering,
812,417537210,Electronics and Telecommunication Engg,Electronics and Telecommunication Engg,
813,417561210,Mechanical Engineering,Mechanical Engineering,
814,417719110,Civil Engineering,Civil Engineering,
815,417724210,Computer Science and Engineering,Computer Science and Engineering,
816,417724610,Information Technology,Information Technology,
817,417737010,Electronics and Communication Engineering,Electronics and Communication Engineering,
818,417761210,Mechanical Engineering,Mechanical Engineering,
819,418119110,Civil Engineering,Civil Engineering,
820,418124510,Computer Engineering,Computer Engineering,
821,418137210,Electronics and Telecommunication Engg,Electronics and Telecommunication Engg,
822,418161210,Mechanical Engineering,Mechanical Engineering,
823,418819110,Civil Engineering,Civil Engineering,
824,418824210,Computer Science and Engineering,Computer Science and Engineering,
825,418829310,Electrical Engineering,Electrical Engineering,
826,418837210,Electronics and Telecommunication Engg,Electronics and Telecommunication Engg,
827,418850310,Food Technology,Food Technology,
828,418861210,Mechanical Engineering,Mechanical Engineering,
829,418870110,Mining Engineering,Mining Engineering,
830,419019110,Civil Engineering,Civil Engineering,
831,419024210,Computer Science and Engineering,Computer Science and Engineering,
832,419029310,Electrical Engineering,Electrical Engineering,
833,419037010,Electronics and Communication Engineering,Electronics and Communication Engineering,
834,419061210,Mechanical Engineering,Mechanical Engineering,
835,419219110,Civil Engineering,Civil Engineering,
836,419224210,Computer Science and Engineering,Computer Science and Engineering,
837,419235610,Electrical Engg[Electronics and Power],Electrical Engg[Electronics and Power],
838,419261210,Mechanical Engineering,Mechanical Engineering,
839,419291110,Computer Science and Engineering(Artificial Intelligence and Machine Learning),Computer Science and Engineering(Artificial Intelligence and Machine Learning),
840,419324210,Computer Science and Engineering,Computer Science and Engineering,
841,419329310,Electrical Engineering,Electrical Engineering,
842,419337010,Electronics and Communication Engineering,Electronics and Communication Engineering,
843,419361210,Mechanical Engineering,Mechanical Engineering,
844,419619110,Civil Engineering,Civil Engineering,
845,419624210,Computer Science and Engineering,Computer Science and Engineering,
846,419637210,Electronics and Telecommunication Engg,Electronics and Telecommunication Engg,
847,419661210,Mechanical Engineering,Mechanical Engineering,
848,419691210,Computer Science and Engineering(Data Science),Computer Science and Engineering(Data Science),
849,419692110,Artificial Intelligence and Machine Learning,Artificial Intelligence and Machine Learning,
850,419719110,Civil Engineering,Civil Engineering,
851,419724210,Computer Science and Engineering,Computer Science and Engineering,
852,419729310,Electrical Engineering,Electrical Engineering,
853,419737010,Electronics and Communication Engineering,Electronics and Communication Engineering,
854,419761210,Mechanical Engineering,Mechanical Engineering,
855,428519110,Civil Engineering,Civil Engineering,
856,428524610,Information Technology,Information Technology,
857,428529310,Electrical Engineering,Electrical Engineering,
858,428561210,Mechanical Engineering,Mechanical Engineering,
859,430219110,Civil Engineering,Civil Engineering,
860,430224510,Computer Engineering,Computer Engineering,
861,430261210,Mechanical Engineering,Mechanical Engineering,
862,461319110,Civil Engineering,Civil Engineering,
863,461324510,Computer Engineering,Computer Engineering,
864,461329310,Electrical Engineering,Electrical Engineering,
865,461337210,Electronics and Telecommunication Engg,Electronics and Telecommunication Engg,
866,461361210,Mechanical Engineering,Mechanical Engineering,
867,461391210,Computer Science and Engineering(Data Science),Computer Science and Engineering(Data Science),
868,464819110,Civil Engineering,Civil Engineering,
869,464824210,Computer Science and Engineering,Computer Science and Engineering,
870,464824610,Information Technology,Information Technology,
871,464829310,Electrical Engineering,Electrical Engineering,
872,464861210,Mechanical Engineering,Mechanical Engineering,
873,464919110,Civil Engineering,Civil Engineering,
874,464924510,Computer Engineering,Computer Engineering,
875,464929310,Electrical Engineering,Electrical Engineering,
876,464961210,Mechanical Engineering,Mechanical Engineering,
877,500350310,Food Technology,Food Technology,
878,500350710,Chemical Engineering,Chemical Engineering,
879,500350810,Plastic Technology,Plastic Technology,
880,500351810,Oil Fats and Waxes Technology,Oil Fats and Waxes Technology,
881,500352310,Paints Technology,Paints Technology,
882,500437210,Electronics and Telecommunication Engg,Electronics and Telecommunication Engg,
883,500446610,Instrumentation Engineering,Instrumentation Engineering,
884,500461210,Mechanical Engineering,Mechanical Engineering,
885,510319110,Civil Engineering,Civil Engineering,
886,510324510,Computer Engineering,Computer Engineering,
887,510337210,Electronics and Telecommunication Engg,Electronics and Telecommunication Engg,
888,510337610,Electronics Engineering,Electronics Engineering,
889,510361210,Mechanical Engineering,Mechanical Engineering,
890,510419110,Civil Engineering,Civil Engineering,
891,510424510,Computer Engineering,Computer Engineering,
892,510429310,Electrical Engineering,Electrical Engineering,
893,510437210,Electronics and Telecommunication Engg,Electronics and Telecommunication Engg,
894,510450710,Chemical Engineering,Chemical Engineering,
895,510461210,Mechanical Engineering,Mechanical Engineering,
896,510624510,Computer Engineering,Computer Engineering,
897,510629310,Electrical Engineering,Electrical Engineering,
898,510661210,Mechanical Engineering,Mechanical Engineering,
899,510684410,Electronics and Computer Engineering,Electronics and Computer Engineering,
900,510691210,Computer Science and Engineering(Data Science),Computer Science and Engineering(Data Science),
901,510819110,Civil Engineering,Civil Engineering,
902,510824510,Computer Engineering,Computer Engineering,
903,510824610,Information Technology,Information Technology,
904,510826310,Artificial Intelligence (AI) and Data Science,Artificial Intelligence (AI) and Data Science,
905,510837210,Electronics and Telecommunication Engg,Electronics and Telecommunication Engg,
906,510846410,Instrumentation and Control Engineering,Instrumentation and Control Engineering,
907,510861210,Mechanical Engineering,Mechanical Engineering,
908,510924510,Computer Engineering,Computer Engineering,
909,510924610,Information Technology,Information Technology,
910,510929310,Electrical Engineering,Electrical Engineering,
911,510937210,Electronics and Telecommunication Engg,Electronics and Telecommunication Engg,
912,510961210,Mechanical Engineering,Mechanical Engineering,
913,512119110,Civil Engineering,Civil Engineering,
914,512124610,Information Technology,Information Technology,
915,512125710,Computer Science and Design,Computer Science and Design,
916,512129310,Electrical Engineering,Electrical Engineering,
917,512137210,Electronics and Telecommunication Engg,Electronics and Telecommunication Engg,
918,512161210,Mechanical Engineering,Mechanical Engineering,
919,512191910,Robotics and Automation,Robotics and Automation,
920,512199510,Artificial Intelligence and Data Science,Artificial Intelligence and Data Science,
921,512419110,Civil Engineering,Civil Engineering,
922,512424510,Computer Engineering,Computer Engineering,
923,512424610,Information Technology,Information Technology,
924,512429310,Electrical Engineering,Electrical Engineering,
925,512461210,Mechanical Engineering,Mechanical Engineering,
926,512462410,Mechatronics Engineering,Mechatronics Engineering,
927,512484410,Electronics and Computer Engineering,Electronics and Computer Engineering,
928,512524510,Computer Engineering,Computer Engineering,
929,512524610,Information Technology,Information Technology,
930,512550710,Chemical Engineering,Chemical Engineering,
931,512584410,Electronics and Computer Engineering,Electronics and Computer Engineering,
932,513019110,Civil Engineering,Civil Engineering,
933,513024510,Computer Engineering,Computer Engineering,
934,513029310,Electrical Engineering,Electrical Engineering,
935,513061210,Mechanical Engineering,Mechanical Engineering,
936,513919110,Civil Engineering,Civil Engineering,
937,513924510,Computer Engineering,Computer Engineering,
938,513924610,Information Technology,Information Technology,
939,513937210,Electronics and Telecommunication Engg,Electronics and Telecommunication Engg,
940,513946410,Instrumentation and Control Engineering,Instrumentation and Control Engineering,
941,513950710,Chemical Engineering,Chemical Engineering,
942,513961210,Mechanical Engineering,Mechanical Engineering,
943,513984410,Electronics and Computer Engineering,Electronics and Computer Engineering,
944,513991610,Automation and Robotics,Automation and Robotics,
945,515119110,Civil Engineering,Civil Engineering,
946,515124510,Computer Engineering,Computer Engineering,
947,515124610,Information Technology,Information Technology,
948,515129310,Electrical Engineering,Electrical Engineering,
949,515137210,Electronics and Telecommunication Engg,Electronics and Telecommunication Engg,
950,515161210,Mechanical Engineering,Mechanical Engineering,
951,515199510,Artificial Intelligence and Data Science,Artificial Intelligence and Data Science,
952,515219110,Civil Engineering,Civil Engineering,
953,515224210,Computer Science and Engineering,Computer Science and Engineering,
954,515224610,Information Technology,Information Technology,
955,515229310,Electrical Engineering,Electrical Engineering,
956,515237210,Electronics and Telecommunication Engg,Electronics and Telecommunication Engg,
957,515261210,Mechanical Engineering,Mechanical Engineering,
958,515291110,Computer Science and Engineering(Artificial Intelligence and Machine Learning),Computer Science and Engineering(Artificial Intelligence and Machine Learning),
959,515291210,Computer Science and Engineering(Data Science),Computer Science and Engineering(Data Science),
960,515291310,Computer Science and Engineering (Artificial Intelligence),Computer Science and Engineering (Artificial Intelligence),
961,516019110,Civil Engineering,Civil Engineering,
962,516024510,Computer Engineering,Computer Engineering,
963,516024610,Information Technology,Information Technology,
964,516029310,Electrical Engineering,Electrical Engineering,
965,516061210,Mechanical Engineering,Mechanical Engineering,
966,516062410,Mechatronics Engineering,Mechatronics Engineering,
967,516084410,Electronics and Computer Engineering,Electronics and Computer Engineering,
968,516091510,Structural Engineering,Structural Engineering,
969,516119110,Civil Engineering,Civil Engineering,
970,516124510,Computer Engineering,Computer Engineering,
971,516124610,Information Technology,Information Technology,
972,516125710,Computer Science and Design,Computer Science and Design,
973,516129310,Electrical Engineering,Electrical Engineering,
974,516137210,Electronics and Telecommunication Engg,Electronics and Telecommunication Engg,
975,516137810,Electronics Engineering ( VLSI Design and Technology),Electronics Engineering ( VLSI Design and Technology),
976,516161210,Mechanical Engineering,Mechanical Engineering,
977,516219110,Civil Engineering,Civil Engineering,
978,516224510,Computer Engineering,Computer Engineering,
979,516224610,Information Technology,Information Technology,
980,516226310,Artificial Intelligence (AI) and Data Science,Artificial Intelligence (AI) and Data Science,
981,516229310,Electrical Engineering,Electrical Engineering,
982,516237210,Electronics and Telecommunication Engg,Electronics and Telecommunication Engg,
983,516261210,Mechanical Engineering,Mechanical Engineering,
984,516284410,Electronics and Computer Engineering,Electronics and Computer Engineering,
985,516291610,Automation and Robotics,Automation and Robotics,
986,516419110,Civil Engineering,Civil Engineering,
987,516424510,Computer Engineering,Computer Engineering,
988,516429310,Electrical Engineering,Electrical Engineering,
989,516437210,Electronics and Telecommunication Engg,Electronics and Telecommunication Engg,
990,516446610,Instrumentation Engineering,Instrumentation Engineering,
991,516461210,Mechanical Engineering,Mechanical Engineering,
992,516819110,Civil Engineering,Civil Engineering,
993,516824510,Computer Engineering,Computer Engineering,
994,516837210,Electronics and Telecommunication Engg,Electronics and Telecommunication Engg,
995,516861210,Mechanical Engineering,Mechanical Engineering,
996,516919110,Civil Engineering,Civil Engineering,
997,516924510,Computer Engineering,Computer Engineering,
998,516929310,Electrical Engineering,Electrical Engineering,
999,516937210,Electronics and Telecommunication Engg,Electronics and Telecommunication Engg,
1000,516961210,Mechanical Engineering,Mechanical Engineering,
1001,517019110,Civil Engineering,Civil Engineering,
1002,517024210,Computer Science and Engineering,Computer Science and Engineering,
1003,517029310,Electrical Engineering,Electrical Engineering,
1004,517037210,Electronics and Telecommunication Engg,Electronics and Telecommunication Engg,
1005,517061210,Mechanical Engineering,Mechanical Engineering,
1006,517084410,Electronics and Computer Engineering,Electronics and Computer Engineering,
1007,517091210,Computer Science and Engineering(Data Science),Computer Science and Engineering(Data Science),
1008,517124510,Computer Engineering,Computer Engineering,
1009,517126310,Artificial Intelligence (AI) and Data Science,Artificial Intelligence (AI) and Data Science,
1010,517129310,Electrical Engineering,Electrical Engineering,
1011,517137210,Electronics and Telecommunication Engg,Electronics and Telecommunication Engg,
1012,517161210,Mechanical Engineering,Mechanical Engineering,
1013,517219110,Civil Engineering,Civil Engineering,
1014,517224510,Computer Engineering,Computer Engineering,
1015,517229310,Electrical Engineering,Electrical Engineering,
1016,517237210,Electronics and Telecommunication Engg,Electronics and Telecommunication Engg,
1017,517261210,Mechanical Engineering,Mechanical Engineering,
1018,517291210,Computer Science and Engineering(Data Science),Computer Science and Engineering(Data Science),
1019,517292110,Artificial Intelligence and Machine Learning,Artificial Intelligence and Machine Learning,
1020,517319110,Civil Engineering,Civil Engineering,
1021,517324510,Computer Engineering,Computer Engineering,
1022,517337210,Electronics and Telecommunication Engg,Electronics and Telecommunication Engg,
1023,517361210,Mechanical Engineering,Mechanical Engineering,
1024,517399510,Artificial Intelligence and Data Science,Artificial Intelligence and Data Science,
1025,517719110,Civil Engineering,Civil Engineering,
1026,517724510,Computer Engineering,Computer Engineering,
1027,517724610,Information Technology,Information Technology,
1028,517729310,Electrical Engineering,Electrical Engineering,
1029,517737210,Electronics and Telecommunication Engg,Electronics and Telecommunication Engg,
1030,517761210,Mechanical Engineering,Mechanical Engineering,
1031,517784410,Electronics and Computer Engineering,Electronics and Computer Engineering,
1032,517799510,Artificial Intelligence and Data Science,Artificial Intelligence and Data Science,
1033,517919110,Civil Engineering,Civil Engineering,
1034,517924510,Computer Engineering,Computer Engineering,
1035,517926310,Artificial Intelligence (AI) and Data Science,Artificial Intelligence (AI) and Data Science,
1036,517961210,Mechanical Engineering,Mechanical Engineering,
1037,517984410,Electronics and Computer Engineering,Electronics and Computer Engineering,
1038,518119110,Civil Engineering,Civil Engineering,
1039,518124510,Computer Engineering,Computer Engineering,
1040,518129310,Electrical Engineering,Electrical Engineering,
1041,518137210,Electronics and Telecommunication Engg,Electronics and Telecommunication Engg,
1042,518161210,Mechanical Engineering,Mechanical Engineering,
1043,518219110,Civil Engineering,Civil Engineering,
1044,518224510,Computer Engineering,Computer Engineering,
1045,518226310,Artificial Intelligence (AI) and Data Science,Artificial Intelligence (AI) and Data Science,
1046,518229310,Electrical Engineering,Electrical Engineering,
1047,518237210,Electronics and Telecommunication Engg,Electronics and Telecommunication Engg,
1048,518261210,Mechanical Engineering,Mechanical Engineering,
1049,518419110,Civil Engineering,Civil Engineering,
1050,518424510,Computer Engineering,Computer Engineering,
1051,518429310,Electrical Engineering,Electrical Engineering,
1052,518437210,Electronics and Telecommunication Engg,Electronics and Telecommunication Engg,
1053,518461210,Mechanical Engineering,Mechanical Engineering,
1054,524425710,Computer Science and Design,Computer Science and Design,
1055,524491610,Automation and Robotics,Automation and Robotics,
1056,524492210,Civil and Environmental Engineering,Civil and Environmental Engineering,
1057,530319110,Civil Engineering,Civil Engineering,
1058,530324510,Computer Engineering,Computer Engineering,
1059,530329310,Electrical Engineering,Electrical Engineering,
1060,530361210,Mechanical Engineering,Mechanical Engineering,
1061,530384410,Electronics and Computer Engineering,Electronics and Computer Engineering,
1062,532219110,Civil Engineering,Civil Engineering,
1063,532229310,Electrical Engineering,Electrical Engineering,
1064,532261210,Mechanical Engineering,Mechanical Engineering,
1065,533024510,Computer Engineering,Computer Engineering,
1066,533024610,Information Technology,Information Technology,
1067,533037210,Electronics and Telecommunication Engg,Electronics and Telecommunication Engg,
1068,533061210,Mechanical Engineering,Mechanical Engineering,
1069,533099510,Artificial Intelligence and Data Science,Artificial Intelligence and Data Science,
1070,533119110,Civil Engineering,Civil Engineering,
1071,533124510,Computer Engineering,Computer Engineering,
1072,533129310,Electrical Engineering,Electrical Engineering,
1073,533137210,Electronics and Telecommunication Engg,Electronics and Telecommunication Engg,
1074,533161210,Mechanical Engineering,Mechanical Engineering,
1075,536525110,Computer Technology,Computer Technology,
1076,536529310,Electrical Engineering,Electrical Engineering,
1077,536561210,Mechanical Engineering,Mechanical Engineering,
1078,538019110,Civil Engineering,Civil Engineering,
1079,538024510,Computer Engineering,Computer Engineering,
1080,538029310,Electrical Engineering,Electrical Engineering,
1081,538037210,Electronics and Telecommunication Engg,Electronics and Telecommunication Engg,
1082,538061210,Mechanical Engineering,Mechanical Engineering,
1083,538119110,Civil Engineering,Civil Engineering,
1084,538124210,Computer Science and Engineering,Computer Science and Engineering,
1085,538129310,Electrical Engineering,Electrical Engineering,
1086,538161210,Mechanical Engineering,Mechanical Engineering,
1087,538219110,Civil Engineering,Civil Engineering,
1088,538224510,Computer Engineering,Computer Engineering,
1089,538226310,Artificial Intelligence (AI) and Data Science,Artificial Intelligence (AI) and Data Science,
1090,538237210,Electronics and Telecommunication Engg,Electronics and Telecommunication Engg,
1091,538261210,Mechanical Engineering,Mechanical Engineering,
1092,539019110,Civil Engineering,Civil Engineering,
1093,539024510,Computer Engineering,Computer Engineering,
1094,539029310,Electrical Engineering,Electrical Engineering,
1095,539061210,Mechanical Engineering,Mechanical Engineering,
1096,539092110,Artificial Intelligence and Machine Learning,Artificial Intelligence and Machine Learning,
1097,539619110,Civil Engineering,Civil Engineering,
1098,539624510,Computer Engineering,Computer Engineering,
1099,539629310,Electrical Engineering,Electrical Engineering,
1100,539661210,Mechanical Engineering,Mechanical Engineering,
1101,539919110,Civil Engineering,Civil Engineering,
1102,539924510,Computer Engineering,Computer Engineering,
1103,539929310,Electrical Engineering,Electrical Engineering,
1104,539961210,Mechanical Engineering,Mechanical Engineering,
1105,540119110,Civil Engineering,Civil Engineering,
1106,540124510,Computer Engineering,Computer Engineering,
1107,540124610,Information Technology,Information Technology,
1108,540126310,Artificial Intelligence (AI) and Data Science,Artificial Intelligence (AI) and Data Science,
1109,540129310,Electrical Engineering,Electrical Engineering,
1110,540161210,Mechanical Engineering,Mechanical Engineering,
1111,540819110,Civil Engineering,Civil Engineering,
1112,540824510,Computer Engineering,Computer Engineering,
1113,540829310,Electrical Engineering,Electrical Engineering,
1114,540837210,Electronics and Telecommunication Engg,Electronics and Telecommunication Engg,
1115,540861210,Mechanical Engineering,Mechanical Engineering,
1116,540924510,Computer Engineering,Computer Engineering,
1117,540929310,Electrical Engineering,Electrical Engineering,
1118,540937210,Electronics and Telecommunication Engg,Electronics and Telecommunication Engg,
1119,540961210,Mechanical Engineering,Mechanical Engineering,
1120,541119110,Civil Engineering,Civil Engineering,
1121,541124510,Computer Engineering,Computer Engineering,
1122,541129310,Electrical Engineering,Electrical Engineering,
1123,541137210,Electronics and Telecommunication Engg,Electronics and Telecommunication Engg,
1124,541161210,Mechanical Engineering,Mechanical Engineering,
1125,541819110,Civil Engineering,Civil Engineering,
1126,541824510,Computer Engineering,Computer Engineering,
1127,541826310,Artificial Intelligence (AI) and Data Science,Artificial Intelligence (AI) and Data Science,
1128,541829310,Electrical Engineering,Electrical Engineering,
1129,541861210,Mechanical Engineering,Mechanical Engineering,
1130,541891610,Automation and Robotics,Automation and Robotics,
1131,544919110,Civil Engineering,Civil Engineering,
1132,544924510,Computer Engineering,Computer Engineering,
1133,544924610,Information Technology,Information Technology,
1134,544929310,Electrical Engineering,Electrical Engineering,
1135,544961210,Mechanical Engineering,Mechanical Engineering,
1136,549719110,Civil Engineering,Civil Engineering,
1137,549724510,Computer Engineering,Computer Engineering,
1138,549761210,Mechanical Engineering,Mechanical Engineering,
1139,549791710,Data Science,Data Science,
1140,600419110,Civil Engineering,Civil Engineering,
1141,600424510,Computer Engineering,Computer Engineering,
1142,600437210,Electronics and Telecommunication Engg,Electronics and Telecommunication Engg,
1143,600446410,Instrumentation and Control Engineering,Instrumentation and Control Engineering,
1144,600460210,Automobile Engineering,Automobile Engineering,
1145,600461210,Mechanical Engineering,Mechanical Engineering,
1146,600519110,Civil Engineering,Civil Engineering,
1147,600524610,Information Technology,Information Technology,
1148,600529310,Electrical Engineering,Electrical Engineering,
1149,600537210,Electronics and Telecommunication Engg,Electronics and Telecommunication Engg,
1150,600561210,Mechanical Engineering,Mechanical Engineering,
1151,600619110,Civil Engineering,Civil Engineering,
1152,600624510,Computer Engineering,Computer Engineering,
1153,600661210,Mechanical Engineering,Mechanical Engineering,
1154,600662710,Manufacturing Science and Engineering,Manufacturing Science and Engineering,
1155,600669410,Metallurgy and Material Technology,Metallurgy and Material Technology,
1156,600729310,Electrical Engineering,Electrical Engineering,
1157,600761210,Mechanical Engineering,Mechanical Engineering,
1158,602819110,Civil Engineering,Civil Engineering,
1159,602825410,Computer Science and Technology,Computer Science and Technology,
1160,602837210,Electronics and Telecommunication Engg,Electronics and Telecommunication Engg,
1161,602850310,Food Technology,Food Technology,
1162,602850710,Chemical Engineering,Chemical Engineering,
1163,602861210,Mechanical Engineering,Mechanical Engineering,
1164,603624210,Computer Science and Engineering,Computer Science and Engineering,
1165,603626310,Artificial Intelligence (AI) and Data Science,Artificial Intelligence (AI) and Data Science,
1166,603629310,Electrical Engineering,Electrical Engineering,
1167,603637210,Electronics and Telecommunication Engg,Electronics and Telecommunication Engg,
1168,603661510,Mechanical & Automation Engineering,Mechanical & Automation Engineering,
1169,612219110,Civil Engineering,Civil Engineering,
1170,612224510,Computer Engineering,Computer Engineering,
1171,612237210,Electronics and Telecommunication Engg,Electronics and Telecommunication Engg,
1172,612261210,Mechanical Engineering,Mechanical Engineering,
1173,612291210,Computer Science and Engineering(Data Science),Computer Science and Engineering(Data Science),
1174,613819110,Civil Engineering,Civil Engineering,
1175,613824510,Computer Engineering,Computer Engineering,
1176,613824610,Information Technology,Information Technology,
1177,613826310,Artificial Intelligence (AI) and Data Science,Artificial Intelligence (AI) and Data Science,
1178,613837210,Electronics and Telecommunication Engg,Electronics and Telecommunication Engg,
1179,613861210,Mechanical Engineering,Mechanical Engineering,
1180,613924510,Computer Engineering,Computer Engineering,
1181,613924610,Information Technology,Information Technology,
1182,613929310,Electrical Engineering,Electrical Engineering,
1183,613937210,Electronics and Telecommunication Engg,Electronics and Telecommunication Engg,
1184,613961210,Mechanical Engineering,Mechanical Engineering,
1185,613984410,Electronics and Computer Engineering,Electronics and Computer Engineering,
1186,613992110,Artificial Intelligence and Machine Learning,Artificial Intelligence and Machine Learning,
1187,613999510,Artificial Intelligence and Data Science,Artificial Intelligence and Data Science,
1188,614124510,Computer Engineering,Computer Engineering,
1189,614124610,Information Technology,Information Technology,
1190,614126210,Computer Science and Business Systems,Computer Science and Business Systems,
1191,614129310,Electrical Engineering,Electrical Engineering,
1192,614137210,Electronics and Telecommunication Engg,Electronics and Telecommunication Engg,
1193,614161210,Mechanical Engineering,Mechanical Engineering,
1194,614191610,Automation and Robotics,Automation and Robotics,
1195,614419110,Civil Engineering,Civil Engineering,
1196,614424510,Computer Engineering,Computer Engineering,
1197,614424610,Information Technology,Information Technology,
1198,614437210,Electronics and Telecommunication Engg,Electronics and Telecommunication Engg,
1199,614461210,Mechanical Engineering,Mechanical Engineering,
1200,614492110,Artificial Intelligence and Machine Learning,Artificial Intelligence and Machine Learning,
1201,614499510,Artificial Intelligence and Data Science,Artificial Intelligence and Data Science,
1202,614524510,Computer Engineering,Computer Engineering,
1203,614524610,Information Technology,Information Technology,
1204,614526310,Artificial Intelligence (AI) and Data Science,Artificial Intelligence (AI) and Data Science,
1205,614529310,Electrical Engineering,Electrical Engineering,
1206,614537210,Electronics and Telecommunication Engg,Electronics and Telecommunication Engg,
1207,614561210,Mechanical Engineering,Mechanical Engineering,
1208,614619110,Civil Engineering,Civil Engineering,
1209,614624510,Computer Engineering,Computer Engineering,
1210,614637210,Electronics and Telecommunication Engg,Electronics and Telecommunication Engg,
1211,614637610,Electronics Engineering,Electronics Engineering,
1212,614692710,Computer Engineering (Software Engineering),Computer Engineering (Software Engineering),
1213,614919110,Civil Engineering,Civil Engineering,
1214,614924510,Computer Engineering,Computer Engineering,
1215,614924610,Information Technology,Information Technology,
1216,614937210,Electronics and Telecommunication Engg,Electronics and Telecommunication Engg,
1217,614961210,Mechanical Engineering,Mechanical Engineering,
1218,615519110,Civil Engineering,Civil Engineering,
1219,615524510,Computer Engineering,Computer Engineering,
1220,615524610,Information Technology,Information Technology,
1221,615526010,Computer Science and Engineering (Cyber Security),Computer Science and Engineering (Cyber Security),
1222,615529310,Electrical Engineering,Electrical Engineering,
1223,615537210,Electronics and Telecommunication Engg,Electronics and Telecommunication Engg,
1224,615561210,Mechanical Engineering,Mechanical Engineering,
1225,615591110,Computer Science and Engineering(Artificial Intelligence and Machine Learning),Computer Science and Engineering(Artificial Intelligence and Machine Learning),
1226,615591210,Computer Science and Engineering(Data Science),Computer Science and Engineering(Data Science),
1227,615591310,Computer Science and Engineering (Artificial Intelligence),Computer Science and Engineering (Artificial Intelligence),
1228,615624510,Computer Engineering,Computer Engineering,
1229,615624610,Information Technology,Information Technology,
1230,615629310,Electrical Engineering,Electrical Engineering,
1231,615637210,Electronics and Telecommunication Engg,Electronics and Telecommunication Engg,
1232,615661210,Mechanical Engineering,Mechanical Engineering,
1233,615699510,Artificial Intelligence and Data Science,Artificial Intelligence and Data Science,
1234,617524510,Computer Engineering,Computer Engineering,
1235,617537210,Electronics and Telecommunication Engg,Electronics and Telecommunication Engg,
1236,617561210,Mechanical Engineering,Mechanical Engineering,
1237,617708210,Bio Technology,Bio Technology,
1238,617719110,Civil Engineering,Civil Engineering,
1239,617724510,Computer Engineering,Computer Engineering,
1240,617724610,Information Technology,Information Technology,
1241,617737210,Electronics and Telecommunication Engg,Electronics and Telecommunication Engg,
1242,617750710,Chemical Engineering,Chemical Engineering,
1243,617760610,Production Engineering,Production Engineering,
1244,617761210,Mechanical Engineering,Mechanical Engineering,
1245,617824510,Computer Engineering,Computer Engineering,
1246,617824610,Information Technology,Information Technology,
1247,617837210,Electronics and Telecommunication Engg,Electronics and Telecommunication Engg,
1248,617861210,Mechanical Engineering,Mechanical Engineering,
1249,617919110,Civil Engineering,Civil Engineering,
1250,617924510,Computer Engineering,Computer Engineering,
1251,617937210,Electronics and Telecommunication Engg,Electronics and Telecommunication Engg,
1252,617961210,Mechanical Engineering,Mechanical Engineering,
1253,617999510,Artificial Intelligence and Data Science,Artificial Intelligence and Data Science,
1254,618219110,Civil Engineering,Civil Engineering,
1255,618224510,Computer Engineering,Computer Engineering,
1256,618224610,Information Technology,Information Technology,
1257,618237210,Electronics and Telecommunication Engg,Electronics and Telecommunication Engg,
1258,618261210,Mechanical Engineering,Mechanical Engineering,
1259,618324510,Computer Engineering,Computer Engineering,
1260,618337210,Electronics and Telecommunication Engg,Electronics and Telecommunication Engg,
1261,618361210,Mechanical Engineering,Mechanical Engineering,
1262,618419110,Civil Engineering,Civil Engineering,
1263,618424510,Computer Engineering,Computer Engineering,
1264,618424610,Information Technology,Information Technology,
1265,618429310,Electrical Engineering,Electrical Engineering,
1266,618437210,Electronics and Telecommunication Engg,Electronics and Telecommunication Engg,
1267,618461210,Mechanical Engineering,Mechanical Engineering,
1268,618524510,Computer Engineering,Computer Engineering,
1269,618524610,Information Technology,Information Technology,
1270,618529310,Electrical Engineering,Electrical Engineering,
1271,618537210,Electronics and Telecommunication Engg,Electronics and Telecommunication Engg,
1272,618561210,Mechanical Engineering,Mechanical Engineering,
1273,618719110,Civil Engineering,Civil Engineering,
1274,618724510,Computer Engineering,Computer Engineering,
1275,618724610,Information Technology,Information Technology,
1276,618737210,Electronics and Telecommunication Engg,Electronics and Telecommunication Engg,
1277,618761210,Mechanical Engineering,Mechanical Engineering,
1278,620319110,Civil Engineering,Civil Engineering,
1279,620324510,Computer Engineering,Computer Engineering,
1280,620361210,Mechanical Engineering,Mechanical Engineering,
1281,620362410,Mechatronics Engineering,Mechatronics Engineering,
1282,620399510,Artificial Intelligence and Data Science,Artificial Intelligence and Data Science,
1283,620624510,Computer Engineering,Computer Engineering,
1284,620624610,Information Technology,Information Technology,
1285,620637210,Electronics and Telecommunication Engg,Electronics and Telecommunication Engg,
1286,620661210,Mechanical Engineering,Mechanical Engineering,
1287,620719110,Civil Engineering,Civil Engineering,
1288,620724510,Computer Engineering,Computer Engineering,
1289,620724610,Information Technology,Information Technology,
1290,620729310,Electrical Engineering,Electrical Engineering,
1291,620737210,Electronics and Telecommunication Engg,Electronics and Telecommunication Engg,
1292,620746610,Instrumentation Engineering,Instrumentation Engineering,
1293,620761210,Mechanical Engineering,Mechanical Engineering,
1294,620791610,Automation and Robotics,Automation and Robotics,
1295,620799510,Artificial Intelligence and Data Science,Artificial Intelligence and Data Science,
1296,621419110,Civil Engineering,Civil Engineering,
1297,621424510,Computer Engineering,Computer Engineering,
1298,621437210,Electronics and Telecommunication Engg,Electronics and Telecommunication Engg,
1299,621456810,Computer Science and Information Technology,Computer Science and Information Technology,
1300,621461210,Mechanical Engineering,Mechanical Engineering,
1301,621491110,Computer Science and Engineering(Artificial Intelligence and Machine Learning),Computer Science and Engineering(Artificial Intelligence and Machine Learning),
1302,621491910,Robotics and Automation,Robotics and Automation,
1303,621719110,Civil Engineering,Civil Engineering,
1304,621724210,Computer Science and Engineering,Computer Science and Engineering,
1305,621726310,Artificial Intelligence (AI) and Data Science,Artificial Intelligence (AI) and Data Science,
1306,621729310,Electrical Engineering,Electrical Engineering,
1307,621737210,Electronics and Telecommunication Engg,Electronics and Telecommunication Engg,
1308,621761210,Mechanical Engineering,Mechanical Engineering,
1309,621792110,Artificial Intelligence and Machine Learning,Artificial Intelligence and Machine Learning,
1310,621919110,Civil Engineering,Civil Engineering,
1311,621924210,Computer Science and Engineering,Computer Science and Engineering,
1312,621937210,Electronics and Telecommunication Engg,Electronics and Telecommunication Engg,
1313,621946110,Bio Medical Engineering,Bio Medical Engineering,
1314,621961210,Mechanical Engineering,Mechanical Engineering,
1315,622019110,Civil Engineering,Civil Engineering,
1316,622024210,Computer Science and Engineering,Computer Science and Engineering,
1317,622029310,Electrical Engineering,Electrical Engineering,
1318,622037210,Electronics and Telecommunication Engg,Electronics and Telecommunication Engg,
1319,622061210,Mechanical Engineering,Mechanical Engineering,
1320,622219110,Civil Engineering,Civil Engineering,
1321,622224210,Computer Science and Engineering,Computer Science and Engineering,
1322,622229310,Electrical Engineering,Electrical Engineering,
1323,622237210,Electronics and Telecommunication Engg,Electronics and Telecommunication Engg,
1324,622257010,Fashion Technology,Fashion Technology,
1325,622261210,Mechanical Engineering,Mechanical Engineering,
1326,622288610,Man Made Textile Technology,Man Made Textile Technology,
1327,622289610,Textile Technology,Textile Technology,
1328,622291110,Computer Science and Engineering(Artificial Intelligence and Machine Learning),Computer Science and Engineering(Artificial Intelligence and Machine Learning),
1329,622319110,Civil Engineering,Civil Engineering,
1330,622324210,Computer Science and Engineering,Computer Science and Engineering,
1331,622329310,Electrical Engineering,Electrical Engineering,
1332,622337210,Electronics and Telecommunication Engg,Electronics and Telecommunication Engg,
1333,622361210,Mechanical Engineering,Mechanical Engineering,
1334,622399510,Artificial Intelligence and Data Science,Artificial Intelligence and Data Science,
1335,625024210,Computer Science and Engineering,Computer Science and Engineering,
1336,625037210,Electronics and Telecommunication Engg,Electronics and Telecommunication Engg,
1337,625050710,Chemical Engineering,Chemical Engineering,
1338,625061210,Mechanical Engineering,Mechanical Engineering,
1339,625091110,Computer Science and Engineering(Artificial Intelligence and Machine Learning),Computer Science and Engineering(Artificial Intelligence and Machine Learning),
1340,626519110,Civil Engineering,Civil Engineering,
1341,626524210,Computer Science and Engineering,Computer Science and Engineering,
1342,626524610,Information Technology,Information Technology,
1343,626537210,Electronics and Telecommunication Engg,Electronics and Telecommunication Engg,
1344,626561510,Mechanical & Automation Engineering,Mechanical & Automation Engineering,
1345,626584410,Electronics and Computer Engineering,Electronics and Computer Engineering,
1346,626708210,Bio Technology,Bio Technology,
1347,626724210,Computer Science and Engineering,Computer Science and Engineering,
1348,626726210,Computer Science and Business Systems,Computer Science and Business Systems,
1349,626729310,Electrical Engineering,Electrical Engineering,
1350,626737210,Electronics and Telecommunication Engg,Electronics and Telecommunication Engg,
1351,626791110,Computer Science and Engineering(Artificial Intelligence and Machine Learning),Computer Science and Engineering(Artificial Intelligence and Machine Learning),
1352,626791210,Computer Science and Engineering(Data Science),Computer Science and Engineering(Data Science),
1353,626792210,Civil and Environmental Engineering,Civil and Environmental Engineering,
1354,626819110,Civil Engineering,Civil Engineering,
1355,626824210,Computer Science and Engineering,Computer Science and Engineering,
1356,626861210,Mechanical Engineering,Mechanical Engineering,
1357,626919110,Civil Engineering,Civil Engineering,
1358,626924210,Computer Science and Engineering,Computer Science and Engineering,
1359,626937210,Electronics and Telecommunication Engg,Electronics and Telecommunication Engg,
1360,626946410,Instrumentation and Control Engineering,Instrumentation and Control Engineering,
1361,626950710,Chemical Engineering,Chemical Engineering,
1362,626961210,Mechanical Engineering,Mechanical Engineering,
1363,626962410,Mechatronics Engineering,Mechatronics Engineering,
1364,626990010,Electronics and Computer Science,Electronics and Computer Science,
1365,626992510,Computer Science and Engineering (Artificial Intelligence and Data Science),Computer Science and Engineering (Artificial Intelligence and Data Science),
1366,626992610,Electrical and Computer Engineering,Electrical and Computer Engineering,
1367,627019110,Civil Engineering,Civil Engineering,
1368,627024210,Computer Science and Engineering,Computer Science and Engineering,
1369,627037210,Electronics and Telecommunication Engg,Electronics and Telecommunication Engg,
1370,627061210,Mechanical Engineering,Mechanical Engineering,
1371,627124510,Computer Engineering,Computer Engineering,
1372,627124610,Information Technology,Information Technology,
1373,627126310,Artificial Intelligence (AI) and Data Science,Artificial Intelligence (AI) and Data Science,
1374,627137210,Electronics and Telecommunication Engg,Electronics and Telecommunication Engg,
1375,627184410,Electronics and Computer Engineering,Electronics and Computer Engineering,
1376,627219110,Civil Engineering,Civil Engineering,
1377,627221910,Robotics and Automation,Robotics and Automation,
1378,627224510,Computer Engineering,Computer Engineering,
1379,627224610,Information Technology,Information Technology,
1380,627237210,Electronics and Telecommunication Engg,Electronics and Telecommunication Engg,
1381,627246610,Instrumentation Engineering,Instrumentation Engineering,
1382,627261210,Mechanical Engineering,Mechanical Engineering,
1383,627299510,Artificial Intelligence and Data Science,Artificial Intelligence and Data Science,
1384,627324510,Computer Engineering,Computer Engineering,
1385,627324610,Information Technology,Information Technology,
1386,627337210,Electronics and Telecommunication Engg,Electronics and Telecommunication Engg,
1387,627346410,Instrumentation and Control Engineering,Instrumentation and Control Engineering,
1388,627350710,Chemical Engineering,Chemical Engineering,
1389,627361210,Mechanical Engineering,Mechanical Engineering,
1390,627399510,Artificial Intelligence and Data Science,Artificial Intelligence and Data Science,
1391,627424510,Computer Engineering,Computer Engineering,
1392,627424610,Information Technology,Information Technology,
1393,627429310,Electrical Engineering,Electrical Engineering,
1394,627437210,Electronics and Telecommunication Engg,Electronics and Telecommunication Engg,
1395,627461210,Mechanical Engineering,Mechanical Engineering,
1396,627484310,Printing Technology,Printing Technology,
1397,627499510,Artificial Intelligence and Data Science,Artificial Intelligence and Data Science,
1398,627519110,Civil Engineering,Civil Engineering,
1399,627524510,Computer Engineering,Computer Engineering,
1400,627524610,Information Technology,Information Technology,
1401,627529310,Electrical Engineering,Electrical Engineering,
1402,627537210,Electronics and Telecommunication Engg,Electronics and Telecommunication Engg,
1403,627561210,Mechanical Engineering,Mechanical Engineering,
1404,627719110,Civil Engineering,Civil Engineering,
1405,627724210,Computer Science and Engineering,Computer Science and Engineering,
1406,627724610,Information Technology,Information Technology,
1407,627726310,Artificial Intelligence (AI) and Data Science,Artificial Intelligence (AI) and Data Science,
1408,627737210,Electronics and Telecommunication Engg,Electronics and Telecommunication Engg,
1409,627761210,Mechanical Engineering,Mechanical Engineering,
1410,627819110,Civil Engineering,Civil Engineering,
1411,627821910,Robotics and Automation,Robotics and Automation,
1412,627824510,Computer Engineering,Computer Engineering,
1413,627829310,Electrical Engineering,Electrical Engineering,
1414,627837210,Electronics and Telecommunication Engg,Electronics and Telecommunication Engg,
1415,627837810,Electronics Engineering ( VLSI Design and Technology),Electronics Engineering ( VLSI Design and Technology),
1416,627850710,Chemical Engineering,Chemical Engineering,
1417,627861210,Mechanical Engineering,Mechanical Engineering,
1418,627862510,Mechanical Engineering[Sandwich],Mechanical Engineering[Sandwich],
1419,628124510,Computer Engineering,Computer Engineering,
1420,628137210,Electronics and Telecommunication Engg,Electronics and Telecommunication Engg,
1421,628161210,Mechanical Engineering,Mechanical Engineering,
1422,628191610,Automation and Robotics,Automation and Robotics,
1423,628224510,Computer Engineering,Computer Engineering,
1424,628224610,Information Technology,Information Technology,
1425,628229310,Electrical Engineering,Electrical Engineering,
1426,628237210,Electronics and Telecommunication Engg,Electronics and Telecommunication Engg,
1427,628319110,Civil Engineering,Civil Engineering,
1428,628324210,Computer Science and Engineering,Computer Science and Engineering,
1429,628326310,Artificial Intelligence (AI) and Data Science,Artificial Intelligence (AI) and Data Science,
1430,628350310,Food Technology,Food Technology,
1431,628419110,Civil Engineering,Civil Engineering,
1432,628424610,Information Technology,Information Technology,
1433,628437210,Electronics and Telecommunication Engg,Electronics and Telecommunication Engg,
1434,628499510,Artificial Intelligence and Data Science,Artificial Intelligence and Data Science,
1435,628819110,Civil Engineering,Civil Engineering,
1436,628824210,Computer Science and Engineering,Computer Science and Engineering,
1437,628837210,Electronics and Telecommunication Engg,Electronics and Telecommunication Engg,
1438,628861210,Mechanical Engineering,Mechanical Engineering,
1439,628891110,Computer Science and Engineering(Artificial Intelligence and Machine Learning),Computer Science and Engineering(Artificial Intelligence and Machine Learning),
1440,628919110,Civil Engineering,Civil Engineering,
1441,628924510,Computer Engineering,Computer Engineering,
1442,628924610,Information Technology,Information Technology,
1443,628937210,Electronics and Telecommunication Engg,Electronics and Telecommunication Engg,
1444,628961210,Mechanical Engineering,Mechanical Engineering,
1445,628991210,Computer Science and Engineering(Data Science),Computer Science and Engineering(Data Science),
1446,628999510,Artificial Intelligence and Data Science,Artificial Intelligence and Data Science,
1447,629324210,Computer Science and Engineering,Computer Science and Engineering,
1448,629329310,Electrical Engineering,Electrical Engineering,
1449,629337210,Electronics and Telecommunication Engg,Electronics and Telecommunication Engg,
1450,629361210,Mechanical Engineering,Mechanical Engineering,
1451,629819110,Civil Engineering,Civil Engineering,
1452,629821910,Robotics and Automation,Robotics and Automation,
1453,629824510,Computer Engineering,Computer Engineering,
1454,629824610,Information Technology,Information Technology,
1455,629829310,Electrical Engineering,Electrical Engineering,
1456,629837210,Electronics and Telecommunication Engg,Electronics and Telecommunication Engg,
1457,629861210,Mechanical Engineering,Mechanical Engineering,
1458,629884410,Electronics and Computer Engineering,Electronics and Computer Engineering,
1459,629892110,Artificial Intelligence and Machine Learning,Artificial Intelligence and Machine Learning,
1460,629899510,Artificial Intelligence and Data Science,Artificial Intelligence and Data Science,
1461,630319110,Civil Engineering,Civil Engineering,
1462,630324210,Computer Science and Engineering,Computer Science and Engineering,
1463,630337210,Electronics and Telecommunication Engg,Electronics and Telecommunication Engg,
1464,630361210,Mechanical Engineering,Mechanical Engineering,
1465,630419110,Civil Engineering,Civil Engineering,
1466,630424210,Computer Science and Engineering,Computer Science and Engineering,
1467,630437210,Electronics and Telecommunication Engg,Electronics and Telecommunication Engg,
1468,630461210,Mechanical Engineering,Mechanical Engineering,
1469,630492110,Artificial Intelligence and Machine Learning,Artificial Intelligence and Machine Learning,
1470,630492610,Electrical and Computer Engineering,Electrical and Computer Engineering,
1471,630524210,Computer Science and Engineering,Computer Science and Engineering,
1472,630524610,Information Technology,Information Technology,
1473,630537210,Electronics and Telecommunication Engg,Electronics and Telecommunication Engg,
1474,630724510,Computer Engineering,Computer Engineering,
1475,630724610,Information Technology,Information Technology,
1476,630737210,Electronics and Telecommunication Engg,Electronics and Telecommunication Engg,
1477,630760210,Automobile Engineering,Automobile Engineering,
1478,630819110,Civil Engineering,Civil Engineering,
1479,630824510,Computer Engineering,Computer Engineering,
1480,630837210,Electronics and Telecommunication Engg,Electronics and Telecommunication Engg,
1481,630861210,Mechanical Engineering,Mechanical Engineering,
1482,631024510,Computer Engineering,Computer Engineering,
1483,631024610,Information Technology,Information Technology,
1484,631037210,Electronics and Telecommunication Engg,Electronics and Telecommunication Engg,
1485,631061210,Mechanical Engineering,Mechanical Engineering,
1486,631124510,Computer Engineering,Computer Engineering,
1487,631124610,Information Technology,Information Technology,
1488,631129310,Electrical Engineering,Electrical Engineering,
1489,631137210,Electronics and Telecommunication Engg,Electronics and Telecommunication Engg,
1490,631161210,Mechanical Engineering,Mechanical Engineering,
1491,631319110,Civil Engineering,Civil Engineering,
1492,631324510,Computer Engineering,Computer Engineering,
1493,631329310,Electrical Engineering,Electrical Engineering,
1494,631337210,Electronics and Telecommunication Engg,Electronics and Telecommunication Engg,
1495,631361210,Mechanical Engineering,Mechanical Engineering,
1496,631519110,Civil Engineering,Civil Engineering,
1497,631524210,Computer Science and Engineering,Computer Science and Engineering,
1498,631529310,Electrical Engineering,Electrical Engineering,
1499,631561210,Mechanical Engineering,Mechanical Engineering,
1500,631584410,Electronics and Computer Engineering,Electronics and Computer Engineering,
1501,631719110,Civil Engineering,Civil Engineering,
1502,631724210,Computer Science and Engineering,Computer Science and Engineering,
1503,631729310,Electrical Engineering,Electrical Engineering,
1504,631762410,Mechatronics Engineering,Mechatronics Engineering,
1505,631791610,Automation and Robotics,Automation and Robotics,
1506,631824210,Computer Science and Engineering,Computer Science and Engineering,
1507,631829310,Electrical Engineering,Electrical Engineering,
1508,631861210,Mechanical Engineering,Mechanical Engineering,
1509,631919110,Civil Engineering,Civil Engineering,
1510,631924510,Computer Engineering,Computer Engineering,
1511,631926310,Artificial Intelligence (AI) and Data Science,Artificial Intelligence (AI) and Data Science,
1512,631929310,Electrical Engineering,Electrical Engineering,
1513,631937210,Electronics and Telecommunication Engg,Electronics and Telecommunication Engg,
1514,631961210,Mechanical Engineering,Mechanical Engineering,
1515,632024510,Computer Engineering,Computer Engineering,
1516,632029310,Electrical Engineering,Electrical Engineering,
1517,632037210,Electronics and Telecommunication Engg,Electronics and Telecommunication Engg,
1518,632037810,Electronics Engineering ( VLSI Design and Technology),Electronics Engineering ( VLSI Design and Technology),
1519,632061210,Mechanical Engineering,Mechanical Engineering,
1520,632092810,Electronics and Communication(Advanced Communication Technology),Electronics and Communication(Advanced Communication Technology),
1521,632124210,Computer Science and Engineering,Computer Science and Engineering,
1522,632129310,Electrical Engineering,Electrical Engineering,
1523,632137210,Electronics and Telecommunication Engg,Electronics and Telecommunication Engg,
1524,632199510,Artificial Intelligence and Data Science,Artificial Intelligence and Data Science,
1525,632224510,Computer Engineering,Computer Engineering,
1526,632237210,Electronics and Telecommunication Engg,Electronics and Telecommunication Engg,
1527,632419110,Civil Engineering,Civil Engineering,
1528,632424510,Computer Engineering,Computer Engineering,
1529,632426310,Artificial Intelligence (AI) and Data Science,Artificial Intelligence (AI) and Data Science,
1530,632437210,Electronics and Telecommunication Engg,Electronics and Telecommunication Engg,
1531,632461210,Mechanical Engineering,Mechanical Engineering,
1532,632519110,Civil Engineering,Civil Engineering,
1533,632524510,Computer Engineering,Computer Engineering,
1534,632525710,Computer Science and Design,Computer Science and Design,
1535,632529310,Electrical Engineering,Electrical Engineering,
1536,632537210,Electronics and Telecommunication Engg,Electronics and Telecommunication Engg,
1537,632537810,Electronics Engineering ( VLSI Design and Technology),Electronics Engineering ( VLSI Design and Technology),
1538,632561210,Mechanical Engineering,Mechanical Engineering,
1539,632592110,Artificial Intelligence and Machine Learning,Artificial Intelligence and Machine Learning,
1540,632593310,Electronics and Communication (Advanced Communication Technology),Electronics and Communication (Advanced Communication Technology),
1541,632619110,Civil Engineering,Civil Engineering,
1542,632624210,Computer Science and Engineering,Computer Science and Engineering,
1543,632637210,Electronics and Telecommunication Engg,Electronics and Telecommunication Engg,
1544,632661210,Mechanical Engineering,Mechanical Engineering,
1545,641924210,Computer Science and Engineering,Computer Science and Engineering,
1546,641937210,Electronics and Telecommunication Engg,Electronics and Telecommunication Engg,
1547,641961210,Mechanical Engineering,Mechanical Engineering,
1548,641991310,Computer Science and Engineering (Artificial Intelligence),Computer Science and Engineering (Artificial Intelligence),
1549,646619110,Civil Engineering,Civil Engineering,
1550,646624210,Computer Science and Engineering,Computer Science and Engineering,
1551,646629310,Electrical Engineering,Electrical Engineering,
1552,646661210,Mechanical Engineering,Mechanical Engineering,
1553,646824210,Computer Science and Engineering,Computer Science and Engineering,
1554,646829310,Electrical Engineering,Electrical Engineering,
1555,646837210,Electronics and Telecommunication Engg,Electronics and Telecommunication Engg,
1556,654519110,Civil Engineering,Civil Engineering,
1557,654524210,Computer Science and Engineering,Computer Science and Engineering,
1558,654526310,Artificial Intelligence (AI) and Data Science,Artificial Intelligence (AI) and Data Science,
1559,654529310,Electrical Engineering,Electrical Engineering,
1560,654537210,Electronics and Telecommunication Engg,Electronics and Telecommunication Engg,
1561,654561210,Mechanical Engineering,Mechanical Engineering,
1562,660919110,Civil Engineering,Civil Engineering,
1563,660924510,Computer Engineering,Computer Engineering,
1564,660926310,Artificial Intelligence (AI) and Data Science,Artificial Intelligence (AI) and Data Science,
1565,660937210,Electronics and Telecommunication Engg,Electronics and Telecommunication Engg,
1566,660961210,Mechanical Engineering,Mechanical Engineering,
1567,662224510,Computer Engineering,Computer Engineering,
1568,662237210,Electronics and Telecommunication Engg,Electronics and Telecommunication Engg,
1569,662261210,Mechanical Engineering,Mechanical Engineering,
1570,662292110,Artificial Intelligence and Machine Learning,Artificial Intelligence and Machine Learning,
1571,662299510,Artificial Intelligence and Data Science,Artificial Intelligence and Data Science,
1572,662524510,Computer Engineering,Computer Engineering,
1573,662529310,Electrical Engineering,Electrical Engineering,
1574,662561210,Mechanical Engineering,Mechanical Engineering,
1575,662819110,Civil Engineering,Civil Engineering,
1576,662824510,Computer Engineering,Computer Engineering,
1577,662824610,Information Technology,Information Technology,
1578,662829310,Electrical Engineering,Electrical Engineering,
1579,662861210,Mechanical Engineering,Mechanical Engineering,
1580,662884410,Electronics and Computer Engineering,Electronics and Computer Engineering,
1581,663219110,Civil Engineering,Civil Engineering,
1582,663224510,Computer Engineering,Computer Engineering,
1583,663229310,Electrical Engineering,Electrical Engineering,
1584,663237210,Electronics and Telecommunication Engg,Electronics and Telecommunication Engg,
1585,663261210,Mechanical Engineering,Mechanical Engineering,
1586,663292110,Artificial Intelligence and Machine Learning,Artificial Intelligence and Machine Learning,
1587,663419110,Civil Engineering,Civil Engineering,
1588,663424510,Computer Engineering,Computer Engineering,
1589,663424610,Information Technology,Information Technology,
1590,663437210,Electronics and Telecommunication Engg,Electronics and Telecommunication Engg,
1591,663461210,Mechanical Engineering,Mechanical Engineering,
1592,663519110,Civil Engineering,Civil Engineering,
1593,663524510,Computer Engineering,Computer Engineering,
1594,663529310,Electrical Engineering,Electrical Engineering,
1595,663561210,Mechanical Engineering,Mechanical Engineering,
1596,663591210,Computer Science and Engineering(Data Science),Computer Science and Engineering(Data Science),
1597,663592110,Artificial Intelligence and Machine Learning,Artificial Intelligence and Machine Learning,
1598,664019110,Civil Engineering,Civil Engineering,
1599,664024210,Computer Science and Engineering,Computer Science and Engineering,
1600,664029310,Electrical Engineering,Electrical Engineering,
1601,664037210,Electronics and Telecommunication Engg,Electronics and Telecommunication Engg,
1602,664061210,Mechanical Engineering,Mechanical Engineering,
1603,664319110,Civil Engineering,Civil Engineering,
1604,664324210,Computer Science and Engineering,Computer Science and Engineering,
1605,664329310,Electrical Engineering,Electrical Engineering,
1606,664337210,Electronics and Telecommunication Engg,Electronics and Telecommunication Engg,
1607,664361210,Mechanical Engineering,Mechanical Engineering,
1608,664419110,Civil Engineering,Civil Engineering,
1609,664424510,Computer Engineering,Computer Engineering,
1610,664429310,Electrical Engineering,Electrical Engineering,
1611,664437210,Electronics and Telecommunication Engg,Electronics and Telecommunication Engg,
1612,664461210,Mechanical Engineering,Mechanical Engineering,
1613,664490010,Electronics and Computer Science,Electronics and Computer Science,
1614,664491110,Computer Science and Engineering(Artificial Intelligence and Machine Learning),Computer Science and Engineering(Artificial Intelligence and Machine Learning),
1615,664919110,Civil Engineering,Civil Engineering,
1616,664924510,Computer Engineering,Computer Engineering,
1617,664929310,Electrical Engineering,Electrical Engineering,
1618,664937210,Electronics and Telecommunication Engg,Electronics and Telecommunication Engg,
1619,664961210,Mechanical Engineering,Mechanical Engineering,
1620,673219110,Civil Engineering,Civil Engineering,
1621,673224510,Computer Engineering,Computer Engineering,
1622,673237210,Electronics and Telecommunication Engg,Electronics and Telecommunication Engg,
1623,673261210,Mechanical Engineering,Mechanical Engineering,
1624,673299510,Artificial Intelligence and Data Science,Artificial Intelligence and Data Science,
1625,675424510,Computer Engineering,Computer Engineering,
1626,675424610,Information Technology,Information Technology,
1627,675437210,Electronics and Telecommunication Engg,Electronics and Telecommunication Engg,
1628,675519110,Civil Engineering,Civil Engineering,
1629,675524510,Computer Engineering,Computer Engineering,
1630,675526310,Artificial Intelligence (AI) and Data Science,Artificial Intelligence (AI) and Data Science,
1631,675537210,Electronics and Telecommunication Engg,Electronics and Telecommunication Engg,
1632,675561210,Mechanical Engineering,Mechanical Engineering,
1633,675619110,Civil Engineering,Civil Engineering,
1634,675624210,Computer Science and Engineering,Computer Science and Engineering,
1635,675626310,Artificial Intelligence (AI) and Data Science,Artificial Intelligence (AI) and Data Science,
1636,675629310,Electrical Engineering,Electrical Engineering,
1637,675637210,Electronics and Telecommunication Engg,Electronics and Telecommunication Engg,
1638,675661210,Mechanical Engineering,Mechanical Engineering,
1639,675719110,Civil Engineering,Civil Engineering,
1640,675724210,Computer Science and Engineering,Computer Science and Engineering,
1641,675729310,Electrical Engineering,Electrical Engineering,
1642,675737210,Electronics and Telecommunication Engg,Electronics and Telecommunication Engg,
1643,675761210,Mechanical Engineering,Mechanical Engineering,
1644,675799510,Artificial Intelligence and Data Science,Artificial Intelligence and Data Science,
1645,675819110,Civil Engineering,Civil Engineering,
1646,675824510,Computer Engineering,Computer Engineering,
1647,675837210,Electronics and Telecommunication Engg,Electronics and Telecommunication Engg,
1648,675861210,Mechanical Engineering,Mechanical Engineering,
1649,675892110,Artificial Intelligence and Machine Learning,Artificial Intelligence and Machine Learning,
1650,675899510,Artificial Intelligence and Data Science,Artificial Intelligence and Data Science,
1651,675919110,Civil Engineering,Civil Engineering,
1652,675924510,Computer Engineering,Computer Engineering,
1653,675929310,Electrical Engineering,Electrical Engineering,
1654,675961210,Mechanical Engineering,Mechanical Engineering,
1655,675999510,Artificial Intelligence and Data Science,Artificial Intelligence and Data Science,
1656,676219110,Civil Engineering,Civil Engineering,
1657,676224210,Computer Science and Engineering,Computer Science and Engineering,
1658,676229310,Electrical Engineering,Electrical Engineering,
1659,676237210,Electronics and Telecommunication Engg,Electronics and Telecommunication Engg,
1660,676261210,Mechanical Engineering,Mechanical Engineering,
1661,676619110,Civil Engineering,Civil Engineering,
1662,676624510,Computer Engineering,Computer Engineering,
1663,676637210,Electronics and Telecommunication Engg,Electronics and Telecommunication Engg,
1664,676661210,Mechanical Engineering,Mechanical Engineering,
1665,676699510,Artificial Intelligence and Data Science,Artificial Intelligence and Data Science,
1666,676724510,Computer Engineering,Computer Engineering,
1667,676761210,Mechanical Engineering,Mechanical Engineering,
1668,676791210,Computer Science and Engineering(Data Science),Computer Science and Engineering(Data Science),
1669,676799510,Artificial Intelligence and Data Science,Artificial Intelligence and Data Science,
1670,676824510,Computer Engineering,Computer Engineering,
1671,676861210,Mechanical Engineering,Mechanical Engineering,
1672,676919110,Civil Engineering,Civil Engineering,
1673,676924510,Computer Engineering,Computer Engineering,
1674,676924610,Information Technology,Information Technology,
1675,676937210,Electronics and Telecommunication Engg,Electronics and Telecommunication Engg,
1676,676961210,Mechanical Engineering,Mechanical Engineering,
1677,677024510,Computer Engineering,Computer Engineering,
1678,677024610,Information Technology,Information Technology,
1679,677061210,Mechanical Engineering,Mechanical Engineering,
1680,677224510,Computer Engineering,Computer Engineering,
1681,677224610,Information Technology,Information Technology,
1682,677229310,Electrical Engineering,Electrical Engineering,
1683,677237210,Electronics and Telecommunication Engg,Electronics and Telecommunication Engg,
1684,677261210,Mechanical Engineering,Mechanical Engineering,
1685,678019110,Civil Engineering,Civil Engineering,
1686,678024210,Computer Science and Engineering,Computer Science and Engineering,
1687,678029310,Electrical Engineering,Electrical Engineering,
1688,678061210,Mechanical Engineering,Mechanical Engineering,
1689,678091210,Computer Science and Engineering(Data Science),Computer Science and Engineering(Data Science),
1690,678119110,Civil Engineering,Civil Engineering,
1691,678124210,Computer Science and Engineering,Computer Science and Engineering,
1692,678137210,Electronics and Telecommunication Engg,Electronics and Telecommunication Engg,
1693,678161210,Mechanical Engineering,Mechanical Engineering,
1694,678219110,Civil Engineering,Civil Engineering,
1695,678224210,Computer Science and Engineering,Computer Science and Engineering,
1696,678229310,Electrical Engineering,Electrical Engineering,
1697,678261210,Mechanical Engineering,Mechanical Engineering,
1698,679419110,Civil Engineering,Civil Engineering,
1699,679424510,Computer Engineering,Computer Engineering,
1700,679424610,Information Technology,Information Technology,
1701,679437210,Electronics and Telecommunication Engg,Electronics and Telecommunication Engg,
1702,679437810,Electronics Engineering ( VLSI Design and Technology),Electronics Engineering ( VLSI Design and Technology),
1703,679461210,Mechanical Engineering,Mechanical Engineering,
1704,679492810,Electronics and Communication(Advanced Communication Technology),Electronics and Communication(Advanced Communication Technology),
1705,679499510,Artificial Intelligence and Data Science,Artificial Intelligence and Data Science,
1706,679519110,Civil Engineering,Civil Engineering,
1707,679524510,Computer Engineering,Computer Engineering,
1708,679529310,Electrical Engineering,Electrical Engineering,
1709,679561210,Mechanical Engineering,Mechanical Engineering,
1710,679619110,Civil Engineering,Civil Engineering,
1711,679624510,Computer Engineering,Computer Engineering,
1712,679637210,Electronics and Telecommunication Engg,Electronics and Telecommunication Engg,
1713,679661210,Mechanical Engineering,Mechanical Engineering,
1714,679719110,Civil Engineering,Civil Engineering,
1715,679724210,Computer Science and Engineering,Computer Science and Engineering,
1716,679729310,Electrical Engineering,Electrical Engineering,
1717,679737210,Electronics and Telecommunication Engg,Electronics and Telecommunication Engg,
1718,679761210,Mechanical Engineering,Mechanical Engineering,
1719,679924210,Computer Science and Engineering,Computer Science and Engineering,
1720,679924510,Computer Engineering,Computer Engineering,
1721,679929310,Electrical Engineering,Electrical Engineering,
1722,680219110,Civil Engineering,Civil Engineering,
1723,680224510,Computer Engineering,Computer Engineering,
1724,680237210,Electronics and Telecommunication Engg,Electronics and Telecommunication Engg,
1725,680250710,Chemical Engineering,Chemical Engineering,
1726,680261210,Mechanical Engineering,Mechanical Engineering,
1727,680299510,Artificial Intelligence and Data Science,Artificial Intelligence and Data Science,
1728,680319110,Civil Engineering,Civil Engineering,
1729,680324210,Computer Science and Engineering,Computer Science and Engineering,
1730,680329310,Electrical Engineering,Electrical Engineering,
1731,680337210,Electronics and Telecommunication Engg,Electronics and Telecommunication Engg,
1732,680361210,Mechanical Engineering,Mechanical Engineering,
1733,680824510,Computer Engineering,Computer Engineering,
1734,680826310,Artificial Intelligence (AI) and Data Science,Artificial Intelligence (AI) and Data Science,
1735,680837210,Electronics and Telecommunication Engg,Electronics and Telecommunication Engg,
1736,680861210,Mechanical Engineering,Mechanical Engineering,
1737,681119110,Civil Engineering,Civil Engineering,
1738,681124210,Computer Science and Engineering,Computer Science and Engineering,
1739,681129310,Electrical Engineering,Electrical Engineering,
1740,681137210,Electronics and Telecommunication Engg,Electronics and Telecommunication Engg,
1741,681161210,Mechanical Engineering,Mechanical Engineering,
1742,681519110,Civil Engineering,Civil Engineering,
1743,681524510,Computer Engineering,Computer Engineering,
1744,681561210,Mechanical Engineering,Mechanical Engineering,
1745,682219110,Civil Engineering,Civil Engineering,
1746,682224510,Computer Engineering,Computer Engineering,
1747,682224610,Information Technology,Information Technology,
1748,682237210,Electronics and Telecommunication Engg,Electronics and Telecommunication Engg,
1749,682261210,Mechanical Engineering,Mechanical Engineering,
1750,683424510,Computer Engineering,Computer Engineering,
1751,683426310,Artificial Intelligence (AI) and Data Science,Artificial Intelligence (AI) and Data Science,
1752,683919110,Civil Engineering,Civil Engineering,
1753,683924210,Computer Science and Engineering,Computer Science and Engineering,
1754,683929310,Electrical Engineering,Electrical Engineering,
1755,683991210,Computer Science and Engineering(Data Science),Computer Science and Engineering(Data Science),
1756,687824210,Computer Science and Engineering,Computer Science and Engineering,
1757,687829310,Electrical Engineering,Electrical Engineering,
1758,687861210,Mechanical Engineering,Mechanical Engineering,
1759,687890010,Electronics and Computer Science,Electronics and Computer Science,
1760,690119110,Civil Engineering,Civil Engineering,
1761,690124210,Computer Science and Engineering,Computer Science and Engineering,
1762,690137210,Electronics and Telecommunication Engg,Electronics and Telecommunication Engg,
1763,690161210,Mechanical Engineering,Mechanical Engineering,
1764,699124510,Computer Engineering,Computer Engineering,
1765,699124610,Information Technology,Information Technology,
1766,699126310,Artificial Intelligence (AI) and Data Science,Artificial Intelligence (AI) and Data Science,
1767,699156610,Computer Science,Computer Science,
1768,264124210,Computer Science and Engineering,Computer Science and Engineering,
1769,264129310,Electrical Engineering,Electrical Engineering,
1770,264199710,Artificial Intelligence,Artificial Intelligence,
1771,322461210,Mechanical Engineering,Mechanical Engineering,
1772,322491110,Computer Science and Engineering(Artificial Intelligence and Machine Learning),Computer Science and Engineering(Artificial Intelligence and Machine Learning),
1773,322492010,Computer Science and Engineering (Internet of Things and Cyber Security Including Block Chain,Computer Science and Engineering (Internet of Things and Cyber Security Including Block Chain,
1774,335319110,Civil Engineering,Civil Engineering,
1775,335329310,Electrical Engineering,Electrical Engineering,
1776,335392110,Artificial Intelligence and Machine Learning,Artificial Intelligence and Machine Learning,
1777,342361210,Mechanical Engineering,Mechanical Engineering,
1778,346224510,Computer Engineering,Computer Engineering,
1779,346284410,Electronics and Computer Engineering,Electronics and Computer Engineering,
1780,467919110,Civil Engineering,Civil Engineering,
1781,467924210,Computer Science and Engineering,Computer Science and Engineering,
1782,467929310,Electrical Engineering,Electrical Engineering,
1783,467993610,Fire Engineering,Fire Engineering,
1784,467999710,Artificial Intelligence,Artificial Intelligence,
1785,600626610,Robotics and Artificial Intelligence,Robotics and Artificial Intelligence,
1786,600646410,Instrumentation and Control Engineering,Instrumentation and Control Engineering,
1787,600724210,Computer Science and Engineering,Computer Science and Engineering,
1788,600724610,Information Technology,Information Technology,
1789,617591110,Computer Science and Engineering(Artificial Intelligence and Machine Learning),Computer Science and Engineering(Artificial Intelligence and Machine Learning),
1790,621929310,Electrical Engineering,Electrical Engineering,
1791,622289510,Textile Plant Engineering,Textile Plant Engineering,
1792,628991110,Computer Science and Engineering(Artificial Intelligence and Machine Learning),Computer Science and Engineering(Artificial Intelligence and Machine Learning),
1793,632261210,Mechanical Engineering,Mechanical Engineering,
1794,644419110,Civil Engineering,Civil Engineering,
1795,644424510,Computer Engineering,Computer Engineering,
1796,676819110,Civil Engineering,Civil Engineering,
1797,100224210,Computer Science and Engineering,Computer Science and Engineering,
1798,110526510,Industrial IoT,Industrial IoT,
1799,200824210,Computer Science and Engineering,Computer Science and Engineering,
1800,200824610,Information Technology,Information Technology,
1801,202024610,Information Technology,Information Technology,
1802,228261210,Mechanical Engineering,Mechanical Engineering,
1803,264161210,Mechanical Engineering,Mechanical Engineering,
1804,301224510,Computer Engineering,Computer Engineering,
1805,301224610,Information Technology,Information Technology,
1806,301237610,Electronics Engineering,Electronics Engineering,
1807,303361210,Mechanical Engineering,Mechanical Engineering,
1808,303651110,Dyestuff Technology,Dyestuff Technology,
1809,321537210,Electronics and Telecommunication Engg,Electronics and Telecommunication Engg,
1810,322424510,Computer Engineering,Computer Engineering,
1811,335324510,Computer Engineering,Computer Engineering,
1812,335324610,Information Technology,Information Technology,
1813,414119110,Civil Engineering,Civil Engineering,
1814,415161210,Mechanical Engineering,Mechanical Engineering,
1815,500424510,Computer Engineering,Computer Engineering,
1816,510999510,Artificial Intelligence and Data Science,Artificial Intelligence and Data Science,
1817,512124510,Computer Engineering,Computer Engineering,
1818,600629310,Electrical Engineering,Electrical Engineering,
1819,600637210,Electronics and Telecommunication Engg,Electronics and Telecommunication Engg,
1820,600719110,Civil Engineering,Civil Engineering,
1821,617524610,Information Technology,Information Technology,
1822,621462410,Mechatronics Engineering,Mechatronics Engineering,
1823,622226310,Artificial Intelligence (AI) and Data Science,Artificial Intelligence (AI) and Data Science,
1824,622289010,Textile Chemistry,Textile Chemistry,
1825,627391110,Computer Science and Engineering(Artificial Intelligence and Machine Learning),Computer Science and Engineering(Artificial Intelligence and Machine Learning),
1826,627391310,Computer Science and Engineering (Artificial Intelligence),Computer Science and Engineering (Artificial Intelligence),
1827,628991310,Computer Science and Engineering (Artificial Intelligence),Computer Science and Engineering (Artificial Intelligence),
1828,628992010,Computer Science and Engineering (Internet of Things and Cyber Security Including Block Chain,Computer Science and Engineering (Internet of Things and Cyber Security Including Block Chain,
1829,628992710,Computer Engineering (Software Engineering),Computer Engineering (Software Engineering),
1830,631761210,Mechanical Engineering,Mechanical Engineering,
1831,631799510,Artificial Intelligence and Data Science,Artificial Intelligence and Data Science,
1832,663537210,Electronics and Telecommunication Engg,Electronics and Telecommunication Engg,
1833,0100224210,Computer Science and Engineering,Computer Science and Engineering,
1834,0100224610,Information Technology,Information Technology,
1835,0100229310,Electrical Engineering,Electrical Engineering,
1836,0100237210,Electronics and Telecommunication Engg,Electronics and Telecommunication Engg,
1837,0100261210,Mechanical Engineering,Mechanical Engineering,
1838,0100550310,Food Technology,Food Technology,
1839,0100551710,Oil and Paints Technology,Oil and Paints Technology,
1840,0100552410,Paper and Pulp Technology,Paper and Pulp Technology,
1841,0100552710,Petro Chemical Engineering,Petro Chemical Engineering,
1842,0101219110,Civil Engineering,Civil Engineering,
1843,0101224510,Computer Engineering,Computer Engineering,
1844,0101229310,Electrical Engineering,Electrical Engineering,
1845,0101237210,Electronics and Telecommunication Engg,Electronics and Telecommunication Engg,
1846,0101261210,Mechanical Engineering,Mechanical Engineering,
1847,0110124210,Computer Science and Engineering,Computer Science and Engineering,
1848,0110124610,Information Technology,Information Technology,
1849,0110135610,Electrical Engg[Electronics and Power],Electrical Engg[Electronics and Power],
1850,0110137210,Electronics and Telecommunication Engg,Electronics and Telecommunication Engg,
1851,0110161210,Mechanical Engineering,Mechanical Engineering,
1852,0110524210,Computer Science and Engineering,Computer Science and Engineering,
1853,0110524610,Information Technology,Information Technology,
1854,0110526310,Artificial Intelligence (AI) and Data Science,Artificial Intelligence (AI) and Data Science,
1855,0110526710,Computer Science and Engineering (IoT),Computer Science and Engineering (IoT),
1856,0110537210,Electronics and Telecommunication Engg,Electronics and Telecommunication Engg,
1857,0110561210,Mechanical Engineering,Mechanical Engineering,
1858,0110724210,Computer Science and Engineering,Computer Science and Engineering,
1859,0110737210,Electronics and Telecommunication Engg,Electronics and Telecommunication Engg,
1860,0110761210,Mechanical Engineering,Mechanical Engineering,
1861,0110791110,Computer Science and Engineering(Artificial Intelligence and Machine Learning),Computer Science and Engineering(Artificial Intelligence and Machine Learning),
1862,0110799510,Artificial Intelligence and Data Science,Artificial Intelligence and Data Science,
1863,0111424210,Computer Science and Engineering,Computer Science and Engineering,
1864,0111424610,Information Technology,Information Technology,
1865,0111426310,Artificial Intelligence (AI) and Data Science,Artificial Intelligence (AI) and Data Science,
1866,0111437210,Electronics and Telecommunication Engg,Electronics and Telecommunication Engg,
1867,0111619110,Civil Engineering,Civil Engineering,
1868,0111624210,Computer Science and Engineering,Computer Science and Engineering,
1869,0111624610,Information Technology,Information Technology,
1870,0111650710,Chemical Engineering,Chemical Engineering,
1871,0111661210,Mechanical Engineering,Mechanical Engineering,
1872,0111719110,Civil Engineering,Civil Engineering,
1873,0111724210,Computer Science and Engineering,Computer Science and Engineering,
1874,0111735610,Electrical Engg[Electronics and Power],Electrical Engg[Electronics and Power],
1875,0111761210,Mechanical Engineering,Mechanical Engineering,
1876,0111799510,Artificial Intelligence and Data Science,Artificial Intelligence and Data Science,
1877,0111924210,Computer Science and Engineering,Computer Science and Engineering,
1878,0111924610,Information Technology,Information Technology,
1879,0111937210,Electronics and Telecommunication Engg,Electronics and Telecommunication Engg,
1880,0111950710,Chemical Engineering,Chemical Engineering,
1881,0111961210,Mechanical Engineering,Mechanical Engineering,
1882,0112019110,Civil Engineering,Civil Engineering,
1883,0112024210,Computer Science and Engineering,Computer Science and Engineering,
1884,0112029310,Electrical Engineering,Electrical Engineering,
1885,0112037210,Electronics and Telecommunication Engg,Electronics and Telecommunication Engg,
1886,0112050710,Chemical Engineering,Chemical Engineering,
1887,0112061210,Mechanical Engineering,Mechanical Engineering,
1888,0112089310,Textile Engineering / Technology,Textile Engineering / Technology,
1889,0112124210,Computer Science and Engineering,Computer Science and Engineering,
1890,0112124610,Information Technology,Information Technology,
1891,0112137210,Electronics and Telecommunication Engg,Electronics and Telecommunication Engg,
1892,0112161210,Mechanical Engineering,Mechanical Engineering,
1893,0112319110,Civil Engineering,Civil Engineering,
1894,0112324210,Computer Science and Engineering,Computer Science and Engineering,
1895,0112337210,Electronics and Telecommunication Engg,Electronics and Telecommunication Engg,
1896,0112361210,Mechanical Engineering,Mechanical Engineering,
1897,0112519110,Civil Engineering,Civil Engineering,
1898,0112524210,Computer Science and Engineering,Computer Science and Engineering,
1899,0112526310,Artificial Intelligence (AI) and Data Science,Artificial Intelligence (AI) and Data Science,
1900,0112529310,Electrical Engineering,Electrical Engineering,
1901,0112561210,Mechanical Engineering,Mechanical Engineering,
1902,0112619110,Civil Engineering,Civil Engineering,
1903,0112624210,Computer Science and Engineering,Computer Science and Engineering,
1904,0112629310,Electrical Engineering,Electrical Engineering,
1905,0112637210,Electronics and Telecommunication Engg,Electronics and Telecommunication Engg,
1906,0112661210,Mechanical Engineering,Mechanical Engineering,
1907,0112719110,Civil Engineering,Civil Engineering,
1908,0112724510,Computer Engineering,Computer Engineering,
1909,0112729310,Electrical Engineering,Electrical Engineering,
1910,0112737210,Electronics and Telecommunication Engg,Electronics and Telecommunication Engg,
1911,0112761210,Mechanical Engineering,Mechanical Engineering,
1912,0112819110,Civil Engineering,Civil Engineering,
1913,0112824210,Computer Science and Engineering,Computer Science and Engineering,
1914,0112824610,Information Technology,Information Technology,
1915,0112829310,Electrical Engineering,Electrical Engineering,
1916,0112837210,Electronics and Telecommunication Engg,Electronics and Telecommunication Engg,
1917,0112891210,Computer Science and Engineering(Data Science),Computer Science and Engineering(Data Science),
1918,0113019110,Civil Engineering,Civil Engineering,
1919,0113024210,Computer Science and Engineering,Computer Science and Engineering,
1920,0113035610,Electrical Engg[Electronics and Power],Electrical Engg[Electronics and Power],
1921,0113037210,Electronics and Telecommunication Engg,Electronics and Telecommunication Engg,
1922,0113061210,Mechanical Engineering,Mechanical Engineering,
1923,0118019110,Civil Engineering,Civil Engineering,
1924,0118024210,Computer Science and Engineering,Computer Science and Engineering,
1925,0118026310,Artificial Intelligence (AI) and Data Science,Artificial Intelligence (AI) and Data Science,
1926,0118029310,Electrical Engineering,Electrical Engineering,
1927,0118061210,Mechanical Engineering,Mechanical Engineering,
1928,0118219110,Civil Engineering,Civil Engineering,
1929,0118224210,Computer Science and Engineering,Computer Science and Engineering,
1930,0118229310,Electrical Engineering,Electrical Engineering,
1931,0118261210,Mechanical Engineering,Mechanical Engineering,
1932,0126519110,Civil Engineering,Civil Engineering,
1933,0126524210,Computer Science and Engineering,Computer Science and Engineering,
1934,0126524610,Information Technology,Information Technology,
1935,0126535610,Electrical Engg[Electronics and Power],Electrical Engg[Electronics and Power],
1936,0126537210,Electronics and Telecommunication Engg,Electronics and Telecommunication Engg,
1937,0126561210,Mechanical Engineering,Mechanical Engineering,
1938,0126819110,Civil Engineering,Civil Engineering,
1939,0126824210,Computer Science and Engineering,Computer Science and Engineering,
1940,0126835610,Electrical Engg[Electronics and Power],Electrical Engg[Electronics and Power],
1941,0126837210,Electronics and Telecommunication Engg,Electronics and Telecommunication Engg,
1942,0126861210,Mechanical Engineering,Mechanical Engineering,
1943,0126899510,Artificial Intelligence and Data Science,Artificial Intelligence and Data Science,
1944,0127619110,Civil Engineering,Civil Engineering,
1945,0127624510,Computer Engineering,Computer Engineering,
1946,0127629310,Electrical Engineering,Electrical Engineering,
1947,0127661210,Mechanical Engineering,Mechanical Engineering,
1948,0200824610,Information Technology,Information Technology,
1949,0200829310,Electrical Engineering,Electrical Engineering,
1950,0200837210,Electronics and Telecommunication Engg,Electronics and Telecommunication Engg,
1951,0200861210,Mechanical Engineering,Mechanical Engineering,
1952,0202019110,Civil Engineering,Civil Engineering,
1953,0202024210,Computer Science and Engineering,Computer Science and Engineering,
1954,0202029310,Electrical Engineering,Electrical Engineering,
1955,0202037210,Electronics and Telecommunication Engg,Electronics and Telecommunication Engg,
1956,0202046610,Instrumentation Engineering,Instrumentation Engineering,
1957,0202089610,Textile Technology,Textile Technology,
1958,0202150310,Food Technology,Food Technology,
1959,0202181610,Pharmaceutical and Fine Chemical Technology,Pharmaceutical and Fine Chemical Technology,
1960,0211119110,Civil Engineering,Civil Engineering,
1961,0211124210,Computer Science and Engineering,Computer Science and Engineering,
1962,0211129310,Electrical Engineering,Electrical Engineering,
1963,0211161210,Mechanical Engineering,Mechanical Engineering,
1964,0211192110,Artificial Intelligence and Machine Learning,Artificial Intelligence and Machine Learning,
1965,0211199510,Artificial Intelligence and Data Science,Artificial Intelligence and Data Science,
1966,0211219110,Civil Engineering,Civil Engineering,
1967,0211224210,Computer Science and Engineering,Computer Science and Engineering,
1968,0211229310,Electrical Engineering,Electrical Engineering,
1969,0211261210,Mechanical Engineering,Mechanical Engineering,
1970,0211284410,Electronics and Computer Engineering,Electronics and Computer Engineering,
1971,0211291110,Computer Science and Engineering(Artificial Intelligence and Machine Learning),Computer Science and Engineering(Artificial Intelligence and Machine Learning),
1972,0211291210,Computer Science and Engineering(Data Science),Computer Science and Engineering(Data Science),
1973,0211292910,VLSI,VLSI,
1974,0211293210,5G,5G,
1975,0211301110,Agricultural Engineering,Agricultural Engineering,
1976,0211324210,Computer Science and Engineering,Computer Science and Engineering,
1977,0211325710,Computer Science and Design,Computer Science and Design,
1978,0211326310,Artificial Intelligence (AI) and Data Science,Artificial Intelligence (AI) and Data Science,
1979,0211329310,Electrical Engineering,Electrical Engineering,
1980,0211337210,Electronics and Telecommunication Engg,Electronics and Telecommunication Engg,
1981,0211350110,Plastic and Polymer Engineering,Plastic and Polymer Engineering,
1982,0211384410,Electronics and Computer Engineering,Electronics and Computer Engineering,
1983,0211419110,Civil Engineering,Civil Engineering,
1984,0211424210,Computer Science and Engineering,Computer Science and Engineering,
1985,0211437210,Electronics and Telecommunication Engg,Electronics and Telecommunication Engg,
1986,0211461210,Mechanical Engineering,Mechanical Engineering,
1987,0211491110,Computer Science and Engineering(Artificial Intelligence and Machine Learning),Computer Science and Engineering(Artificial Intelligence and Machine Learning),
1988,0211619110,Civil Engineering,Civil Engineering,
1989,0211624210,Computer Science and Engineering,Computer Science and Engineering,
1990,0211626310,Artificial Intelligence (AI) and Data Science,Artificial Intelligence (AI) and Data Science,
1991,0211629310,Electrical Engineering,Electrical Engineering,
1992,0211637210,Electronics and Telecommunication Engg,Electronics and Telecommunication Engg,
1993,0211661510,Mechanical & Automation Engineering,Mechanical & Automation Engineering,
1994,0211691110,Computer Science and Engineering(Artificial Intelligence and Machine Learning),Computer Science and Engineering(Artificial Intelligence and Machine Learning),
1995,0212719110,Civil Engineering,Civil Engineering,
1996,0212724210,Computer Science and Engineering,Computer Science and Engineering,
1997,0212724610,Information Technology,Information Technology,
1998,0212737210,Electronics and Telecommunication Engg,Electronics and Telecommunication Engg,
1999,0212761210,Mechanical Engineering,Mechanical Engineering,
2000,0212791610,Automation and Robotics,Automation and Robotics,
2001,0212792110,Artificial Intelligence and Machine Learning,Artificial Intelligence and Machine Learning,
2002,0212919110,Civil Engineering,Civil Engineering,
2003,0212924210,Computer Science and Engineering,Computer Science and Engineering,
2004,0212924610,Information Technology,Information Technology,
2005,0212929310,Electrical Engineering,Electrical Engineering,
2006,0212937210,Electronics and Telecommunication Engg,Electronics and Telecommunication Engg,
2007,0212946310,Architectural Assistantship,Architectural Assistantship,
2008,0212961210,Mechanical Engineering,Mechanical Engineering,
2009,0212991110,Computer Science and Engineering(Artificial Intelligence and Machine Learning),Computer Science and Engineering(Artificial Intelligence and Machine Learning),
2010,0213019110,Civil Engineering,Civil Engineering,
2011,0213024210,Computer Science and Engineering,Computer Science and Engineering,
2012,0213037210,Electronics and Telecommunication Engg,Electronics and Telecommunication Engg,
2013,0213061210,Mechanical Engineering,Mechanical Engineering,
2014,0213099510,Artificial Intelligence and Data Science,Artificial Intelligence and Data Science,
2015,0213119110,Civil Engineering,Civil Engineering,
2016,0213124210,Computer Science and Engineering,Computer Science and Engineering,
2017,0213137210,Electronics and Telecommunication Engg,Electronics and Telecommunication Engg,
2018,0213161210,Mechanical Engineering,Mechanical Engineering,
2019,0213319110,Civil Engineering,Civil Engineering,
2020,0213324210,Computer Science and Engineering,Computer Science and Engineering,
2021,0213329310,Electrical Engineering,Electrical Engineering,
2022,0213361210,Mechanical Engineering,Mechanical Engineering,
2023,0213384410,Electronics and Computer Engineering,Electronics and Computer Engineering,
2024,0213419110,Civil Engineering,Civil Engineering,
2025,0213424210,Computer Science and Engineering,Computer Science and Engineering,
2026,0213429310,Electrical Engineering,Electrical Engineering,
2027,0213437810,Electronics Engineering ( VLSI Design and Technology),Electronics Engineering ( VLSI Design and Technology),
2028,0213461510,Mechanical & Automation Engineering,Mechanical & Automation Engineering,
2029,0213484410,Electronics and Computer Engineering,Electronics and Computer Engineering,
2030,0213491210,Computer Science and Engineering(Data Science),Computer Science and Engineering(Data Science),
2031,0213519110,Civil Engineering,Civil Engineering,
2032,0213524210,Computer Science and Engineering,Computer Science and Engineering,
2033,0213561210,Mechanical Engineering,Mechanical Engineering,
2034,0213591110,Computer Science and Engineering(Artificial Intelligence and Machine Learning),Computer Science and Engineering(Artificial Intelligence and Machine Learning),
2035,0213619110,Civil Engineering,Civil Engineering,
2036,0213624210,Computer Science and Engineering,Computer Science and Engineering,
2037,0213624610,Information Technology,Information Technology,
2038,0213629310,Electrical Engineering,Electrical Engineering,
2039,0213637210,Electronics and Telecommunication Engg,Electronics and Telecommunication Engg,
2040,0213661210,Mechanical Engineering,Mechanical Engineering,
2041,0213691210,Computer Science and Engineering(Data Science),Computer Science and Engineering(Data Science),
2042,0213692110,Artificial Intelligence and Machine Learning,Artificial Intelligence and Machine Learning,
2043,0213719110,Civil Engineering,Civil Engineering,
2044,0213724210,Computer Science and Engineering,Computer Science and Engineering,
2045,0213729710,Electrical and Electronics Engineering,Electrical and Electronics Engineering,
2046,0213761210,Mechanical Engineering,Mechanical Engineering,
2047,0213819110,Civil Engineering,Civil Engineering,
2048,0213824210,Computer Science and Engineering,Computer Science and Engineering,
2049,0213829310,Electrical Engineering,Electrical Engineering,
2050,0213861210,Mechanical Engineering,Mechanical Engineering,
2051,0214624210,Computer Science and Engineering,Computer Science and Engineering,
2052,0214629710,Electrical and Electronics Engineering,Electrical and Electronics Engineering,
2053,0214637210,Electronics and Telecommunication Engg,Electronics and Telecommunication Engg,
2054,0225019110,Civil Engineering,Civil Engineering,
2055,0225024210,Computer Science and Engineering,Computer Science and Engineering,
2056,0225029310,Electrical Engineering,Electrical Engineering,
2057,0225037210,Electronics and Telecommunication Engg,Electronics and Telecommunication Engg,
2058,0225061210,Mechanical Engineering,Mechanical Engineering,
2059,0225219110,Civil Engineering,Civil Engineering,
2060,0225224210,Computer Science and Engineering,Computer Science and Engineering,
2061,0225229710,Electrical and Electronics Engineering,Electrical and Electronics Engineering,
2062,0225261210,Mechanical Engineering,Mechanical Engineering,
2063,0225419110,Civil Engineering,Civil Engineering,
2064,0225424510,Computer Engineering,Computer Engineering,
2065,0225424610,Information Technology,Information Technology,
2066,0225429310,Electrical Engineering,Electrical Engineering,
2067,0225437210,Electronics and Telecommunication Engg,Electronics and Telecommunication Engg,
2068,0225461210,Mechanical Engineering,Mechanical Engineering,
2069,0228219110,Civil Engineering,Civil Engineering,
2070,0228224510,Computer Engineering,Computer Engineering,
2071,0228224610,Information Technology,Information Technology,
2072,0228229310,Electrical Engineering,Electrical Engineering,
2073,0228290010,Electronics and Computer Science,Electronics and Computer Science,
2074,0250819110,Civil Engineering,Civil Engineering,
2075,0250824510,Computer Engineering,Computer Engineering,
2076,0250829310,Electrical Engineering,Electrical Engineering,
2077,0250837210,Electronics and Telecommunication Engg,Electronics and Telecommunication Engg,
2078,0250850310,Food Technology,Food Technology,
2079,0250861210,Mechanical Engineering,Mechanical Engineering,
2080,0250891410,Safety and Fire Engineering,Safety and Fire Engineering,
2081,0251619110,Civil Engineering,Civil Engineering,
2082,0251624210,Computer Science and Engineering,Computer Science and Engineering,
2083,0251629710,Electrical and Electronics Engineering,Electrical and Electronics Engineering,
2084,0251661210,Mechanical Engineering,Mechanical Engineering,
2085,0251692110,Artificial Intelligence and Machine Learning,Artificial Intelligence and Machine Learning,
2086,0252219110,Civil Engineering,Civil Engineering,
2087,0252224510,Computer Engineering,Computer Engineering,
2088,0252237210,Electronics and Telecommunication Engg,Electronics and Telecommunication Engg,
2089,0252261210,Mechanical Engineering,Mechanical Engineering,
2090,0252299510,Artificial Intelligence and Data Science,Artificial Intelligence and Data Science,
2091,0253319110,Civil Engineering,Civil Engineering,
2092,0253324210,Computer Science and Engineering,Computer Science and Engineering,
2093,0253329310,Electrical Engineering,Electrical Engineering,
2094,0253337810,Electronics Engineering ( VLSI Design and Technology),Electronics Engineering ( VLSI Design and Technology),
2095,0253361210,Mechanical Engineering,Mechanical Engineering,
2096,0253384410,Electronics and Computer Engineering,Electronics and Computer Engineering,
2097,0253392810,Electronics and Communication(Advanced Communication Technology),Electronics and Communication(Advanced Communication Technology),
2098,0253399510,Artificial Intelligence and Data Science,Artificial Intelligence and Data Science,
2099,0263719110,Civil Engineering,Civil Engineering,
2100,0263724510,Computer Engineering,Computer Engineering,
2101,0263724610,Information Technology,Information Technology,
2102,0263737210,Electronics and Telecommunication Engg,Electronics and Telecommunication Engg,
2103,0263799710,Artificial Intelligence,Artificial Intelligence,
2104,0264119110,Civil Engineering,Civil Engineering,
2105,0264124210,Computer Science and Engineering,Computer Science and Engineering,
2106,0264129310,Electrical Engineering,Electrical Engineering,
2107,0264161210,Mechanical Engineering,Mechanical Engineering,
2108,0264199710,Artificial Intelligence,Artificial Intelligence,
2109,0266624210,Computer Science and Engineering,Computer Science and Engineering,
2110,0266624610,Information Technology,Information Technology,
2111,0266656610,Computer Science,Computer Science,
2112,0266692110,Artificial Intelligence and Machine Learning,Artificial Intelligence and Machine Learning,
2113,0301237610,Electronics Engineering,Electronics Engineering,
2114,0301419110,Civil Engineering,Civil Engineering,
2115,0301429310,Electrical Engineering,Electrical Engineering,
2116,0301461210,Mechanical Engineering,Mechanical Engineering,
2117,0303337210,Electronics and Telecommunication Engg,Electronics and Telecommunication Engg,
2118,0303337810,Electronics Engineering ( VLSI Design and Technology),Electronics Engineering ( VLSI Design and Technology),
2119,0303352710,Petro Chemical Engineering,Petro Chemical Engineering,
2120,0303650710,Chemical Engineering,Chemical Engineering,
2121,0303651110,Dyestuff Technology,Dyestuff Technology,
2122,0303651210,"Oil,Oleochemicals and Surfactants Technology","Oil,Oleochemicals and Surfactants Technology",
2123,0303651310,Pharmaceuticals Chemistry and Technology,Pharmaceuticals Chemistry and Technology,
2124,0303651410,Fibres and Textile Processing Technology,Fibres and Textile Processing Technology,
2125,0303653410,Food Engineering and Technology,Food Engineering and Technology,
2126,0303672910,Surface Coating Technology,Surface Coating Technology,
2127,0304229310,Electrical Engineering,Electrical Engineering,
2128,0304250410,Food Technology And Management,Food Technology And Management,
2129,0304262410,Mechatronics Engineering,Mechatronics Engineering,
2130,0304291810,Civil and infrastructure Engineering,Civil and infrastructure Engineering,
2131,0304299510,Artificial Intelligence and Data Science,Artificial Intelligence and Data Science,
2132,0313524510,Computer Engineering,Computer Engineering,
2133,0313524610,Information Technology,Information Technology,
2134,0313537210,Electronics and Telecommunication Engg,Electronics and Telecommunication Engg,
2135,0313561210,Mechanical Engineering,Mechanical Engineering,
2136,0313599510,Artificial Intelligence and Data Science,Artificial Intelligence and Data Science,
2137,0313924510,Computer Engineering,Computer Engineering,
2138,0313924610,Information Technology,Information Technology,
2139,0313937210,Electronics and Telecommunication Engg,Electronics and Telecommunication Engg,
2140,0313946110,Bio Medical Engineering,Bio Medical Engineering,
2141,0313990010,Electronics and Computer Science,Electronics and Computer Science,
2142,0314324510,Computer Engineering,Computer Engineering,
2143,0314324610,Information Technology,Information Technology,
2144,0314361210,Mechanical Engineering,Mechanical Engineering,
2145,0314384410,Electronics and Computer Engineering,Electronics and Computer Engineering,
2146,0314391110,Computer Science and Engineering(Artificial Intelligence and Machine Learning),Computer Science and Engineering(Artificial Intelligence and Machine Learning),
2147,0314624510,Computer Engineering,Computer Engineering,
2148,0314624610,Information Technology,Information Technology,
2149,0314629310,Electrical Engineering,Electrical Engineering,
2150,0314637210,Electronics and Telecommunication Engg,Electronics and Telecommunication Engg,
2151,0314661210,Mechanical Engineering,Mechanical Engineering,
2152,0314692010,Computer Science and Engineering (Internet of Things and Cyber Security Including Block Chain,Computer Science and Engineering (Internet of Things and Cyber Security Including Block Chain,
2153,0314699510,Artificial Intelligence and Data Science,Artificial Intelligence and Data Science,
2154,0314719110,Civil Engineering,Civil Engineering,
2155,0314724510,Computer Engineering,Computer Engineering,
2156,0314724610,Information Technology,Information Technology,
2157,0314729310,Electrical Engineering,Electrical Engineering,
2158,0314761210,Mechanical Engineering,Mechanical Engineering,
2159,0314791710,Data Science,Data Science,
2160,0314792110,Artificial Intelligence and Machine Learning,Artificial Intelligence and Machine Learning,
2161,0314824510,Computer Engineering,Computer Engineering,
2162,0314824610,Information Technology,Information Technology,
2163,0314825210,Cyber Security,Cyber Security,
2164,0314837210,Electronics and Telecommunication Engg,Electronics and Telecommunication Engg,
2165,0314837810,Electronics Engineering ( VLSI Design and Technology),Electronics Engineering ( VLSI Design and Technology),
2166,0314890010,Electronics and Computer Science,Electronics and Computer Science,
2167,0314893310,Electronics and Communication (Advanced Communication Technology),Electronics and Communication (Advanced Communication Technology),
2168,0314899510,Artificial Intelligence and Data Science,Artificial Intelligence and Data Science,
2169,0315419110,Civil Engineering,Civil Engineering,
2170,0315424510,Computer Engineering,Computer Engineering,
2171,0315424610,Information Technology,Information Technology,
2172,0315460210,Automobile Engineering,Automobile Engineering,
2173,0315461210,Mechanical Engineering,Mechanical Engineering,
2174,0315491110,Computer Science and Engineering(Artificial Intelligence and Machine Learning),Computer Science and Engineering(Artificial Intelligence and Machine Learning),
2175,0315491210,Computer Science and Engineering(Data Science),Computer Science and Engineering(Data Science),
2176,0317519110,Civil Engineering,Civil Engineering,
2177,0317524510,Computer Engineering,Computer Engineering,
2178,0317524610,Information Technology,Information Technology,
2179,0317529310,Electrical Engineering,Electrical Engineering,
2180,0317537210,Electronics and Telecommunication Engg,Electronics and Telecommunication Engg,
2181,0317546110,Bio Medical Engineering,Bio Medical Engineering,
2182,0317550710,Chemical Engineering,Chemical Engineering,
2183,0317561210,Mechanical Engineering,Mechanical Engineering,
2184,0317591110,Computer Science and Engineering(Artificial Intelligence and Machine Learning),Computer Science and Engineering(Artificial Intelligence and Machine Learning),
2185,0317591210,Computer Science and Engineering(Data Science),Computer Science and Engineering(Data Science),
2186,0317591610,Automation and Robotics,Automation and Robotics,
2187,0317619110,Civil Engineering,Civil Engineering,
2188,0317624510,Computer Engineering,Computer Engineering,
2189,0317624610,Information Technology,Information Technology,
2190,0317625310,Internet of Things (IoT),Internet of Things (IoT),
2191,0317625910,Mechanical and Mechatronics Engineering (Additive Manufacturing),Mechanical and Mechatronics Engineering (Additive Manufacturing),
2192,0317637210,Electronics and Telecommunication Engg,Electronics and Telecommunication Engg,
2193,0317661210,Mechanical Engineering,Mechanical Engineering,
2194,0317690010,Electronics and Computer Science,Electronics and Computer Science,
2195,0317691010,Computer Science and Engineering(Cyber Security),Computer Science and Engineering(Cyber Security),
2196,0317692110,Artificial Intelligence and Machine Learning,Artificial Intelligence and Machine Learning,
2197,0317699510,Artificial Intelligence and Data Science,Artificial Intelligence and Data Science,
2198,0318224510,Computer Engineering,Computer Engineering,
2199,0318224610,Information Technology,Information Technology,
2200,0318237210,Electronics and Telecommunication Engg,Electronics and Telecommunication Engg,
2201,0318250710,Chemical Engineering,Chemical Engineering,
2202,0318299510,Artificial Intelligence and Data Science,Artificial Intelligence and Data Science,
2203,0318319110,Civil Engineering,Civil Engineering,
2204,0318324510,Computer Engineering,Computer Engineering,
2205,0318324610,Information Technology,Information Technology,
2206,0318337210,Electronics and Telecommunication Engg,Electronics and Telecommunication Engg,
2207,0318361210,Mechanical Engineering,Mechanical Engineering,
2208,0318361610,Mechanical Engineering Automobile,Mechanical Engineering Automobile,
2209,0318391110,Computer Science and Engineering(Artificial Intelligence and Machine Learning),Computer Science and Engineering(Artificial Intelligence and Machine Learning),
2210,0318392010,Computer Science and Engineering (Internet of Things and Cyber Security Including Block Chain,Computer Science and Engineering (Internet of Things and Cyber Security Including Block Chain,
2211,0318424210,Computer Science and Engineering,Computer Science and Engineering,
2212,0318424510,Computer Engineering,Computer Engineering,
2213,0318461210,Mechanical Engineering,Mechanical Engineering,
2214,0318490010,Electronics and Computer Science,Electronics and Computer Science,
2215,0318524510,Computer Engineering,Computer Engineering,
2216,0318524610,Information Technology,Information Technology,
2217,0318537210,Electronics and Telecommunication Engg,Electronics and Telecommunication Engg,
2218,0318590010,Electronics and Computer Science,Electronics and Computer Science,
2219,0318591610,Automation and Robotics,Automation and Robotics,
2220,0318599510,Artificial Intelligence and Data Science,Artificial Intelligence and Data Science,
2221,0318719110,Civil Engineering,Civil Engineering,
2222,0318724510,Computer Engineering,Computer Engineering,
2223,0318724610,Information Technology,Information Technology,
2224,0318737210,Electronics and Telecommunication Engg,Electronics and Telecommunication Engg,
2225,0318750710,Chemical Engineering,Chemical Engineering,
2226,0318761210,Mechanical Engineering,Mechanical Engineering,
2227,0318791810,Civil and infrastructure Engineering,Civil and infrastructure Engineering,
2228,0318799510,Artificial Intelligence and Data Science,Artificial Intelligence and Data Science,
2229,0318824510,Computer Engineering,Computer Engineering,
2230,0318824610,Information Technology,Information Technology,
2231,0318862410,Mechatronics Engineering,Mechatronics Engineering,
2232,0318890010,Electronics and Computer Science,Electronics and Computer Science,
2233,0318891110,Computer Science and Engineering(Artificial Intelligence and Machine Learning),Computer Science and Engineering(Artificial Intelligence and Machine Learning),
2234,0318924510,Computer Engineering,Computer Engineering,
2235,0318924610,Information Technology,Information Technology,
2236,0318937210,Electronics and Telecommunication Engg,Electronics and Telecommunication Engg,
2237,0318946610,Instrumentation Engineering,Instrumentation Engineering,
2238,0318950710,Chemical Engineering,Chemical Engineering,
2239,0318961210,Mechanical Engineering,Mechanical Engineering,
2240,0319019110,Civil Engineering,Civil Engineering,
2241,0319024510,Computer Engineering,Computer Engineering,
2242,0319024610,Information Technology,Information Technology,
2243,0319026310,Artificial Intelligence (AI) and Data Science,Artificial Intelligence (AI) and Data Science,
2244,0319037210,Electronics and Telecommunication Engg,Electronics and Telecommunication Engg,
2245,0319037610,Electronics Engineering,Electronics Engineering,
2246,0319061210,Mechanical Engineering,Mechanical Engineering,
2247,0319062410,Mechatronics Engineering,Mechatronics Engineering,
2248,0319224510,Computer Engineering,Computer Engineering,
2249,0319229310,Electrical Engineering,Electrical Engineering,
2250,0319261210,Mechanical Engineering,Mechanical Engineering,
2251,0319291110,Computer Science and Engineering(Artificial Intelligence and Machine Learning),Computer Science and Engineering(Artificial Intelligence and Machine Learning),
2252,0319292010,Computer Science and Engineering (Internet of Things and Cyber Security Including Block Chain,Computer Science and Engineering (Internet of Things and Cyber Security Including Block Chain,
2253,0319299510,Artificial Intelligence and Data Science,Artificial Intelligence and Data Science,
2254,0319324510,Computer Engineering,Computer Engineering,
2255,0319324610,Information Technology,Information Technology,
2256,0319337210,Electronics and Telecommunication Engg,Electronics and Telecommunication Engg,
2257,0319350710,Chemical Engineering,Chemical Engineering,
2258,0319361210,Mechanical Engineering,Mechanical Engineering,
2259,0319392110,Artificial Intelligence and Machine Learning,Artificial Intelligence and Machine Learning,
2260,0319419110,Civil Engineering,Civil Engineering,
2261,0319424510,Computer Engineering,Computer Engineering,
2262,0319424610,Information Technology,Information Technology,
2263,0319437210,Electronics and Telecommunication Engg,Electronics and Telecommunication Engg,
2264,0319437810,Electronics Engineering ( VLSI Design and Technology),Electronics Engineering ( VLSI Design and Technology),
2265,0319461210,Mechanical Engineering,Mechanical Engineering,
2266,0319491210,Computer Science and Engineering(Data Science),Computer Science and Engineering(Data Science),
2267,0319499510,Artificial Intelligence and Data Science,Artificial Intelligence and Data Science,
2268,0319624510,Computer Engineering,Computer Engineering,
2269,0319629310,Electrical Engineering,Electrical Engineering,
2270,0319637210,Electronics and Telecommunication Engg,Electronics and Telecommunication Engg,
2271,0319661210,Mechanical Engineering,Mechanical Engineering,
2272,0319691110,Computer Science and Engineering(Artificial Intelligence and Machine Learning),Computer Science and Engineering(Artificial Intelligence and Machine Learning),
2273,0319691210,Computer Science and Engineering(Data Science),Computer Science and Engineering(Data Science),
2274,0319692010,Computer Science and Engineering (Internet of Things and Cyber Security Including Block Chain,Computer Science and Engineering (Internet of Things and Cyber Security Including Block Chain,
2275,0319724510,Computer Engineering,Computer Engineering,
2276,0319724610,Information Technology,Information Technology,
2277,0319729310,Electrical Engineering,Electrical Engineering,
2278,0319737210,Electronics and Telecommunication Engg,Electronics and Telecommunication Engg,
2279,0319761210,Mechanical Engineering,Mechanical Engineering,
2280,0319824210,Computer Science and Engineering,Computer Science and Engineering,
2281,0319824510,Computer Engineering,Computer Engineering,
2282,0319824610,Information Technology,Information Technology,
2283,0319861210,Mechanical Engineering,Mechanical Engineering,
2284,0319899510,Artificial Intelligence and Data Science,Artificial Intelligence and Data Science,
2285,0319924510,Computer Engineering,Computer Engineering,
2286,0319924610,Information Technology,Information Technology,
2287,0319926310,Artificial Intelligence (AI) and Data Science,Artificial Intelligence (AI) and Data Science,
2288,0319937210,Electronics and Telecommunication Engg,Electronics and Telecommunication Engg,
2289,0319961210,Mechanical Engineering,Mechanical Engineering,
2290,0319991210,Computer Science and Engineering(Data Science),Computer Science and Engineering(Data Science),
2291,0319992010,Computer Science and Engineering (Internet of Things and Cyber Security Including Block Chain,Computer Science and Engineering (Internet of Things and Cyber Security Including Block Chain,
2292,0319992110,Artificial Intelligence and Machine Learning,Artificial Intelligence and Machine Learning,
2293,0320024610,Information Technology,Information Technology,
2294,0320029310,Electrical Engineering,Electrical Engineering,
2295,0320037210,Electronics and Telecommunication Engg,Electronics and Telecommunication Engg,
2296,0320050710,Chemical Engineering,Chemical Engineering,
2297,0320061210,Mechanical Engineering,Mechanical Engineering,
2298,0320091010,Computer Science and Engineering(Cyber Security),Computer Science and Engineering(Cyber Security),
2299,0320091110,Computer Science and Engineering(Artificial Intelligence and Machine Learning),Computer Science and Engineering(Artificial Intelligence and Machine Learning),
2300,0320119110,Civil Engineering,Civil Engineering,
2301,0320124510,Computer Engineering,Computer Engineering,
2302,0320161210,Mechanical Engineering,Mechanical Engineering,
2303,0320190010,Electronics and Computer Science,Electronics and Computer Science,
2304,0320199510,Artificial Intelligence and Data Science,Artificial Intelligence and Data Science,
2305,0320224510,Computer Engineering,Computer Engineering,
2306,0320260210,Automobile Engineering,Automobile Engineering,
2307,0320261210,Mechanical Engineering,Mechanical Engineering,
2308,0320290010,Electronics and Computer Science,Electronics and Computer Science,
2309,0320324510,Computer Engineering,Computer Engineering,
2310,0320324610,Information Technology,Information Technology,
2311,0320329310,Electrical Engineering,Electrical Engineering,
2312,0320337210,Electronics and Telecommunication Engg,Electronics and Telecommunication Engg,
2313,0320390010,Electronics and Computer Science,Electronics and Computer Science,
2314,0320424510,Computer Engineering,Computer Engineering,
2315,0320424610,Information Technology,Information Technology,
2316,0320429310,Electrical Engineering,Electrical Engineering,
2317,0320437210,Electronics and Telecommunication Engg,Electronics and Telecommunication Engg,
2318,0320461210,Mechanical Engineering,Mechanical Engineering,
2319,0320490010,Electronics and Computer Science,Electronics and Computer Science,
2320,0320492110,Artificial Intelligence and Machine Learning,Artificial Intelligence and Machine Learning,
2321,0320624510,Computer Engineering,Computer Engineering,
2322,0320629310,Electrical Engineering,Electrical Engineering,
2323,0320656610,Computer Science,Computer Science,
2324,0320661210,Mechanical Engineering,Mechanical Engineering,
2325,0320662410,Mechatronics Engineering,Mechatronics Engineering,
2326,0320690010,Electronics and Computer Science,Electronics and Computer Science,
2327,0320691110,Computer Science and Engineering(Artificial Intelligence and Machine Learning),Computer Science and Engineering(Artificial Intelligence and Machine Learning),
2328,0320724510,Computer Engineering,Computer Engineering,
2329,0320724610,Information Technology,Information Technology,
2330,0320737210,Electronics and Telecommunication Engg,Electronics and Telecommunication Engg,
2331,0320760210,Automobile Engineering,Automobile Engineering,
2332,0320761210,Mechanical Engineering,Mechanical Engineering,
2333,0320790010,Electronics and Computer Science,Electronics and Computer Science,
2334,0320824510,Computer Engineering,Computer Engineering,
2335,0320824610,Information Technology,Information Technology,
2336,0320837210,Electronics and Telecommunication Engg,Electronics and Telecommunication Engg,
2337,0320861210,Mechanical Engineering,Mechanical Engineering,
2338,0320924510,Computer Engineering,Computer Engineering,
2339,0320924610,Information Technology,Information Technology,
2340,0320937210,Electronics and Telecommunication Engg,Electronics and Telecommunication Engg,
2341,0320999510,Artificial Intelligence and Data Science,Artificial Intelligence and Data Science,
2342,0321024510,Computer Engineering,Computer Engineering,
2343,0321024610,Information Technology,Information Technology,
2344,0321037210,Electronics and Telecommunication Engg,Electronics and Telecommunication Engg,
2345,0321124510,Computer Engineering,Computer Engineering,
2346,0321124610,Information Technology,Information Technology,
2347,0321137210,Electronics and Telecommunication Engg,Electronics and Telecommunication Engg,
2348,0321190010,Electronics and Computer Science,Electronics and Computer Science,
2349,0321192010,Computer Science and Engineering (Internet of Things and Cyber Security Including Block Chain,Computer Science and Engineering (Internet of Things and Cyber Security Including Block Chain,
2350,0321192110,Artificial Intelligence and Machine Learning,Artificial Intelligence and Machine Learning,
2351,0321199510,Artificial Intelligence and Data Science,Artificial Intelligence and Data Science,
2352,0321219110,Civil Engineering,Civil Engineering,
2353,0321224510,Computer Engineering,Computer Engineering,
2354,0321424510,Computer Engineering,Computer Engineering,
2355,0321424610,Information Technology,Information Technology,
2356,0321437210,Electronics and Telecommunication Engg,Electronics and Telecommunication Engg,
2357,0321492010,Computer Science and Engineering (Internet of Things and Cyber Security Including Block Chain,Computer Science and Engineering (Internet of Things and Cyber Security Including Block Chain,
2358,0321524210,Computer Science and Engineering,Computer Science and Engineering,
2359,0321524510,Computer Engineering,Computer Engineering,
2360,0321537210,Electronics and Telecommunication Engg,Electronics and Telecommunication Engg,
2361,0321619110,Civil Engineering,Civil Engineering,
2362,0321624510,Computer Engineering,Computer Engineering,
2363,0321637210,Electronics and Telecommunication Engg,Electronics and Telecommunication Engg,
2364,0321650710,Chemical Engineering,Chemical Engineering,
2365,0321661210,Mechanical Engineering,Mechanical Engineering,
2366,0321691110,Computer Science and Engineering(Artificial Intelligence and Machine Learning),Computer Science and Engineering(Artificial Intelligence and Machine Learning),
2367,0321719110,Civil Engineering,Civil Engineering,
2368,0321724510,Computer Engineering,Computer Engineering,
2369,0321737210,Electronics and Telecommunication Engg,Electronics and Telecommunication Engg,
2370,0321761210,Mechanical Engineering,Mechanical Engineering,
2371,0321791610,Automation and Robotics,Automation and Robotics,
2372,0321819110,Civil Engineering,Civil Engineering,
2373,0321824510,Computer Engineering,Computer Engineering,
2374,0321824610,Information Technology,Information Technology,
2375,0321861210,Mechanical Engineering,Mechanical Engineering,
2376,0321890010,Electronics and Computer Science,Electronics and Computer Science,
2377,0321891210,Computer Science and Engineering(Data Science),Computer Science and Engineering(Data Science),
2378,0321892110,Artificial Intelligence and Machine Learning,Artificial Intelligence and Machine Learning,
2379,0321919110,Civil Engineering,Civil Engineering,
2380,0321924510,Computer Engineering,Computer Engineering,
2381,0321924610,Information Technology,Information Technology,
2382,0321929310,Electrical Engineering,Electrical Engineering,
2383,0321937210,Electronics and Telecommunication Engg,Electronics and Telecommunication Engg,
2384,0321961210,Mechanical Engineering,Mechanical Engineering,
2385,0321991110,Computer Science and Engineering(Artificial Intelligence and Machine Learning),Computer Science and Engineering(Artificial Intelligence and Machine Learning),
2386,0322019110,Civil Engineering,Civil Engineering,
2387,0322024510,Computer Engineering,Computer Engineering,
2388,0322024610,Information Technology,Information Technology,
2389,0322025210,Cyber Security,Cyber Security,
2390,0322037210,Electronics and Telecommunication Engg,Electronics and Telecommunication Engg,
2391,0322061210,Mechanical Engineering,Mechanical Engineering,
2392,0322092110,Artificial Intelligence and Machine Learning,Artificial Intelligence and Machine Learning,
2393,0322119110,Civil Engineering,Civil Engineering,
2394,0322124510,Computer Engineering,Computer Engineering,
2395,0322137210,Electronics and Telecommunication Engg,Electronics and Telecommunication Engg,
2396,0322161210,Mechanical Engineering,Mechanical Engineering,
2397,0322191110,Computer Science and Engineering(Artificial Intelligence and Machine Learning),Computer Science and Engineering(Artificial Intelligence and Machine Learning),
2398,0322192610,Electrical and Computer Engineering,Electrical and Computer Engineering,
2399,0322219110,Civil Engineering,Civil Engineering,
2400,0322224510,Computer Engineering,Computer Engineering,
2401,0322224610,Information Technology,Information Technology,
2402,0322229310,Electrical Engineering,Electrical Engineering,
2403,0322260210,Automobile Engineering,Automobile Engineering,
2404,0322261210,Mechanical Engineering,Mechanical Engineering,
2405,0322291110,Computer Science and Engineering(Artificial Intelligence and Machine Learning),Computer Science and Engineering(Artificial Intelligence and Machine Learning),
2406,0322319110,Civil Engineering,Civil Engineering,
2407,0322324510,Computer Engineering,Computer Engineering,
2408,0322324610,Information Technology,Information Technology,
2409,0322361210,Mechanical Engineering,Mechanical Engineering,
2410,0322390010,Electronics and Computer Science,Electronics and Computer Science,
2411,0322392610,Electrical and Computer Engineering,Electrical and Computer Engineering,
2412,0322419110,Civil Engineering,Civil Engineering,
2413,0322424510,Computer Engineering,Computer Engineering,
2414,0322461210,Mechanical Engineering,Mechanical Engineering,
2415,0322491110,Computer Science and Engineering(Artificial Intelligence and Machine Learning),Computer Science and Engineering(Artificial Intelligence and Machine Learning),
2416,0322492010,Computer Science and Engineering (Internet of Things and Cyber Security Including Block Chain,Computer Science and Engineering (Internet of Things and Cyber Security Including Block Chain,
2417,0325724510,Computer Engineering,Computer Engineering,
2418,0325724610,Information Technology,Information Technology,
2419,0325729310,Electrical Engineering,Electrical Engineering,
2420,0325737210,Electronics and Telecommunication Engg,Electronics and Telecommunication Engg,
2421,0325791610,Automation and Robotics,Automation and Robotics,
2422,0327724510,Computer Engineering,Computer Engineering,
2423,0327724610,Information Technology,Information Technology,
2424,0327735610,Electrical Engg[Electronics and Power],Electrical Engg[Electronics and Power],
2425,0327761510,Mechanical & Automation Engineering,Mechanical & Automation Engineering,
2426,0327793410,Civil Engineering and Planning,Civil Engineering and Planning,
2427,0327793510,Electronics and Biomedical Engineering,Electronics and Biomedical Engineering,
2428,0335119110,Civil Engineering,Civil Engineering,
2429,0335124510,Computer Engineering,Computer Engineering,
2430,0335156810,Computer Science and Information Technology,Computer Science and Information Technology,
2431,0335161210,Mechanical Engineering,Mechanical Engineering,
2432,0335191110,Computer Science and Engineering(Artificial Intelligence and Machine Learning),Computer Science and Engineering(Artificial Intelligence and Machine Learning),
2433,0335191210,Computer Science and Engineering(Data Science),Computer Science and Engineering(Data Science),
2434,0335319110,Civil Engineering,Civil Engineering,
2435,0335324510,Computer Engineering,Computer Engineering,
2436,0335324610,Information Technology,Information Technology,
2437,0335329310,Electrical Engineering,Electrical Engineering,
2438,0335361210,Mechanical Engineering,Mechanical Engineering,
2439,0335392010,Computer Science and Engineering (Internet of Things and Cyber Security Including Block Chain,Computer Science and Engineering (Internet of Things and Cyber Security Including Block Chain,
2440,0335392110,Artificial Intelligence and Machine Learning,Artificial Intelligence and Machine Learning,
2441,0342319110,Civil Engineering,Civil Engineering,
2442,0342324510,Computer Engineering,Computer Engineering,
2443,0342324610,Information Technology,Information Technology,
2444,0342337210,Electronics and Telecommunication Engg,Electronics and Telecommunication Engg,
2445,0342361210,Mechanical Engineering,Mechanical Engineering,
2446,0342390010,Electronics and Computer Science,Electronics and Computer Science,
2447,0343619110,Civil Engineering,Civil Engineering,
2448,0343624510,Computer Engineering,Computer Engineering,
2449,0343624610,Information Technology,Information Technology,
2450,0343629310,Electrical Engineering,Electrical Engineering,
2451,0343661210,Mechanical Engineering,Mechanical Engineering,
2452,0343690010,Electronics and Computer Science,Electronics and Computer Science,
2453,0343691110,Computer Science and Engineering(Artificial Intelligence and Machine Learning),Computer Science and Engineering(Artificial Intelligence and Machine Learning),
2454,0343919110,Civil Engineering,Civil Engineering,
2455,0343924510,Computer Engineering,Computer Engineering,
2456,0343961210,Mechanical Engineering,Mechanical Engineering,
2457,0343990010,Electronics and Computer Science,Electronics and Computer Science,
2458,0343991110,Computer Science and Engineering(Artificial Intelligence and Machine Learning),Computer Science and Engineering(Artificial Intelligence and Machine Learning),
2459,0343991210,Computer Science and Engineering(Data Science),Computer Science and Engineering(Data Science),
2460,0343992610,Electrical and Computer Engineering,Electrical and Computer Engineering,
2461,0344019110,Civil Engineering,Civil Engineering,
2462,0344024510,Computer Engineering,Computer Engineering,
2463,0344037210,Electronics and Telecommunication Engg,Electronics and Telecommunication Engg,
2464,0344519110,Civil Engineering,Civil Engineering,
2465,0344524510,Computer Engineering,Computer Engineering,
2466,0344537210,Electronics and Telecommunication Engg,Electronics and Telecommunication Engg,
2467,0344561210,Mechanical Engineering,Mechanical Engineering,
2468,0344592010,Computer Science and Engineering (Internet of Things and Cyber Security Including Block Chain,Computer Science and Engineering (Internet of Things and Cyber Security Including Block Chain,
2469,0344592110,Artificial Intelligence and Machine Learning,Artificial Intelligence and Machine Learning,
2470,0344719110,Civil Engineering,Civil Engineering,
2471,0344724510,Computer Engineering,Computer Engineering,
2472,0344761210,Mechanical Engineering,Mechanical Engineering,
2473,0346019110,Civil Engineering,Civil Engineering,
2474,0346024510,Computer Engineering,Computer Engineering,
2475,0346024610,Information Technology,Information Technology,
2476,0346092110,Artificial Intelligence and Machine Learning,Artificial Intelligence and Machine Learning,
2477,0346092410,Data Engineering,Data Engineering,
2478,0346219110,Civil Engineering,Civil Engineering,
2479,0346224510,Computer Engineering,Computer Engineering,
2480,0346229310,Electrical Engineering,Electrical Engineering,
2481,0346246610,Instrumentation Engineering,Instrumentation Engineering,
2482,0346261210,Mechanical Engineering,Mechanical Engineering,
2483,0346284410,Electronics and Computer Engineering,Electronics and Computer Engineering,
2484,0346524210,Computer Science and Engineering,Computer Science and Engineering,
2485,0346529310,Electrical Engineering,Electrical Engineering,
2486,0346537210,Electronics and Telecommunication Engg,Electronics and Telecommunication Engg,
2487,0346561210,Mechanical Engineering,Mechanical Engineering,
2488,0346719110,Civil Engineering,Civil Engineering,
2489,0346724510,Computer Engineering,Computer Engineering,
2490,0346729310,Electrical Engineering,Electrical Engineering,
2491,0346737210,Electronics and Telecommunication Engg,Electronics and Telecommunication Engg,
2492,0346761210,Mechanical Engineering,Mechanical Engineering,
2493,0346791110,Computer Science and Engineering(Artificial Intelligence and Machine Learning),Computer Science and Engineering(Artificial Intelligence and Machine Learning),
2494,0347024210,Computer Science and Engineering,Computer Science and Engineering,
2495,0347024510,Computer Engineering,Computer Engineering,
2496,0347029310,Electrical Engineering,Electrical Engineering,
2497,0347061210,Mechanical Engineering,Mechanical Engineering,
2498,0347119110,Civil Engineering,Civil Engineering,
2499,0347124510,Computer Engineering,Computer Engineering,
2500,0347125710,Computer Science and Design,Computer Science and Design,
2501,0347161210,Mechanical Engineering,Mechanical Engineering,
2502,0347162410,Mechatronics Engineering,Mechatronics Engineering,
2503,0347199510,Artificial Intelligence and Data Science,Artificial Intelligence and Data Science,
2504,0347519110,Civil Engineering,Civil Engineering,
2505,0347524510,Computer Engineering,Computer Engineering,
2506,0347524610,Information Technology,Information Technology,
2507,0347561210,Mechanical Engineering,Mechanical Engineering,
2508,0347591110,Computer Science and Engineering(Artificial Intelligence and Machine Learning),Computer Science and Engineering(Artificial Intelligence and Machine Learning),
2509,0347591210,Computer Science and Engineering(Data Science),Computer Science and Engineering(Data Science),
2510,0347719110,Civil Engineering,Civil Engineering,
2511,0347724510,Computer Engineering,Computer Engineering,
2512,0347761210,Mechanical Engineering,Mechanical Engineering,
2513,0350319110,Civil Engineering,Civil Engineering,
2514,0350324510,Computer Engineering,Computer Engineering,
2515,0350324610,Information Technology,Information Technology,
2516,0350326310,Artificial Intelligence (AI) and Data Science,Artificial Intelligence (AI) and Data Science,
2517,0350329310,Electrical Engineering,Electrical Engineering,
2518,0350361210,Mechanical Engineering,Mechanical Engineering,
2519,0354619110,Civil Engineering,Civil Engineering,
2520,0354624510,Computer Engineering,Computer Engineering,
2521,0354629310,Electrical Engineering,Electrical Engineering,
2522,0354661210,Mechanical Engineering,Mechanical Engineering,
2523,0354691110,Computer Science and Engineering(Artificial Intelligence and Machine Learning),Computer Science and Engineering(Artificial Intelligence and Machine Learning),
2524,0400419110,Civil Engineering,Civil Engineering,
2525,0400424210,Computer Science and Engineering,Computer Science and Engineering,
2526,0400429310,Electrical Engineering,Electrical Engineering,
2527,0400437210,Electronics and Telecommunication Engg,Electronics and Telecommunication Engg,
2528,0400446610,Instrumentation Engineering,Instrumentation Engineering,
2529,0400461210,Mechanical Engineering,Mechanical Engineering,
2530,0402519110,Civil Engineering,Civil Engineering,
2531,0402524210,Computer Science and Engineering,Computer Science and Engineering,
2532,0402529310,Electrical Engineering,Electrical Engineering,
2533,0402537210,Electronics and Telecommunication Engg,Electronics and Telecommunication Engg,
2534,0402561210,Mechanical Engineering,Mechanical Engineering,
2535,0410419110,Civil Engineering,Civil Engineering,
2536,0410424610,Information Technology,Information Technology,
2537,0410425110,Computer Technology,Computer Technology,
2538,0410429310,Electrical Engineering,Electrical Engineering,
2539,0410437010,Electronics and Communication Engineering,Electronics and Communication Engineering,
2540,0410461210,Mechanical Engineering,Mechanical Engineering,
2541,0411619110,Civil Engineering,Civil Engineering,
2542,0411624210,Computer Science and Engineering,Computer Science and Engineering,
2543,0411624610,Information Technology,Information Technology,
2544,0411626010,Computer Science and Engineering (Cyber Security),Computer Science and Engineering (Cyber Security),
2545,0411626710,Computer Science and Engineering (IoT),Computer Science and Engineering (IoT),
2546,0411629310,Electrical Engineering,Electrical Engineering,
2547,0411637210,Electronics and Telecommunication Engg,Electronics and Telecommunication Engg,
2548,0411637610,Electronics Engineering,Electronics Engineering,
2549,0411661210,Mechanical Engineering,Mechanical Engineering,
2550,0411691110,Computer Science and Engineering(Artificial Intelligence and Machine Learning),Computer Science and Engineering(Artificial Intelligence and Machine Learning),
2551,0411691310,Computer Science and Engineering (Artificial Intelligence),Computer Science and Engineering (Artificial Intelligence),
2552,0411691710,Data Science,Data Science,
2553,0411699710,Artificial Intelligence,Artificial Intelligence,
2554,0411819110,Civil Engineering,Civil Engineering,
2555,0411824510,Computer Engineering,Computer Engineering,
2556,0411829310,Electrical Engineering,Electrical Engineering,
2557,0411837210,Electronics and Telecommunication Engg,Electronics and Telecommunication Engg,
2558,0411861210,Mechanical Engineering,Mechanical Engineering,
2559,0412300210,Aeronautical Engineering,Aeronautical Engineering,
2560,0412308210,Bio Technology,Bio Technology,
2561,0412319110,Civil Engineering,Civil Engineering,
2562,0412324210,Computer Science and Engineering,Computer Science and Engineering,
2563,0412324610,Information Technology,Information Technology,
2564,0412325110,Computer Technology,Computer Technology,
2565,0412326510,Industrial IoT,Industrial IoT,
2566,0412326610,Robotics and Artificial Intelligence,Robotics and Artificial Intelligence,
2567,0412329310,Electrical Engineering,Electrical Engineering,
2568,0412337010,Electronics and Communication Engineering,Electronics and Communication Engineering,
2569,0412337210,Electronics and Telecommunication Engg,Electronics and Telecommunication Engg,
2570,0412350710,Chemical Engineering,Chemical Engineering,
2571,0412361210,Mechanical Engineering,Mechanical Engineering,
2572,0412399510,Artificial Intelligence and Data Science,Artificial Intelligence and Data Science,
2573,0413319110,Civil Engineering,Civil Engineering,
2574,0413324210,Computer Science and Engineering,Computer Science and Engineering,
2575,0413324510,Computer Engineering,Computer Engineering,
2576,0413329310,Electrical Engineering,Electrical Engineering,
2577,0413337210,Electronics and Telecommunication Engg,Electronics and Telecommunication Engg,
2578,0413361210,Mechanical Engineering,Mechanical Engineering,
2579,0413424210,Computer Science and Engineering,Computer Science and Engineering,
2580,0413424610,Information Technology,Information Technology,
2581,0413429310,Electrical Engineering,Electrical Engineering,
2582,0413437210,Electronics and Telecommunication Engg,Electronics and Telecommunication Engg,
2583,0413491210,Computer Science and Engineering(Data Science),Computer Science and Engineering(Data Science),
2584,0413499710,Artificial Intelligence,Artificial Intelligence,
2585,0413519110,Civil Engineering,Civil Engineering,
2586,0413524210,Computer Science and Engineering,Computer Science and Engineering,
2587,0413524610,Information Technology,Information Technology,
2588,0413529310,Electrical Engineering,Electrical Engineering,
2589,0413537210,Electronics and Telecommunication Engg,Electronics and Telecommunication Engg,
2590,0413561210,Mechanical Engineering,Mechanical Engineering,
2591,0413619110,Civil Engineering,Civil Engineering,
2592,0413624210,Computer Science and Engineering,Computer Science and Engineering,
2593,0413629310,Electrical Engineering,Electrical Engineering,
2594,0413637210,Electronics and Telecommunication Engg,Electronics and Telecommunication Engg,
2595,0413699710,Artificial Intelligence,Artificial Intelligence,
2596,0413724210,Computer Science and Engineering,Computer Science and Engineering,
2597,0413729310,Electrical Engineering,Electrical Engineering,
2598,0413737210,Electronics and Telecommunication Engg,Electronics and Telecommunication Engg,
2599,0413761210,Mechanical Engineering,Mechanical Engineering,
2600,0413791110,Computer Science and Engineering(Artificial Intelligence and Machine Learning),Computer Science and Engineering(Artificial Intelligence and Machine Learning),
2601,0413791210,Computer Science and Engineering(Data Science),Computer Science and Engineering(Data Science),
2602,0413819110,Civil Engineering,Civil Engineering,
2603,0413824210,Computer Science and Engineering,Computer Science and Engineering,
2604,0413824610,Information Technology,Information Technology,
2605,0413829310,Electrical Engineering,Electrical Engineering,
2606,0413837210,Electronics and Telecommunication Engg,Electronics and Telecommunication Engg,
2607,0413861210,Mechanical Engineering,Mechanical Engineering,
2608,0413891210,Computer Science and Engineering(Data Science),Computer Science and Engineering(Data Science),
2609,0413899710,Artificial Intelligence,Artificial Intelligence,
2610,0413924210,Computer Science and Engineering,Computer Science and Engineering,
2611,0413929310,Electrical Engineering,Electrical Engineering,
2612,0413961210,Mechanical Engineering,Mechanical Engineering,
2613,0413984410,Electronics and Computer Engineering,Electronics and Computer Engineering,
2614,0413991110,Computer Science and Engineering(Artificial Intelligence and Machine Learning),Computer Science and Engineering(Artificial Intelligence and Machine Learning),
2615,0413992810,Electronics and Communication(Advanced Communication Technology),Electronics and Communication(Advanced Communication Technology),
2616,0414119110,Civil Engineering,Civil Engineering,
2617,0414124510,Computer Engineering,Computer Engineering,
2618,0414161210,Mechanical Engineering,Mechanical Engineering,
2619,0414199510,Artificial Intelligence and Data Science,Artificial Intelligence and Data Science,
2620,0414219110,Civil Engineering,Civil Engineering,
2621,0414224210,Computer Science and Engineering,Computer Science and Engineering,
2622,0414224610,Information Technology,Information Technology,
2623,0414229310,Electrical Engineering,Electrical Engineering,
2624,0414237210,Electronics and Telecommunication Engg,Electronics and Telecommunication Engg,
2625,0414261210,Mechanical Engineering,Mechanical Engineering,
2626,0414291010,Computer Science and Engineering(Cyber Security),Computer Science and Engineering(Cyber Security),
2627,0414291710,Data Science,Data Science,
2628,0414299710,Artificial Intelligence,Artificial Intelligence,
2629,0414319110,Civil Engineering,Civil Engineering,
2630,0414324510,Computer Engineering,Computer Engineering,
2631,0414329310,Electrical Engineering,Electrical Engineering,
2632,0414337210,Electronics and Telecommunication Engg,Electronics and Telecommunication Engg,
2633,0414361210,Mechanical Engineering,Mechanical Engineering,
2634,0414419110,Civil Engineering,Civil Engineering,
2635,0414424210,Computer Science and Engineering,Computer Science and Engineering,
2636,0414424610,Information Technology,Information Technology,
2637,0414429310,Electrical Engineering,Electrical Engineering,
2638,0414461210,Mechanical Engineering,Mechanical Engineering,
2639,0414529310,Electrical Engineering,Electrical Engineering,
2640,0414537210,Electronics and Telecommunication Engg,Electronics and Telecommunication Engg,
2641,0414719110,Civil Engineering,Civil Engineering,
2642,0414724210,Computer Science and Engineering,Computer Science and Engineering,
2643,0414724610,Information Technology,Information Technology,
2644,0414729310,Electrical Engineering,Electrical Engineering,
2645,0414737210,Electronics and Telecommunication Engg,Electronics and Telecommunication Engg,
2646,0414761210,Mechanical Engineering,Mechanical Engineering,
2647,0414799510,Artificial Intelligence and Data Science,Artificial Intelligence and Data Science,
2648,0415100210,Aeronautical Engineering,Aeronautical Engineering,
2649,0415108210,Bio Technology,Bio Technology,
2650,0415124210,Computer Science and Engineering,Computer Science and Engineering,
2651,0415129310,Electrical Engineering,Electrical Engineering,
2652,0415137010,Electronics and Communication Engineering,Electronics and Communication Engineering,
2653,0416319110,Civil Engineering,Civil Engineering,
2654,0416324210,Computer Science and Engineering,Computer Science and Engineering,
2655,0416329310,Electrical Engineering,Electrical Engineering,
2656,0416337010,Electronics and Communication Engineering,Electronics and Communication Engineering,
2657,0416361210,Mechanical Engineering,Mechanical Engineering,
2658,0416370110,Mining Engineering,Mining Engineering,
2659,0416391210,Computer Science and Engineering(Data Science),Computer Science and Engineering(Data Science),
2660,0416719110,Civil Engineering,Civil Engineering,
2661,0416724210,Computer Science and Engineering,Computer Science and Engineering,
2662,0416724610,Information Technology,Information Technology,
2663,0416725110,Computer Technology,Computer Technology,
2664,0416725710,Computer Science and Design,Computer Science and Design,
2665,0416726710,Computer Science and Engineering (IoT),Computer Science and Engineering (IoT),
2666,0416735610,Electrical Engg[Electronics and Power],Electrical Engg[Electronics and Power],
2667,0416737210,Electronics and Telecommunication Engg,Electronics and Telecommunication Engg,
2668,0416737810,Electronics Engineering ( VLSI Design and Technology),Electronics Engineering ( VLSI Design and Technology),
2669,0416791110,Computer Science and Engineering(Artificial Intelligence and Machine Learning),Computer Science and Engineering(Artificial Intelligence and Machine Learning),
2670,0416799510,Artificial Intelligence and Data Science,Artificial Intelligence and Data Science,
2671,0417219110,Civil Engineering,Civil Engineering,
2672,0417224210,Computer Science and Engineering,Computer Science and Engineering,
2673,0417226310,Artificial Intelligence (AI) and Data Science,Artificial Intelligence (AI) and Data Science,
2674,0417229310,Electrical Engineering,Electrical Engineering,
2675,0417237210,Electronics and Telecommunication Engg,Electronics and Telecommunication Engg,
2676,0417261210,Mechanical Engineering,Mechanical Engineering,
2677,0417419110,Civil Engineering,Civil Engineering,
2678,0417424510,Computer Engineering,Computer Engineering,
2679,0417424610,Information Technology,Information Technology,
2680,0417426010,Computer Science and Engineering (Cyber Security),Computer Science and Engineering (Cyber Security),
2681,0417426210,Computer Science and Business Systems,Computer Science and Business Systems,
2682,0417426510,Industrial IoT,Industrial IoT,
2683,0417429310,Electrical Engineering,Electrical Engineering,
2684,0417437210,Electronics and Telecommunication Engg,Electronics and Telecommunication Engg,
2685,0417461210,Mechanical Engineering,Mechanical Engineering,
2686,0417491210,Computer Science and Engineering(Data Science),Computer Science and Engineering(Data Science),
2687,0417499710,Artificial Intelligence,Artificial Intelligence,
2688,0417519110,Civil Engineering,Civil Engineering,
2689,0417524210,Computer Science and Engineering,Computer Science and Engineering,
2690,0417537210,Electronics and Telecommunication Engg,Electronics and Telecommunication Engg,
2691,0417561210,Mechanical Engineering,Mechanical Engineering,
2692,0417719110,Civil Engineering,Civil Engineering,
2693,0417724210,Computer Science and Engineering,Computer Science and Engineering,
2694,0417724610,Information Technology,Information Technology,
2695,0417737010,Electronics and Communication Engineering,Electronics and Communication Engineering,
2696,0417761210,Mechanical Engineering,Mechanical Engineering,
2697,0418119110,Civil Engineering,Civil Engineering,
2698,0418124510,Computer Engineering,Computer Engineering,
2699,0418137210,Electronics and Telecommunication Engg,Electronics and Telecommunication Engg,
2700,0418161210,Mechanical Engineering,Mechanical Engineering,
2701,0418819110,Civil Engineering,Civil Engineering,
2702,0418824210,Computer Science and Engineering,Computer Science and Engineering,
2703,0418829310,Electrical Engineering,Electrical Engineering,
2704,0418837210,Electronics and Telecommunication Engg,Electronics and Telecommunication Engg,
2705,0418850310,Food Technology,Food Technology,
2706,0418861210,Mechanical Engineering,Mechanical Engineering,
2707,0418870110,Mining Engineering,Mining Engineering,
2708,0419019110,Civil Engineering,Civil Engineering,
2709,0419024210,Computer Science and Engineering,Computer Science and Engineering,
2710,0419029310,Electrical Engineering,Electrical Engineering,
2711,0419037010,Electronics and Communication Engineering,Electronics and Communication Engineering,
2712,0419061210,Mechanical Engineering,Mechanical Engineering,
2713,0419219110,Civil Engineering,Civil Engineering,
2714,0419224210,Computer Science and Engineering,Computer Science and Engineering,
2715,0419235610,Electrical Engg[Electronics and Power],Electrical Engg[Electronics and Power],
2716,0419261210,Mechanical Engineering,Mechanical Engineering,
2717,0419291110,Computer Science and Engineering(Artificial Intelligence and Machine Learning),Computer Science and Engineering(Artificial Intelligence and Machine Learning),
2718,0419324210,Computer Science and Engineering,Computer Science and Engineering,
2719,0419329310,Electrical Engineering,Electrical Engineering,
2720,0419337010,Electronics and Communication Engineering,Electronics and Communication Engineering,
2721,0419361210,Mechanical Engineering,Mechanical Engineering,
2722,0419391110,Computer Science and Engineering(Artificial Intelligence and Machine Learning),Computer Science and Engineering(Artificial Intelligence and Machine Learning),
2723,0419391210,Computer Science and Engineering(Data Science),Computer Science and Engineering(Data Science),
2724,0419619110,Civil Engineering,Civil Engineering,
2725,0419624210,Computer Science and Engineering,Computer Science and Engineering,
2726,0419637210,Electronics and Telecommunication Engg,Electronics and Telecommunication Engg,
2727,0419661210,Mechanical Engineering,Mechanical Engineering,
2728,0419691010,Computer Science and Engineering(Cyber Security),Computer Science and Engineering(Cyber Security),
2729,0419691210,Computer Science and Engineering(Data Science),Computer Science and Engineering(Data Science),
2730,0419692110,Artificial Intelligence and Machine Learning,Artificial Intelligence and Machine Learning,
2731,0419719110,Civil Engineering,Civil Engineering,
2732,0419724210,Computer Science and Engineering,Computer Science and Engineering,
2733,0419729310,Electrical Engineering,Electrical Engineering,
2734,0419737010,Electronics and Communication Engineering,Electronics and Communication Engineering,
2735,0419761210,Mechanical Engineering,Mechanical Engineering,
2736,0428519110,Civil Engineering,Civil Engineering,
2737,0428524610,Information Technology,Information Technology,
2738,0428529310,Electrical Engineering,Electrical Engineering,
2739,0428561210,Mechanical Engineering,Mechanical Engineering,
2740,0430219110,Civil Engineering,Civil Engineering,
2741,0430224510,Computer Engineering,Computer Engineering,
2742,0430261210,Mechanical Engineering,Mechanical Engineering,
2743,0461319110,Civil Engineering,Civil Engineering,
2744,0461324510,Computer Engineering,Computer Engineering,
2745,0461326510,Industrial IoT,Industrial IoT,
2746,0461329310,Electrical Engineering,Electrical Engineering,
2747,0461337210,Electronics and Telecommunication Engg,Electronics and Telecommunication Engg,
2748,0461361210,Mechanical Engineering,Mechanical Engineering,
2749,0461391210,Computer Science and Engineering(Data Science),Computer Science and Engineering(Data Science),
2750,0464819110,Civil Engineering,Civil Engineering,
2751,0464824210,Computer Science and Engineering,Computer Science and Engineering,
2752,0464824610,Information Technology,Information Technology,
2753,0464829310,Electrical Engineering,Electrical Engineering,
2754,0464861210,Mechanical Engineering,Mechanical Engineering,
2755,0464919110,Civil Engineering,Civil Engineering,
2756,0464924510,Computer Engineering,Computer Engineering,
2757,0464929310,Electrical Engineering,Electrical Engineering,
2758,0464961210,Mechanical Engineering,Mechanical Engineering,
2759,0467919110,Civil Engineering,Civil Engineering,
2760,0467924210,Computer Science and Engineering,Computer Science and Engineering,
2761,0467929310,Electrical Engineering,Electrical Engineering,
2762,0467993610,Fire Engineering,Fire Engineering,
2763,0467999710,Artificial Intelligence,Artificial Intelligence,
2764,0500350310,Food Technology,Food Technology,
2765,0500350710,Chemical Engineering,Chemical Engineering,
2766,0500350810,Plastic Technology,Plastic Technology,
2767,0500351810,Oil Fats and Waxes Technology,Oil Fats and Waxes Technology,
2768,0500352310,Paints Technology,Paints Technology,
2769,0500419110,Civil Engineering,Civil Engineering,
2770,0500429310,Electrical Engineering,Electrical Engineering,
2771,0500437210,Electronics and Telecommunication Engg,Electronics and Telecommunication Engg,
2772,0500461210,Mechanical Engineering,Mechanical Engineering,
2773,0510319110,Civil Engineering,Civil Engineering,
2774,0510324510,Computer Engineering,Computer Engineering,
2775,0510337210,Electronics and Telecommunication Engg,Electronics and Telecommunication Engg,
2776,0510337610,Electronics Engineering,Electronics Engineering,
2777,0510361210,Mechanical Engineering,Mechanical Engineering,
2778,0510384410,Electronics and Computer Engineering,Electronics and Computer Engineering,
2779,0510419110,Civil Engineering,Civil Engineering,
2780,0510424510,Computer Engineering,Computer Engineering,
2781,0510429310,Electrical Engineering,Electrical Engineering,
2782,0510437210,Electronics and Telecommunication Engg,Electronics and Telecommunication Engg,
2783,0510450710,Chemical Engineering,Chemical Engineering,
2784,0510461210,Mechanical Engineering,Mechanical Engineering,
2785,0510624510,Computer Engineering,Computer Engineering,
2786,0510629310,Electrical Engineering,Electrical Engineering,
2787,0510661210,Mechanical Engineering,Mechanical Engineering,
2788,0510684410,Electronics and Computer Engineering,Electronics and Computer Engineering,
2789,0510691210,Computer Science and Engineering(Data Science),Computer Science and Engineering(Data Science),
2790,0510819110,Civil Engineering,Civil Engineering,
2791,0510824510,Computer Engineering,Computer Engineering,
2792,0510824610,Information Technology,Information Technology,
2793,0510826310,Artificial Intelligence (AI) and Data Science,Artificial Intelligence (AI) and Data Science,
2794,0510837210,Electronics and Telecommunication Engg,Electronics and Telecommunication Engg,
2795,0510924510,Computer Engineering,Computer Engineering,
2796,0510924610,Information Technology,Information Technology,
2797,0510929310,Electrical Engineering,Electrical Engineering,
2798,0510937210,Electronics and Telecommunication Engg,Electronics and Telecommunication Engg,
2799,0510956610,Computer Science,Computer Science,
2800,0510961210,Mechanical Engineering,Mechanical Engineering,
2801,0510991610,Automation and Robotics,Automation and Robotics,
2802,0510992110,Artificial Intelligence and Machine Learning,Artificial Intelligence and Machine Learning,
2803,0510999510,Artificial Intelligence and Data Science,Artificial Intelligence and Data Science,
2804,0512119110,Civil Engineering,Civil Engineering,
2805,0512121910,Robotics and Automation,Robotics and Automation,
2806,0512124510,Computer Engineering,Computer Engineering,
2807,0512124610,Information Technology,Information Technology,
2808,0512125710,Computer Science and Design,Computer Science and Design,
2809,0512129310,Electrical Engineering,Electrical Engineering,
2810,0512137210,Electronics and Telecommunication Engg,Electronics and Telecommunication Engg,
2811,0512150710,Chemical Engineering,Chemical Engineering,
2812,0512199510,Artificial Intelligence and Data Science,Artificial Intelligence and Data Science,
2813,0512419110,Civil Engineering,Civil Engineering,
2814,0512424510,Computer Engineering,Computer Engineering,
2815,0512424610,Information Technology,Information Technology,
2816,0512429310,Electrical Engineering,Electrical Engineering,
2817,0512461210,Mechanical Engineering,Mechanical Engineering,
2818,0512462410,Mechatronics Engineering,Mechatronics Engineering,
2819,0512484410,Electronics and Computer Engineering,Electronics and Computer Engineering,
2820,0512524510,Computer Engineering,Computer Engineering,
2821,0512524610,Information Technology,Information Technology,
2822,0512550710,Chemical Engineering,Chemical Engineering,
2823,0512584410,Electronics and Computer Engineering,Electronics and Computer Engineering,
2824,0513019110,Civil Engineering,Civil Engineering,
2825,0513024510,Computer Engineering,Computer Engineering,
2826,0513029310,Electrical Engineering,Electrical Engineering,
2827,0513919110,Civil Engineering,Civil Engineering,
2828,0513924510,Computer Engineering,Computer Engineering,
2829,0513924610,Information Technology,Information Technology,
2830,0513937210,Electronics and Telecommunication Engg,Electronics and Telecommunication Engg,
2831,0513946410,Instrumentation and Control Engineering,Instrumentation and Control Engineering,
2832,0513950710,Chemical Engineering,Chemical Engineering,
2833,0513961210,Mechanical Engineering,Mechanical Engineering,
2834,0513984410,Electronics and Computer Engineering,Electronics and Computer Engineering,
2835,0513991610,Automation and Robotics,Automation and Robotics,
2836,0513999510,Artificial Intelligence and Data Science,Artificial Intelligence and Data Science,
2837,0515119110,Civil Engineering,Civil Engineering,
2838,0515124510,Computer Engineering,Computer Engineering,
2839,0515124610,Information Technology,Information Technology,
2840,0515129310,Electrical Engineering,Electrical Engineering,
2841,0515137210,Electronics and Telecommunication Engg,Electronics and Telecommunication Engg,
2842,0515161210,Mechanical Engineering,Mechanical Engineering,
2843,0515199510,Artificial Intelligence and Data Science,Artificial Intelligence and Data Science,
2844,0515219110,Civil Engineering,Civil Engineering,
2845,0515224210,Computer Science and Engineering,Computer Science and Engineering,
2846,0515224610,Information Technology,Information Technology,
2847,0515229310,Electrical Engineering,Electrical Engineering,
2848,0515237210,Electronics and Telecommunication Engg,Electronics and Telecommunication Engg,
2849,0515261210,Mechanical Engineering,Mechanical Engineering,
2850,0515291110,Computer Science and Engineering(Artificial Intelligence and Machine Learning),Computer Science and Engineering(Artificial Intelligence and Machine Learning),
2851,0515291210,Computer Science and Engineering(Data Science),Computer Science and Engineering(Data Science),
2852,0515291310,Computer Science and Engineering (Artificial Intelligence),Computer Science and Engineering (Artificial Intelligence),
2853,0516019110,Civil Engineering,Civil Engineering,
2854,0516024510,Computer Engineering,Computer Engineering,
2855,0516024610,Information Technology,Information Technology,
2856,0516029310,Electrical Engineering,Electrical Engineering,
2857,0516062410,Mechatronics Engineering,Mechatronics Engineering,
2858,0516084410,Electronics and Computer Engineering,Electronics and Computer Engineering,
2859,0516091510,Structural Engineering,Structural Engineering,
2860,0516119110,Civil Engineering,Civil Engineering,
2861,0516124510,Computer Engineering,Computer Engineering,
2862,0516124610,Information Technology,Information Technology,
2863,0516125710,Computer Science and Design,Computer Science and Design,
2864,0516129310,Electrical Engineering,Electrical Engineering,
2865,0516137210,Electronics and Telecommunication Engg,Electronics and Telecommunication Engg,
2866,0516137810,Electronics Engineering ( VLSI Design and Technology),Electronics Engineering ( VLSI Design and Technology),
2867,0516161210,Mechanical Engineering,Mechanical Engineering,
2868,0516199510,Artificial Intelligence and Data Science,Artificial Intelligence and Data Science,
2869,0516219110,Civil Engineering,Civil Engineering,
2870,0516224510,Computer Engineering,Computer Engineering,
2871,0516224610,Information Technology,Information Technology,
2872,0516229310,Electrical Engineering,Electrical Engineering,
2873,0516237210,Electronics and Telecommunication Engg,Electronics and Telecommunication Engg,
2874,0516261210,Mechanical Engineering,Mechanical Engineering,
2875,0516284410,Electronics and Computer Engineering,Electronics and Computer Engineering,
2876,0516291610,Automation and Robotics,Automation and Robotics,
2877,0516299510,Artificial Intelligence and Data Science,Artificial Intelligence and Data Science,
2878,0516419110,Civil Engineering,Civil Engineering,
2879,0516424510,Computer Engineering,Computer Engineering,
2880,0516429310,Electrical Engineering,Electrical Engineering,
2881,0516437210,Electronics and Telecommunication Engg,Electronics and Telecommunication Engg,
2882,0516446610,Instrumentation Engineering,Instrumentation Engineering,
2883,0516461210,Mechanical Engineering,Mechanical Engineering,
2884,0516819110,Civil Engineering,Civil Engineering,
2885,0516824510,Computer Engineering,Computer Engineering,
2886,0516837210,Electronics and Telecommunication Engg,Electronics and Telecommunication Engg,
2887,0516861210,Mechanical Engineering,Mechanical Engineering,
2888,0516919110,Civil Engineering,Civil Engineering,
2889,0516924510,Computer Engineering,Computer Engineering,
2890,0516929310,Electrical Engineering,Electrical Engineering,
2891,0516937210,Electronics and Telecommunication Engg,Electronics and Telecommunication Engg,
2892,0516961210,Mechanical Engineering,Mechanical Engineering,
2893,0517019110,Civil Engineering,Civil Engineering,
2894,0517024210,Computer Science and Engineering,Computer Science and Engineering,
2895,0517029310,Electrical Engineering,Electrical Engineering,
2896,0517037210,Electronics and Telecommunication Engg,Electronics and Telecommunication Engg,
2897,0517061210,Mechanical Engineering,Mechanical Engineering,
2898,0517084410,Electronics and Computer Engineering,Electronics and Computer Engineering,
2899,0517091210,Computer Science and Engineering(Data Science),Computer Science and Engineering(Data Science),
2900,0517124510,Computer Engineering,Computer Engineering,
2901,0517126310,Artificial Intelligence (AI) and Data Science,Artificial Intelligence (AI) and Data Science,
2902,0517129310,Electrical Engineering,Electrical Engineering,
2903,0517137210,Electronics and Telecommunication Engg,Electronics and Telecommunication Engg,
2904,0517161210,Mechanical Engineering,Mechanical Engineering,
2905,0517219110,Civil Engineering,Civil Engineering,
2906,0517224510,Computer Engineering,Computer Engineering,
2907,0517224610,Information Technology,Information Technology,
2908,0517229310,Electrical Engineering,Electrical Engineering,
2909,0517237210,Electronics and Telecommunication Engg,Electronics and Telecommunication Engg,
2910,0517261210,Mechanical Engineering,Mechanical Engineering,
2911,0517291210,Computer Science and Engineering(Data Science),Computer Science and Engineering(Data Science),
2912,0517292110,Artificial Intelligence and Machine Learning,Artificial Intelligence and Machine Learning,
2913,0517299510,Artificial Intelligence and Data Science,Artificial Intelligence and Data Science,
2914,0517319110,Civil Engineering,Civil Engineering,
2915,0517324510,Computer Engineering,Computer Engineering,
2916,0517337210,Electronics and Telecommunication Engg,Electronics and Telecommunication Engg,
2917,0517361210,Mechanical Engineering,Mechanical Engineering,
2918,0517399510,Artificial Intelligence and Data Science,Artificial Intelligence and Data Science,
2919,0517719110,Civil Engineering,Civil Engineering,
2920,0517724510,Computer Engineering,Computer Engineering,
2921,0517724610,Information Technology,Information Technology,
2922,0517729310,Electrical Engineering,Electrical Engineering,
2923,0517761210,Mechanical Engineering,Mechanical Engineering,
2924,0517799510,Artificial Intelligence and Data Science,Artificial Intelligence and Data Science,
2925,0517919110,Civil Engineering,Civil Engineering,
2926,0517924510,Computer Engineering,Computer Engineering,
2927,0517926310,Artificial Intelligence (AI) and Data Science,Artificial Intelligence (AI) and Data Science,
2928,0517961210,Mechanical Engineering,Mechanical Engineering,
2929,0517984410,Electronics and Computer Engineering,Electronics and Computer Engineering,
2930,0518119110,Civil Engineering,Civil Engineering,
2931,0518124510,Computer Engineering,Computer Engineering,
2932,0518129310,Electrical Engineering,Electrical Engineering,
2933,0518137210,Electronics and Telecommunication Engg,Electronics and Telecommunication Engg,
2934,0518161210,Mechanical Engineering,Mechanical Engineering,
2935,0518199510,Artificial Intelligence and Data Science,Artificial Intelligence and Data Science,
2936,0518219110,Civil Engineering,Civil Engineering,
2937,0518224510,Computer Engineering,Computer Engineering,
2938,0518226310,Artificial Intelligence (AI) and Data Science,Artificial Intelligence (AI) and Data Science,
2939,0518229310,Electrical Engineering,Electrical Engineering,
2940,0518237210,Electronics and Telecommunication Engg,Electronics and Telecommunication Engg,
2941,0518261210,Mechanical Engineering,Mechanical Engineering,
2942,0518419110,Civil Engineering,Civil Engineering,
2943,0518424510,Computer Engineering,Computer Engineering,
2944,0518429310,Electrical Engineering,Electrical Engineering,
2945,0518437210,Electronics and Telecommunication Engg,Electronics and Telecommunication Engg,
2946,0518461210,Mechanical Engineering,Mechanical Engineering,
2947,0524425710,Computer Science and Design,Computer Science and Design,
2948,0524491610,Automation and Robotics,Automation and Robotics,
2949,0524492210,Civil and Environmental Engineering,Civil and Environmental Engineering,
2950,0525624510,Computer Engineering,Computer Engineering,
2951,0525624610,Information Technology,Information Technology,
2952,0526324510,Computer Engineering,Computer Engineering,
2953,0526329310,Electrical Engineering,Electrical Engineering,
2954,0526337210,Electronics and Telecommunication Engg,Electronics and Telecommunication Engg,
2955,0530319110,Civil Engineering,Civil Engineering,
2956,0530324510,Computer Engineering,Computer Engineering,
2957,0530329310,Electrical Engineering,Electrical Engineering,
2958,0530361210,Mechanical Engineering,Mechanical Engineering,
2959,0530384410,Electronics and Computer Engineering,Electronics and Computer Engineering,
2960,0532219110,Civil Engineering,Civil Engineering,
2961,0532229310,Electrical Engineering,Electrical Engineering,
2962,0532261210,Mechanical Engineering,Mechanical Engineering,
2963,0533024510,Computer Engineering,Computer Engineering,
2964,0533024610,Information Technology,Information Technology,
2965,0533037210,Electronics and Telecommunication Engg,Electronics and Telecommunication Engg,
2966,0533061210,Mechanical Engineering,Mechanical Engineering,
2967,0533099510,Artificial Intelligence and Data Science,Artificial Intelligence and Data Science,
2968,0533119110,Civil Engineering,Civil Engineering,
2969,0533124510,Computer Engineering,Computer Engineering,
2970,0533129310,Electrical Engineering,Electrical Engineering,
2971,0533137210,Electronics and Telecommunication Engg,Electronics and Telecommunication Engg,
2972,0533161210,Mechanical Engineering,Mechanical Engineering,
2973,0536525110,Computer Technology,Computer Technology,
2974,0536529310,Electrical Engineering,Electrical Engineering,
2975,0536561210,Mechanical Engineering,Mechanical Engineering,
2976,0537019110,Civil Engineering,Civil Engineering,
2977,0537024510,Computer Engineering,Computer Engineering,
2978,0537029310,Electrical Engineering,Electrical Engineering,
2979,0537061210,Mechanical Engineering,Mechanical Engineering,
2980,0537099510,Artificial Intelligence and Data Science,Artificial Intelligence and Data Science,
2981,0538019110,Civil Engineering,Civil Engineering,
2982,0538024510,Computer Engineering,Computer Engineering,
2983,0538024610,Information Technology,Information Technology,
2984,0538029310,Electrical Engineering,Electrical Engineering,
2985,0538037210,Electronics and Telecommunication Engg,Electronics and Telecommunication Engg,
2986,0538061210,Mechanical Engineering,Mechanical Engineering,
2987,0538099510,Artificial Intelligence and Data Science,Artificial Intelligence and Data Science,
2988,0538119110,Civil Engineering,Civil Engineering,
2989,0538124210,Computer Science and Engineering,Computer Science and Engineering,
2990,0538129310,Electrical Engineering,Electrical Engineering,
2991,0538161210,Mechanical Engineering,Mechanical Engineering,
2992,0538199510,Artificial Intelligence and Data Science,Artificial Intelligence and Data Science,
2993,0538219110,Civil Engineering,Civil Engineering,
2994,0538224510,Computer Engineering,Computer Engineering,
2995,0538226310,Artificial Intelligence (AI) and Data Science,Artificial Intelligence (AI) and Data Science,
2996,0538237210,Electronics and Telecommunication Engg,Electronics and Telecommunication Engg,
2997,0538261210,Mechanical Engineering,Mechanical Engineering,
2998,0539019110,Civil Engineering,Civil Engineering,
2999,0539024510,Computer Engineering,Computer Engineering,
3000,0539024610,Information Technology,Information Technology,
3001,0539029310,Electrical Engineering,Electrical Engineering,
3002,0539061210,Mechanical Engineering,Mechanical Engineering,
3003,0539092110,Artificial Intelligence and Machine Learning,Artificial Intelligence and Machine Learning,
3004,0539619110,Civil Engineering,Civil Engineering,
3005,0539624510,Computer Engineering,Computer Engineering,
3006,0539629310,Electrical Engineering,Electrical Engineering,
3007,0539661210,Mechanical Engineering,Mechanical Engineering,
3008,0539919110,Civil Engineering,Civil Engineering,
3009,0539924510,Computer Engineering,Computer Engineering,
3010,0539924610,Information Technology,Information Technology,
3011,0539929310,Electrical Engineering,Electrical Engineering,
3012,0539961210,Mechanical Engineering,Mechanical Engineering,
3013,0539992110,Artificial Intelligence and Machine Learning,Artificial Intelligence and Machine Learning,
3014,0540119110,Civil Engineering,Civil Engineering,
3015,0540124510,Computer Engineering,Computer Engineering,
3016,0540124610,Information Technology,Information Technology,
3017,0540126310,Artificial Intelligence (AI) and Data Science,Artificial Intelligence (AI) and Data Science,
3018,0540129310,Electrical Engineering,Electrical Engineering,
3019,0540161210,Mechanical Engineering,Mechanical Engineering,
3020,0540184410,Electronics and Computer Engineering,Electronics and Computer Engineering,
3021,0540819110,Civil Engineering,Civil Engineering,
3022,0540824510,Computer Engineering,Computer Engineering,
3023,0540829310,Electrical Engineering,Electrical Engineering,
3024,0540837210,Electronics and Telecommunication Engg,Electronics and Telecommunication Engg,
3025,0540861210,Mechanical Engineering,Mechanical Engineering,
3026,0540924510,Computer Engineering,Computer Engineering,
3027,0540929310,Electrical Engineering,Electrical Engineering,
3028,0540937210,Electronics and Telecommunication Engg,Electronics and Telecommunication Engg,
3029,0540961210,Mechanical Engineering,Mechanical Engineering,
3030,0541119110,Civil Engineering,Civil Engineering,
3031,0541124510,Computer Engineering,Computer Engineering,
3032,0541129310,Electrical Engineering,Electrical Engineering,
3033,0541137210,Electronics and Telecommunication Engg,Electronics and Telecommunication Engg,
3034,0541161210,Mechanical Engineering,Mechanical Engineering,
3035,0541819110,Civil Engineering,Civil Engineering,
3036,0541824510,Computer Engineering,Computer Engineering,
3037,0541826310,Artificial Intelligence (AI) and Data Science,Artificial Intelligence (AI) and Data Science,
3038,0541829310,Electrical Engineering,Electrical Engineering,
3039,0541861210,Mechanical Engineering,Mechanical Engineering,
3040,0541891610,Automation and Robotics,Automation and Robotics,
3041,0543324510,Computer Engineering,Computer Engineering,
3042,0543324610,Information Technology,Information Technology,
3043,0543384410,Electronics and Computer Engineering,Electronics and Computer Engineering,
3044,0543392110,Artificial Intelligence and Machine Learning,Artificial Intelligence and Machine Learning,
3045,0544919110,Civil Engineering,Civil Engineering,
3046,0544924510,Computer Engineering,Computer Engineering,
3047,0544924610,Information Technology,Information Technology,
3048,0544929310,Electrical Engineering,Electrical Engineering,
3049,0544961210,Mechanical Engineering,Mechanical Engineering,
3050,0544991710,Data Science,Data Science,
3051,0544992110,Artificial Intelligence and Machine Learning,Artificial Intelligence and Machine Learning,
3052,0549719110,Civil Engineering,Civil Engineering,
3053,0549724510,Computer Engineering,Computer Engineering,
3054,0549761210,Mechanical Engineering,Mechanical Engineering,
3055,0549791710,Data Science,Data Science,
3056,0550924510,Computer Engineering,Computer Engineering,
3057,0550924610,Information Technology,Information Technology,
3058,0550937210,Electronics and Telecommunication Engg,Electronics and Telecommunication Engg,
3059,0550999510,Artificial Intelligence and Data Science,Artificial Intelligence and Data Science,
3060,0551319110,Civil Engineering,Civil Engineering,
3061,0551324510,Computer Engineering,Computer Engineering,
3062,0551337210,Electronics and Telecommunication Engg,Electronics and Telecommunication Engg,
3063,0600419110,Civil Engineering,Civil Engineering,
3064,0600424510,Computer Engineering,Computer Engineering,
3065,0600437210,Electronics and Telecommunication Engg,Electronics and Telecommunication Engg,
3066,0600446410,Instrumentation and Control Engineering,Instrumentation and Control Engineering,
3067,0600460210,Automobile Engineering,Automobile Engineering,
3068,0600461210,Mechanical Engineering,Mechanical Engineering,
3069,0600529310,Electrical Engineering,Electrical Engineering,
3070,0600724210,Computer Science and Engineering,Computer Science and Engineering,
3071,0600729310,Electrical Engineering,Electrical Engineering,
3072,0602819110,Civil Engineering,Civil Engineering,
3073,0602825410,Computer Science and Technology,Computer Science and Technology,
3074,0602837210,Electronics and Telecommunication Engg,Electronics and Telecommunication Engg,
3075,0602850310,Food Technology,Food Technology,
3076,0602850710,Chemical Engineering,Chemical Engineering,
3077,0602861210,Mechanical Engineering,Mechanical Engineering,
3078,0603624210,Computer Science and Engineering,Computer Science and Engineering,
3079,0603626310,Artificial Intelligence (AI) and Data Science,Artificial Intelligence (AI) and Data Science,
3080,0603629310,Electrical Engineering,Electrical Engineering,
3081,0603637210,Electronics and Telecommunication Engg,Electronics and Telecommunication Engg,
3082,0603661510,Mechanical & Automation Engineering,Mechanical & Automation Engineering,
3083,0612219110,Civil Engineering,Civil Engineering,
3084,0612224510,Computer Engineering,Computer Engineering,
3085,0612237210,Electronics and Telecommunication Engg,Electronics and Telecommunication Engg,
3086,0612261210,Mechanical Engineering,Mechanical Engineering,
3087,0612291210,Computer Science and Engineering(Data Science),Computer Science and Engineering(Data Science),
3088,0613819110,Civil Engineering,Civil Engineering,
3089,0613824510,Computer Engineering,Computer Engineering,
3090,0613824610,Information Technology,Information Technology,
3091,0613826310,Artificial Intelligence (AI) and Data Science,Artificial Intelligence (AI) and Data Science,
3092,0613837210,Electronics and Telecommunication Engg,Electronics and Telecommunication Engg,
3093,0613861210,Mechanical Engineering,Mechanical Engineering,
3094,0613924510,Computer Engineering,Computer Engineering,
3095,0613924610,Information Technology,Information Technology,
3096,0613929310,Electrical Engineering,Electrical Engineering,
3097,0613937210,Electronics and Telecommunication Engg,Electronics and Telecommunication Engg,
3098,0613961210,Mechanical Engineering,Mechanical Engineering,
3099,0613984410,Electronics and Computer Engineering,Electronics and Computer Engineering,
3100,0613999510,Artificial Intelligence and Data Science,Artificial Intelligence and Data Science,
3101,0614124510,Computer Engineering,Computer Engineering,
3102,0614124610,Information Technology,Information Technology,
3103,0614126210,Computer Science and Business Systems,Computer Science and Business Systems,
3104,0614129310,Electrical Engineering,Electrical Engineering,
3105,0614137210,Electronics and Telecommunication Engg,Electronics and Telecommunication Engg,
3106,0614161210,Mechanical Engineering,Mechanical Engineering,
3107,0614191610,Automation and Robotics,Automation and Robotics,
3108,0614419110,Civil Engineering,Civil Engineering,
3109,0614424510,Computer Engineering,Computer Engineering,
3110,0614424610,Information Technology,Information Technology,
3111,0614437210,Electronics and Telecommunication Engg,Electronics and Telecommunication Engg,
3112,0614461210,Mechanical Engineering,Mechanical Engineering,
3113,0614492110,Artificial Intelligence and Machine Learning,Artificial Intelligence and Machine Learning,
3114,0614499510,Artificial Intelligence and Data Science,Artificial Intelligence and Data Science,
3115,0614524510,Computer Engineering,Computer Engineering,
3116,0614524610,Information Technology,Information Technology,
3117,0614526310,Artificial Intelligence (AI) and Data Science,Artificial Intelligence (AI) and Data Science,
3118,0614529310,Electrical Engineering,Electrical Engineering,
3119,0614537210,Electronics and Telecommunication Engg,Electronics and Telecommunication Engg,
3120,0614561210,Mechanical Engineering,Mechanical Engineering,
3121,0614624510,Computer Engineering,Computer Engineering,
3122,0614624610,Information Technology,Information Technology,
3123,0614650710,Chemical Engineering,Chemical Engineering,
3124,0614661210,Mechanical Engineering,Mechanical Engineering,
3125,0614691210,Computer Science and Engineering(Data Science),Computer Science and Engineering(Data Science),
3126,0614692710,Computer Engineering (Software Engineering),Computer Engineering (Software Engineering),
3127,0614919110,Civil Engineering,Civil Engineering,
3128,0614924510,Computer Engineering,Computer Engineering,
3129,0614924610,Information Technology,Information Technology,
3130,0614925310,Internet of Things (IoT),Internet of Things (IoT),
3131,0614937210,Electronics and Telecommunication Engg,Electronics and Telecommunication Engg,
3132,0614961210,Mechanical Engineering,Mechanical Engineering,
3133,0614984410,Electronics and Computer Engineering,Electronics and Computer Engineering,
3134,0614992110,Artificial Intelligence and Machine Learning,Artificial Intelligence and Machine Learning,
3135,0614999510,Artificial Intelligence and Data Science,Artificial Intelligence and Data Science,
3136,0615519110,Civil Engineering,Civil Engineering,
3137,0615524510,Computer Engineering,Computer Engineering,
3138,0615524610,Information Technology,Information Technology,
3139,0615526010,Computer Science and Engineering (Cyber Security),Computer Science and Engineering (Cyber Security),
3140,0615529310,Electrical Engineering,Electrical Engineering,
3141,0615537210,Electronics and Telecommunication Engg,Electronics and Telecommunication Engg,
3142,0615561210,Mechanical Engineering,Mechanical Engineering,
3143,0615591110,Computer Science and Engineering(Artificial Intelligence and Machine Learning),Computer Science and Engineering(Artificial Intelligence and Machine Learning),
3144,0615591210,Computer Science and Engineering(Data Science),Computer Science and Engineering(Data Science),
3145,0615591310,Computer Science and Engineering (Artificial Intelligence),Computer Science and Engineering (Artificial Intelligence),
3146,0615624510,Computer Engineering,Computer Engineering,
3147,0615624610,Information Technology,Information Technology,
3148,0615629310,Electrical Engineering,Electrical Engineering,
3149,0615637210,Electronics and Telecommunication Engg,Electronics and Telecommunication Engg,
3150,0615699510,Artificial Intelligence and Data Science,Artificial Intelligence and Data Science,
3151,0617524510,Computer Engineering,Computer Engineering,
3152,0617524610,Information Technology,Information Technology,
3153,0617537210,Electronics and Telecommunication Engg,Electronics and Telecommunication Engg,
3154,0617561210,Mechanical Engineering,Mechanical Engineering,
3155,0617591110,Computer Science and Engineering(Artificial Intelligence and Machine Learning),Computer Science and Engineering(Artificial Intelligence and Machine Learning),
3156,0617708210,Bio Technology,Bio Technology,
3157,0617719110,Civil Engineering,Civil Engineering,
3158,0617724510,Computer Engineering,Computer Engineering,
3159,0617724610,Information Technology,Information Technology,
3160,0617737210,Electronics and Telecommunication Engg,Electronics and Telecommunication Engg,
3161,0617750710,Chemical Engineering,Chemical Engineering,
3162,0617761210,Mechanical Engineering,Mechanical Engineering,
3163,0617824510,Computer Engineering,Computer Engineering,
3164,0617824610,Information Technology,Information Technology,
3165,0617837210,Electronics and Telecommunication Engg,Electronics and Telecommunication Engg,
3166,0617861210,Mechanical Engineering,Mechanical Engineering,
3167,0617924510,Computer Engineering,Computer Engineering,
3168,0617924610,Information Technology,Information Technology,
3169,0617937210,Electronics and Telecommunication Engg,Electronics and Telecommunication Engg,
3170,0617961210,Mechanical Engineering,Mechanical Engineering,
3171,0618219110,Civil Engineering,Civil Engineering,
3172,0618224510,Computer Engineering,Computer Engineering,
3173,0618224610,Information Technology,Information Technology,
3174,0618237210,Electronics and Telecommunication Engg,Electronics and Telecommunication Engg,
3175,0618261210,Mechanical Engineering,Mechanical Engineering,
3176,0618324510,Computer Engineering,Computer Engineering,
3177,0618337210,Electronics and Telecommunication Engg,Electronics and Telecommunication Engg,
3178,0618361210,Mechanical Engineering,Mechanical Engineering,
3179,0618419110,Civil Engineering,Civil Engineering,
3180,0618424510,Computer Engineering,Computer Engineering,
3181,0618424610,Information Technology,Information Technology,
3182,0618429310,Electrical Engineering,Electrical Engineering,
3183,0618437210,Electronics and Telecommunication Engg,Electronics and Telecommunication Engg,
3184,0618461210,Mechanical Engineering,Mechanical Engineering,
3185,0618524510,Computer Engineering,Computer Engineering,
3186,0618524610,Information Technology,Information Technology,
3187,0618529310,Electrical Engineering,Electrical Engineering,
3188,0618537210,Electronics and Telecommunication Engg,Electronics and Telecommunication Engg,
3189,0618561210,Mechanical Engineering,Mechanical Engineering,
3190,0618719110,Civil Engineering,Civil Engineering,
3191,0618724510,Computer Engineering,Computer Engineering,
3192,0618724610,Information Technology,Information Technology,
3193,0618737210,Electronics and Telecommunication Engg,Electronics and Telecommunication Engg,
3194,0618761210,Mechanical Engineering,Mechanical Engineering,
3195,0620319110,Civil Engineering,Civil Engineering,
3196,0620324510,Computer Engineering,Computer Engineering,
3197,0620326610,Robotics and Artificial Intelligence,Robotics and Artificial Intelligence,
3198,0620361210,Mechanical Engineering,Mechanical Engineering,
3199,0620362410,Mechatronics Engineering,Mechatronics Engineering,
3200,0620399510,Artificial Intelligence and Data Science,Artificial Intelligence and Data Science,
3201,0620624510,Computer Engineering,Computer Engineering,
3202,0620624610,Information Technology,Information Technology,
3203,0620637210,Electronics and Telecommunication Engg,Electronics and Telecommunication Engg,
3204,0620661210,Mechanical Engineering,Mechanical Engineering,
3205,0620699510,Artificial Intelligence and Data Science,Artificial Intelligence and Data Science,
3206,0620719110,Civil Engineering,Civil Engineering,
3207,0620724510,Computer Engineering,Computer Engineering,
3208,0620724610,Information Technology,Information Technology,
3209,0620729310,Electrical Engineering,Electrical Engineering,
3210,0620737210,Electronics and Telecommunication Engg,Electronics and Telecommunication Engg,
3211,0620746610,Instrumentation Engineering,Instrumentation Engineering,
3212,0620761210,Mechanical Engineering,Mechanical Engineering,
3213,0620791610,Automation and Robotics,Automation and Robotics,
3214,0620799510,Artificial Intelligence and Data Science,Artificial Intelligence and Data Science,
3215,0621419110,Civil Engineering,Civil Engineering,
3216,0621437210,Electronics and Telecommunication Engg,Electronics and Telecommunication Engg,
3217,0621462410,Mechatronics Engineering,Mechatronics Engineering,
3218,0621491110,Computer Science and Engineering(Artificial Intelligence and Machine Learning),Computer Science and Engineering(Artificial Intelligence and Machine Learning),
3219,0621719110,Civil Engineering,Civil Engineering,
3220,0621724210,Computer Science and Engineering,Computer Science and Engineering,
3221,0621726310,Artificial Intelligence (AI) and Data Science,Artificial Intelligence (AI) and Data Science,
3222,0621729310,Electrical Engineering,Electrical Engineering,
3223,0621737210,Electronics and Telecommunication Engg,Electronics and Telecommunication Engg,
3224,0621761210,Mechanical Engineering,Mechanical Engineering,
3225,0621784410,Electronics and Computer Engineering,Electronics and Computer Engineering,
3226,0621792110,Artificial Intelligence and Machine Learning,Artificial Intelligence and Machine Learning,
3227,0621919110,Civil Engineering,Civil Engineering,
3228,0621924210,Computer Science and Engineering,Computer Science and Engineering,
3229,0621929310,Electrical Engineering,Electrical Engineering,
3230,0621937210,Electronics and Telecommunication Engg,Electronics and Telecommunication Engg,
3231,0621946110,Bio Medical Engineering,Bio Medical Engineering,
3232,0621961210,Mechanical Engineering,Mechanical Engineering,
3233,0622019110,Civil Engineering,Civil Engineering,
3234,0622024210,Computer Science and Engineering,Computer Science and Engineering,
3235,0622037210,Electronics and Telecommunication Engg,Electronics and Telecommunication Engg,
3236,0622219110,Civil Engineering,Civil Engineering,
3237,0622224210,Computer Science and Engineering,Computer Science and Engineering,
3238,0622229310,Electrical Engineering,Electrical Engineering,
3239,0622237210,Electronics and Telecommunication Engg,Electronics and Telecommunication Engg,
3240,0622246510,Technical Textiles,Technical Textiles,
3241,0622257010,Fashion Technology,Fashion Technology,
3242,0622289010,Textile Chemistry,Textile Chemistry,
3243,0622291110,Computer Science and Engineering(Artificial Intelligence and Machine Learning),Computer Science and Engineering(Artificial Intelligence and Machine Learning),
3244,0622324210,Computer Science and Engineering,Computer Science and Engineering,
3245,0622329310,Electrical Engineering,Electrical Engineering,
3246,0622399510,Artificial Intelligence and Data Science,Artificial Intelligence and Data Science,
3247,0625019110,Civil Engineering,Civil Engineering,
3248,0625037210,Electronics and Telecommunication Engg,Electronics and Telecommunication Engg,
3249,0625091110,Computer Science and Engineering(Artificial Intelligence and Machine Learning),Computer Science and Engineering(Artificial Intelligence and Machine Learning),
3250,0625091210,Computer Science and Engineering(Data Science),Computer Science and Engineering(Data Science),
3251,0626519110,Civil Engineering,Civil Engineering,
3252,0626524210,Computer Science and Engineering,Computer Science and Engineering,
3253,0626524610,Information Technology,Information Technology,
3254,0626537210,Electronics and Telecommunication Engg,Electronics and Telecommunication Engg,
3255,0626561510,Mechanical & Automation Engineering,Mechanical & Automation Engineering,
3256,0626584410,Electronics and Computer Engineering,Electronics and Computer Engineering,
3257,0626708210,Bio Technology,Bio Technology,
3258,0626719110,Civil Engineering,Civil Engineering,
3259,0626724210,Computer Science and Engineering,Computer Science and Engineering,
3260,0626737210,Electronics and Telecommunication Engg,Electronics and Telecommunication Engg,
3261,0626826210,Computer Science and Business Systems,Computer Science and Business Systems,
3262,0626837210,Electronics and Telecommunication Engg,Electronics and Telecommunication Engg,
3263,0626850710,Chemical Engineering,Chemical Engineering,
3264,0626861210,Mechanical Engineering,Mechanical Engineering,
3265,0626919110,Civil Engineering,Civil Engineering,
3266,0626924210,Computer Science and Engineering,Computer Science and Engineering,
3267,0626937210,Electronics and Telecommunication Engg,Electronics and Telecommunication Engg,
3268,0626946410,Instrumentation and Control Engineering,Instrumentation and Control Engineering,
3269,0626950710,Chemical Engineering,Chemical Engineering,
3270,0626961210,Mechanical Engineering,Mechanical Engineering,
3271,0626990010,Electronics and Computer Science,Electronics and Computer Science,
3272,0626992510,Computer Science and Engineering (Artificial Intelligence and Data Science),Computer Science and Engineering (Artificial Intelligence and Data Science),
3273,0626992610,Electrical and Computer Engineering,Electrical and Computer Engineering,
3274,0627019110,Civil Engineering,Civil Engineering,
3275,0627024210,Computer Science and Engineering,Computer Science and Engineering,
3276,0627037210,Electronics and Telecommunication Engg,Electronics and Telecommunication Engg,
3277,0627061210,Mechanical Engineering,Mechanical Engineering,
3278,0627099510,Artificial Intelligence and Data Science,Artificial Intelligence and Data Science,
3279,0627124510,Computer Engineering,Computer Engineering,
3280,0627124610,Information Technology,Information Technology,
3281,0627137210,Electronics and Telecommunication Engg,Electronics and Telecommunication Engg,
3282,0627219110,Civil Engineering,Civil Engineering,
3283,0627224510,Computer Engineering,Computer Engineering,
3284,0627224610,Information Technology,Information Technology,
3285,0627237210,Electronics and Telecommunication Engg,Electronics and Telecommunication Engg,
3286,0627246610,Instrumentation Engineering,Instrumentation Engineering,
3287,0627261210,Mechanical Engineering,Mechanical Engineering,
3288,0627299510,Artificial Intelligence and Data Science,Artificial Intelligence and Data Science,
3289,0627319110,Civil Engineering,Civil Engineering,
3290,0627324510,Computer Engineering,Computer Engineering,
3291,0627324610,Information Technology,Information Technology,
3292,0627337210,Electronics and Telecommunication Engg,Electronics and Telecommunication Engg,
3293,0627391110,Computer Science and Engineering(Artificial Intelligence and Machine Learning),Computer Science and Engineering(Artificial Intelligence and Machine Learning),
3294,0627391210,Computer Science and Engineering(Data Science),Computer Science and Engineering(Data Science),
3295,0627391310,Computer Science and Engineering (Artificial Intelligence),Computer Science and Engineering (Artificial Intelligence),
3296,0627392010,Computer Science and Engineering (Internet of Things and Cyber Security Including Block Chain,Computer Science and Engineering (Internet of Things and Cyber Security Including Block Chain,
3297,0627392710,Computer Engineering (Software Engineering),Computer Engineering (Software Engineering),
3298,0627399510,Artificial Intelligence and Data Science,Artificial Intelligence and Data Science,
3299,0627424510,Computer Engineering,Computer Engineering,
3300,0627424610,Information Technology,Information Technology,
3301,0627429310,Electrical Engineering,Electrical Engineering,
3302,0627437210,Electronics and Telecommunication Engg,Electronics and Telecommunication Engg,
3303,0627461210,Mechanical Engineering,Mechanical Engineering,
3304,0627484110,Printing and Packing Technology,Printing and Packing Technology,
3305,0627499510,Artificial Intelligence and Data Science,Artificial Intelligence and Data Science,
3306,0627519110,Civil Engineering,Civil Engineering,
3307,0627524510,Computer Engineering,Computer Engineering,
3308,0627524610,Information Technology,Information Technology,
3309,0627529310,Electrical Engineering,Electrical Engineering,
3310,0627537210,Electronics and Telecommunication Engg,Electronics and Telecommunication Engg,
3311,0627561210,Mechanical Engineering,Mechanical Engineering,
3312,0627562410,Mechatronics Engineering,Mechatronics Engineering,
3313,0627724610,Information Technology,Information Technology,
3314,0627726310,Artificial Intelligence (AI) and Data Science,Artificial Intelligence (AI) and Data Science,
3315,0627737210,Electronics and Telecommunication Engg,Electronics and Telecommunication Engg,
3316,0627761210,Mechanical Engineering,Mechanical Engineering,
3317,0627819110,Civil Engineering,Civil Engineering,
3318,0627821910,Robotics and Automation,Robotics and Automation,
3319,0627824510,Computer Engineering,Computer Engineering,
3320,0627829310,Electrical Engineering,Electrical Engineering,
3321,0627837210,Electronics and Telecommunication Engg,Electronics and Telecommunication Engg,
3322,0627837810,Electronics Engineering ( VLSI Design and Technology),Electronics Engineering ( VLSI Design and Technology),
3323,0627850710,Chemical Engineering,Chemical Engineering,
3324,0627861210,Mechanical Engineering,Mechanical Engineering,
3325,0627862510,Mechanical Engineering[Sandwich],Mechanical Engineering[Sandwich],
3326,0627892110,Artificial Intelligence and Machine Learning,Artificial Intelligence and Machine Learning,
3327,0628124510,Computer Engineering,Computer Engineering,
3328,0628137210,Electronics and Telecommunication Engg,Electronics and Telecommunication Engg,
3329,0628161210,Mechanical Engineering,Mechanical Engineering,
3330,0628191610,Automation and Robotics,Automation and Robotics,
3331,0628224510,Computer Engineering,Computer Engineering,
3332,0628224610,Information Technology,Information Technology,
3333,0628229310,Electrical Engineering,Electrical Engineering,
3334,0628237210,Electronics and Telecommunication Engg,Electronics and Telecommunication Engg,
3335,0628246610,Instrumentation Engineering,Instrumentation Engineering,
3336,0628299510,Artificial Intelligence and Data Science,Artificial Intelligence and Data Science,
3337,0628300210,Aeronautical Engineering,Aeronautical Engineering,
3338,0628324210,Computer Science and Engineering,Computer Science and Engineering,
3339,0628326310,Artificial Intelligence (AI) and Data Science,Artificial Intelligence (AI) and Data Science,
3340,0628329310,Electrical Engineering,Electrical Engineering,
3341,0628350310,Food Technology,Food Technology,
3342,0628361210,Mechanical Engineering,Mechanical Engineering,
3343,0628419110,Civil Engineering,Civil Engineering,
3344,0628424510,Computer Engineering,Computer Engineering,
3345,0628429310,Electrical Engineering,Electrical Engineering,
3346,0628461210,Mechanical Engineering,Mechanical Engineering,
3347,0628499510,Artificial Intelligence and Data Science,Artificial Intelligence and Data Science,
3348,0628819110,Civil Engineering,Civil Engineering,
3349,0628824210,Computer Science and Engineering,Computer Science and Engineering,
3350,0628837210,Electronics and Telecommunication Engg,Electronics and Telecommunication Engg,
3351,0628861210,Mechanical Engineering,Mechanical Engineering,
3352,0628891110,Computer Science and Engineering(Artificial Intelligence and Machine Learning),Computer Science and Engineering(Artificial Intelligence and Machine Learning),
3353,0629324210,Computer Science and Engineering,Computer Science and Engineering,
3354,0629329310,Electrical Engineering,Electrical Engineering,
3355,0629337210,Electronics and Telecommunication Engg,Electronics and Telecommunication Engg,
3356,0629361210,Mechanical Engineering,Mechanical Engineering,
3357,0629821910,Robotics and Automation,Robotics and Automation,
3358,0629824510,Computer Engineering,Computer Engineering,
3359,0629837210,Electronics and Telecommunication Engg,Electronics and Telecommunication Engg,
3360,0629861210,Mechanical Engineering,Mechanical Engineering,
3361,0629884410,Electronics and Computer Engineering,Electronics and Computer Engineering,
3362,0629892110,Artificial Intelligence and Machine Learning,Artificial Intelligence and Machine Learning,
3363,0629899510,Artificial Intelligence and Data Science,Artificial Intelligence and Data Science,
3364,0630319110,Civil Engineering,Civil Engineering,
3365,0630324210,Computer Science and Engineering,Computer Science and Engineering,
3366,0630337210,Electronics and Telecommunication Engg,Electronics and Telecommunication Engg,
3367,0630361210,Mechanical Engineering,Mechanical Engineering,
3368,0630399510,Artificial Intelligence and Data Science,Artificial Intelligence and Data Science,
3369,0630419110,Civil Engineering,Civil Engineering,
3370,0630424210,Computer Science and Engineering,Computer Science and Engineering,
3371,0630429310,Electrical Engineering,Electrical Engineering,
3372,0630437210,Electronics and Telecommunication Engg,Electronics and Telecommunication Engg,
3373,0630461210,Mechanical Engineering,Mechanical Engineering,
3374,0630492110,Artificial Intelligence and Machine Learning,Artificial Intelligence and Machine Learning,
3375,0630492610,Electrical and Computer Engineering,Electrical and Computer Engineering,
3376,0630524210,Computer Science and Engineering,Computer Science and Engineering,
3377,0630524610,Information Technology,Information Technology,
3378,0630537210,Electronics and Telecommunication Engg,Electronics and Telecommunication Engg,
3379,0630561210,Mechanical Engineering,Mechanical Engineering,
3380,0630724510,Computer Engineering,Computer Engineering,
3381,0630724610,Information Technology,Information Technology,
3382,0630737210,Electronics and Telecommunication Engg,Electronics and Telecommunication Engg,
3383,0630760210,Automobile Engineering,Automobile Engineering,
3384,0630819110,Civil Engineering,Civil Engineering,
3385,0630824510,Computer Engineering,Computer Engineering,
3386,0630837210,Electronics and Telecommunication Engg,Electronics and Telecommunication Engg,
3387,0630861210,Mechanical Engineering,Mechanical Engineering,
3388,0631024210,Computer Science and Engineering,Computer Science and Engineering,
3389,0631024510,Computer Engineering,Computer Engineering,
3390,0631024610,Information Technology,Information Technology,
3391,0631037210,Electronics and Telecommunication Engg,Electronics and Telecommunication Engg,
3392,0631061210,Mechanical Engineering,Mechanical Engineering,
3393,0631091310,Computer Science and Engineering (Artificial Intelligence),Computer Science and Engineering (Artificial Intelligence),
3394,0631099510,Artificial Intelligence and Data Science,Artificial Intelligence and Data Science,
3395,0631124510,Computer Engineering,Computer Engineering,
3396,0631124610,Information Technology,Information Technology,
3397,0631129310,Electrical Engineering,Electrical Engineering,
3398,0631137210,Electronics and Telecommunication Engg,Electronics and Telecommunication Engg,
3399,0631161210,Mechanical Engineering,Mechanical Engineering,
3400,0631319110,Civil Engineering,Civil Engineering,
3401,0631324510,Computer Engineering,Computer Engineering,
3402,0631329310,Electrical Engineering,Electrical Engineering,
3403,0631337210,Electronics and Telecommunication Engg,Electronics and Telecommunication Engg,
3404,0631361210,Mechanical Engineering,Mechanical Engineering,
3405,0631519110,Civil Engineering,Civil Engineering,
3406,0631524210,Computer Science and Engineering,Computer Science and Engineering,
3407,0631529310,Electrical Engineering,Electrical Engineering,
3408,0631561210,Mechanical Engineering,Mechanical Engineering,
3409,0631584410,Electronics and Computer Engineering,Electronics and Computer Engineering,
3410,0631592110,Artificial Intelligence and Machine Learning,Artificial Intelligence and Machine Learning,
3411,0631724210,Computer Science and Engineering,Computer Science and Engineering,
3412,0631729310,Electrical Engineering,Electrical Engineering,
3413,0631762410,Mechatronics Engineering,Mechatronics Engineering,
3414,0631784410,Electronics and Computer Engineering,Electronics and Computer Engineering,
3415,0631791610,Automation and Robotics,Automation and Robotics,
3416,0631824210,Computer Science and Engineering,Computer Science and Engineering,
3417,0631826310,Artificial Intelligence (AI) and Data Science,Artificial Intelligence (AI) and Data Science,
3418,0631829310,Electrical Engineering,Electrical Engineering,
3419,0631861210,Mechanical Engineering,Mechanical Engineering,
3420,0631884410,Electronics and Computer Engineering,Electronics and Computer Engineering,
3421,0631919110,Civil Engineering,Civil Engineering,
3422,0631924510,Computer Engineering,Computer Engineering,
3423,0631924610,Information Technology,Information Technology,
3424,0631926310,Artificial Intelligence (AI) and Data Science,Artificial Intelligence (AI) and Data Science,
3425,0631929310,Electrical Engineering,Electrical Engineering,
3426,0631937210,Electronics and Telecommunication Engg,Electronics and Telecommunication Engg,
3427,0631961210,Mechanical Engineering,Mechanical Engineering,
3428,0632019110,Civil Engineering,Civil Engineering,
3429,0632024510,Computer Engineering,Computer Engineering,
3430,0632029310,Electrical Engineering,Electrical Engineering,
3431,0632037210,Electronics and Telecommunication Engg,Electronics and Telecommunication Engg,
3432,0632037810,Electronics Engineering ( VLSI Design and Technology),Electronics Engineering ( VLSI Design and Technology),
3433,0632061210,Mechanical Engineering,Mechanical Engineering,
3434,0632092810,Electronics and Communication(Advanced Communication Technology),Electronics and Communication(Advanced Communication Technology),
3435,0632119110,Civil Engineering,Civil Engineering,
3436,0632124210,Computer Science and Engineering,Computer Science and Engineering,
3437,0632129310,Electrical Engineering,Electrical Engineering,
3438,0632137210,Electronics and Telecommunication Engg,Electronics and Telecommunication Engg,
3439,0632161210,Mechanical Engineering,Mechanical Engineering,
3440,0632199510,Artificial Intelligence and Data Science,Artificial Intelligence and Data Science,
3441,0632224510,Computer Engineering,Computer Engineering,
3442,0632237210,Electronics and Telecommunication Engg,Electronics and Telecommunication Engg,
3443,0632261210,Mechanical Engineering,Mechanical Engineering,
3444,0632292110,Artificial Intelligence and Machine Learning,Artificial Intelligence and Machine Learning,
3445,0632419110,Civil Engineering,Civil Engineering,
3446,0632424510,Computer Engineering,Computer Engineering,
3447,0632426310,Artificial Intelligence (AI) and Data Science,Artificial Intelligence (AI) and Data Science,
3448,0632437210,Electronics and Telecommunication Engg,Electronics and Telecommunication Engg,
3449,0632461210,Mechanical Engineering,Mechanical Engineering,
3450,0632519110,Civil Engineering,Civil Engineering,
3451,0632524510,Computer Engineering,Computer Engineering,
3452,0632525710,Computer Science and Design,Computer Science and Design,
3453,0632529310,Electrical Engineering,Electrical Engineering,
3454,0632537210,Electronics and Telecommunication Engg,Electronics and Telecommunication Engg,
3455,0632537810,Electronics Engineering ( VLSI Design and Technology),Electronics Engineering ( VLSI Design and Technology),
3456,0632561210,Mechanical Engineering,Mechanical Engineering,
3457,0632592110,Artificial Intelligence and Machine Learning,Artificial Intelligence and Machine Learning,
3458,0632593310,Electronics and Communication (Advanced Communication Technology),Electronics and Communication (Advanced Communication Technology),
3459,0632619110,Civil Engineering,Civil Engineering,
3460,0632624210,Computer Science and Engineering,Computer Science and Engineering,
3461,0632637210,Electronics and Telecommunication Engg,Electronics and Telecommunication Engg,
3462,0632661210,Mechanical Engineering,Mechanical Engineering,
3463,0640224210,Computer Science and Engineering,Computer Science and Engineering,
3464,0640225910,Mechanical and Mechatronics Engineering (Additive Manufacturing),Mechanical and Mechatronics Engineering (Additive Manufacturing),
3465,0640257310,"Electrical, Electronics and Power","Electrical, Electronics and Power",
3466,0640291110,Computer Science and Engineering(Artificial Intelligence and Machine Learning),Computer Science and Engineering(Artificial Intelligence and Machine Learning),
3467,0644419110,Civil Engineering,Civil Engineering,
3468,0644424510,Computer Engineering,Computer Engineering,
3469,0644461210,Mechanical Engineering,Mechanical Engineering,
3470,0646619110,Civil Engineering,Civil Engineering,
3471,0646624210,Computer Science and Engineering,Computer Science and Engineering,
3472,0646629310,Electrical Engineering,Electrical Engineering,
3473,0646661210,Mechanical Engineering,Mechanical Engineering,
3474,0646824210,Computer Science and Engineering,Computer Science and Engineering,
3475,0646829310,Electrical Engineering,Electrical Engineering,
3476,0646837210,Electronics and Telecommunication Engg,Electronics and Telecommunication Engg,
3477,0646884410,Electronics and Computer Engineering,Electronics and Computer Engineering,
3478,0646891110,Computer Science and Engineering(Artificial Intelligence and Machine Learning),Computer Science and Engineering(Artificial Intelligence and Machine Learning),
3479,0654519110,Civil Engineering,Civil Engineering,
3480,0654524210,Computer Science and Engineering,Computer Science and Engineering,
3481,0654526310,Artificial Intelligence (AI) and Data Science,Artificial Intelligence (AI) and Data Science,
3482,0654529310,Electrical Engineering,Electrical Engineering,
3483,0654537210,Electronics and Telecommunication Engg,Electronics and Telecommunication Engg,
3484,0654561210,Mechanical Engineering,Mechanical Engineering,
3485,0660919110,Civil Engineering,Civil Engineering,
3486,0660924510,Computer Engineering,Computer Engineering,
3487,0660926310,Artificial Intelligence (AI) and Data Science,Artificial Intelligence (AI) and Data Science,
3488,0660937210,Electronics and Telecommunication Engg,Electronics and Telecommunication Engg,
3489,0660961210,Mechanical Engineering,Mechanical Engineering,
3490,0662224510,Computer Engineering,Computer Engineering,
3491,0662237210,Electronics and Telecommunication Engg,Electronics and Telecommunication Engg,
3492,0662237810,Electronics Engineering ( VLSI Design and Technology),Electronics Engineering ( VLSI Design and Technology),
3493,0662256610,Computer Science,Computer Science,
3494,0662261210,Mechanical Engineering,Mechanical Engineering,
3495,0662292110,Artificial Intelligence and Machine Learning,Artificial Intelligence and Machine Learning,
3496,0662299510,Artificial Intelligence and Data Science,Artificial Intelligence and Data Science,
3497,0662819110,Civil Engineering,Civil Engineering,
3498,0662824510,Computer Engineering,Computer Engineering,
3499,0662824610,Information Technology,Information Technology,
3500,0662829310,Electrical Engineering,Electrical Engineering,
3501,0662861210,Mechanical Engineering,Mechanical Engineering,
3502,0662884410,Electronics and Computer Engineering,Electronics and Computer Engineering,
3503,0663219110,Civil Engineering,Civil Engineering,
3504,0663224510,Computer Engineering,Computer Engineering,
3505,0663229310,Electrical Engineering,Electrical Engineering,
3506,0663237210,Electronics and Telecommunication Engg,Electronics and Telecommunication Engg,
3507,0663261210,Mechanical Engineering,Mechanical Engineering,
3508,0663292110,Artificial Intelligence and Machine Learning,Artificial Intelligence and Machine Learning,
3509,0663419110,Civil Engineering,Civil Engineering,
3510,0663424510,Computer Engineering,Computer Engineering,
3511,0663424610,Information Technology,Information Technology,
3512,0663437210,Electronics and Telecommunication Engg,Electronics and Telecommunication Engg,
3513,0663461210,Mechanical Engineering,Mechanical Engineering,
3514,0663519110,Civil Engineering,Civil Engineering,
3515,0663524510,Computer Engineering,Computer Engineering,
3516,0663529310,Electrical Engineering,Electrical Engineering,
3517,0663537210,Electronics and Telecommunication Engg,Electronics and Telecommunication Engg,
3518,0663561210,Mechanical Engineering,Mechanical Engineering,
3519,0663591210,Computer Science and Engineering(Data Science),Computer Science and Engineering(Data Science),
3520,0663592110,Artificial Intelligence and Machine Learning,Artificial Intelligence and Machine Learning,
3521,0664019110,Civil Engineering,Civil Engineering,
3522,0664024210,Computer Science and Engineering,Computer Science and Engineering,
3523,0664029310,Electrical Engineering,Electrical Engineering,
3524,0664037210,Electronics and Telecommunication Engg,Electronics and Telecommunication Engg,
3525,0664061210,Mechanical Engineering,Mechanical Engineering,
3526,0664319110,Civil Engineering,Civil Engineering,
3527,0664324210,Computer Science and Engineering,Computer Science and Engineering,
3528,0664329310,Electrical Engineering,Electrical Engineering,
3529,0664337210,Electronics and Telecommunication Engg,Electronics and Telecommunication Engg,
3530,0664361210,Mechanical Engineering,Mechanical Engineering,
3531,0664419110,Civil Engineering,Civil Engineering,
3532,0664424510,Computer Engineering,Computer Engineering,
3533,0664429310,Electrical Engineering,Electrical Engineering,
3534,0664437210,Electronics and Telecommunication Engg,Electronics and Telecommunication Engg,
3535,0664461210,Mechanical Engineering,Mechanical Engineering,
3536,0664490010,Electronics and Computer Science,Electronics and Computer Science,
3537,0664491110,Computer Science and Engineering(Artificial Intelligence and Machine Learning),Computer Science and Engineering(Artificial Intelligence and Machine Learning),
3538,0664919110,Civil Engineering,Civil Engineering,
3539,0664924510,Computer Engineering,Computer Engineering,
3540,0664929310,Electrical Engineering,Electrical Engineering,
3541,0664937210,Electronics and Telecommunication Engg,Electronics and Telecommunication Engg,
3542,0664961210,Mechanical Engineering,Mechanical Engineering,
3543,0671424210,Computer Science and Engineering,Computer Science and Engineering,
3544,0671429310,Electrical Engineering,Electrical Engineering,
3545,0671437210,Electronics and Telecommunication Engg,Electronics and Telecommunication Engg,
3546,0671461210,Mechanical Engineering,Mechanical Engineering,
3547,0673219110,Civil Engineering,Civil Engineering,
3548,0673224510,Computer Engineering,Computer Engineering,
3549,0673237210,Electronics and Telecommunication Engg,Electronics and Telecommunication Engg,
3550,0673261210,Mechanical Engineering,Mechanical Engineering,
3551,0673299510,Artificial Intelligence and Data Science,Artificial Intelligence and Data Science,
3552,0675424510,Computer Engineering,Computer Engineering,
3553,0675424610,Information Technology,Information Technology,
3554,0675437210,Electronics and Telecommunication Engg,Electronics and Telecommunication Engg,
3555,0675519110,Civil Engineering,Civil Engineering,
3556,0675524510,Computer Engineering,Computer Engineering,
3557,0675526310,Artificial Intelligence (AI) and Data Science,Artificial Intelligence (AI) and Data Science,
3558,0675537210,Electronics and Telecommunication Engg,Electronics and Telecommunication Engg,
3559,0675561210,Mechanical Engineering,Mechanical Engineering,
3560,0675619110,Civil Engineering,Civil Engineering,
3561,0675624210,Computer Science and Engineering,Computer Science and Engineering,
3562,0675629310,Electrical Engineering,Electrical Engineering,
3563,0675637210,Electronics and Telecommunication Engg,Electronics and Telecommunication Engg,
3564,0675661210,Mechanical Engineering,Mechanical Engineering,
3565,0675699510,Artificial Intelligence and Data Science,Artificial Intelligence and Data Science,
3566,0675719110,Civil Engineering,Civil Engineering,
3567,0675724210,Computer Science and Engineering,Computer Science and Engineering,
3568,0675726010,Computer Science and Engineering (Cyber Security),Computer Science and Engineering (Cyber Security),
3569,0675726310,Artificial Intelligence (AI) and Data Science,Artificial Intelligence (AI) and Data Science,
3570,0675726610,Robotics and Artificial Intelligence,Robotics and Artificial Intelligence,
3571,0675729310,Electrical Engineering,Electrical Engineering,
3572,0675737210,Electronics and Telecommunication Engg,Electronics and Telecommunication Engg,
3573,0675761210,Mechanical Engineering,Mechanical Engineering,
3574,0675762410,Mechatronics Engineering,Mechatronics Engineering,
3575,0675819110,Civil Engineering,Civil Engineering,
3576,0675824510,Computer Engineering,Computer Engineering,
3577,0675837210,Electronics and Telecommunication Engg,Electronics and Telecommunication Engg,
3578,0675892110,Artificial Intelligence and Machine Learning,Artificial Intelligence and Machine Learning,
3579,0675899510,Artificial Intelligence and Data Science,Artificial Intelligence and Data Science,
3580,0675919110,Civil Engineering,Civil Engineering,
3581,0675924510,Computer Engineering,Computer Engineering,
3582,0675929310,Electrical Engineering,Electrical Engineering,
3583,0675961210,Mechanical Engineering,Mechanical Engineering,
3584,0675999510,Artificial Intelligence and Data Science,Artificial Intelligence and Data Science,
3585,0676219110,Civil Engineering,Civil Engineering,
3586,0676224210,Computer Science and Engineering,Computer Science and Engineering,
3587,0676229310,Electrical Engineering,Electrical Engineering,
3588,0676237210,Electronics and Telecommunication Engg,Electronics and Telecommunication Engg,
3589,0676261210,Mechanical Engineering,Mechanical Engineering,
3590,0676619110,Civil Engineering,Civil Engineering,
3591,0676624510,Computer Engineering,Computer Engineering,
3592,0676637210,Electronics and Telecommunication Engg,Electronics and Telecommunication Engg,
3593,0676661210,Mechanical Engineering,Mechanical Engineering,
3594,0676699510,Artificial Intelligence and Data Science,Artificial Intelligence and Data Science,
3595,0676719110,Civil Engineering,Civil Engineering,
3596,0676724510,Computer Engineering,Computer Engineering,
3597,0676761210,Mechanical Engineering,Mechanical Engineering,
3598,0676791210,Computer Science and Engineering(Data Science),Computer Science and Engineering(Data Science),
3599,0676799510,Artificial Intelligence and Data Science,Artificial Intelligence and Data Science,
3600,0676824510,Computer Engineering,Computer Engineering,
3601,0676861210,Mechanical Engineering,Mechanical Engineering,
3602,0676919110,Civil Engineering,Civil Engineering,
3603,0676924510,Computer Engineering,Computer Engineering,
3604,0676924610,Information Technology,Information Technology,
3605,0676937210,Electronics and Telecommunication Engg,Electronics and Telecommunication Engg,
3606,0676961210,Mechanical Engineering,Mechanical Engineering,
3607,0677024510,Computer Engineering,Computer Engineering,
3608,0677024610,Information Technology,Information Technology,
3609,0677119110,Civil Engineering,Civil Engineering,
3610,0677124510,Computer Engineering,Computer Engineering,
3611,0677161210,Mechanical Engineering,Mechanical Engineering,
3612,0677224510,Computer Engineering,Computer Engineering,
3613,0677224610,Information Technology,Information Technology,
3614,0677229310,Electrical Engineering,Electrical Engineering,
3615,0677237210,Electronics and Telecommunication Engg,Electronics and Telecommunication Engg,
3616,0677261210,Mechanical Engineering,Mechanical Engineering,
3617,0678019110,Civil Engineering,Civil Engineering,
3618,0678024210,Computer Science and Engineering,Computer Science and Engineering,
3619,0678029310,Electrical Engineering,Electrical Engineering,
3620,0678091210,Computer Science and Engineering(Data Science),Computer Science and Engineering(Data Science),
3621,0678119110,Civil Engineering,Civil Engineering,
3622,0678124210,Computer Science and Engineering,Computer Science and Engineering,
3623,0678137210,Electronics and Telecommunication Engg,Electronics and Telecommunication Engg,
3624,0678161210,Mechanical Engineering,Mechanical Engineering,
3625,0678219110,Civil Engineering,Civil Engineering,
3626,0678224210,Computer Science and Engineering,Computer Science and Engineering,
3627,0678229310,Electrical Engineering,Electrical Engineering,
3628,0678237210,Electronics and Telecommunication Engg,Electronics and Telecommunication Engg,
3629,0678261210,Mechanical Engineering,Mechanical Engineering,
3630,0678299510,Artificial Intelligence and Data Science,Artificial Intelligence and Data Science,
3631,0679419110,Civil Engineering,Civil Engineering,
3632,0679424510,Computer Engineering,Computer Engineering,
3633,0679424610,Information Technology,Information Technology,
3634,0679437210,Electronics and Telecommunication Engg,Electronics and Telecommunication Engg,
3635,0679437810,Electronics Engineering ( VLSI Design and Technology),Electronics Engineering ( VLSI Design and Technology),
3636,0679461210,Mechanical Engineering,Mechanical Engineering,
3637,0679492810,Electronics and Communication(Advanced Communication Technology),Electronics and Communication(Advanced Communication Technology),
3638,0679499510,Artificial Intelligence and Data Science,Artificial Intelligence and Data Science,
3639,0679519110,Civil Engineering,Civil Engineering,
3640,0679524510,Computer Engineering,Computer Engineering,
3641,0679529310,Electrical Engineering,Electrical Engineering,
3642,0679561210,Mechanical Engineering,Mechanical Engineering,
3643,0679619110,Civil Engineering,Civil Engineering,
3644,0679624510,Computer Engineering,Computer Engineering,
3645,0679637210,Electronics and Telecommunication Engg,Electronics and Telecommunication Engg,
3646,0679661210,Mechanical Engineering,Mechanical Engineering,
3647,0679719110,Civil Engineering,Civil Engineering,
3648,0679724210,Computer Science and Engineering,Computer Science and Engineering,
3649,0679725910,Mechanical and Mechatronics Engineering (Additive Manufacturing),Mechanical and Mechatronics Engineering (Additive Manufacturing),
3650,0679729310,Electrical Engineering,Electrical Engineering,
3651,0679737210,Electronics and Telecommunication Engg,Electronics and Telecommunication Engg,
3652,0679924210,Computer Science and Engineering,Computer Science and Engineering,
3653,0679924510,Computer Engineering,Computer Engineering,
3654,0679929310,Electrical Engineering,Electrical Engineering,
3655,0680319110,Civil Engineering,Civil Engineering,
3656,0680324210,Computer Science and Engineering,Computer Science and Engineering,
3657,0680329310,Electrical Engineering,Electrical Engineering,
3658,0680337210,Electronics and Telecommunication Engg,Electronics and Telecommunication Engg,
3659,0680361210,Mechanical Engineering,Mechanical Engineering,
3660,0680824510,Computer Engineering,Computer Engineering,
3661,0680826310,Artificial Intelligence (AI) and Data Science,Artificial Intelligence (AI) and Data Science,
3662,0680837210,Electronics and Telecommunication Engg,Electronics and Telecommunication Engg,
3663,0680861210,Mechanical Engineering,Mechanical Engineering,
3664,0681119110,Civil Engineering,Civil Engineering,
3665,0681124210,Computer Science and Engineering,Computer Science and Engineering,
3666,0681129310,Electrical Engineering,Electrical Engineering,
3667,0681137210,Electronics and Telecommunication Engg,Electronics and Telecommunication Engg,
3668,0681161210,Mechanical Engineering,Mechanical Engineering,
3669,0681519110,Civil Engineering,Civil Engineering,
3670,0681524510,Computer Engineering,Computer Engineering,
3671,0682219110,Civil Engineering,Civil Engineering,
3672,0682224510,Computer Engineering,Computer Engineering,
3673,0682224610,Information Technology,Information Technology,
3674,0682237210,Electronics and Telecommunication Engg,Electronics and Telecommunication Engg,
3675,0682261210,Mechanical Engineering,Mechanical Engineering,
3676,0683424510,Computer Engineering,Computer Engineering,
3677,0683426310,Artificial Intelligence (AI) and Data Science,Artificial Intelligence (AI) and Data Science,
3678,0683919110,Civil Engineering,Civil Engineering,
3679,0683924210,Computer Science and Engineering,Computer Science and Engineering,
3680,0683929310,Electrical Engineering,Electrical Engineering,
3681,0683991210,Computer Science and Engineering(Data Science),Computer Science and Engineering(Data Science),
3682,0687819110,Civil Engineering,Civil Engineering,
3683,0687824210,Computer Science and Engineering,Computer Science and Engineering,
3684,0687825910,Mechanical and Mechatronics Engineering (Additive Manufacturing),Mechanical and Mechatronics Engineering (Additive Manufacturing),
3685,0687890010,Electronics and Computer Science,Electronics and Computer Science,
3686,0687891110,Computer Science and Engineering(Artificial Intelligence and Machine Learning),Computer Science and Engineering(Artificial Intelligence and Machine Learning),
3687,0687892610,Electrical and Computer Engineering,Electrical and Computer Engineering,
3688,0690119110,Civil Engineering,Civil Engineering,
3689,0690124210,Computer Science and Engineering,Computer Science and Engineering,
3690,0690137210,Electronics and Telecommunication Engg,Electronics and Telecommunication Engg,
3691,0690161210,Mechanical Engineering,Mechanical Engineering,
3692,0690184410,Electronics and Computer Engineering,Electronics and Computer Engineering,
3693,0699124510,Computer Engineering,Computer Engineering,
3694,0699156610,Computer Science,Computer Science,
3695,0699184410,Electronics and Computer Engineering,Electronics and Computer Engineering,
3696,0699199510,Artificial Intelligence and Data Science,Artificial Intelligence and Data Science,
3697,1400550110,Plastic and Polymer Engineering,Plastic and Polymer Engineering,
3698,1400550310,Food Technology,Food Technology,
3699,1400550710,Chemical Engineering,Chemical Engineering,
3700,1400552410,Paper and Pulp Technology,Paper and Pulp Technology,
3701,1400572910,Surface Coating Technology,Surface Coating Technology,
3702,1600624210,Computer Science and Engineering,Computer Science and Engineering,
3703,1600637210,Electronics and Telecommunication Engg,Electronics and Telecommunication Engg,
3704,1600646410,Instrumentation and Control Engineering,Instrumentation and Control Engineering,
3705,1600661210,Mechanical Engineering,Mechanical Engineering,
3706,1612119110,Civil Engineering,Civil Engineering,
3707,1612124510,Computer Engineering,Computer Engineering,
3708,1612126310,Artificial Intelligence (AI) and Data Science,Artificial Intelligence (AI) and Data Science,
3709,1612129310,Electrical Engineering,Electrical Engineering,
3710,1612161210,Mechanical Engineering,Mechanical Engineering,
3711,1612624210,Computer Science and Engineering,Computer Science and Engineering,
3712,1612626210,Computer Science and Business Systems,Computer Science and Business Systems,
3713,1612629310,Electrical Engineering,Electrical Engineering,
3714,0200824210,Computer Science and Engineering,Computer Science and Engineering,
3715,0202024610,Information Technology,Information Technology,
3716,0214619110,Civil Engineering,Civil Engineering,
3717,0214661210,Mechanical Engineering,Mechanical Engineering,
3718,0228261210,Mechanical Engineering,Mechanical Engineering,
3719,0250890610,Civil Engineering (Structural Engineering),Civil Engineering (Structural Engineering),
3720,0250890710,Food Engineering,Food Engineering,
3721,0250890810,Mechanical and Automation Engineering,Mechanical and Automation Engineering,
3722,0275824210,Computer Science and Engineering,Computer Science and Engineering,
3723,0275829310,Electrical Engineering,Electrical Engineering,
3724,0275861210,Mechanical Engineering,Mechanical Engineering,
3725,0275899710,Artificial Intelligence,Artificial Intelligence,
3726,0301224510,Computer Engineering,Computer Engineering,
3727,0301224610,Information Technology,Information Technology,
3728,0301229310,Electrical Engineering,Electrical Engineering,
3729,0303651910,Polymer Engineering and Technology,Polymer Engineering and Technology,
3730,0346519110,Civil Engineering,Civil Engineering,
3731,0470324210,Computer Science and Engineering,Computer Science and Engineering,
3732,0470329310,Electrical Engineering,Electrical Engineering,
3733,0470370110,Mining Engineering,Mining Engineering,
3734,0470392110,Artificial Intelligence and Machine Learning,Artificial Intelligence and Machine Learning,
3735,0513061210,Mechanical Engineering,Mechanical Engineering,
3736,0554524210,Computer Science and Engineering,Computer Science and Engineering,
3737,0554524610,Information Technology,Information Technology,
3738,0554584410,Electronics and Computer Engineering,Electronics and Computer Engineering,
3739,0554591710,Data Science,Data Science,
3740,0600761210,Mechanical Engineering,Mechanical Engineering,
3741,0614691110,Computer Science and Engineering(Artificial Intelligence and Machine Learning),Computer Science and Engineering(Artificial Intelligence and Machine Learning),
3742,0617519110,Civil Engineering,Civil Engineering,
3743,0627126310,Artificial Intelligence (AI) and Data Science,Artificial Intelligence (AI) and Data Science,
3744,0627184410,Electronics and Computer Engineering,Electronics and Computer Engineering,
3745,0662524510,Computer Engineering,Computer Engineering,
3746,0662529310,Electrical Engineering,Electrical Engineering,
3747,0662561210,Mechanical Engineering,Mechanical Engineering,
3748,0675861210,Mechanical Engineering,Mechanical Engineering,
3749,0677061210,Mechanical Engineering,Mechanical Engineering,
3750,0681561210,Mechanical Engineering,Mechanical Engineering,
3751,1600619110,Civil Engineering,Civil Engineering,
3752,0100246610,Instrumentation Engineering,Instrumentation Engineering,
3753,0110729310,Electrical Engineering,Electrical Engineering,
3754,0200819110,Civil Engineering,Civil Engineering,
3755,0202061210,Mechanical Engineering,Mechanical Engineering,
3756,0301237210,Electronics and Telecommunication Engg,Electronics and Telecommunication Engg,
3757,0301261210,Mechanical Engineering,Mechanical Engineering,
3758,0510846410,Instrumentation and Control Engineering,Instrumentation and Control Engineering,
3759,0512161210,Mechanical Engineering,Mechanical Engineering,
3760,0524924510,Computer Engineering,Computer Engineering,
3761,0524929310,Electrical Engineering,Electrical Engineering,
3762,0600524610,Information Technology,Information Technology,
3763,0600537210,Electronics and Telecommunication Engg,Electronics and Telecommunication Engg,
3764,0600719110,Civil Engineering,Civil Engineering,
3765,0600724610,Information Technology,Information Technology,
3766,0600737610,Electronics Engineering,Electronics Engineering,
3767,0613992110,Artificial Intelligence and Machine Learning,Artificial Intelligence and Machine Learning,
3768,0614119110,Civil Engineering,Civil Engineering,
3769,0621429310,Electrical Engineering,Electrical Engineering,
3770,0622029310,Electrical Engineering,Electrical Engineering,
3771,0622226310,Artificial Intelligence (AI) and Data Science,Artificial Intelligence (AI) and Data Science,
3772,0622319110,Civil Engineering,Civil Engineering,
3773,0622337210,Electronics and Telecommunication Engg,Electronics and Telecommunication Engg,
3774,0626726210,Computer Science and Business Systems,Computer Science and Business Systems,
3775,0626792210,Civil and Environmental Engineering,Civil and Environmental Engineering,
3776,0627724210,Computer Science and Engineering,Computer Science and Engineering,
3777,0628392010,Computer Science and Engineering (Internet of Things and Cyber Security Including Block Chain,Computer Science and Engineering (Internet of Things and Cyber Security Including Block Chain,
3778,0630519110,Civil Engineering,Civil Engineering,
3779,0662519110,Civil Engineering,Civil Engineering,
3780,1400552710,Petro Chemical Engineering,Petro Chemical Engineering,
3781,1400552910,Oil Technology,Oil Technology,
3782,1600626610,Robotics and Artificial Intelligence,Robotics and Artificial Intelligence,
3783,1600629310,Electrical Engineering,Electrical Engineering,
3784,1600662710,Manufacturing Science and Engineering,Manufacturing Science and Engineering,
3785,0100219110,Civil Engineering,Civil Engineering,
3786,0110519110,Civil Engineering,Civil Engineering,
3787,0112356810,Computer Science and Information Technology,Computer Science and Information Technology,
3788,0112399510,Artificial Intelligence and Data Science,Artificial Intelligence and Data Science,
3789,0112684410,Electronics and Computer Engineering,Electronics and Computer Engineering,
3790,0112724210,Computer Science and Engineering,Computer Science and Engineering,
3791,0112799510,Artificial Intelligence and Data Science,Artificial Intelligence and Data Science,
3792,0201524510,Computer Engineering,Computer Engineering,
3793,0201537210,Electronics and Telecommunication Engg,Electronics and Telecommunication Engg,
3794,0201599510,Artificial Intelligence and Data Science,Artificial Intelligence and Data Science,
3795,0202050710,Chemical Engineering,Chemical Engineering,
3796,0202060610,Production Engineering,Production Engineering,
3797,0211319110,Civil Engineering,Civil Engineering,
3798,0211361210,Mechanical Engineering,Mechanical Engineering,
3799,0213391710,Data Science,Data Science,
3800,0213399710,Artificial Intelligence,Artificial Intelligence,
3801,0218919110,Civil Engineering,Civil Engineering,
3802,0218937210,Electronics and Telecommunication Engg,Electronics and Telecommunication Engg,
3803,0218992510,Computer Science and Engineering (Artificial Intelligence and Data Science),Computer Science and Engineering (Artificial Intelligence and Data Science),
3804,0225099510,Artificial Intelligence and Data Science,Artificial Intelligence and Data Science,
3805,0250824210,Computer Science and Engineering,Computer Science and Engineering,
3806,0250890910,Electronics & Telecommunication Engineering,Electronics & Telecommunication Engineering,
3807,0250891110,Computer Science and Engineering(Artificial Intelligence and Machine Learning),Computer Science and Engineering(Artificial Intelligence and Machine Learning),
3808,0252224610,Information Technology,Information Technology,
3809,0263419110,Civil Engineering,Civil Engineering,
3810,0263424510,Computer Engineering,Computer Engineering,
3811,0263429310,Electrical Engineering,Electrical Engineering,
3812,0263492110,Artificial Intelligence and Machine Learning,Artificial Intelligence and Machine Learning,
3813,0277019110,Civil Engineering,Civil Engineering,
3814,0277024510,Computer Engineering,Computer Engineering,
3815,0277029310,Electrical Engineering,Electrical Engineering,
3816,0277061210,Mechanical Engineering,Mechanical Engineering,
3817,0277099510,Artificial Intelligence and Data Science,Artificial Intelligence and Data Science,
3818,0277124210,Computer Science and Engineering,Computer Science and Engineering,
3819,0277124610,Information Technology,Information Technology,
3820,0277137210,Electronics and Telecommunication Engg,Electronics and Telecommunication Engg,
3821,0277199510,Artificial Intelligence and Data Science,Artificial Intelligence and Data Science,
3822,0277219110,Civil Engineering,Civil Engineering,
3823,0277224510,Computer Engineering,Computer Engineering,
3824,0277237210,Electronics and Telecommunication Engg,Electronics and Telecommunication Engg,
3825,0277292110,Artificial Intelligence and Machine Learning,Artificial Intelligence and Machine Learning,
3826,0277724210,Computer Science and Engineering,Computer Science and Engineering,
3827,0277724610,Information Technology,Information Technology,
3828,0277737210,Electronics and Telecommunication Engg,Electronics and Telecommunication Engg,
3829,0277761210,Mechanical Engineering,Mechanical Engineering,
3830,0277799710,Artificial Intelligence,Artificial Intelligence,
3831,0277924210,Computer Science and Engineering,Computer Science and Engineering,
3832,0277924610,Information Technology,Information Technology,
3833,0277937210,Electronics and Telecommunication Engg,Electronics and Telecommunication Engg,
3834,0277999510,Artificial Intelligence and Data Science,Artificial Intelligence and Data Science,
3835,0301289610,Textile Technology,Textile Technology,
3836,0303319110,Civil Engineering,Civil Engineering,
3837,0303324610,Information Technology,Information Technology,
3838,0303390510,Computer Science and Engineering,Computer Science and Engineering,
3839,0314600210,Aeronautical Engineering,Aeronautical Engineering,
3840,0317626710,Computer Science and Engineering (IoT),Computer Science and Engineering (IoT),
3841,0319226310,Artificial Intelligence (AI) and Data Science,Artificial Intelligence (AI) and Data Science,
3842,0319724210,Computer Science and Engineering,Computer Science and Engineering,
3843,0321126310,Artificial Intelligence (AI) and Data Science,Artificial Intelligence (AI) and Data Science,
3844,0321484410,Electronics and Computer Engineering,Electronics and Computer Engineering,
3845,0322399510,Artificial Intelligence and Data Science,Artificial Intelligence and Data Science,
3846,0322456810,Computer Science and Information Technology,Computer Science and Information Technology,
3847,0342325810,Civil Engineering with Computer Application,Civil Engineering with Computer Application,
3848,0344061210,Mechanical Engineering,Mechanical Engineering,
3849,0346592110,Artificial Intelligence and Machine Learning,Artificial Intelligence and Machine Learning,
3850,0346599510,Artificial Intelligence and Data Science,Artificial Intelligence and Data Science,
3851,0347124610,Information Technology,Information Technology,
3852,0347792110,Artificial Intelligence and Machine Learning,Artificial Intelligence and Machine Learning,
3853,0372324210,Computer Science and Engineering,Computer Science and Engineering,
3854,0372324510,Computer Engineering,Computer Engineering,
3855,0372324610,Information Technology,Information Technology,
3856,0372329310,Electrical Engineering,Electrical Engineering,
3857,0372337210,Electronics and Telecommunication Engg,Electronics and Telecommunication Engg,
3858,0372399510,Artificial Intelligence and Data Science,Artificial Intelligence and Data Science,
3859,0372424510,Computer Engineering,Computer Engineering,
3860,0372424610,Information Technology,Information Technology,
3861,0372490010,Electronics and Computer Science,Electronics and Computer Science,
3862,0372499510,Artificial Intelligence and Data Science,Artificial Intelligence and Data Science,
3863,0372524210,Computer Science and Engineering,Computer Science and Engineering,
3864,0372524610,Information Technology,Information Technology,
3865,0372537610,Electronics Engineering,Electronics Engineering,
3866,0372591110,Computer Science and Engineering(Artificial Intelligence and Machine Learning),Computer Science and Engineering(Artificial Intelligence and Machine Learning),
3867,0372624510,Computer Engineering,Computer Engineering,
3868,0372624610,Information Technology,Information Technology,
3869,0372637210,Electronics and Telecommunication Engg,Electronics and Telecommunication Engg,
3870,0372699510,Artificial Intelligence and Data Science,Artificial Intelligence and Data Science,
3871,0410490010,Electronics and Computer Science,Electronics and Computer Science,
3872,0410491110,Computer Science and Engineering(Artificial Intelligence and Machine Learning),Computer Science and Engineering(Artificial Intelligence and Machine Learning),
3873,0413591210,Computer Science and Engineering(Data Science),Computer Science and Engineering(Data Science),
3874,0413724610,Information Technology,Information Technology,
3875,0413826010,Computer Science and Engineering (Cyber Security),Computer Science and Engineering (Cyber Security),
3876,0413992510,Computer Science and Engineering (Artificial Intelligence and Data Science),Computer Science and Engineering (Artificial Intelligence and Data Science),
3877,0414324210,Computer Science and Engineering,Computer Science and Engineering,
3878,0414399510,Artificial Intelligence and Data Science,Artificial Intelligence and Data Science,
3879,0414519110,Civil Engineering,Civil Engineering,
3880,0414524210,Computer Science and Engineering,Computer Science and Engineering,
3881,0414599510,Artificial Intelligence and Data Science,Artificial Intelligence and Data Science,
3882,0415124610,Information Technology,Information Technology,
3883,0415192110,Artificial Intelligence and Machine Learning,Artificial Intelligence and Machine Learning,
3884,0416737610,Electronics Engineering,Electronics Engineering,
3885,0417424210,Computer Science and Engineering,Computer Science and Engineering,
3886,0417426610,Robotics and Artificial Intelligence,Robotics and Artificial Intelligence,
3887,0417599710,Artificial Intelligence,Artificial Intelligence,
3888,0417729310,Electrical Engineering,Electrical Engineering,
3889,0417737210,Electronics and Telecommunication Engg,Electronics and Telecommunication Engg,
3890,0417799710,Artificial Intelligence,Artificial Intelligence,
3891,0467926310,Artificial Intelligence (AI) and Data Science,Artificial Intelligence (AI) and Data Science,
3892,0470326010,Computer Science and Engineering (Cyber Security),Computer Science and Engineering (Cyber Security),
3893,0470391210,Computer Science and Engineering(Data Science),Computer Science and Engineering(Data Science),
3894,0500424510,Computer Engineering,Computer Engineering,
3895,0500446610,Instrumentation Engineering,Instrumentation Engineering,
3896,0510919110,Civil Engineering,Civil Engineering,
3897,0515184410,Electronics and Computer Engineering,Electronics and Computer Engineering,
3898,0516061210,Mechanical Engineering,Mechanical Engineering,
3899,0516499510,Artificial Intelligence and Data Science,Artificial Intelligence and Data Science,
3900,0517737210,Electronics and Telecommunication Engg,Electronics and Telecommunication Engg,
3901,0517784410,Electronics and Computer Engineering,Electronics and Computer Engineering,
3902,0517929310,Electrical Engineering,Electrical Engineering,
3903,0522324510,Computer Engineering,Computer Engineering,
3904,0522329310,Electrical Engineering,Electrical Engineering,
3905,0522337210,Electronics and Telecommunication Engg,Electronics and Telecommunication Engg,
3906,0522361210,Mechanical Engineering,Mechanical Engineering,
3907,0523919110,Civil Engineering,Civil Engineering,
3908,0523961210,Mechanical Engineering,Mechanical Engineering,
3909,0524919110,Civil Engineering,Civil Engineering,
3910,0524961210,Mechanical Engineering,Mechanical Engineering,
3911,0533124610,Information Technology,Information Technology,
3912,0533199510,Artificial Intelligence and Data Science,Artificial Intelligence and Data Science,
3913,0536519110,Civil Engineering,Civil Engineering,
3914,0536592110,Artificial Intelligence and Machine Learning,Artificial Intelligence and Machine Learning,
3915,0538221910,Robotics and Automation,Robotics and Automation,
3916,0538292110,Artificial Intelligence and Machine Learning,Artificial Intelligence and Machine Learning,
3917,0539524510,Computer Engineering,Computer Engineering,
3918,0539537210,Electronics and Telecommunication Engg,Electronics and Telecommunication Engg,
3919,0539561210,Mechanical Engineering,Mechanical Engineering,
3920,0540191610,Automation and Robotics,Automation and Robotics,
3921,0541424510,Computer Engineering,Computer Engineering,
3922,0541426310,Artificial Intelligence (AI) and Data Science,Artificial Intelligence (AI) and Data Science,
3923,0541429310,Electrical Engineering,Electrical Engineering,
3924,0541461210,Mechanical Engineering,Mechanical Engineering,
3925,0559724510,Computer Engineering,Computer Engineering,
3926,0559724610,Information Technology,Information Technology,
3927,0559737210,Electronics and Telecommunication Engg,Electronics and Telecommunication Engg,
3928,0559799710,Artificial Intelligence,Artificial Intelligence,
3929,0614619110,Civil Engineering,Civil Engineering,
3930,0614637210,Electronics and Telecommunication Engg,Electronics and Telecommunication Engg,
3931,0614929310,Electrical Engineering,Electrical Engineering,
3932,0615661210,Mechanical Engineering,Mechanical Engineering,
3933,0617999510,Artificial Intelligence and Data Science,Artificial Intelligence and Data Science,
3934,0621424510,Computer Engineering,Computer Engineering,
3935,0621456810,Computer Science and Information Technology,Computer Science and Information Technology,
3936,0621461210,Mechanical Engineering,Mechanical Engineering,
3937,0622061210,Mechanical Engineering,Mechanical Engineering,
3938,0622288610,Man Made Textile Technology,Man Made Textile Technology,
3939,0622289610,Textile Technology,Textile Technology,
3940,0622361210,Mechanical Engineering,Mechanical Engineering,
3941,0626592110,Artificial Intelligence and Machine Learning,Artificial Intelligence and Machine Learning,
3942,0626791110,Computer Science and Engineering(Artificial Intelligence and Machine Learning),Computer Science and Engineering(Artificial Intelligence and Machine Learning),
3943,0626824210,Computer Science and Engineering,Computer Science and Engineering,
3944,0626825210,Cyber Security,Cyber Security,
3945,0626829310,Electrical Engineering,Electrical Engineering,
3946,0627346410,Instrumentation and Control Engineering,Instrumentation and Control Engineering,
3947,0627592110,Artificial Intelligence and Machine Learning,Artificial Intelligence and Machine Learning,
3948,0627719110,Civil Engineering,Civil Engineering,
3949,0628319110,Civil Engineering,Civil Engineering,
3950,0628424610,Information Technology,Information Technology,
3951,0629399510,Artificial Intelligence and Data Science,Artificial Intelligence and Data Science,
3952,0629819110,Civil Engineering,Civil Engineering,
3953,0629824610,Information Technology,Information Technology,
3954,0629829310,Electrical Engineering,Electrical Engineering,
3955,0631084410,Electronics and Computer Engineering,Electronics and Computer Engineering,
3956,0631326310,Artificial Intelligence (AI) and Data Science,Artificial Intelligence (AI) and Data Science,
3957,0631719110,Civil Engineering,Civil Engineering,
3958,0631761210,Mechanical Engineering,Mechanical Engineering,
3959,0631799510,Artificial Intelligence and Data Science,Artificial Intelligence and Data Science,
3960,0646724210,Computer Science and Engineering,Computer Science and Engineering,
3961,0646724610,Information Technology,Information Technology,
3962,0646729310,Electrical Engineering,Electrical Engineering,
3963,0646737210,Electronics and Telecommunication Engg,Electronics and Telecommunication Engg,
3964,0660984410,Electronics and Computer Engineering,Electronics and Computer Engineering,
3965,0662826310,Artificial Intelligence (AI) and Data Science,Artificial Intelligence (AI) and Data Science,
3966,0663299510,Artificial Intelligence and Data Science,Artificial Intelligence and Data Science,
3967,0664326310,Artificial Intelligence (AI) and Data Science,Artificial Intelligence (AI) and Data Science,
3968,0671524510,Computer Engineering,Computer Engineering,
3969,0671529310,Electrical Engineering,Electrical Engineering,
3970,0671561210,Mechanical Engineering,Mechanical Engineering,
3971,0676626310,Artificial Intelligence (AI) and Data Science,Artificial Intelligence (AI) and Data Science,
3972,0676724610,Information Technology,Information Technology,
3973,0679792210,Civil and Environmental Engineering,Civil and Environmental Engineering,
3974,0679792610,Electrical and Computer Engineering,Electrical and Computer Engineering,
3975,0680337910,ELECTRONICS AND COMMUNICATION ENGINEERING (BIO-MEDICAL ENGINEERING),ELECTRONICS AND COMMUNICATION ENGINEERING (BIO-MEDICAL ENGINEERING),
3976,0680391110,Computer Science and Engineering(Artificial Intelligence and Machine Learning),Computer Science and Engineering(Artificial Intelligence and Machine Learning),
3977,0683492110,Artificial Intelligence and Machine Learning,Artificial Intelligence and Machine Learning,
3978,0690158510,MECHANICAL AND RAIL ENGINEERING,MECHANICAL AND RAIL ENGINEERING,
3979,1635119110,Civil Engineering,Civil Engineering,
3980,1635124210,Computer Science and Engineering,Computer Science and Engineering,
3981,1635137210,Electronics and Telecommunication Engg,Electronics and Telecommunication Engg,
3982,1635192110,Artificial Intelligence and Machine Learning,Artificial Intelligence and Machine Learning,
3983,1635224210,Computer Science and Engineering,Computer Science and Engineering,
3984,1635224610,Information Technology,Information Technology,
3985,1635237210,Electronics and Telecommunication Engg,Electronics and Telecommunication Engg,
3986,1635299510,Artificial Intelligence and Data Science,Artificial Intelligence and Data Science,
3987,1635424510,Computer Engineering,Computer Engineering,
3988,1635424610,Information Technology,Information Technology,
3989,1635437210,Electronics and Telecommunication Engg,Electronics and Telecommunication Engg,
3990,1635492110,Artificial Intelligence and Machine Learning,Artificial Intelligence and Machine Learning,
3991,1635524210,Computer Science and Engineering,Computer Science and Engineering,
3992,1635524610,Information Technology,Information Technology,
3993,1635584410,Electronics and Computer Engineering,Electronics and Computer Engineering,
3994,1635592110,Artificial Intelligence and Machine Learning,Artificial Intelligence and Machine Learning,
3995,1635724510,Computer Engineering,Computer Engineering,
3996,1635724610,Information Technology,Information Technology,
3997,1635737210,Electronics and Telecommunication Engg,Electronics and Telecommunication Engg,
3998,1635791110,Computer Science and Engineering(Artificial Intelligence and Machine Learning),Computer Science and Engineering(Artificial Intelligence and Machine Learning),
3999,0250893710,Electrical Engineering,Electrical Engineering,
4000,0301219110,Civil Engineering,Civil Engineering,
4001,0303324510,Computer Engineering,Computer Engineering,
4002,0525684410,Electronics and Computer Engineering,Electronics and Computer Engineering,
4003,0614925210,Cyber Security,Cyber Security,
4004,0654584410,Electronics and Computer Engineering,Electronics and Computer Engineering,
4005,1600692110,Artificial Intelligence and Machine Learning,Artificial Intelligence and Machine Learning,
4006,0110719110,Civil Engineering,Civil Engineering,
4007,0211362410,Mechatronics Engineering,Mechatronics Engineering,
4008,0303329310,Electrical Engineering,Electrical Engineering,
4009,0303350710,Chemical Engineering,Chemical Engineering,
4010,0510829310,Electrical Engineering,Electrical Engineering,
4011,0510861210,Mechanical Engineering,Mechanical Engineering,
4012,0600519110,Civil Engineering,Civil Engineering,
4013,0625050710,Chemical Engineering,Chemical Engineering,
4014,0415191210,Computer Science and Engineering(Data Science),Computer Science and Engineering(Data Science),
4015,0510891610,Automation and Robotics,Automation and Robotics,
4016,0600561210,Mechanical Engineering,Mechanical Engineering,
4017,0621421910,Robotics and Automation,Robotics and Automation,
4018,0622261210,Mechanical Engineering,Mechanical Engineering,
4019,0626729310,Electrical Engineering,Electrical Engineering,
4020,0628326610,Robotics and Artificial Intelligence,Robotics and Artificial Intelligence,
4021,0678061210,Mechanical Engineering,Mechanical Engineering,
4022,1600669410,Metallurgy and Material Technology,Metallurgy and Material Technology,
