id,college_id,branch_id,academic_year,intake
1,1,1,2023-24,
2,1,2,2023-24,
3,1,3,2023-24,
4,1,4,2023-24,
5,1,5,2023-24,
6,1,6,2023-24,
7,2,7,2023-24,
8,2,8,2023-24,
9,2,9,2023-24,
10,2,10,2023-24,
11,3,11,2023-24,
12,3,12,2023-24,
13,3,13,2023-24,
14,3,14,2023-24,
15,3,15,2023-24,
16,4,16,2023-24,
17,4,17,2023-24,
18,4,18,2023-24,
19,4,19,2023-24,
20,4,20,2023-24,
21,5,21,2023-24,
22,5,22,2023-24,
23,5,23,2023-24,
24,5,24,2023-24,
25,5,25,2023-24,
26,5,26,2023-24,
27,6,27,2023-24,
28,6,28,2023-24,
29,6,29,2023-24,
30,6,30,2023-24,
31,6,31,2023-24,
32,6,32,2023-24,
33,7,33,2023-24,
34,7,34,2023-24,
35,7,35,2023-24,
36,7,36,2023-24,
37,7,37,2023-24,
38,8,38,2023-24,
39,8,39,2023-24,
40,8,40,2023-24,
41,8,41,2023-24,
42,9,42,2023-24,
43,9,43,2023-24,
44,9,44,2023-24,
45,9,45,2023-24,
46,9,46,2023-24,
47,10,47,2023-24,
48,10,48,2023-24,
49,10,49,2023-24,
50,10,50,2023-24,
51,10,51,2023-24,
52,11,52,2023-24,
53,11,53,2023-24,
54,11,54,2023-24,
55,11,55,2023-24,
56,11,56,2023-24,
57,11,57,2023-24,
58,11,58,2023-24,
59,12,59,2023-24,
60,12,60,2023-24,
61,12,61,2023-24,
62,12,62,2023-24,
63,13,63,2023-24,
64,13,64,2023-24,
65,13,65,2023-24,
66,13,66,2023-24,
67,14,67,2023-24,
68,14,68,2023-24,
69,14,69,2023-24,
70,14,70,2023-24,
71,15,71,2023-24,
72,15,72,2023-24,
73,15,73,2023-24,
74,15,74,2023-24,
75,15,75,2023-24,
76,16,76,2023-24,
77,16,77,2023-24,
78,16,78,2023-24,
79,16,79,2023-24,
80,16,80,2023-24,
81,17,81,2023-24,
82,17,82,2023-24,
83,17,83,2023-24,
84,17,84,2023-24,
85,17,85,2023-24,
86,17,86,2023-24,
87,18,87,2023-24,
88,18,88,2023-24,
89,18,89,2023-24,
90,18,90,2023-24,
91,18,91,2023-24,
92,19,92,2023-24,
93,19,93,2023-24,
94,19,94,2023-24,
95,19,95,2023-24,
96,19,96,2023-24,
97,20,97,2023-24,
98,20,98,2023-24,
99,20,99,2023-24,
100,20,100,2023-24,
101,21,101,2023-24,
102,21,102,2023-24,
103,21,103,2023-24,
104,21,104,2023-24,
105,21,105,2023-24,
106,21,106,2023-24,
107,22,107,2023-24,
108,22,108,2023-24,
109,22,109,2023-24,
110,22,110,2023-24,
111,22,111,2023-24,
112,23,112,2023-24,
113,23,113,2023-24,
114,23,114,2023-24,
115,23,115,2023-24,
116,24,116,2023-24,
117,24,117,2023-24,
118,24,118,2023-24,
119,24,119,2023-24,
120,25,120,2023-24,
121,25,121,2023-24,
122,25,122,2023-24,
123,25,123,2023-24,
124,25,124,2023-24,
125,25,125,2023-24,
126,25,126,2023-24,
127,26,127,2023-24,
128,26,128,2023-24,
129,27,129,2023-24,
130,27,130,2023-24,
131,27,131,2023-24,
132,27,132,2023-24,
133,28,133,2023-24,
134,28,134,2023-24,
135,28,135,2023-24,
136,28,136,2023-24,
137,28,137,2023-24,
138,28,138,2023-24,
139,28,139,2023-24,
140,28,140,2023-24,
141,28,141,2023-24,
142,28,142,2023-24,
143,29,143,2023-24,
144,29,144,2023-24,
145,29,145,2023-24,
146,29,146,2023-24,
147,29,147,2023-24,
148,29,148,2023-24,
149,29,149,2023-24,
150,29,150,2023-24,
151,30,151,2023-24,
152,30,152,2023-24,
153,30,153,2023-24,
154,30,154,2023-24,
155,30,155,2023-24,
156,31,156,2023-24,
157,31,157,2023-24,
158,31,158,2023-24,
159,31,159,2023-24,
160,31,160,2023-24,
161,31,161,2023-24,
162,31,162,2023-24,
163,32,163,2023-24,
164,32,164,2023-24,
165,32,165,2023-24,
166,32,166,2023-24,
167,32,167,2023-24,
168,33,168,2023-24,
169,33,169,2023-24,
170,33,170,2023-24,
171,33,171,2023-24,
172,33,172,2023-24,
173,33,173,2023-24,
174,34,174,2023-24,
175,34,175,2023-24,
176,34,176,2023-24,
177,34,177,2023-24,
178,34,178,2023-24,
179,35,179,2023-24,
180,35,180,2023-24,
181,35,181,2023-24,
182,35,182,2023-24,
183,36,183,2023-24,
184,36,184,2023-24,
185,36,185,2023-24,
186,36,186,2023-24,
187,36,187,2023-24,
188,37,188,2023-24,
189,37,189,2023-24,
190,37,190,2023-24,
191,37,191,2023-24,
192,37,192,2023-24,
193,37,193,2023-24,
194,37,194,2023-24,
195,38,195,2023-24,
196,38,196,2023-24,
197,38,197,2023-24,
198,38,198,2023-24,
199,39,199,2023-24,
200,39,200,2023-24,
201,39,201,2023-24,
202,39,202,2023-24,
203,39,203,2023-24,
204,39,204,2023-24,
205,39,205,2023-24,
206,39,206,2023-24,
207,40,207,2023-24,
208,40,208,2023-24,
209,40,209,2023-24,
210,40,210,2023-24,
211,41,211,2023-24,
212,41,212,2023-24,
213,41,213,2023-24,
214,41,214,2023-24,
215,42,215,2023-24,
216,42,216,2023-24,
217,42,217,2023-24,
218,43,218,2023-24,
219,43,219,2023-24,
220,43,220,2023-24,
221,43,221,2023-24,
222,43,222,2023-24,
223,44,223,2023-24,
224,44,224,2023-24,
225,44,225,2023-24,
226,44,226,2023-24,
227,45,227,2023-24,
228,45,228,2023-24,
229,45,229,2023-24,
230,45,230,2023-24,
231,45,231,2023-24,
232,46,232,2023-24,
233,46,233,2023-24,
234,46,234,2023-24,
235,46,235,2023-24,
236,46,236,2023-24,
237,47,237,2023-24,
238,47,238,2023-24,
239,47,239,2023-24,
240,47,240,2023-24,
241,47,241,2023-24,
242,47,242,2023-24,
243,48,243,2023-24,
244,48,244,2023-24,
245,48,245,2023-24,
246,48,246,2023-24,
247,48,247,2023-24,
248,49,248,2023-24,
249,49,249,2023-24,
250,49,250,2023-24,
251,49,251,2023-24,
252,50,252,2023-24,
253,50,253,2023-24,
254,50,254,2023-24,
255,50,255,2023-24,
256,50,256,2023-24,
257,50,257,2023-24,
258,50,258,2023-24,
259,50,259,2023-24,
260,51,260,2023-24,
261,51,261,2023-24,
262,51,262,2023-24,
263,51,263,2023-24,
264,52,264,2023-24,
265,52,265,2023-24,
266,52,266,2023-24,
267,53,267,2023-24,
268,53,268,2023-24,
269,53,269,2023-24,
270,53,270,2023-24,
271,53,271,2023-24,
272,53,272,2023-24,
273,53,273,2023-24,
274,54,274,2023-24,
275,54,275,2023-24,
276,54,276,2023-24,
277,54,277,2023-24,
278,54,278,2023-24,
279,55,279,2023-24,
280,55,280,2023-24,
281,55,281,2023-24,
282,55,282,2023-24,
283,55,283,2023-24,
284,56,284,2023-24,
285,56,285,2023-24,
286,56,286,2023-24,
287,56,287,2023-24,
288,56,288,2023-24,
289,57,289,2023-24,
290,57,290,2023-24,
291,57,291,2023-24,
292,57,292,2023-24,
293,57,293,2023-24,
294,58,294,2023-24,
295,58,295,2023-24,
296,58,296,2023-24,
297,58,297,2023-24,
298,58,298,2023-24,
299,58,299,2023-24,
300,58,300,2023-24,
301,59,301,2023-24,
302,59,302,2023-24,
303,59,303,2023-24,
304,59,304,2023-24,
305,59,305,2023-24,
306,59,306,2023-24,
307,60,307,2023-24,
308,60,308,2023-24,
309,60,309,2023-24,
310,60,310,2023-24,
311,60,311,2023-24,
312,60,312,2023-24,
313,60,313,2023-24,
314,60,314,2023-24,
315,61,315,2023-24,
316,61,316,2023-24,
317,61,317,2023-24,
318,61,318,2023-24,
319,61,319,2023-24,
320,61,320,2023-24,
321,61,321,2023-24,
322,62,322,2023-24,
323,62,323,2023-24,
324,62,324,2023-24,
325,62,325,2023-24,
326,62,326,2023-24,
327,62,327,2023-24,
328,62,328,2023-24,
329,62,329,2023-24,
330,62,330,2023-24,
331,62,331,2023-24,
332,63,332,2023-24,
333,63,333,2023-24,
334,63,334,2023-24,
335,63,335,2023-24,
336,63,336,2023-24,
337,63,337,2023-24,
338,63,338,2023-24,
339,63,339,2023-24,
340,63,340,2023-24,
341,63,341,2023-24,
342,63,342,2023-24,
343,64,343,2023-24,
344,64,344,2023-24,
345,64,345,2023-24,
346,64,346,2023-24,
347,64,347,2023-24,
348,65,348,2023-24,
349,65,349,2023-24,
350,65,350,2023-24,
351,65,351,2023-24,
352,65,352,2023-24,
353,65,353,2023-24,
354,65,354,2023-24,
355,66,355,2023-24,
356,66,356,2023-24,
357,66,357,2023-24,
358,66,358,2023-24,
359,67,359,2023-24,
360,67,360,2023-24,
361,67,361,2023-24,
362,67,362,2023-24,
363,67,363,2023-24,
364,67,364,2023-24,
365,68,365,2023-24,
366,68,366,2023-24,
367,68,367,2023-24,
368,68,368,2023-24,
369,68,369,2023-24,
370,68,370,2023-24,
371,68,371,2023-24,
372,68,372,2023-24,
373,69,373,2023-24,
374,69,374,2023-24,
375,69,375,2023-24,
376,70,376,2023-24,
377,70,377,2023-24,
378,70,378,2023-24,
379,70,379,2023-24,
380,70,380,2023-24,
381,70,381,2023-24,
382,71,382,2023-24,
383,71,383,2023-24,
384,71,384,2023-24,
385,71,385,2023-24,
386,71,386,2023-24,
387,71,387,2023-24,
388,71,388,2023-24,
389,71,389,2023-24,
390,72,390,2023-24,
391,72,391,2023-24,
392,72,392,2023-24,
393,72,393,2023-24,
394,72,394,2023-24,
395,72,395,2023-24,
396,73,396,2023-24,
397,73,397,2023-24,
398,73,398,2023-24,
399,73,399,2023-24,
400,73,400,2023-24,
401,73,401,2023-24,
402,74,402,2023-24,
403,74,403,2023-24,
404,74,404,2023-24,
405,74,405,2023-24,
406,74,406,2023-24,
407,74,407,2023-24,
408,74,408,2023-24,
409,74,409,2023-24,
410,75,410,2023-24,
411,75,411,2023-24,
412,75,412,2023-24,
413,75,413,2023-24,
414,75,414,2023-24,
415,75,415,2023-24,
416,75,416,2023-24,
417,76,417,2023-24,
418,76,418,2023-24,
419,76,419,2023-24,
420,76,420,2023-24,
421,76,421,2023-24,
422,77,422,2023-24,
423,77,423,2023-24,
424,77,424,2023-24,
425,77,425,2023-24,
426,77,426,2023-24,
427,78,427,2023-24,
428,78,428,2023-24,
429,78,429,2023-24,
430,78,430,2023-24,
431,78,431,2023-24,
432,78,432,2023-24,
433,78,433,2023-24,
434,78,434,2023-24,
435,79,435,2023-24,
436,79,436,2023-24,
437,79,437,2023-24,
438,79,438,2023-24,
439,79,439,2023-24,
440,79,440,2023-24,
441,80,441,2023-24,
442,80,442,2023-24,
443,80,443,2023-24,
444,80,444,2023-24,
445,80,445,2023-24,
446,81,446,2023-24,
447,81,447,2023-24,
448,81,448,2023-24,
449,81,449,2023-24,
450,82,450,2023-24,
451,82,451,2023-24,
452,82,452,2023-24,
453,82,453,2023-24,
454,82,454,2023-24,
455,83,455,2023-24,
456,83,456,2023-24,
457,83,457,2023-24,
458,83,458,2023-24,
459,83,459,2023-24,
460,84,460,2023-24,
461,84,461,2023-24,
462,84,462,2023-24,
463,84,463,2023-24,
464,84,464,2023-24,
465,84,465,2023-24,
466,85,466,2023-24,
467,85,467,2023-24,
468,85,468,2023-24,
469,85,469,2023-24,
470,85,470,2023-24,
471,85,471,2023-24,
472,86,472,2023-24,
473,86,473,2023-24,
474,86,474,2023-24,
475,86,475,2023-24,
476,87,476,2023-24,
477,87,477,2023-24,
478,87,478,2023-24,
479,87,479,2023-24,
480,88,480,2023-24,
481,88,481,2023-24,
482,88,482,2023-24,
483,89,483,2023-24,
484,89,484,2023-24,
485,89,485,2023-24,
486,89,486,2023-24,
487,89,487,2023-24,
488,89,488,2023-24,
489,89,489,2023-24,
490,89,490,2023-24,
491,90,491,2023-24,
492,90,492,2023-24,
493,91,493,2023-24,
494,91,494,2023-24,
495,91,495,2023-24,
496,91,496,2023-24,
497,92,497,2023-24,
498,93,498,2023-24,
499,93,499,2023-24,
500,93,500,2023-24,
501,93,501,2023-24,
502,93,502,2023-24,
503,93,503,2023-24,
504,94,504,2023-24,
505,94,505,2023-24,
506,94,506,2023-24,
507,94,507,2023-24,
508,94,508,2023-24,
509,95,509,2023-24,
510,95,510,2023-24,
511,95,511,2023-24,
512,95,512,2023-24,
513,95,513,2023-24,
514,95,514,2023-24,
515,95,515,2023-24,
516,96,516,2023-24,
517,96,517,2023-24,
518,96,518,2023-24,
519,96,519,2023-24,
520,96,520,2023-24,
521,96,521,2023-24,
522,96,522,2023-24,
523,97,523,2023-24,
524,97,524,2023-24,
525,97,525,2023-24,
526,97,526,2023-24,
527,97,527,2023-24,
528,98,528,2023-24,
529,98,529,2023-24,
530,98,530,2023-24,
531,98,531,2023-24,
532,98,532,2023-24,
533,98,533,2023-24,
534,99,534,2023-24,
535,99,535,2023-24,
536,99,536,2023-24,
537,99,537,2023-24,
538,99,538,2023-24,
539,99,539,2023-24,
540,99,540,2023-24,
541,100,541,2023-24,
542,100,542,2023-24,
543,100,543,2023-24,
544,100,544,2023-24,
545,100,545,2023-24,
546,100,546,2023-24,
547,101,547,2023-24,
548,101,548,2023-24,
549,101,549,2023-24,
550,101,550,2023-24,
551,101,551,2023-24,
552,101,552,2023-24,
553,102,553,2023-24,
554,102,554,2023-24,
555,102,555,2023-24,
556,103,556,2023-24,
557,103,557,2023-24,
558,103,558,2023-24,
559,103,559,2023-24,
560,103,560,2023-24,
561,104,561,2023-24,
562,104,562,2023-24,
563,104,563,2023-24,
564,104,564,2023-24,
565,105,565,2023-24,
566,105,566,2023-24,
567,105,567,2023-24,
568,105,568,2023-24,
569,105,569,2023-24,
570,105,570,2023-24,
571,105,571,2023-24,
572,106,572,2023-24,
573,106,573,2023-24,
574,106,574,2023-24,
575,106,575,2023-24,
576,107,576,2023-24,
577,107,577,2023-24,
578,107,578,2023-24,
579,107,579,2023-24,
580,108,580,2023-24,
581,108,581,2023-24,
582,108,582,2023-24,
583,109,583,2023-24,
584,109,584,2023-24,
585,109,585,2023-24,
586,109,586,2023-24,
587,109,587,2023-24,
588,110,588,2023-24,
589,110,589,2023-24,
590,110,590,2023-24,
591,110,591,2023-24,
592,111,592,2023-24,
593,111,593,2023-24,
594,111,594,2023-24,
595,111,595,2023-24,
596,111,596,2023-24,
597,112,597,2023-24,
598,112,598,2023-24,
599,112,599,2023-24,
600,112,600,2023-24,
601,112,601,2023-24,
602,112,602,2023-24,
603,113,603,2023-24,
604,113,604,2023-24,
605,113,605,2023-24,
606,113,606,2023-24,
607,114,607,2023-24,
608,114,608,2023-24,
609,114,609,2023-24,
610,114,610,2023-24,
611,114,611,2023-24,
612,114,612,2023-24,
613,115,613,2023-24,
614,115,614,2023-24,
615,115,615,2023-24,
616,115,616,2023-24,
617,115,617,2023-24,
618,115,618,2023-24,
619,116,619,2023-24,
620,116,620,2023-24,
621,116,621,2023-24,
622,117,622,2023-24,
623,117,623,2023-24,
624,117,624,2023-24,
625,117,625,2023-24,
626,117,626,2023-24,
627,118,627,2023-24,
628,118,628,2023-24,
629,118,629,2023-24,
630,118,630,2023-24,
631,118,631,2023-24,
632,118,632,2023-24,
633,119,633,2023-24,
634,119,634,2023-24,
635,119,635,2023-24,
636,119,636,2023-24,
637,119,637,2023-24,
638,119,638,2023-24,
639,119,639,2023-24,
640,120,640,2023-24,
641,120,641,2023-24,
642,120,642,2023-24,
643,120,643,2023-24,
644,120,644,2023-24,
645,121,645,2023-24,
646,121,646,2023-24,
647,121,647,2023-24,
648,121,648,2023-24,
649,121,649,2023-24,
650,121,650,2023-24,
651,122,651,2023-24,
652,122,652,2023-24,
653,122,653,2023-24,
654,122,654,2023-24,
655,122,655,2023-24,
656,122,656,2023-24,
657,122,657,2023-24,
658,122,658,2023-24,
659,122,659,2023-24,
660,122,660,2023-24,
661,122,661,2023-24,
662,123,662,2023-24,
663,123,663,2023-24,
664,123,664,2023-24,
665,123,665,2023-24,
666,123,666,2023-24,
667,123,667,2023-24,
668,123,668,2023-24,
669,123,669,2023-24,
670,123,670,2023-24,
671,123,671,2023-24,
672,123,672,2023-24,
673,123,673,2023-24,
674,123,674,2023-24,
675,124,675,2023-24,
676,124,676,2023-24,
677,124,677,2023-24,
678,124,678,2023-24,
679,124,679,2023-24,
680,125,680,2023-24,
681,125,681,2023-24,
682,125,682,2023-24,
683,125,683,2023-24,
684,125,684,2023-24,
685,125,685,2023-24,
686,125,686,2023-24,
687,125,687,2023-24,
688,125,688,2023-24,
689,125,689,2023-24,
690,125,690,2023-24,
691,125,691,2023-24,
692,125,692,2023-24,
693,125,693,2023-24,
694,125,694,2023-24,
695,126,695,2023-24,
696,126,696,2023-24,
697,126,697,2023-24,
698,126,698,2023-24,
699,126,699,2023-24,
700,127,700,2023-24,
701,127,701,2023-24,
702,127,702,2023-24,
703,127,703,2023-24,
704,127,704,2023-24,
705,127,705,2023-24,
706,128,706,2023-24,
707,128,707,2023-24,
708,128,708,2023-24,
709,128,709,2023-24,
710,128,710,2023-24,
711,128,711,2023-24,
712,129,712,2023-24,
713,129,713,2023-24,
714,129,714,2023-24,
715,129,715,2023-24,
716,129,716,2023-24,
717,130,717,2023-24,
718,130,718,2023-24,
719,130,719,2023-24,
720,130,720,2023-24,
721,130,721,2023-24,
722,130,722,2023-24,
723,131,723,2023-24,
724,131,724,2023-24,
725,131,725,2023-24,
726,131,726,2023-24,
727,131,727,2023-24,
728,131,728,2023-24,
729,131,729,2023-24,
730,131,730,2023-24,
731,132,731,2023-24,
732,132,732,2023-24,
733,132,733,2023-24,
734,132,734,2023-24,
735,132,735,2023-24,
736,132,736,2023-24,
737,133,737,2023-24,
738,133,738,2023-24,
739,133,739,2023-24,
740,134,740,2023-24,
741,134,741,2023-24,
742,134,742,2023-24,
743,134,743,2023-24,
744,134,744,2023-24,
745,134,745,2023-24,
746,134,746,2023-24,
747,134,747,2023-24,
748,134,748,2023-24,
749,135,749,2023-24,
750,135,750,2023-24,
751,135,751,2023-24,
752,135,752,2023-24,
753,135,753,2023-24,
754,136,754,2023-24,
755,136,755,2023-24,
756,136,756,2023-24,
757,136,757,2023-24,
758,136,758,2023-24,
759,137,759,2023-24,
760,137,760,2023-24,
761,137,761,2023-24,
762,137,762,2023-24,
763,137,763,2023-24,
764,137,764,2023-24,
765,138,765,2023-24,
766,138,766,2023-24,
767,138,767,2023-24,
768,138,768,2023-24,
769,138,769,2023-24,
770,138,770,2023-24,
771,138,771,2023-24,
772,139,772,2023-24,
773,139,773,2023-24,
774,139,774,2023-24,
775,140,775,2023-24,
776,140,776,2023-24,
777,140,777,2023-24,
778,140,778,2023-24,
779,140,779,2023-24,
780,140,780,2023-24,
781,140,781,2023-24,
782,141,782,2023-24,
783,141,783,2023-24,
784,141,784,2023-24,
785,141,785,2023-24,
786,141,786,2023-24,
787,141,787,2023-24,
788,141,788,2023-24,
789,141,789,2023-24,
790,141,790,2023-24,
791,141,791,2023-24,
792,141,792,2023-24,
793,142,793,2023-24,
794,142,794,2023-24,
795,142,795,2023-24,
796,142,796,2023-24,
797,142,797,2023-24,
798,142,798,2023-24,
799,143,799,2023-24,
800,143,800,2023-24,
801,143,801,2023-24,
802,143,802,2023-24,
803,143,803,2023-24,
804,143,804,2023-24,
805,143,805,2023-24,
806,143,806,2023-24,
807,143,807,2023-24,
808,143,808,2023-24,
809,143,809,2023-24,
810,144,810,2023-24,
811,144,811,2023-24,
812,144,812,2023-24,
813,144,813,2023-24,
814,145,814,2023-24,
815,145,815,2023-24,
816,145,816,2023-24,
817,145,817,2023-24,
818,145,818,2023-24,
819,146,819,2023-24,
820,146,820,2023-24,
821,146,821,2023-24,
822,146,822,2023-24,
823,147,823,2023-24,
824,147,824,2023-24,
825,147,825,2023-24,
826,147,826,2023-24,
827,147,827,2023-24,
828,147,828,2023-24,
829,147,829,2023-24,
830,148,830,2023-24,
831,148,831,2023-24,
832,148,832,2023-24,
833,148,833,2023-24,
834,148,834,2023-24,
835,149,835,2023-24,
836,149,836,2023-24,
837,149,837,2023-24,
838,149,838,2023-24,
839,149,839,2023-24,
840,150,840,2023-24,
841,150,841,2023-24,
842,150,842,2023-24,
843,150,843,2023-24,
844,151,844,2023-24,
845,151,845,2023-24,
846,151,846,2023-24,
847,151,847,2023-24,
848,151,848,2023-24,
849,151,849,2023-24,
850,152,850,2023-24,
851,152,851,2023-24,
852,152,852,2023-24,
853,152,853,2023-24,
854,152,854,2023-24,
855,153,855,2023-24,
856,153,856,2023-24,
857,153,857,2023-24,
858,153,858,2023-24,
859,154,859,2023-24,
860,154,860,2023-24,
861,154,861,2023-24,
862,155,862,2023-24,
863,155,863,2023-24,
864,155,864,2023-24,
865,155,865,2023-24,
866,155,866,2023-24,
867,155,867,2023-24,
868,156,868,2023-24,
869,156,869,2023-24,
870,156,870,2023-24,
871,156,871,2023-24,
872,156,872,2023-24,
873,157,873,2023-24,
874,157,874,2023-24,
875,157,875,2023-24,
876,157,876,2023-24,
877,158,877,2023-24,
878,158,878,2023-24,
879,158,879,2023-24,
880,158,880,2023-24,
881,158,881,2023-24,
882,159,882,2023-24,
883,159,883,2023-24,
884,159,884,2023-24,
885,160,885,2023-24,
886,160,886,2023-24,
887,160,887,2023-24,
888,160,888,2023-24,
889,160,889,2023-24,
890,161,890,2023-24,
891,161,891,2023-24,
892,161,892,2023-24,
893,161,893,2023-24,
894,161,894,2023-24,
895,161,895,2023-24,
896,162,896,2023-24,
897,162,897,2023-24,
898,162,898,2023-24,
899,162,899,2023-24,
900,162,900,2023-24,
901,163,901,2023-24,
902,163,902,2023-24,
903,163,903,2023-24,
904,163,904,2023-24,
905,163,905,2023-24,
906,163,906,2023-24,
907,163,907,2023-24,
908,164,908,2023-24,
909,164,909,2023-24,
910,164,910,2023-24,
911,164,911,2023-24,
912,164,912,2023-24,
913,165,913,2023-24,
914,165,914,2023-24,
915,165,915,2023-24,
916,165,916,2023-24,
917,165,917,2023-24,
918,165,918,2023-24,
919,165,919,2023-24,
920,165,920,2023-24,
921,166,921,2023-24,
922,166,922,2023-24,
923,166,923,2023-24,
924,166,924,2023-24,
925,166,925,2023-24,
926,166,926,2023-24,
927,166,927,2023-24,
928,167,928,2023-24,
929,167,929,2023-24,
930,167,930,2023-24,
931,167,931,2023-24,
932,168,932,2023-24,
933,168,933,2023-24,
934,168,934,2023-24,
935,168,935,2023-24,
936,169,936,2023-24,
937,169,937,2023-24,
938,169,938,2023-24,
939,169,939,2023-24,
940,169,940,2023-24,
941,169,941,2023-24,
942,169,942,2023-24,
943,169,943,2023-24,
944,169,944,2023-24,
945,170,945,2023-24,
946,170,946,2023-24,
947,170,947,2023-24,
948,170,948,2023-24,
949,170,949,2023-24,
950,170,950,2023-24,
951,170,951,2023-24,
952,171,952,2023-24,
953,171,953,2023-24,
954,171,954,2023-24,
955,171,955,2023-24,
956,171,956,2023-24,
957,171,957,2023-24,
958,171,958,2023-24,
959,171,959,2023-24,
960,171,960,2023-24,
961,172,961,2023-24,
962,172,962,2023-24,
963,172,963,2023-24,
964,172,964,2023-24,
965,172,965,2023-24,
966,172,966,2023-24,
967,172,967,2023-24,
968,172,968,2023-24,
969,173,969,2023-24,
970,173,970,2023-24,
971,173,971,2023-24,
972,173,972,2023-24,
973,173,973,2023-24,
974,173,974,2023-24,
975,173,975,2023-24,
976,173,976,2023-24,
977,174,977,2023-24,
978,174,978,2023-24,
979,174,979,2023-24,
980,174,980,2023-24,
981,174,981,2023-24,
982,174,982,2023-24,
983,174,983,2023-24,
984,174,984,2023-24,
985,174,985,2023-24,
986,175,986,2023-24,
987,175,987,2023-24,
988,175,988,2023-24,
989,175,989,2023-24,
990,175,990,2023-24,
991,175,991,2023-24,
992,176,992,2023-24,
993,176,993,2023-24,
994,176,994,2023-24,
995,176,995,2023-24,
996,177,996,2023-24,
997,177,997,2023-24,
998,177,998,2023-24,
999,177,999,2023-24,
1000,177,1000,2023-24,
1001,178,1001,2023-24,
1002,178,1002,2023-24,
1003,178,1003,2023-24,
1004,178,1004,2023-24,
1005,178,1005,2023-24,
1006,178,1006,2023-24,
1007,178,1007,2023-24,
1008,179,1008,2023-24,
1009,179,1009,2023-24,
1010,179,1010,2023-24,
1011,179,1011,2023-24,
1012,179,1012,2023-24,
1013,180,1013,2023-24,
1014,180,1014,2023-24,
1015,180,1015,2023-24,
1016,180,1016,2023-24,
1017,180,1017,2023-24,
1018,180,1018,2023-24,
1019,180,1019,2023-24,
1020,181,1020,2023-24,
1021,181,1021,2023-24,
1022,181,1022,2023-24,
1023,181,1023,2023-24,
1024,181,1024,2023-24,
1025,182,1025,2023-24,
1026,182,1026,2023-24,
1027,182,1027,2023-24,
1028,182,1028,2023-24,
1029,182,1029,2023-24,
1030,182,1030,2023-24,
1031,182,1031,2023-24,
1032,182,1032,2023-24,
1033,183,1033,2023-24,
1034,183,1034,2023-24,
1035,183,1035,2023-24,
1036,183,1036,2023-24,
1037,183,1037,2023-24,
1038,184,1038,2023-24,
1039,184,1039,2023-24,
1040,184,1040,2023-24,
1041,184,1041,2023-24,
1042,184,1042,2023-24,
1043,185,1043,2023-24,
1044,185,1044,2023-24,
1045,185,1045,2023-24,
1046,185,1046,2023-24,
1047,185,1047,2023-24,
1048,185,1048,2023-24,
1049,186,1049,2023-24,
1050,186,1050,2023-24,
1051,186,1051,2023-24,
1052,186,1052,2023-24,
1053,186,1053,2023-24,
1054,187,1054,2023-24,
1055,187,1055,2023-24,
1056,187,1056,2023-24,
1057,188,1057,2023-24,
1058,188,1058,2023-24,
1059,188,1059,2023-24,
1060,188,1060,2023-24,
1061,188,1061,2023-24,
1062,189,1062,2023-24,
1063,189,1063,2023-24,
1064,189,1064,2023-24,
1065,190,1065,2023-24,
1066,190,1066,2023-24,
1067,190,1067,2023-24,
1068,190,1068,2023-24,
1069,190,1069,2023-24,
1070,191,1070,2023-24,
1071,191,1071,2023-24,
1072,191,1072,2023-24,
1073,191,1073,2023-24,
1074,191,1074,2023-24,
1075,192,1075,2023-24,
1076,192,1076,2023-24,
1077,192,1077,2023-24,
1078,193,1078,2023-24,
1079,193,1079,2023-24,
1080,193,1080,2023-24,
1081,193,1081,2023-24,
1082,193,1082,2023-24,
1083,194,1083,2023-24,
1084,194,1084,2023-24,
1085,194,1085,2023-24,
1086,194,1086,2023-24,
1087,195,1087,2023-24,
1088,195,1088,2023-24,
1089,195,1089,2023-24,
1090,195,1090,2023-24,
1091,195,1091,2023-24,
1092,196,1092,2023-24,
1093,196,1093,2023-24,
1094,196,1094,2023-24,
1095,196,1095,2023-24,
1096,196,1096,2023-24,
1097,197,1097,2023-24,
1098,197,1098,2023-24,
1099,197,1099,2023-24,
1100,197,1100,2023-24,
1101,198,1101,2023-24,
1102,198,1102,2023-24,
1103,198,1103,2023-24,
1104,198,1104,2023-24,
1105,199,1105,2023-24,
1106,199,1106,2023-24,
1107,199,1107,2023-24,
1108,199,1108,2023-24,
1109,199,1109,2023-24,
1110,199,1110,2023-24,
1111,200,1111,2023-24,
1112,200,1112,2023-24,
1113,200,1113,2023-24,
1114,200,1114,2023-24,
1115,200,1115,2023-24,
1116,201,1116,2023-24,
1117,201,1117,2023-24,
1118,201,1118,2023-24,
1119,201,1119,2023-24,
1120,202,1120,2023-24,
1121,202,1121,2023-24,
1122,202,1122,2023-24,
1123,202,1123,2023-24,
1124,202,1124,2023-24,
1125,203,1125,2023-24,
1126,203,1126,2023-24,
1127,203,1127,2023-24,
1128,203,1128,2023-24,
1129,203,1129,2023-24,
1130,203,1130,2023-24,
1131,204,1131,2023-24,
1132,204,1132,2023-24,
1133,204,1133,2023-24,
1134,204,1134,2023-24,
1135,204,1135,2023-24,
1136,205,1136,2023-24,
1137,205,1137,2023-24,
1138,205,1138,2023-24,
1139,205,1139,2023-24,
1140,206,1140,2023-24,
1141,206,1141,2023-24,
1142,206,1142,2023-24,
1143,206,1143,2023-24,
1144,206,1144,2023-24,
1145,206,1145,2023-24,
1146,207,1146,2023-24,
1147,207,1147,2023-24,
1148,207,1148,2023-24,
1149,207,1149,2023-24,
1150,207,1150,2023-24,
1151,208,1151,2023-24,
1152,208,1152,2023-24,
1153,208,1153,2023-24,
1154,208,1154,2023-24,
1155,208,1155,2023-24,
1156,209,1156,2023-24,
1157,209,1157,2023-24,
1158,210,1158,2023-24,
1159,210,1159,2023-24,
1160,210,1160,2023-24,
1161,210,1161,2023-24,
1162,210,1162,2023-24,
1163,210,1163,2023-24,
1164,211,1164,2023-24,
1165,211,1165,2023-24,
1166,211,1166,2023-24,
1167,211,1167,2023-24,
1168,211,1168,2023-24,
1169,212,1169,2023-24,
1170,212,1170,2023-24,
1171,212,1171,2023-24,
1172,212,1172,2023-24,
1173,212,1173,2023-24,
1174,213,1174,2023-24,
1175,213,1175,2023-24,
1176,213,1176,2023-24,
1177,213,1177,2023-24,
1178,213,1178,2023-24,
1179,213,1179,2023-24,
1180,214,1180,2023-24,
1181,214,1181,2023-24,
1182,214,1182,2023-24,
1183,214,1183,2023-24,
1184,214,1184,2023-24,
1185,214,1185,2023-24,
1186,214,1186,2023-24,
1187,214,1187,2023-24,
1188,215,1188,2023-24,
1189,215,1189,2023-24,
1190,215,1190,2023-24,
1191,215,1191,2023-24,
1192,215,1192,2023-24,
1193,215,1193,2023-24,
1194,215,1194,2023-24,
1195,216,1195,2023-24,
1196,216,1196,2023-24,
1197,216,1197,2023-24,
1198,216,1198,2023-24,
1199,216,1199,2023-24,
1200,216,1200,2023-24,
1201,216,1201,2023-24,
1202,217,1202,2023-24,
1203,217,1203,2023-24,
1204,217,1204,2023-24,
1205,217,1205,2023-24,
1206,217,1206,2023-24,
1207,217,1207,2023-24,
1208,218,1208,2023-24,
1209,218,1209,2023-24,
1210,218,1210,2023-24,
1211,218,1211,2023-24,
1212,218,1212,2023-24,
1213,219,1213,2023-24,
1214,219,1214,2023-24,
1215,219,1215,2023-24,
1216,219,1216,2023-24,
1217,219,1217,2023-24,
1218,220,1218,2023-24,
1219,220,1219,2023-24,
1220,220,1220,2023-24,
1221,220,1221,2023-24,
1222,220,1222,2023-24,
1223,220,1223,2023-24,
1224,220,1224,2023-24,
1225,220,1225,2023-24,
1226,220,1226,2023-24,
1227,220,1227,2023-24,
1228,221,1228,2023-24,
1229,221,1229,2023-24,
1230,221,1230,2023-24,
1231,221,1231,2023-24,
1232,221,1232,2023-24,
1233,221,1233,2023-24,
1234,222,1234,2023-24,
1235,222,1235,2023-24,
1236,222,1236,2023-24,
1237,223,1237,2023-24,
1238,223,1238,2023-24,
1239,223,1239,2023-24,
1240,223,1240,2023-24,
1241,223,1241,2023-24,
1242,223,1242,2023-24,
1243,223,1243,2023-24,
1244,223,1244,2023-24,
1245,224,1245,2023-24,
1246,224,1246,2023-24,
1247,224,1247,2023-24,
1248,224,1248,2023-24,
1249,225,1249,2023-24,
1250,225,1250,2023-24,
1251,225,1251,2023-24,
1252,225,1252,2023-24,
1253,225,1253,2023-24,
1254,226,1254,2023-24,
1255,226,1255,2023-24,
1256,226,1256,2023-24,
1257,226,1257,2023-24,
1258,226,1258,2023-24,
1259,227,1259,2023-24,
1260,227,1260,2023-24,
1261,227,1261,2023-24,
1262,228,1262,2023-24,
1263,228,1263,2023-24,
1264,228,1264,2023-24,
1265,228,1265,2023-24,
1266,228,1266,2023-24,
1267,228,1267,2023-24,
1268,229,1268,2023-24,
1269,229,1269,2023-24,
1270,229,1270,2023-24,
1271,229,1271,2023-24,
1272,229,1272,2023-24,
1273,230,1273,2023-24,
1274,230,1274,2023-24,
1275,230,1275,2023-24,
1276,230,1276,2023-24,
1277,230,1277,2023-24,
1278,231,1278,2023-24,
1279,231,1279,2023-24,
1280,231,1280,2023-24,
1281,231,1281,2023-24,
1282,231,1282,2023-24,
1283,232,1283,2023-24,
1284,232,1284,2023-24,
1285,232,1285,2023-24,
1286,232,1286,2023-24,
1287,233,1287,2023-24,
1288,233,1288,2023-24,
1289,233,1289,2023-24,
1290,233,1290,2023-24,
1291,233,1291,2023-24,
1292,233,1292,2023-24,
1293,233,1293,2023-24,
1294,233,1294,2023-24,
1295,233,1295,2023-24,
1296,234,1296,2023-24,
1297,234,1297,2023-24,
1298,234,1298,2023-24,
1299,234,1299,2023-24,
1300,234,1300,2023-24,
1301,234,1301,2023-24,
1302,234,1302,2023-24,
1303,235,1303,2023-24,
1304,235,1304,2023-24,
1305,235,1305,2023-24,
1306,235,1306,2023-24,
1307,235,1307,2023-24,
1308,235,1308,2023-24,
1309,235,1309,2023-24,
1310,236,1310,2023-24,
1311,236,1311,2023-24,
1312,236,1312,2023-24,
1313,236,1313,2023-24,
1314,236,1314,2023-24,
1315,237,1315,2023-24,
1316,237,1316,2023-24,
1317,237,1317,2023-24,
1318,237,1318,2023-24,
1319,237,1319,2023-24,
1320,238,1320,2023-24,
1321,238,1321,2023-24,
1322,238,1322,2023-24,
1323,238,1323,2023-24,
1324,238,1324,2023-24,
1325,238,1325,2023-24,
1326,238,1326,2023-24,
1327,238,1327,2023-24,
1328,238,1328,2023-24,
1329,239,1329,2023-24,
1330,239,1330,2023-24,
1331,239,1331,2023-24,
1332,239,1332,2023-24,
1333,239,1333,2023-24,
1334,239,1334,2023-24,
1335,240,1335,2023-24,
1336,240,1336,2023-24,
1337,240,1337,2023-24,
1338,240,1338,2023-24,
1339,240,1339,2023-24,
1340,241,1340,2023-24,
1341,241,1341,2023-24,
1342,241,1342,2023-24,
1343,241,1343,2023-24,
1344,241,1344,2023-24,
1345,241,1345,2023-24,
1346,242,1346,2023-24,
1347,242,1347,2023-24,
1348,242,1348,2023-24,
1349,242,1349,2023-24,
1350,242,1350,2023-24,
1351,242,1351,2023-24,
1352,242,1352,2023-24,
1353,242,1353,2023-24,
1354,243,1354,2023-24,
1355,243,1355,2023-24,
1356,243,1356,2023-24,
1357,244,1357,2023-24,
1358,244,1358,2023-24,
1359,244,1359,2023-24,
1360,244,1360,2023-24,
1361,244,1361,2023-24,
1362,244,1362,2023-24,
1363,244,1363,2023-24,
1364,244,1364,2023-24,
1365,244,1365,2023-24,
1366,244,1366,2023-24,
1367,245,1367,2023-24,
1368,245,1368,2023-24,
1369,245,1369,2023-24,
1370,245,1370,2023-24,
1371,246,1371,2023-24,
1372,246,1372,2023-24,
1373,246,1373,2023-24,
1374,246,1374,2023-24,
1375,246,1375,2023-24,
1376,247,1376,2023-24,
1377,247,1377,2023-24,
1378,247,1378,2023-24,
1379,247,1379,2023-24,
1380,247,1380,2023-24,
1381,247,1381,2023-24,
1382,247,1382,2023-24,
1383,247,1383,2023-24,
1384,248,1384,2023-24,
1385,248,1385,2023-24,
1386,248,1386,2023-24,
1387,248,1387,2023-24,
1388,248,1388,2023-24,
1389,248,1389,2023-24,
1390,248,1390,2023-24,
1391,249,1391,2023-24,
1392,249,1392,2023-24,
1393,249,1393,2023-24,
1394,249,1394,2023-24,
1395,249,1395,2023-24,
1396,249,1396,2023-24,
1397,249,1397,2023-24,
1398,250,1398,2023-24,
1399,250,1399,2023-24,
1400,250,1400,2023-24,
1401,250,1401,2023-24,
1402,250,1402,2023-24,
1403,250,1403,2023-24,
1404,251,1404,2023-24,
1405,251,1405,2023-24,
1406,251,1406,2023-24,
1407,251,1407,2023-24,
1408,251,1408,2023-24,
1409,251,1409,2023-24,
1410,252,1410,2023-24,
1411,252,1411,2023-24,
1412,252,1412,2023-24,
1413,252,1413,2023-24,
1414,252,1414,2023-24,
1415,252,1415,2023-24,
1416,252,1416,2023-24,
1417,252,1417,2023-24,
1418,252,1418,2023-24,
1419,253,1419,2023-24,
1420,253,1420,2023-24,
1421,253,1421,2023-24,
1422,253,1422,2023-24,
1423,254,1423,2023-24,
1424,254,1424,2023-24,
1425,254,1425,2023-24,
1426,254,1426,2023-24,
1427,255,1427,2023-24,
1428,255,1428,2023-24,
1429,255,1429,2023-24,
1430,255,1430,2023-24,
1431,256,1431,2023-24,
1432,256,1432,2023-24,
1433,256,1433,2023-24,
1434,256,1434,2023-24,
1435,257,1435,2023-24,
1436,257,1436,2023-24,
1437,257,1437,2023-24,
1438,257,1438,2023-24,
1439,257,1439,2023-24,
1440,258,1440,2023-24,
1441,258,1441,2023-24,
1442,258,1442,2023-24,
1443,258,1443,2023-24,
1444,258,1444,2023-24,
1445,258,1445,2023-24,
1446,258,1446,2023-24,
1447,259,1447,2023-24,
1448,259,1448,2023-24,
1449,259,1449,2023-24,
1450,259,1450,2023-24,
1451,260,1451,2023-24,
1452,260,1452,2023-24,
1453,260,1453,2023-24,
1454,260,1454,2023-24,
1455,260,1455,2023-24,
1456,260,1456,2023-24,
1457,260,1457,2023-24,
1458,260,1458,2023-24,
1459,260,1459,2023-24,
1460,260,1460,2023-24,
1461,261,1461,2023-24,
1462,261,1462,2023-24,
1463,261,1463,2023-24,
1464,261,1464,2023-24,
1465,262,1465,2023-24,
1466,262,1466,2023-24,
1467,262,1467,2023-24,
1468,262,1468,2023-24,
1469,262,1469,2023-24,
1470,262,1470,2023-24,
1471,263,1471,2023-24,
1472,263,1472,2023-24,
1473,263,1473,2023-24,
1474,264,1474,2023-24,
1475,264,1475,2023-24,
1476,264,1476,2023-24,
1477,264,1477,2023-24,
1478,265,1478,2023-24,
1479,265,1479,2023-24,
1480,265,1480,2023-24,
1481,265,1481,2023-24,
1482,266,1482,2023-24,
1483,266,1483,2023-24,
1484,266,1484,2023-24,
1485,266,1485,2023-24,
1486,267,1486,2023-24,
1487,267,1487,2023-24,
1488,267,1488,2023-24,
1489,267,1489,2023-24,
1490,267,1490,2023-24,
1491,268,1491,2023-24,
1492,268,1492,2023-24,
1493,268,1493,2023-24,
1494,268,1494,2023-24,
1495,268,1495,2023-24,
1496,269,1496,2023-24,
1497,269,1497,2023-24,
1498,269,1498,2023-24,
1499,269,1499,2023-24,
1500,269,1500,2023-24,
1501,270,1501,2023-24,
1502,270,1502,2023-24,
1503,270,1503,2023-24,
1504,270,1504,2023-24,
1505,270,1505,2023-24,
1506,271,1506,2023-24,
1507,271,1507,2023-24,
1508,271,1508,2023-24,
1509,272,1509,2023-24,
1510,272,1510,2023-24,
1511,272,1511,2023-24,
1512,272,1512,2023-24,
1513,272,1513,2023-24,
1514,272,1514,2023-24,
1515,273,1515,2023-24,
1516,273,1516,2023-24,
1517,273,1517,2023-24,
1518,273,1518,2023-24,
1519,273,1519,2023-24,
1520,273,1520,2023-24,
1521,274,1521,2023-24,
1522,274,1522,2023-24,
1523,274,1523,2023-24,
1524,274,1524,2023-24,
1525,275,1525,2023-24,
1526,275,1526,2023-24,
1527,276,1527,2023-24,
1528,276,1528,2023-24,
1529,276,1529,2023-24,
1530,276,1530,2023-24,
1531,276,1531,2023-24,
1532,277,1532,2023-24,
1533,277,1533,2023-24,
1534,277,1534,2023-24,
1535,277,1535,2023-24,
1536,277,1536,2023-24,
1537,277,1537,2023-24,
1538,277,1538,2023-24,
1539,277,1539,2023-24,
1540,277,1540,2023-24,
1541,278,1541,2023-24,
1542,278,1542,2023-24,
1543,278,1543,2023-24,
1544,278,1544,2023-24,
1545,279,1545,2023-24,
1546,279,1546,2023-24,
1547,279,1547,2023-24,
1548,279,1548,2023-24,
1549,280,1549,2023-24,
1550,280,1550,2023-24,
1551,280,1551,2023-24,
1552,280,1552,2023-24,
1553,281,1553,2023-24,
1554,281,1554,2023-24,
1555,281,1555,2023-24,
1556,282,1556,2023-24,
1557,282,1557,2023-24,
1558,282,1558,2023-24,
1559,282,1559,2023-24,
1560,282,1560,2023-24,
1561,282,1561,2023-24,
1562,283,1562,2023-24,
1563,283,1563,2023-24,
1564,283,1564,2023-24,
1565,283,1565,2023-24,
1566,283,1566,2023-24,
1567,284,1567,2023-24,
1568,284,1568,2023-24,
1569,284,1569,2023-24,
1570,284,1570,2023-24,
1571,284,1571,2023-24,
1572,285,1572,2023-24,
1573,285,1573,2023-24,
1574,285,1574,2023-24,
1575,286,1575,2023-24,
1576,286,1576,2023-24,
1577,286,1577,2023-24,
1578,286,1578,2023-24,
1579,286,1579,2023-24,
1580,286,1580,2023-24,
1581,287,1581,2023-24,
1582,287,1582,2023-24,
1583,287,1583,2023-24,
1584,287,1584,2023-24,
1585,287,1585,2023-24,
1586,287,1586,2023-24,
1587,288,1587,2023-24,
1588,288,1588,2023-24,
1589,288,1589,2023-24,
1590,288,1590,2023-24,
1591,288,1591,2023-24,
1592,289,1592,2023-24,
1593,289,1593,2023-24,
1594,289,1594,2023-24,
1595,289,1595,2023-24,
1596,289,1596,2023-24,
1597,289,1597,2023-24,
1598,290,1598,2023-24,
1599,290,1599,2023-24,
1600,290,1600,2023-24,
1601,290,1601,2023-24,
1602,290,1602,2023-24,
1603,291,1603,2023-24,
1604,291,1604,2023-24,
1605,291,1605,2023-24,
1606,291,1606,2023-24,
1607,291,1607,2023-24,
1608,292,1608,2023-24,
1609,292,1609,2023-24,
1610,292,1610,2023-24,
1611,292,1611,2023-24,
1612,292,1612,2023-24,
1613,292,1613,2023-24,
1614,292,1614,2023-24,
1615,293,1615,2023-24,
1616,293,1616,2023-24,
1617,293,1617,2023-24,
1618,293,1618,2023-24,
1619,293,1619,2023-24,
1620,294,1620,2023-24,
1621,294,1621,2023-24,
1622,294,1622,2023-24,
1623,294,1623,2023-24,
1624,294,1624,2023-24,
1625,295,1625,2023-24,
1626,295,1626,2023-24,
1627,295,1627,2023-24,
1628,296,1628,2023-24,
1629,296,1629,2023-24,
1630,296,1630,2023-24,
1631,296,1631,2023-24,
1632,296,1632,2023-24,
1633,297,1633,2023-24,
1634,297,1634,2023-24,
1635,297,1635,2023-24,
1636,297,1636,2023-24,
1637,297,1637,2023-24,
1638,297,1638,2023-24,
1639,298,1639,2023-24,
1640,298,1640,2023-24,
1641,298,1641,2023-24,
1642,298,1642,2023-24,
1643,298,1643,2023-24,
1644,298,1644,2023-24,
1645,299,1645,2023-24,
1646,299,1646,2023-24,
1647,299,1647,2023-24,
1648,299,1648,2023-24,
1649,299,1649,2023-24,
1650,299,1650,2023-24,
1651,300,1651,2023-24,
1652,300,1652,2023-24,
1653,300,1653,2023-24,
1654,300,1654,2023-24,
1655,300,1655,2023-24,
1656,301,1656,2023-24,
1657,301,1657,2023-24,
1658,301,1658,2023-24,
1659,301,1659,2023-24,
1660,301,1660,2023-24,
1661,302,1661,2023-24,
1662,302,1662,2023-24,
1663,302,1663,2023-24,
1664,302,1664,2023-24,
1665,302,1665,2023-24,
1666,303,1666,2023-24,
1667,303,1667,2023-24,
1668,303,1668,2023-24,
1669,303,1669,2023-24,
1670,304,1670,2023-24,
1671,304,1671,2023-24,
1672,305,1672,2023-24,
1673,305,1673,2023-24,
1674,305,1674,2023-24,
1675,305,1675,2023-24,
1676,305,1676,2023-24,
1677,306,1677,2023-24,
1678,306,1678,2023-24,
1679,306,1679,2023-24,
1680,307,1680,2023-24,
1681,307,1681,2023-24,
1682,307,1682,2023-24,
1683,307,1683,2023-24,
1684,307,1684,2023-24,
1685,308,1685,2023-24,
1686,308,1686,2023-24,
1687,308,1687,2023-24,
1688,308,1688,2023-24,
1689,308,1689,2023-24,
1690,309,1690,2023-24,
1691,309,1691,2023-24,
1692,309,1692,2023-24,
1693,309,1693,2023-24,
1694,310,1694,2023-24,
1695,310,1695,2023-24,
1696,310,1696,2023-24,
1697,310,1697,2023-24,
1698,311,1698,2023-24,
1699,311,1699,2023-24,
1700,311,1700,2023-24,
1701,311,1701,2023-24,
1702,311,1702,2023-24,
1703,311,1703,2023-24,
1704,311,1704,2023-24,
1705,311,1705,2023-24,
1706,312,1706,2023-24,
1707,312,1707,2023-24,
1708,312,1708,2023-24,
1709,312,1709,2023-24,
1710,313,1710,2023-24,
1711,313,1711,2023-24,
1712,313,1712,2023-24,
1713,313,1713,2023-24,
1714,314,1714,2023-24,
1715,314,1715,2023-24,
1716,314,1716,2023-24,
1717,314,1717,2023-24,
1718,314,1718,2023-24,
1719,315,1719,2023-24,
1720,315,1720,2023-24,
1721,315,1721,2023-24,
1722,316,1722,2023-24,
1723,316,1723,2023-24,
1724,316,1724,2023-24,
1725,316,1725,2023-24,
1726,316,1726,2023-24,
1727,316,1727,2023-24,
1728,317,1728,2023-24,
1729,317,1729,2023-24,
1730,317,1730,2023-24,
1731,317,1731,2023-24,
1732,317,1732,2023-24,
1733,318,1733,2023-24,
1734,318,1734,2023-24,
1735,318,1735,2023-24,
1736,318,1736,2023-24,
1737,319,1737,2023-24,
1738,319,1738,2023-24,
1739,319,1739,2023-24,
1740,319,1740,2023-24,
1741,319,1741,2023-24,
1742,320,1742,2023-24,
1743,320,1743,2023-24,
1744,320,1744,2023-24,
1745,321,1745,2023-24,
1746,321,1746,2023-24,
1747,321,1747,2023-24,
1748,321,1748,2023-24,
1749,321,1749,2023-24,
1750,322,1750,2023-24,
1751,322,1751,2023-24,
1752,323,1752,2023-24,
1753,323,1753,2023-24,
1754,323,1754,2023-24,
1755,323,1755,2023-24,
1756,324,1756,2023-24,
1757,324,1757,2023-24,
1758,324,1758,2023-24,
1759,324,1759,2023-24,
1760,325,1760,2023-24,
1761,325,1761,2023-24,
1762,325,1762,2023-24,
1763,325,1763,2023-24,
1764,326,1764,2023-24,
1765,326,1765,2023-24,
1766,326,1766,2023-24,
1767,326,1767,2023-24,
1768,327,1768,2023-24,
1769,327,1769,2023-24,
1770,327,1770,2023-24,
1771,328,1771,2023-24,
1772,328,1772,2023-24,
1773,328,1773,2023-24,
1774,329,1774,2023-24,
1775,329,1775,2023-24,
1776,329,1776,2023-24,
1777,103,1777,2023-24,
1778,110,1778,2023-24,
1779,110,1779,2023-24,
1780,330,1780,2023-24,
1781,330,1781,2023-24,
1782,330,1782,2023-24,
1783,330,1783,2023-24,
1784,330,1784,2023-24,
1785,208,1785,2023-24,
1786,208,1786,2023-24,
1787,209,1787,2023-24,
1788,209,1788,2023-24,
1789,222,1789,2023-24,
1790,236,1790,2023-24,
1791,238,1791,2023-24,
1792,258,1792,2023-24,
1793,275,1793,2023-24,
1794,331,1794,2023-24,
1795,331,1795,2023-24,
1796,304,1796,2023-24,
1797,1,1797,2023-24,
1798,5,1798,2023-24,
1799,24,1799,2023-24,
1800,24,1800,2023-24,
1801,25,1801,2023-24,
1802,46,1802,2023-24,
1803,327,1803,2023-24,
1804,51,1804,2023-24,
1805,51,1805,2023-24,
1806,51,1806,2023-24,
1807,53,1807,2023-24,
1808,54,1808,2023-24,
1809,92,1809,2023-24,
1810,328,1810,2023-24,
1811,329,1811,2023-24,
1812,329,1812,2023-24,
1813,133,1813,2023-24,
1814,139,1814,2023-24,
1815,159,1815,2023-24,
1816,164,1816,2023-24,
1817,165,1817,2023-24,
1818,208,1818,2023-24,
1819,208,1819,2023-24,
1820,209,1820,2023-24,
1821,222,1821,2023-24,
1822,234,1822,2023-24,
1823,238,1823,2023-24,
1824,238,1824,2023-24,
1825,248,1825,2023-24,
1826,248,1826,2023-24,
1827,258,1827,2023-24,
1828,258,1828,2023-24,
1829,258,1829,2023-24,
1830,270,1830,2023-24,
1831,270,1831,2023-24,
1832,289,1832,2023-24,
1833,1,1797,2024-25,
1834,1,2,2024-25,
1835,1,3,2024-25,
1836,1,4,2024-25,
1837,1,6,2024-25,
1838,2,7,2024-25,
1839,2,8,2024-25,
1840,2,9,2024-25,
1841,2,10,2024-25,
1842,3,11,2024-25,
1843,3,12,2024-25,
1844,3,13,2024-25,
1845,3,14,2024-25,
1846,3,15,2024-25,
1847,4,16,2024-25,
1848,4,17,2024-25,
1849,4,18,2024-25,
1850,4,19,2024-25,
1851,4,20,2024-25,
1852,5,22,2024-25,
1853,5,23,2024-25,
1854,5,24,2024-25,
1855,5,1833,2024-25,
1856,5,25,2024-25,
1857,5,26,2024-25,
1858,6,28,2024-25,
1859,6,30,2024-25,
1860,6,31,2024-25,
1861,6,1834,2024-25,
1862,6,32,2024-25,
1863,7,34,2024-25,
1864,7,35,2024-25,
1865,7,1835,2024-25,
1866,7,36,2024-25,
1867,8,38,2024-25,
1868,8,39,2024-25,
1869,8,1836,2024-25,
1870,8,40,2024-25,
1871,8,41,2024-25,
1872,9,42,2024-25,
1873,9,43,2024-25,
1874,9,44,2024-25,
1875,9,45,2024-25,
1876,9,46,2024-25,
1877,10,47,2024-25,
1878,10,48,2024-25,
1879,10,49,2024-25,
1880,10,50,2024-25,
1881,10,51,2024-25,
1882,11,52,2024-25,
1883,11,53,2024-25,
1884,11,54,2024-25,
1885,11,55,2024-25,
1886,11,56,2024-25,
1887,11,57,2024-25,
1888,11,58,2024-25,
1889,12,59,2024-25,
1890,12,60,2024-25,
1891,12,61,2024-25,
1892,12,62,2024-25,
1893,13,63,2024-25,
1894,13,64,2024-25,
1895,13,65,2024-25,
1896,13,66,2024-25,
1897,14,67,2024-25,
1898,14,68,2024-25,
1899,14,1837,2024-25,
1900,14,69,2024-25,
1901,14,70,2024-25,
1902,15,71,2024-25,
1903,15,72,2024-25,
1904,15,73,2024-25,
1905,15,74,2024-25,
1906,15,75,2024-25,
1907,16,76,2024-25,
1908,16,77,2024-25,
1909,16,78,2024-25,
1910,16,79,2024-25,
1911,16,80,2024-25,
1912,17,81,2024-25,
1913,17,82,2024-25,
1914,17,83,2024-25,
1915,17,84,2024-25,
1916,17,85,2024-25,
1917,17,86,2024-25,
1918,18,87,2024-25,
1919,18,88,2024-25,
1920,18,89,2024-25,
1921,18,90,2024-25,
1922,18,91,2024-25,
1923,19,92,2024-25,
1924,19,93,2024-25,
1925,19,94,2024-25,
1926,19,95,2024-25,
1927,19,96,2024-25,
1928,20,97,2024-25,
1929,20,98,2024-25,
1930,20,99,2024-25,
1931,20,100,2024-25,
1932,21,101,2024-25,
1933,21,102,2024-25,
1934,21,103,2024-25,
1935,21,104,2024-25,
1936,21,105,2024-25,
1937,21,106,2024-25,
1938,22,107,2024-25,
1939,22,108,2024-25,
1940,22,109,2024-25,
1941,22,110,2024-25,
1942,22,111,2024-25,
1943,22,1838,2024-25,
1944,23,112,2024-25,
1945,23,113,2024-25,
1946,23,114,2024-25,
1947,23,115,2024-25,
1948,24,1800,2024-25,
1949,24,117,2024-25,
1950,24,118,2024-25,
1951,24,119,2024-25,
1952,25,120,2024-25,
1953,25,121,2024-25,
1954,25,122,2024-25,
1955,25,123,2024-25,
1956,25,124,2024-25,
1957,25,126,2024-25,
1958,26,127,2024-25,
1959,26,128,2024-25,
1960,27,129,2024-25,
1961,27,130,2024-25,
1962,27,131,2024-25,
1963,27,132,2024-25,
1964,27,1839,2024-25,
1965,27,1840,2024-25,
1966,28,133,2024-25,
1967,28,134,2024-25,
1968,28,135,2024-25,
1969,28,136,2024-25,
1970,28,137,2024-25,
1971,28,138,2024-25,
1972,28,139,2024-25,
1973,28,140,2024-25,
1974,28,142,2024-25,
1975,29,143,2024-25,
1976,29,145,2024-25,
1977,29,146,2024-25,
1978,29,147,2024-25,
1979,29,148,2024-25,
1980,29,1841,2024-25,
1981,29,149,2024-25,
1982,29,150,2024-25,
1983,30,151,2024-25,
1984,30,152,2024-25,
1985,30,153,2024-25,
1986,30,154,2024-25,
1987,30,155,2024-25,
1988,31,156,2024-25,
1989,31,157,2024-25,
1990,31,158,2024-25,
1991,31,159,2024-25,
1992,31,160,2024-25,
1993,31,161,2024-25,
1994,31,162,2024-25,
1995,32,163,2024-25,
1996,32,164,2024-25,
1997,32,165,2024-25,
1998,32,166,2024-25,
1999,32,167,2024-25,
2000,32,1842,2024-25,
2001,32,1843,2024-25,
2002,33,168,2024-25,
2003,33,169,2024-25,
2004,33,170,2024-25,
2005,33,1844,2024-25,
2006,33,1845,2024-25,
2007,33,1846,2024-25,
2008,33,173,2024-25,
2009,33,1847,2024-25,
2010,34,174,2024-25,
2011,34,175,2024-25,
2012,34,176,2024-25,
2013,34,177,2024-25,
2014,34,178,2024-25,
2015,35,179,2024-25,
2016,35,180,2024-25,
2017,35,181,2024-25,
2018,35,182,2024-25,
2019,36,183,2024-25,
2020,36,184,2024-25,
2021,36,185,2024-25,
2022,36,186,2024-25,
2023,36,187,2024-25,
2024,37,188,2024-25,
2025,37,189,2024-25,
2026,37,190,2024-25,
2027,37,191,2024-25,
2028,37,192,2024-25,
2029,37,193,2024-25,
2030,37,194,2024-25,
2031,38,195,2024-25,
2032,38,196,2024-25,
2033,38,197,2024-25,
2034,38,198,2024-25,
2035,39,199,2024-25,
2036,39,200,2024-25,
2037,39,201,2024-25,
2038,39,202,2024-25,
2039,39,203,2024-25,
2040,39,204,2024-25,
2041,39,205,2024-25,
2042,39,206,2024-25,
2043,40,207,2024-25,
2044,40,208,2024-25,
2045,40,209,2024-25,
2046,40,210,2024-25,
2047,41,211,2024-25,
2048,41,212,2024-25,
2049,41,213,2024-25,
2050,41,214,2024-25,
2051,42,1848,2024-25,
2052,42,216,2024-25,
2053,42,1849,2024-25,
2054,43,218,2024-25,
2055,43,219,2024-25,
2056,43,220,2024-25,
2057,43,221,2024-25,
2058,43,222,2024-25,
2059,44,223,2024-25,
2060,44,224,2024-25,
2061,44,225,2024-25,
2062,44,226,2024-25,
2063,45,227,2024-25,
2064,45,228,2024-25,
2065,45,1850,2024-25,
2066,45,229,2024-25,
2067,45,230,2024-25,
2068,45,231,2024-25,
2069,46,232,2024-25,
2070,46,233,2024-25,
2071,46,234,2024-25,
2072,46,235,2024-25,
2073,46,236,2024-25,
2074,47,237,2024-25,
2075,47,238,2024-25,
2076,47,239,2024-25,
2077,47,1851,2024-25,
2078,47,240,2024-25,
2079,47,241,2024-25,
2080,47,242,2024-25,
2081,48,243,2024-25,
2082,48,244,2024-25,
2083,48,245,2024-25,
2084,48,246,2024-25,
2085,48,247,2024-25,
2086,49,248,2024-25,
2087,49,249,2024-25,
2088,49,250,2024-25,
2089,49,251,2024-25,
2090,49,1852,2024-25,
2091,50,252,2024-25,
2092,50,253,2024-25,
2093,50,254,2024-25,
2094,50,255,2024-25,
2095,50,256,2024-25,
2096,50,257,2024-25,
2097,50,258,2024-25,
2098,50,259,2024-25,
2099,332,1853,2024-25,
2100,332,1854,2024-25,
2101,332,1855,2024-25,
2102,332,1856,2024-25,
2103,332,1857,2024-25,
2104,327,1858,2024-25,
2105,327,1768,2024-25,
2106,327,1769,2024-25,
2107,327,1803,2024-25,
2108,327,1770,2024-25,
2109,333,1859,2024-25,
2110,333,1860,2024-25,
2111,333,1861,2024-25,
2112,333,1862,2024-25,
2113,51,1806,2024-25,
2114,52,264,2024-25,
2115,52,265,2024-25,
2116,52,266,2024-25,
2117,53,271,2024-25,
2118,53,272,2024-25,
2119,53,273,2024-25,
2120,54,274,2024-25,
2121,54,1808,2024-25,
2122,54,275,2024-25,
2123,54,276,2024-25,
2124,54,1863,2024-25,
2125,54,278,2024-25,
2126,54,1864,2024-25,
2127,55,279,2024-25,
2128,55,280,2024-25,
2129,55,281,2024-25,
2130,55,282,2024-25,
2131,55,283,2024-25,
2132,56,284,2024-25,
2133,56,285,2024-25,
2134,56,286,2024-25,
2135,56,287,2024-25,
2136,56,288,2024-25,
2137,57,289,2024-25,
2138,57,290,2024-25,
2139,57,291,2024-25,
2140,57,292,2024-25,
2141,57,293,2024-25,
2142,334,1865,2024-25,
2143,334,1866,2024-25,
2144,334,1867,2024-25,
2145,334,1868,2024-25,
2146,334,1869,2024-25,
2147,58,294,2024-25,
2148,58,295,2024-25,
2149,58,296,2024-25,
2150,58,297,2024-25,
2151,58,298,2024-25,
2152,58,299,2024-25,
2153,58,300,2024-25,
2154,59,301,2024-25,
2155,59,302,2024-25,
2156,59,303,2024-25,
2157,59,304,2024-25,
2158,59,1870,2024-25,
2159,59,305,2024-25,
2160,59,306,2024-25,
2161,60,307,2024-25,
2162,60,308,2024-25,
2163,60,309,2024-25,
2164,60,310,2024-25,
2165,60,311,2024-25,
2166,60,312,2024-25,
2167,60,1871,2024-25,
2168,60,314,2024-25,
2169,61,315,2024-25,
2170,61,316,2024-25,
2171,61,317,2024-25,
2172,61,318,2024-25,
2173,61,319,2024-25,
2174,61,320,2024-25,
2175,61,321,2024-25,
2176,62,322,2024-25,
2177,62,323,2024-25,
2178,62,324,2024-25,
2179,62,325,2024-25,
2180,62,326,2024-25,
2181,62,327,2024-25,
2182,62,328,2024-25,
2183,62,329,2024-25,
2184,62,330,2024-25,
2185,62,331,2024-25,
2186,62,1872,2024-25,
2187,63,332,2024-25,
2188,63,333,2024-25,
2189,63,334,2024-25,
2190,63,335,2024-25,
2191,63,336,2024-25,
2192,63,337,2024-25,
2193,63,338,2024-25,
2194,63,339,2024-25,
2195,63,340,2024-25,
2196,63,341,2024-25,
2197,63,342,2024-25,
2198,64,343,2024-25,
2199,64,344,2024-25,
2200,64,345,2024-25,
2201,64,346,2024-25,
2202,64,347,2024-25,
2203,65,348,2024-25,
2204,65,349,2024-25,
2205,65,350,2024-25,
2206,65,351,2024-25,
2207,65,352,2024-25,
2208,65,1873,2024-25,
2209,65,353,2024-25,
2210,65,354,2024-25,
2211,66,1874,2024-25,
2212,66,355,2024-25,
2213,66,356,2024-25,
2214,66,357,2024-25,
2215,67,359,2024-25,
2216,67,360,2024-25,
2217,67,361,2024-25,
2218,67,362,2024-25,
2219,67,363,2024-25,
2220,67,364,2024-25,
2221,68,365,2024-25,
2222,68,366,2024-25,
2223,68,367,2024-25,
2224,68,368,2024-25,
2225,68,369,2024-25,
2226,68,370,2024-25,
2227,68,371,2024-25,
2228,68,372,2024-25,
2229,69,373,2024-25,
2230,69,374,2024-25,
2231,69,1875,2024-25,
2232,69,1876,2024-25,
2233,69,1877,2024-25,
2234,70,376,2024-25,
2235,70,377,2024-25,
2236,70,378,2024-25,
2237,70,379,2024-25,
2238,70,380,2024-25,
2239,70,381,2024-25,
2240,71,382,2024-25,
2241,71,383,2024-25,
2242,71,384,2024-25,
2243,71,385,2024-25,
2244,71,386,2024-25,
2245,71,387,2024-25,
2246,71,388,2024-25,
2247,71,389,2024-25,
2248,72,390,2024-25,
2249,72,391,2024-25,
2250,72,392,2024-25,
2251,72,393,2024-25,
2252,72,394,2024-25,
2253,72,395,2024-25,
2254,73,396,2024-25,
2255,73,397,2024-25,
2256,73,398,2024-25,
2257,73,399,2024-25,
2258,73,400,2024-25,
2259,73,401,2024-25,
2260,74,402,2024-25,
2261,74,403,2024-25,
2262,74,404,2024-25,
2263,74,405,2024-25,
2264,74,406,2024-25,
2265,74,407,2024-25,
2266,74,408,2024-25,
2267,74,409,2024-25,
2268,75,410,2024-25,
2269,75,411,2024-25,
2270,75,412,2024-25,
2271,75,413,2024-25,
2272,75,414,2024-25,
2273,75,415,2024-25,
2274,75,416,2024-25,
2275,76,417,2024-25,
2276,76,418,2024-25,
2277,76,419,2024-25,
2278,76,420,2024-25,
2279,76,421,2024-25,
2280,77,422,2024-25,
2281,77,423,2024-25,
2282,77,424,2024-25,
2283,77,425,2024-25,
2284,77,426,2024-25,
2285,78,427,2024-25,
2286,78,428,2024-25,
2287,78,429,2024-25,
2288,78,430,2024-25,
2289,78,431,2024-25,
2290,78,432,2024-25,
2291,78,433,2024-25,
2292,78,434,2024-25,
2293,79,435,2024-25,
2294,79,436,2024-25,
2295,79,437,2024-25,
2296,79,438,2024-25,
2297,79,439,2024-25,
2298,79,1878,2024-25,
2299,79,440,2024-25,
2300,80,441,2024-25,
2301,80,442,2024-25,
2302,80,443,2024-25,
2303,80,444,2024-25,
2304,80,445,2024-25,
2305,81,446,2024-25,
2306,81,447,2024-25,
2307,81,448,2024-25,
2308,81,449,2024-25,
2309,82,450,2024-25,
2310,82,451,2024-25,
2311,82,452,2024-25,
2312,82,453,2024-25,
2313,82,454,2024-25,
2314,83,455,2024-25,
2315,83,456,2024-25,
2316,83,457,2024-25,
2317,83,458,2024-25,
2318,83,459,2024-25,
2319,83,1879,2024-25,
2320,83,1880,2024-25,
2321,84,460,2024-25,
2322,84,461,2024-25,
2323,84,462,2024-25,
2324,84,463,2024-25,
2325,84,464,2024-25,
2326,84,1881,2024-25,
2327,84,465,2024-25,
2328,85,466,2024-25,
2329,85,467,2024-25,
2330,85,468,2024-25,
2331,85,469,2024-25,
2332,85,470,2024-25,
2333,85,471,2024-25,
2334,86,472,2024-25,
2335,86,473,2024-25,
2336,86,474,2024-25,
2337,86,475,2024-25,
2338,87,476,2024-25,
2339,87,477,2024-25,
2340,87,478,2024-25,
2341,87,479,2024-25,
2342,88,480,2024-25,
2343,88,481,2024-25,
2344,88,482,2024-25,
2345,89,483,2024-25,
2346,89,484,2024-25,
2347,89,485,2024-25,
2348,89,487,2024-25,
2349,89,488,2024-25,
2350,89,489,2024-25,
2351,89,490,2024-25,
2352,90,491,2024-25,
2353,90,492,2024-25,
2354,91,493,2024-25,
2355,91,494,2024-25,
2356,91,495,2024-25,
2357,91,496,2024-25,
2358,92,1882,2024-25,
2359,92,497,2024-25,
2360,92,1809,2024-25,
2361,93,498,2024-25,
2362,93,499,2024-25,
2363,93,500,2024-25,
2364,93,501,2024-25,
2365,93,502,2024-25,
2366,93,503,2024-25,
2367,94,504,2024-25,
2368,94,505,2024-25,
2369,94,506,2024-25,
2370,94,507,2024-25,
2371,94,508,2024-25,
2372,95,509,2024-25,
2373,95,510,2024-25,
2374,95,511,2024-25,
2375,95,512,2024-25,
2376,95,513,2024-25,
2377,95,514,2024-25,
2378,95,515,2024-25,
2379,96,516,2024-25,
2380,96,517,2024-25,
2381,96,518,2024-25,
2382,96,519,2024-25,
2383,96,520,2024-25,
2384,96,521,2024-25,
2385,96,522,2024-25,
2386,97,1883,2024-25,
2387,97,523,2024-25,
2388,97,524,2024-25,
2389,97,525,2024-25,
2390,97,526,2024-25,
2391,97,1884,2024-25,
2392,97,527,2024-25,
2393,98,528,2024-25,
2394,98,529,2024-25,
2395,98,531,2024-25,
2396,98,532,2024-25,
2397,98,533,2024-25,
2398,98,1885,2024-25,
2399,99,534,2024-25,
2400,99,535,2024-25,
2401,99,536,2024-25,
2402,99,537,2024-25,
2403,99,538,2024-25,
2404,99,539,2024-25,
2405,99,540,2024-25,
2406,100,541,2024-25,
2407,100,542,2024-25,
2408,100,543,2024-25,
2409,100,544,2024-25,
2410,100,545,2024-25,
2411,100,546,2024-25,
2412,328,1886,2024-25,
2413,328,1810,2024-25,
2414,328,1771,2024-25,
2415,328,1772,2024-25,
2416,328,1773,2024-25,
2417,335,1887,2024-25,
2418,335,1888,2024-25,
2419,335,1889,2024-25,
2420,335,1890,2024-25,
2421,335,1891,2024-25,
2422,101,547,2024-25,
2423,101,548,2024-25,
2424,101,549,2024-25,
2425,101,550,2024-25,
2426,101,551,2024-25,
2427,101,552,2024-25,
2428,102,553,2024-25,
2429,102,554,2024-25,
2430,102,1892,2024-25,
2431,102,1893,2024-25,
2432,102,555,2024-25,
2433,102,1894,2024-25,
2434,329,1774,2024-25,
2435,329,1811,2024-25,
2436,329,1812,2024-25,
2437,329,1775,2024-25,
2438,329,1895,2024-25,
2439,329,1896,2024-25,
2440,329,1776,2024-25,
2441,103,556,2024-25,
2442,103,557,2024-25,
2443,103,558,2024-25,
2444,103,559,2024-25,
2445,103,1777,2024-25,
2446,103,560,2024-25,
2447,104,561,2024-25,
2448,104,562,2024-25,
2449,104,1897,2024-25,
2450,104,563,2024-25,
2451,104,1898,2024-25,
2452,104,1899,2024-25,
2453,104,564,2024-25,
2454,105,565,2024-25,
2455,105,566,2024-25,
2456,105,568,2024-25,
2457,105,569,2024-25,
2458,105,570,2024-25,
2459,105,571,2024-25,
2460,105,1900,2024-25,
2461,106,572,2024-25,
2462,106,573,2024-25,
2463,106,574,2024-25,
2464,107,576,2024-25,
2465,107,577,2024-25,
2466,107,578,2024-25,
2467,107,579,2024-25,
2468,107,1901,2024-25,
2469,107,1902,2024-25,
2470,108,580,2024-25,
2471,108,581,2024-25,
2472,108,582,2024-25,
2473,109,583,2024-25,
2474,109,584,2024-25,
2475,109,585,2024-25,
2476,109,586,2024-25,
2477,109,587,2024-25,
2478,110,588,2024-25,
2479,110,1778,2024-25,
2480,110,589,2024-25,
2481,110,590,2024-25,
2482,110,591,2024-25,
2483,110,1779,2024-25,
2484,111,593,2024-25,
2485,111,594,2024-25,
2486,111,595,2024-25,
2487,111,596,2024-25,
2488,112,597,2024-25,
2489,112,598,2024-25,
2490,112,599,2024-25,
2491,112,600,2024-25,
2492,112,601,2024-25,
2493,112,602,2024-25,
2494,113,603,2024-25,
2495,113,604,2024-25,
2496,113,605,2024-25,
2497,113,606,2024-25,
2498,114,607,2024-25,
2499,114,608,2024-25,
2500,114,609,2024-25,
2501,114,610,2024-25,
2502,114,611,2024-25,
2503,114,612,2024-25,
2504,115,613,2024-25,
2505,115,614,2024-25,
2506,115,615,2024-25,
2507,115,616,2024-25,
2508,115,617,2024-25,
2509,115,618,2024-25,
2510,116,619,2024-25,
2511,116,620,2024-25,
2512,116,621,2024-25,
2513,117,622,2024-25,
2514,117,623,2024-25,
2515,117,624,2024-25,
2516,117,1903,2024-25,
2517,117,625,2024-25,
2518,117,626,2024-25,
2519,336,1904,2024-25,
2520,336,1905,2024-25,
2521,336,1906,2024-25,
2522,336,1907,2024-25,
2523,336,1908,2024-25,
2524,118,627,2024-25,
2525,118,628,2024-25,
2526,118,629,2024-25,
2527,118,630,2024-25,
2528,118,631,2024-25,
2529,118,632,2024-25,
2530,120,640,2024-25,
2531,120,641,2024-25,
2532,120,642,2024-25,
2533,120,643,2024-25,
2534,120,644,2024-25,
2535,121,645,2024-25,
2536,121,646,2024-25,
2537,121,647,2024-25,
2538,121,648,2024-25,
2539,121,649,2024-25,
2540,121,650,2024-25,
2541,123,662,2024-25,
2542,123,663,2024-25,
2543,123,664,2024-25,
2544,123,665,2024-25,
2545,123,666,2024-25,
2546,123,667,2024-25,
2547,123,668,2024-25,
2548,123,669,2024-25,
2549,123,670,2024-25,
2550,123,671,2024-25,
2551,123,672,2024-25,
2552,123,673,2024-25,
2553,123,674,2024-25,
2554,124,675,2024-25,
2555,124,676,2024-25,
2556,124,677,2024-25,
2557,124,678,2024-25,
2558,124,679,2024-25,
2559,125,680,2024-25,
2560,125,681,2024-25,
2561,125,682,2024-25,
2562,125,683,2024-25,
2563,125,684,2024-25,
2564,125,685,2024-25,
2565,125,686,2024-25,
2566,125,687,2024-25,
2567,125,688,2024-25,
2568,125,690,2024-25,
2569,125,691,2024-25,
2570,125,692,2024-25,
2571,125,693,2024-25,
2572,125,694,2024-25,
2573,126,695,2024-25,
2574,126,1909,2024-25,
2575,126,696,2024-25,
2576,126,697,2024-25,
2577,126,698,2024-25,
2578,126,699,2024-25,
2579,127,701,2024-25,
2580,127,1910,2024-25,
2581,127,702,2024-25,
2582,127,703,2024-25,
2583,127,704,2024-25,
2584,127,705,2024-25,
2585,128,706,2024-25,
2586,128,707,2024-25,
2587,128,708,2024-25,
2588,128,709,2024-25,
2589,128,710,2024-25,
2590,128,711,2024-25,
2591,129,712,2024-25,
2592,129,713,2024-25,
2593,129,714,2024-25,
2594,129,715,2024-25,
2595,129,716,2024-25,
2596,130,717,2024-25,
2597,130,718,2024-25,
2598,130,719,2024-25,
2599,130,720,2024-25,
2600,130,721,2024-25,
2601,130,722,2024-25,
2602,131,723,2024-25,
2603,131,724,2024-25,
2604,131,725,2024-25,
2605,131,726,2024-25,
2606,131,727,2024-25,
2607,131,728,2024-25,
2608,131,729,2024-25,
2609,131,730,2024-25,
2610,132,731,2024-25,
2611,132,732,2024-25,
2612,132,734,2024-25,
2613,132,1911,2024-25,
2614,132,735,2024-25,
2615,132,736,2024-25,
2616,133,1813,2024-25,
2617,133,737,2024-25,
2618,133,738,2024-25,
2619,133,739,2024-25,
2620,134,740,2024-25,
2621,134,741,2024-25,
2622,134,742,2024-25,
2623,134,743,2024-25,
2624,134,744,2024-25,
2625,134,745,2024-25,
2626,134,746,2024-25,
2627,134,747,2024-25,
2628,134,748,2024-25,
2629,135,749,2024-25,
2630,135,750,2024-25,
2631,135,751,2024-25,
2632,135,752,2024-25,
2633,135,753,2024-25,
2634,136,754,2024-25,
2635,136,755,2024-25,
2636,136,756,2024-25,
2637,136,757,2024-25,
2638,136,758,2024-25,
2639,137,761,2024-25,
2640,137,762,2024-25,
2641,138,765,2024-25,
2642,138,766,2024-25,
2643,138,767,2024-25,
2644,138,768,2024-25,
2645,138,769,2024-25,
2646,138,770,2024-25,
2647,138,771,2024-25,
2648,139,1912,2024-25,
2649,139,772,2024-25,
2650,139,1913,2024-25,
2651,139,774,2024-25,
2652,139,1914,2024-25,
2653,140,775,2024-25,
2654,140,776,2024-25,
2655,140,777,2024-25,
2656,140,778,2024-25,
2657,140,779,2024-25,
2658,140,780,2024-25,
2659,140,781,2024-25,
2660,141,782,2024-25,
2661,141,783,2024-25,
2662,141,784,2024-25,
2663,141,785,2024-25,
2664,141,786,2024-25,
2665,141,787,2024-25,
2666,141,788,2024-25,
2667,141,789,2024-25,
2668,141,790,2024-25,
2669,141,791,2024-25,
2670,141,792,2024-25,
2671,142,793,2024-25,
2672,142,794,2024-25,
2673,142,795,2024-25,
2674,142,796,2024-25,
2675,142,797,2024-25,
2676,142,798,2024-25,
2677,143,799,2024-25,
2678,143,800,2024-25,
2679,143,801,2024-25,
2680,143,802,2024-25,
2681,143,803,2024-25,
2682,143,804,2024-25,
2683,143,805,2024-25,
2684,143,806,2024-25,
2685,143,807,2024-25,
2686,143,808,2024-25,
2687,143,809,2024-25,
2688,144,810,2024-25,
2689,144,811,2024-25,
2690,144,812,2024-25,
2691,144,813,2024-25,
2692,145,814,2024-25,
2693,145,815,2024-25,
2694,145,816,2024-25,
2695,145,817,2024-25,
2696,145,818,2024-25,
2697,146,819,2024-25,
2698,146,820,2024-25,
2699,146,821,2024-25,
2700,146,822,2024-25,
2701,147,823,2024-25,
2702,147,824,2024-25,
2703,147,825,2024-25,
2704,147,826,2024-25,
2705,147,827,2024-25,
2706,147,828,2024-25,
2707,147,829,2024-25,
2708,148,830,2024-25,
2709,148,831,2024-25,
2710,148,832,2024-25,
2711,148,833,2024-25,
2712,148,834,2024-25,
2713,149,835,2024-25,
2714,149,836,2024-25,
2715,149,837,2024-25,
2716,149,838,2024-25,
2717,149,839,2024-25,
2718,150,840,2024-25,
2719,150,841,2024-25,
2720,150,842,2024-25,
2721,150,843,2024-25,
2722,150,1915,2024-25,
2723,150,1916,2024-25,
2724,151,844,2024-25,
2725,151,845,2024-25,
2726,151,846,2024-25,
2727,151,847,2024-25,
2728,151,1917,2024-25,
2729,151,848,2024-25,
2730,151,849,2024-25,
2731,152,850,2024-25,
2732,152,851,2024-25,
2733,152,852,2024-25,
2734,152,853,2024-25,
2735,152,854,2024-25,
2736,153,855,2024-25,
2737,153,856,2024-25,
2738,153,857,2024-25,
2739,153,858,2024-25,
2740,154,859,2024-25,
2741,154,860,2024-25,
2742,154,861,2024-25,
2743,155,862,2024-25,
2744,155,863,2024-25,
2745,155,1918,2024-25,
2746,155,864,2024-25,
2747,155,865,2024-25,
2748,155,866,2024-25,
2749,155,867,2024-25,
2750,156,868,2024-25,
2751,156,869,2024-25,
2752,156,870,2024-25,
2753,156,871,2024-25,
2754,156,872,2024-25,
2755,157,873,2024-25,
2756,157,874,2024-25,
2757,157,875,2024-25,
2758,157,876,2024-25,
2759,330,1780,2024-25,
2760,330,1781,2024-25,
2761,330,1782,2024-25,
2762,330,1783,2024-25,
2763,330,1784,2024-25,
2764,158,877,2024-25,
2765,158,878,2024-25,
2766,158,879,2024-25,
2767,158,880,2024-25,
2768,158,881,2024-25,
2769,159,1919,2024-25,
2770,159,1920,2024-25,
2771,159,882,2024-25,
2772,159,884,2024-25,
2773,160,885,2024-25,
2774,160,886,2024-25,
2775,160,887,2024-25,
2776,160,888,2024-25,
2777,160,889,2024-25,
2778,160,1921,2024-25,
2779,161,890,2024-25,
2780,161,891,2024-25,
2781,161,892,2024-25,
2782,161,893,2024-25,
2783,161,894,2024-25,
2784,161,895,2024-25,
2785,162,896,2024-25,
2786,162,897,2024-25,
2787,162,898,2024-25,
2788,162,899,2024-25,
2789,162,900,2024-25,
2790,163,901,2024-25,
2791,163,902,2024-25,
2792,163,903,2024-25,
2793,163,904,2024-25,
2794,163,905,2024-25,
2795,164,908,2024-25,
2796,164,909,2024-25,
2797,164,910,2024-25,
2798,164,911,2024-25,
2799,164,1922,2024-25,
2800,164,912,2024-25,
2801,164,1923,2024-25,
2802,164,1924,2024-25,
2803,164,1816,2024-25,
2804,165,913,2024-25,
2805,165,1925,2024-25,
2806,165,1817,2024-25,
2807,165,914,2024-25,
2808,165,915,2024-25,
2809,165,916,2024-25,
2810,165,917,2024-25,
2811,165,1926,2024-25,
2812,165,920,2024-25,
2813,166,921,2024-25,
2814,166,922,2024-25,
2815,166,923,2024-25,
2816,166,924,2024-25,
2817,166,925,2024-25,
2818,166,926,2024-25,
2819,166,927,2024-25,
2820,167,928,2024-25,
2821,167,929,2024-25,
2822,167,930,2024-25,
2823,167,931,2024-25,
2824,168,932,2024-25,
2825,168,933,2024-25,
2826,168,934,2024-25,
2827,169,936,2024-25,
2828,169,937,2024-25,
2829,169,938,2024-25,
2830,169,939,2024-25,
2831,169,940,2024-25,
2832,169,941,2024-25,
2833,169,942,2024-25,
2834,169,943,2024-25,
2835,169,944,2024-25,
2836,169,1927,2024-25,
2837,170,945,2024-25,
2838,170,946,2024-25,
2839,170,947,2024-25,
2840,170,948,2024-25,
2841,170,949,2024-25,
2842,170,950,2024-25,
2843,170,951,2024-25,
2844,171,952,2024-25,
2845,171,953,2024-25,
2846,171,954,2024-25,
2847,171,955,2024-25,
2848,171,956,2024-25,
2849,171,957,2024-25,
2850,171,958,2024-25,
2851,171,959,2024-25,
2852,171,960,2024-25,
2853,172,961,2024-25,
2854,172,962,2024-25,
2855,172,963,2024-25,
2856,172,964,2024-25,
2857,172,966,2024-25,
2858,172,967,2024-25,
2859,172,968,2024-25,
2860,173,969,2024-25,
2861,173,970,2024-25,
2862,173,971,2024-25,
2863,173,972,2024-25,
2864,173,973,2024-25,
2865,173,974,2024-25,
2866,173,975,2024-25,
2867,173,976,2024-25,
2868,173,1928,2024-25,
2869,174,977,2024-25,
2870,174,978,2024-25,
2871,174,979,2024-25,
2872,174,981,2024-25,
2873,174,982,2024-25,
2874,174,983,2024-25,
2875,174,984,2024-25,
2876,174,985,2024-25,
2877,174,1929,2024-25,
2878,175,986,2024-25,
2879,175,987,2024-25,
2880,175,988,2024-25,
2881,175,989,2024-25,
2882,175,990,2024-25,
2883,175,991,2024-25,
2884,176,992,2024-25,
2885,176,993,2024-25,
2886,176,994,2024-25,
2887,176,995,2024-25,
2888,177,996,2024-25,
2889,177,997,2024-25,
2890,177,998,2024-25,
2891,177,999,2024-25,
2892,177,1000,2024-25,
2893,178,1001,2024-25,
2894,178,1002,2024-25,
2895,178,1003,2024-25,
2896,178,1004,2024-25,
2897,178,1005,2024-25,
2898,178,1006,2024-25,
2899,178,1007,2024-25,
2900,179,1008,2024-25,
2901,179,1009,2024-25,
2902,179,1010,2024-25,
2903,179,1011,2024-25,
2904,179,1012,2024-25,
2905,180,1013,2024-25,
2906,180,1014,2024-25,
2907,180,1930,2024-25,
2908,180,1015,2024-25,
2909,180,1016,2024-25,
2910,180,1017,2024-25,
2911,180,1018,2024-25,
2912,180,1019,2024-25,
2913,180,1931,2024-25,
2914,181,1020,2024-25,
2915,181,1021,2024-25,
2916,181,1022,2024-25,
2917,181,1023,2024-25,
2918,181,1024,2024-25,
2919,182,1025,2024-25,
2920,182,1026,2024-25,
2921,182,1027,2024-25,
2922,182,1028,2024-25,
2923,182,1030,2024-25,
2924,182,1032,2024-25,
2925,183,1033,2024-25,
2926,183,1034,2024-25,
2927,183,1035,2024-25,
2928,183,1036,2024-25,
2929,183,1037,2024-25,
2930,184,1038,2024-25,
2931,184,1039,2024-25,
2932,184,1040,2024-25,
2933,184,1041,2024-25,
2934,184,1042,2024-25,
2935,184,1932,2024-25,
2936,185,1043,2024-25,
2937,185,1044,2024-25,
2938,185,1045,2024-25,
2939,185,1046,2024-25,
2940,185,1047,2024-25,
2941,185,1048,2024-25,
2942,186,1049,2024-25,
2943,186,1050,2024-25,
2944,186,1051,2024-25,
2945,186,1052,2024-25,
2946,186,1053,2024-25,
2947,187,1054,2024-25,
2948,187,1055,2024-25,
2949,187,1056,2024-25,
2950,337,1933,2024-25,
2951,337,1934,2024-25,
2952,338,1935,2024-25,
2953,338,1936,2024-25,
2954,338,1937,2024-25,
2955,188,1057,2024-25,
2956,188,1058,2024-25,
2957,188,1059,2024-25,
2958,188,1060,2024-25,
2959,188,1061,2024-25,
2960,189,1062,2024-25,
2961,189,1063,2024-25,
2962,189,1064,2024-25,
2963,190,1065,2024-25,
2964,190,1066,2024-25,
2965,190,1067,2024-25,
2966,190,1068,2024-25,
2967,190,1069,2024-25,
2968,191,1070,2024-25,
2969,191,1071,2024-25,
2970,191,1072,2024-25,
2971,191,1073,2024-25,
2972,191,1074,2024-25,
2973,192,1075,2024-25,
2974,192,1076,2024-25,
2975,192,1077,2024-25,
2976,339,1938,2024-25,
2977,339,1939,2024-25,
2978,339,1940,2024-25,
2979,339,1941,2024-25,
2980,339,1942,2024-25,
2981,193,1078,2024-25,
2982,193,1079,2024-25,
2983,193,1943,2024-25,
2984,193,1080,2024-25,
2985,193,1081,2024-25,
2986,193,1082,2024-25,
2987,193,1944,2024-25,
2988,194,1083,2024-25,
2989,194,1084,2024-25,
2990,194,1085,2024-25,
2991,194,1086,2024-25,
2992,194,1945,2024-25,
2993,195,1087,2024-25,
2994,195,1088,2024-25,
2995,195,1089,2024-25,
2996,195,1090,2024-25,
2997,195,1091,2024-25,
2998,196,1092,2024-25,
2999,196,1093,2024-25,
3000,196,1946,2024-25,
3001,196,1094,2024-25,
3002,196,1095,2024-25,
3003,196,1096,2024-25,
3004,197,1097,2024-25,
3005,197,1098,2024-25,
3006,197,1099,2024-25,
3007,197,1100,2024-25,
3008,198,1101,2024-25,
3009,198,1102,2024-25,
3010,198,1947,2024-25,
3011,198,1103,2024-25,
3012,198,1104,2024-25,
3013,198,1948,2024-25,
3014,199,1105,2024-25,
3015,199,1106,2024-25,
3016,199,1107,2024-25,
3017,199,1108,2024-25,
3018,199,1109,2024-25,
3019,199,1110,2024-25,
3020,199,1949,2024-25,
3021,200,1111,2024-25,
3022,200,1112,2024-25,
3023,200,1113,2024-25,
3024,200,1114,2024-25,
3025,200,1115,2024-25,
3026,201,1116,2024-25,
3027,201,1117,2024-25,
3028,201,1118,2024-25,
3029,201,1119,2024-25,
3030,202,1120,2024-25,
3031,202,1121,2024-25,
3032,202,1122,2024-25,
3033,202,1123,2024-25,
3034,202,1124,2024-25,
3035,203,1125,2024-25,
3036,203,1126,2024-25,
3037,203,1127,2024-25,
3038,203,1128,2024-25,
3039,203,1129,2024-25,
3040,203,1130,2024-25,
3041,340,1950,2024-25,
3042,340,1951,2024-25,
3043,340,1952,2024-25,
3044,340,1953,2024-25,
3045,204,1131,2024-25,
3046,204,1132,2024-25,
3047,204,1133,2024-25,
3048,204,1134,2024-25,
3049,204,1135,2024-25,
3050,204,1954,2024-25,
3051,204,1955,2024-25,
3052,205,1136,2024-25,
3053,205,1137,2024-25,
3054,205,1138,2024-25,
3055,205,1139,2024-25,
3056,341,1956,2024-25,
3057,341,1957,2024-25,
3058,341,1958,2024-25,
3059,341,1959,2024-25,
3060,342,1960,2024-25,
3061,342,1961,2024-25,
3062,342,1962,2024-25,
3063,206,1140,2024-25,
3064,206,1141,2024-25,
3065,206,1142,2024-25,
3066,206,1143,2024-25,
3067,206,1144,2024-25,
3068,206,1145,2024-25,
3069,207,1148,2024-25,
3070,209,1787,2024-25,
3071,209,1156,2024-25,
3072,210,1158,2024-25,
3073,210,1159,2024-25,
3074,210,1160,2024-25,
3075,210,1161,2024-25,
3076,210,1162,2024-25,
3077,210,1163,2024-25,
3078,211,1164,2024-25,
3079,211,1165,2024-25,
3080,211,1166,2024-25,
3081,211,1167,2024-25,
3082,211,1168,2024-25,
3083,212,1169,2024-25,
3084,212,1170,2024-25,
3085,212,1171,2024-25,
3086,212,1172,2024-25,
3087,212,1173,2024-25,
3088,213,1174,2024-25,
3089,213,1175,2024-25,
3090,213,1176,2024-25,
3091,213,1177,2024-25,
3092,213,1178,2024-25,
3093,213,1179,2024-25,
3094,214,1180,2024-25,
3095,214,1181,2024-25,
3096,214,1182,2024-25,
3097,214,1183,2024-25,
3098,214,1184,2024-25,
3099,214,1185,2024-25,
3100,214,1187,2024-25,
3101,215,1188,2024-25,
3102,215,1189,2024-25,
3103,215,1190,2024-25,
3104,215,1191,2024-25,
3105,215,1192,2024-25,
3106,215,1193,2024-25,
3107,215,1194,2024-25,
3108,216,1195,2024-25,
3109,216,1196,2024-25,
3110,216,1197,2024-25,
3111,216,1198,2024-25,
3112,216,1199,2024-25,
3113,216,1200,2024-25,
3114,216,1201,2024-25,
3115,217,1202,2024-25,
3116,217,1203,2024-25,
3117,217,1204,2024-25,
3118,217,1205,2024-25,
3119,217,1206,2024-25,
3120,217,1207,2024-25,
3121,218,1209,2024-25,
3122,218,1963,2024-25,
3123,218,1964,2024-25,
3124,218,1965,2024-25,
3125,218,1966,2024-25,
3126,218,1212,2024-25,
3127,219,1213,2024-25,
3128,219,1214,2024-25,
3129,219,1215,2024-25,
3130,219,1967,2024-25,
3131,219,1216,2024-25,
3132,219,1217,2024-25,
3133,219,1968,2024-25,
3134,219,1969,2024-25,
3135,219,1970,2024-25,
3136,220,1218,2024-25,
3137,220,1219,2024-25,
3138,220,1220,2024-25,
3139,220,1221,2024-25,
3140,220,1222,2024-25,
3141,220,1223,2024-25,
3142,220,1224,2024-25,
3143,220,1225,2024-25,
3144,220,1226,2024-25,
3145,220,1227,2024-25,
3146,221,1228,2024-25,
3147,221,1229,2024-25,
3148,221,1230,2024-25,
3149,221,1231,2024-25,
3150,221,1233,2024-25,
3151,222,1234,2024-25,
3152,222,1821,2024-25,
3153,222,1235,2024-25,
3154,222,1236,2024-25,
3155,222,1789,2024-25,
3156,223,1237,2024-25,
3157,223,1238,2024-25,
3158,223,1239,2024-25,
3159,223,1240,2024-25,
3160,223,1241,2024-25,
3161,223,1242,2024-25,
3162,223,1244,2024-25,
3163,224,1245,2024-25,
3164,224,1246,2024-25,
3165,224,1247,2024-25,
3166,224,1248,2024-25,
3167,225,1250,2024-25,
3168,225,1971,2024-25,
3169,225,1251,2024-25,
3170,225,1252,2024-25,
3171,226,1254,2024-25,
3172,226,1255,2024-25,
3173,226,1256,2024-25,
3174,226,1257,2024-25,
3175,226,1258,2024-25,
3176,227,1259,2024-25,
3177,227,1260,2024-25,
3178,227,1261,2024-25,
3179,228,1262,2024-25,
3180,228,1263,2024-25,
3181,228,1264,2024-25,
3182,228,1265,2024-25,
3183,228,1266,2024-25,
3184,228,1267,2024-25,
3185,229,1268,2024-25,
3186,229,1269,2024-25,
3187,229,1270,2024-25,
3188,229,1271,2024-25,
3189,229,1272,2024-25,
3190,230,1273,2024-25,
3191,230,1274,2024-25,
3192,230,1275,2024-25,
3193,230,1276,2024-25,
3194,230,1277,2024-25,
3195,231,1278,2024-25,
3196,231,1279,2024-25,
3197,231,1972,2024-25,
3198,231,1280,2024-25,
3199,231,1281,2024-25,
3200,231,1282,2024-25,
3201,232,1283,2024-25,
3202,232,1284,2024-25,
3203,232,1285,2024-25,
3204,232,1286,2024-25,
3205,232,1973,2024-25,
3206,233,1287,2024-25,
3207,233,1288,2024-25,
3208,233,1289,2024-25,
3209,233,1290,2024-25,
3210,233,1291,2024-25,
3211,233,1292,2024-25,
3212,233,1293,2024-25,
3213,233,1294,2024-25,
3214,233,1295,2024-25,
3215,234,1296,2024-25,
3216,234,1298,2024-25,
3217,234,1822,2024-25,
3218,234,1301,2024-25,
3219,235,1303,2024-25,
3220,235,1304,2024-25,
3221,235,1305,2024-25,
3222,235,1306,2024-25,
3223,235,1307,2024-25,
3224,235,1308,2024-25,
3225,235,1974,2024-25,
3226,235,1309,2024-25,
3227,236,1310,2024-25,
3228,236,1311,2024-25,
3229,236,1790,2024-25,
3230,236,1312,2024-25,
3231,236,1313,2024-25,
3232,236,1314,2024-25,
3233,237,1315,2024-25,
3234,237,1316,2024-25,
3235,237,1318,2024-25,
3236,238,1320,2024-25,
3237,238,1321,2024-25,
3238,238,1322,2024-25,
3239,238,1323,2024-25,
3240,238,1975,2024-25,
3241,238,1324,2024-25,
3242,238,1824,2024-25,
3243,238,1328,2024-25,
3244,239,1330,2024-25,
3245,239,1331,2024-25,
3246,239,1334,2024-25,
3247,240,1976,2024-25,
3248,240,1336,2024-25,
3249,240,1339,2024-25,
3250,240,1977,2024-25,
3251,241,1340,2024-25,
3252,241,1341,2024-25,
3253,241,1342,2024-25,
3254,241,1343,2024-25,
3255,241,1344,2024-25,
3256,241,1345,2024-25,
3257,242,1346,2024-25,
3258,242,1978,2024-25,
3259,242,1347,2024-25,
3260,242,1350,2024-25,
3261,243,1979,2024-25,
3262,243,1980,2024-25,
3263,243,1981,2024-25,
3264,243,1356,2024-25,
3265,244,1357,2024-25,
3266,244,1358,2024-25,
3267,244,1359,2024-25,
3268,244,1360,2024-25,
3269,244,1361,2024-25,
3270,244,1362,2024-25,
3271,244,1364,2024-25,
3272,244,1365,2024-25,
3273,244,1366,2024-25,
3274,245,1367,2024-25,
3275,245,1368,2024-25,
3276,245,1369,2024-25,
3277,245,1370,2024-25,
3278,245,1982,2024-25,
3279,246,1371,2024-25,
3280,246,1372,2024-25,
3281,246,1374,2024-25,
3282,247,1376,2024-25,
3283,247,1378,2024-25,
3284,247,1379,2024-25,
3285,247,1380,2024-25,
3286,247,1381,2024-25,
3287,247,1382,2024-25,
3288,247,1383,2024-25,
3289,248,1983,2024-25,
3290,248,1384,2024-25,
3291,248,1385,2024-25,
3292,248,1386,2024-25,
3293,248,1825,2024-25,
3294,248,1984,2024-25,
3295,248,1826,2024-25,
3296,248,1985,2024-25,
3297,248,1986,2024-25,
3298,248,1390,2024-25,
3299,249,1391,2024-25,
3300,249,1392,2024-25,
3301,249,1393,2024-25,
3302,249,1394,2024-25,
3303,249,1395,2024-25,
3304,249,1987,2024-25,
3305,249,1397,2024-25,
3306,250,1398,2024-25,
3307,250,1399,2024-25,
3308,250,1400,2024-25,
3309,250,1401,2024-25,
3310,250,1402,2024-25,
3311,250,1403,2024-25,
3312,250,1988,2024-25,
3313,251,1406,2024-25,
3314,251,1407,2024-25,
3315,251,1408,2024-25,
3316,251,1409,2024-25,
3317,252,1410,2024-25,
3318,252,1411,2024-25,
3319,252,1412,2024-25,
3320,252,1413,2024-25,
3321,252,1414,2024-25,
3322,252,1415,2024-25,
3323,252,1416,2024-25,
3324,252,1417,2024-25,
3325,252,1418,2024-25,
3326,252,1989,2024-25,
3327,253,1419,2024-25,
3328,253,1420,2024-25,
3329,253,1421,2024-25,
3330,253,1422,2024-25,
3331,254,1423,2024-25,
3332,254,1424,2024-25,
3333,254,1425,2024-25,
3334,254,1426,2024-25,
3335,254,1990,2024-25,
3336,254,1991,2024-25,
3337,255,1992,2024-25,
3338,255,1428,2024-25,
3339,255,1429,2024-25,
3340,255,1993,2024-25,
3341,255,1430,2024-25,
3342,255,1994,2024-25,
3343,256,1431,2024-25,
3344,256,1995,2024-25,
3345,256,1996,2024-25,
3346,256,1997,2024-25,
3347,256,1434,2024-25,
3348,257,1435,2024-25,
3349,257,1436,2024-25,
3350,257,1437,2024-25,
3351,257,1438,2024-25,
3352,257,1439,2024-25,
3353,259,1447,2024-25,
3354,259,1448,2024-25,
3355,259,1449,2024-25,
3356,259,1450,2024-25,
3357,260,1452,2024-25,
3358,260,1453,2024-25,
3359,260,1456,2024-25,
3360,260,1457,2024-25,
3361,260,1458,2024-25,
3362,260,1459,2024-25,
3363,260,1460,2024-25,
3364,261,1461,2024-25,
3365,261,1462,2024-25,
3366,261,1463,2024-25,
3367,261,1464,2024-25,
3368,261,1998,2024-25,
3369,262,1465,2024-25,
3370,262,1466,2024-25,
3371,262,1999,2024-25,
3372,262,1467,2024-25,
3373,262,1468,2024-25,
3374,262,1469,2024-25,
3375,262,1470,2024-25,
3376,263,1471,2024-25,
3377,263,1472,2024-25,
3378,263,1473,2024-25,
3379,263,2000,2024-25,
3380,264,1474,2024-25,
3381,264,1475,2024-25,
3382,264,1476,2024-25,
3383,264,1477,2024-25,
3384,265,1478,2024-25,
3385,265,1479,2024-25,
3386,265,1480,2024-25,
3387,265,1481,2024-25,
3388,266,2001,2024-25,
3389,266,1482,2024-25,
3390,266,1483,2024-25,
3391,266,1484,2024-25,
3392,266,1485,2024-25,
3393,266,2002,2024-25,
3394,266,2003,2024-25,
3395,267,1486,2024-25,
3396,267,1487,2024-25,
3397,267,1488,2024-25,
3398,267,1489,2024-25,
3399,267,1490,2024-25,
3400,268,1491,2024-25,
3401,268,1492,2024-25,
3402,268,1493,2024-25,
3403,268,1494,2024-25,
3404,268,1495,2024-25,
3405,269,1496,2024-25,
3406,269,1497,2024-25,
3407,269,1498,2024-25,
3408,269,1499,2024-25,
3409,269,1500,2024-25,
3410,269,2004,2024-25,
3411,270,1502,2024-25,
3412,270,1503,2024-25,
3413,270,1504,2024-25,
3414,270,2005,2024-25,
3415,270,1505,2024-25,
3416,271,1506,2024-25,
3417,271,2006,2024-25,
3418,271,1507,2024-25,
3419,271,1508,2024-25,
3420,271,2007,2024-25,
3421,272,1509,2024-25,
3422,272,1510,2024-25,
3423,272,2008,2024-25,
3424,272,1511,2024-25,
3425,272,1512,2024-25,
3426,272,1513,2024-25,
3427,272,1514,2024-25,
3428,273,2009,2024-25,
3429,273,1515,2024-25,
3430,273,1516,2024-25,
3431,273,1517,2024-25,
3432,273,1518,2024-25,
3433,273,1519,2024-25,
3434,273,1520,2024-25,
3435,274,2010,2024-25,
3436,274,1521,2024-25,
3437,274,1522,2024-25,
3438,274,1523,2024-25,
3439,274,2011,2024-25,
3440,274,1524,2024-25,
3441,275,1525,2024-25,
3442,275,1526,2024-25,
3443,275,1793,2024-25,
3444,275,2012,2024-25,
3445,276,1527,2024-25,
3446,276,1528,2024-25,
3447,276,1529,2024-25,
3448,276,1530,2024-25,
3449,276,1531,2024-25,
3450,277,1532,2024-25,
3451,277,1533,2024-25,
3452,277,1534,2024-25,
3453,277,1535,2024-25,
3454,277,1536,2024-25,
3455,277,1537,2024-25,
3456,277,1538,2024-25,
3457,277,1539,2024-25,
3458,277,1540,2024-25,
3459,278,1541,2024-25,
3460,278,1542,2024-25,
3461,278,1543,2024-25,
3462,278,1544,2024-25,
3463,343,2013,2024-25,
3464,343,2014,2024-25,
3465,343,2015,2024-25,
3466,343,2016,2024-25,
3467,331,1794,2024-25,
3468,331,1795,2024-25,
3469,331,2017,2024-25,
3470,280,1549,2024-25,
3471,280,1550,2024-25,
3472,280,1551,2024-25,
3473,280,1552,2024-25,
3474,281,1553,2024-25,
3475,281,1554,2024-25,
3476,281,1555,2024-25,
3477,281,2018,2024-25,
3478,281,2019,2024-25,
3479,282,1556,2024-25,
3480,282,1557,2024-25,
3481,282,1558,2024-25,
3482,282,1559,2024-25,
3483,282,1560,2024-25,
3484,282,1561,2024-25,
3485,283,1562,2024-25,
3486,283,1563,2024-25,
3487,283,1564,2024-25,
3488,283,1565,2024-25,
3489,283,1566,2024-25,
3490,284,1567,2024-25,
3491,284,1568,2024-25,
3492,284,2020,2024-25,
3493,284,2021,2024-25,
3494,284,1569,2024-25,
3495,284,1570,2024-25,
3496,284,1571,2024-25,
3497,286,1575,2024-25,
3498,286,1576,2024-25,
3499,286,1577,2024-25,
3500,286,1578,2024-25,
3501,286,1579,2024-25,
3502,286,1580,2024-25,
3503,287,1581,2024-25,
3504,287,1582,2024-25,
3505,287,1583,2024-25,
3506,287,1584,2024-25,
3507,287,1585,2024-25,
3508,287,1586,2024-25,
3509,288,1587,2024-25,
3510,288,1588,2024-25,
3511,288,1589,2024-25,
3512,288,1590,2024-25,
3513,288,1591,2024-25,
3514,289,1592,2024-25,
3515,289,1593,2024-25,
3516,289,1594,2024-25,
3517,289,1832,2024-25,
3518,289,1595,2024-25,
3519,289,1596,2024-25,
3520,289,1597,2024-25,
3521,290,1598,2024-25,
3522,290,1599,2024-25,
3523,290,1600,2024-25,
3524,290,1601,2024-25,
3525,290,1602,2024-25,
3526,291,1603,2024-25,
3527,291,1604,2024-25,
3528,291,1605,2024-25,
3529,291,1606,2024-25,
3530,291,1607,2024-25,
3531,292,1608,2024-25,
3532,292,1609,2024-25,
3533,292,1610,2024-25,
3534,292,1611,2024-25,
3535,292,1612,2024-25,
3536,292,1613,2024-25,
3537,292,1614,2024-25,
3538,293,1615,2024-25,
3539,293,1616,2024-25,
3540,293,1617,2024-25,
3541,293,1618,2024-25,
3542,293,1619,2024-25,
3543,344,2022,2024-25,
3544,344,2023,2024-25,
3545,344,2024,2024-25,
3546,344,2025,2024-25,
3547,294,1620,2024-25,
3548,294,1621,2024-25,
3549,294,1622,2024-25,
3550,294,1623,2024-25,
3551,294,1624,2024-25,
3552,295,1625,2024-25,
3553,295,1626,2024-25,
3554,295,1627,2024-25,
3555,296,1628,2024-25,
3556,296,1629,2024-25,
3557,296,1630,2024-25,
3558,296,1631,2024-25,
3559,296,1632,2024-25,
3560,297,1633,2024-25,
3561,297,1634,2024-25,
3562,297,1636,2024-25,
3563,297,1637,2024-25,
3564,297,1638,2024-25,
3565,297,2026,2024-25,
3566,298,1639,2024-25,
3567,298,1640,2024-25,
3568,298,2027,2024-25,
3569,298,2028,2024-25,
3570,298,2029,2024-25,
3571,298,1641,2024-25,
3572,298,1642,2024-25,
3573,298,1643,2024-25,
3574,298,2030,2024-25,
3575,299,1645,2024-25,
3576,299,1646,2024-25,
3577,299,1647,2024-25,
3578,299,1649,2024-25,
3579,299,1650,2024-25,
3580,300,1651,2024-25,
3581,300,1652,2024-25,
3582,300,1653,2024-25,
3583,300,1654,2024-25,
3584,300,1655,2024-25,
3585,301,1656,2024-25,
3586,301,1657,2024-25,
3587,301,1658,2024-25,
3588,301,1659,2024-25,
3589,301,1660,2024-25,
3590,302,1661,2024-25,
3591,302,1662,2024-25,
3592,302,1663,2024-25,
3593,302,1664,2024-25,
3594,302,1665,2024-25,
3595,303,2031,2024-25,
3596,303,1666,2024-25,
3597,303,1667,2024-25,
3598,303,1668,2024-25,
3599,303,1669,2024-25,
3600,304,1670,2024-25,
3601,304,1671,2024-25,
3602,305,1672,2024-25,
3603,305,1673,2024-25,
3604,305,1674,2024-25,
3605,305,1675,2024-25,
3606,305,1676,2024-25,
3607,306,1677,2024-25,
3608,306,1678,2024-25,
3609,345,2032,2024-25,
3610,345,2033,2024-25,
3611,345,2034,2024-25,
3612,307,1680,2024-25,
3613,307,1681,2024-25,
3614,307,1682,2024-25,
3615,307,1683,2024-25,
3616,307,1684,2024-25,
3617,308,1685,2024-25,
3618,308,1686,2024-25,
3619,308,1687,2024-25,
3620,308,1689,2024-25,
3621,309,1690,2024-25,
3622,309,1691,2024-25,
3623,309,1692,2024-25,
3624,309,1693,2024-25,
3625,310,1694,2024-25,
3626,310,1695,2024-25,
3627,310,1696,2024-25,
3628,310,2035,2024-25,
3629,310,1697,2024-25,
3630,310,2036,2024-25,
3631,311,1698,2024-25,
3632,311,1699,2024-25,
3633,311,1700,2024-25,
3634,311,1701,2024-25,
3635,311,1702,2024-25,
3636,311,1703,2024-25,
3637,311,1704,2024-25,
3638,311,1705,2024-25,
3639,312,1706,2024-25,
3640,312,1707,2024-25,
3641,312,1708,2024-25,
3642,312,1709,2024-25,
3643,313,1710,2024-25,
3644,313,1711,2024-25,
3645,313,1712,2024-25,
3646,313,1713,2024-25,
3647,314,1714,2024-25,
3648,314,1715,2024-25,
3649,314,2037,2024-25,
3650,314,1716,2024-25,
3651,314,1717,2024-25,
3652,315,1719,2024-25,
3653,315,1720,2024-25,
3654,315,1721,2024-25,
3655,317,1728,2024-25,
3656,317,1729,2024-25,
3657,317,1730,2024-25,
3658,317,1731,2024-25,
3659,317,1732,2024-25,
3660,318,1733,2024-25,
3661,318,1734,2024-25,
3662,318,1735,2024-25,
3663,318,1736,2024-25,
3664,319,1737,2024-25,
3665,319,1738,2024-25,
3666,319,1739,2024-25,
3667,319,1740,2024-25,
3668,319,1741,2024-25,
3669,320,1742,2024-25,
3670,320,1743,2024-25,
3671,321,1745,2024-25,
3672,321,1746,2024-25,
3673,321,1747,2024-25,
3674,321,1748,2024-25,
3675,321,1749,2024-25,
3676,322,1750,2024-25,
3677,322,1751,2024-25,
3678,323,1752,2024-25,
3679,323,1753,2024-25,
3680,323,1754,2024-25,
3681,323,1755,2024-25,
3682,324,2038,2024-25,
3683,324,1756,2024-25,
3684,324,2039,2024-25,
3685,324,1759,2024-25,
3686,324,2040,2024-25,
3687,324,2041,2024-25,
3688,325,1760,2024-25,
3689,325,1761,2024-25,
3690,325,1762,2024-25,
3691,325,1763,2024-25,
3692,325,2042,2024-25,
3693,326,1764,2024-25,
3694,326,1767,2024-25,
3695,326,2043,2024-25,
3696,326,2044,2024-25,
3697,119,2045,2024-25,
3698,119,633,2024-25,
3699,119,634,2024-25,
3700,119,636,2024-25,
3701,119,639,2024-25,
3702,208,2046,2024-25,
3703,208,1819,2024-25,
3704,208,1786,2024-25,
3705,208,1153,2024-25,
3706,346,2047,2024-25,
3707,346,2048,2024-25,
3708,346,2049,2024-25,
3709,346,2050,2024-25,
3710,346,2051,2024-25,
3711,347,2052,2024-25,
3712,347,2053,2024-25,
3713,347,2054,2024-25,
3714,24,1799,2024-25,
3715,25,1801,2024-25,
3716,42,215,2024-25,
3717,42,217,2024-25,
3718,46,1802,2024-25,
3719,47,2055,2024-25,
3720,47,2056,2024-25,
3721,47,2057,2024-25,
3722,348,2058,2024-25,
3723,348,2059,2024-25,
3724,348,2060,2024-25,
3725,348,2061,2024-25,
3726,51,1804,2024-25,
3727,51,1805,2024-25,
3728,51,2062,2024-25,
3729,54,277,2024-25,
3730,111,592,2024-25,
3731,349,2063,2024-25,
3732,349,2064,2024-25,
3733,349,2065,2024-25,
3734,349,2066,2024-25,
3735,168,935,2024-25,
3736,350,2067,2024-25,
3737,350,2068,2024-25,
3738,350,2069,2024-25,
3739,350,2070,2024-25,
3740,209,1157,2024-25,
3741,218,2071,2024-25,
3742,222,2072,2024-25,
3743,246,1373,2024-25,
3744,246,1375,2024-25,
3745,285,1572,2024-25,
3746,285,1573,2024-25,
3747,285,1574,2024-25,
3748,299,1648,2024-25,
3749,306,1679,2024-25,
3750,320,1744,2024-25,
3751,208,1151,2024-25,
3752,1,5,2024-25,
3753,6,29,2024-25,
3754,24,116,2024-25,
3755,25,125,2024-25,
3756,51,2073,2024-25,
3757,51,261,2024-25,
3758,163,906,2024-25,
3759,165,918,2024-25,
3760,351,2074,2024-25,
3761,351,2075,2024-25,
3762,207,1147,2024-25,
3763,207,1149,2024-25,
3764,209,1820,2024-25,
3765,209,1788,2024-25,
3766,209,2076,2024-25,
3767,214,1186,2024-25,
3768,215,2077,2024-25,
3769,234,2078,2024-25,
3770,237,1317,2024-25,
3771,238,1823,2024-25,
3772,239,1329,2024-25,
3773,239,1332,2024-25,
3774,242,1348,2024-25,
3775,242,1353,2024-25,
3776,251,1405,2024-25,
3777,255,2079,2024-25,
3778,263,2080,2024-25,
3779,285,2081,2024-25,
3780,119,2082,2024-25,
3781,119,638,2024-25,
3782,208,1785,2024-25,
3783,208,1818,2024-25,
3784,208,1154,2024-25,
3785,1,1,2025-26,
3786,1,2,2025-26,
3787,1,3,2025-26,
3788,2,7,2025-26,
3789,2,8,2025-26,
3790,2,9,2025-26,
3791,2,10,2025-26,
3792,3,11,2025-26,
3793,3,12,2025-26,
3794,3,13,2025-26,
3795,3,14,2025-26,
3796,3,15,2025-26,
3797,4,16,2025-26,
3798,4,17,2025-26,
3799,4,18,2025-26,
3800,4,19,2025-26,
3801,4,20,2025-26,
3802,5,21,2025-26,
3803,5,22,2025-26,
3804,5,23,2025-26,
3805,5,24,2025-26,
3806,5,1833,2025-26,
3807,5,25,2025-26,
3808,5,26,2025-26,
3809,6,28,2025-26,
3810,6,30,2025-26,
3811,6,1834,2025-26,
3812,6,32,2025-26,
3813,7,34,2025-26,
3814,7,35,2025-26,
3815,7,1835,2025-26,
3816,7,36,2025-26,
3817,8,38,2025-26,
3818,8,39,2025-26,
3819,8,1836,2025-26,
3820,8,40,2025-26,
3821,8,41,2025-26,
3822,9,42,2025-26,
3823,9,43,2025-26,
3824,9,44,2025-26,
3825,9,45,2025-26,
3826,9,46,2025-26,
3827,10,47,2025-26,
3828,10,48,2025-26,
3829,10,49,2025-26,
3830,10,50,2025-26,
3831,10,51,2025-26,
3832,11,52,2025-26,
3833,11,53,2025-26,
3834,11,54,2025-26,
3835,11,55,2025-26,
3836,11,56,2025-26,
3837,11,57,2025-26,
3838,11,58,2025-26,
3839,12,59,2025-26,
3840,12,60,2025-26,
3841,12,61,2025-26,
3842,12,62,2025-26,
3843,13,63,2025-26,
3844,13,64,2025-26,
3845,13,65,2025-26,
3846,13,2083,2025-26,
3847,13,66,2025-26,
3848,13,2084,2025-26,
3849,14,67,2025-26,
3850,14,68,2025-26,
3851,14,1837,2025-26,
3852,14,69,2025-26,
3853,14,70,2025-26,
3854,15,71,2025-26,
3855,15,72,2025-26,
3856,15,73,2025-26,
3857,15,75,2025-26,
3858,15,2085,2025-26,
3859,16,76,2025-26,
3860,16,2086,2025-26,
3861,16,77,2025-26,
3862,16,78,2025-26,
3863,16,79,2025-26,
3864,16,80,2025-26,
3865,16,2087,2025-26,
3866,17,81,2025-26,
3867,17,82,2025-26,
3868,17,83,2025-26,
3869,17,84,2025-26,
3870,17,85,2025-26,
3871,17,86,2025-26,
3872,18,87,2025-26,
3873,18,88,2025-26,
3874,18,89,2025-26,
3875,18,90,2025-26,
3876,18,91,2025-26,
3877,19,92,2025-26,
3878,19,93,2025-26,
3879,19,94,2025-26,
3880,19,95,2025-26,
3881,19,96,2025-26,
3882,20,97,2025-26,
3883,20,98,2025-26,
3884,20,99,2025-26,
3885,20,100,2025-26,
3886,21,101,2025-26,
3887,21,102,2025-26,
3888,21,103,2025-26,
3889,21,104,2025-26,
3890,21,105,2025-26,
3891,21,106,2025-26,
3892,22,107,2025-26,
3893,22,108,2025-26,
3894,22,109,2025-26,
3895,22,110,2025-26,
3896,22,111,2025-26,
3897,22,1838,2025-26,
3898,23,112,2025-26,
3899,23,113,2025-26,
3900,23,114,2025-26,
3901,23,115,2025-26,
3902,24,116,2025-26,
3903,24,117,2025-26,
3904,24,118,2025-26,
3905,24,119,2025-26,
3906,352,2088,2025-26,
3907,352,2089,2025-26,
3908,352,2090,2025-26,
3909,25,120,2025-26,
3910,25,121,2025-26,
3911,25,122,2025-26,
3912,25,123,2025-26,
3913,25,2091,2025-26,
3914,25,2092,2025-26,
3915,25,126,2025-26,
3916,26,127,2025-26,
3917,26,128,2025-26,
3918,27,129,2025-26,
3919,27,130,2025-26,
3920,27,131,2025-26,
3921,27,132,2025-26,
3922,27,1839,2025-26,
3923,27,1840,2025-26,
3924,28,133,2025-26,
3925,28,134,2025-26,
3926,28,135,2025-26,
3927,28,136,2025-26,
3928,28,137,2025-26,
3929,28,138,2025-26,
3930,28,139,2025-26,
3931,28,140,2025-26,
3932,28,142,2025-26,
3933,29,144,2025-26,
3934,29,145,2025-26,
3935,29,146,2025-26,
3936,29,147,2025-26,
3937,29,148,2025-26,
3938,29,1841,2025-26,
3939,29,2093,2025-26,
3940,29,150,2025-26,
3941,30,151,2025-26,
3942,30,152,2025-26,
3943,30,153,2025-26,
3944,30,154,2025-26,
3945,30,155,2025-26,
3946,31,156,2025-26,
3947,31,157,2025-26,
3948,31,158,2025-26,
3949,31,159,2025-26,
3950,31,160,2025-26,
3951,31,161,2025-26,
3952,31,162,2025-26,
3953,32,163,2025-26,
3954,32,164,2025-26,
3955,32,165,2025-26,
3956,32,166,2025-26,
3957,32,167,2025-26,
3958,32,1842,2025-26,
3959,32,1843,2025-26,
3960,33,168,2025-26,
3961,33,169,2025-26,
3962,33,170,2025-26,
3963,33,1844,2025-26,
3964,33,1845,2025-26,
3965,33,173,2025-26,
3966,33,1847,2025-26,
3967,34,174,2025-26,
3968,34,175,2025-26,
3969,34,176,2025-26,
3970,34,177,2025-26,
3971,34,178,2025-26,
3972,35,179,2025-26,
3973,35,180,2025-26,
3974,35,181,2025-26,
3975,35,182,2025-26,
3976,36,183,2025-26,
3977,36,184,2025-26,
3978,36,185,2025-26,
3979,36,186,2025-26,
3980,36,187,2025-26,
3981,36,2094,2025-26,
3982,36,2095,2025-26,
3983,37,188,2025-26,
3984,37,189,2025-26,
3985,37,191,2025-26,
3986,37,193,2025-26,
3987,37,194,2025-26,
3988,38,195,2025-26,
3989,38,196,2025-26,
3990,38,197,2025-26,
3991,38,198,2025-26,
3992,39,199,2025-26,
3993,39,200,2025-26,
3994,39,201,2025-26,
3995,39,202,2025-26,
3996,39,203,2025-26,
3997,39,204,2025-26,
3998,39,205,2025-26,
3999,39,206,2025-26,
4000,40,207,2025-26,
4001,40,208,2025-26,
4002,40,209,2025-26,
4003,40,210,2025-26,
4004,41,211,2025-26,
4005,41,212,2025-26,
4006,41,213,2025-26,
4007,41,214,2025-26,
4008,42,215,2025-26,
4009,42,1848,2025-26,
4010,42,216,2025-26,
4011,42,1849,2025-26,
4012,42,217,2025-26,
4013,353,2096,2025-26,
4014,353,2097,2025-26,
4015,353,2098,2025-26,
4016,43,218,2025-26,
4017,43,219,2025-26,
4018,43,220,2025-26,
4019,43,221,2025-26,
4020,43,222,2025-26,
4021,43,2099,2025-26,
4022,44,223,2025-26,
4023,44,224,2025-26,
4024,44,225,2025-26,
4025,44,226,2025-26,
4026,45,227,2025-26,
4027,45,228,2025-26,
4028,45,1850,2025-26,
4029,45,229,2025-26,
4030,45,230,2025-26,
4031,45,231,2025-26,
4032,46,232,2025-26,
4033,46,233,2025-26,
4034,46,234,2025-26,
4035,46,235,2025-26,
4036,46,1802,2025-26,
4037,46,236,2025-26,
4038,47,2100,2025-26,
4039,47,240,2025-26,
4040,47,2055,2025-26,
4041,47,2056,2025-26,
4042,47,2057,2025-26,
4043,47,2101,2025-26,
4044,47,2102,2025-26,
4045,47,242,2025-26,
4046,48,244,2025-26,
4047,48,245,2025-26,
4048,48,246,2025-26,
4049,48,247,2025-26,
4050,49,248,2025-26,
4051,49,249,2025-26,
4052,49,2103,2025-26,
4053,49,250,2025-26,
4054,49,251,2025-26,
4055,49,1852,2025-26,
4056,50,252,2025-26,
4057,50,253,2025-26,
4058,50,254,2025-26,
4059,50,255,2025-26,
4060,50,256,2025-26,
4061,50,257,2025-26,
4062,50,258,2025-26,
4063,50,259,2025-26,
4064,354,2104,2025-26,
4065,354,2105,2025-26,
4066,354,2106,2025-26,
4067,354,2107,2025-26,
4068,332,1853,2025-26,
4069,332,1854,2025-26,
4070,332,1855,2025-26,
4071,332,1856,2025-26,
4072,332,1857,2025-26,
4073,327,1858,2025-26,
4074,327,1768,2025-26,
4075,327,1769,2025-26,
4076,327,1803,2025-26,
4077,327,1770,2025-26,
4078,333,1859,2025-26,
4079,333,1860,2025-26,
4080,333,1861,2025-26,
4081,333,1862,2025-26,
4082,348,2058,2025-26,
4083,348,2059,2025-26,
4084,348,2060,2025-26,
4085,348,2061,2025-26,
4086,355,2108,2025-26,
4087,355,2109,2025-26,
4088,355,2110,2025-26,
4089,355,2111,2025-26,
4090,355,2112,2025-26,
4091,356,2113,2025-26,
4092,356,2114,2025-26,
4093,356,2115,2025-26,
4094,356,2116,2025-26,
4095,357,2117,2025-26,
4096,357,2118,2025-26,
4097,357,2119,2025-26,
4098,357,2120,2025-26,
4099,358,2121,2025-26,
4100,358,2122,2025-26,
4101,358,2123,2025-26,
4102,358,2124,2025-26,
4103,358,2125,2025-26,
4104,359,2126,2025-26,
4105,359,2127,2025-26,
4106,359,2128,2025-26,
4107,359,2129,2025-26,
4108,51,263,2025-26,
4109,52,265,2025-26,
4110,53,267,2025-26,
4111,53,269,2025-26,
4112,53,2130,2025-26,
4113,54,277,2025-26,
4114,54,1864,2025-26,
4115,55,279,2025-26,
4116,55,280,2025-26,
4117,55,281,2025-26,
4118,55,282,2025-26,
4119,55,283,2025-26,
4120,56,284,2025-26,
4121,56,285,2025-26,
4122,56,286,2025-26,
4123,56,287,2025-26,
4124,56,288,2025-26,
4125,57,290,2025-26,
4126,57,291,2025-26,
4127,57,292,2025-26,
4128,57,293,2025-26,
4129,334,1865,2025-26,
4130,334,1866,2025-26,
4131,334,1867,2025-26,
4132,334,1868,2025-26,
4133,334,1869,2025-26,
4134,58,2131,2025-26,
4135,58,294,2025-26,
4136,58,295,2025-26,
4137,58,296,2025-26,
4138,58,297,2025-26,
4139,58,298,2025-26,
4140,58,299,2025-26,
4141,58,300,2025-26,
4142,59,301,2025-26,
4143,59,302,2025-26,
4144,59,303,2025-26,
4145,59,304,2025-26,
4146,59,1870,2025-26,
4147,59,305,2025-26,
4148,59,306,2025-26,
4149,60,307,2025-26,
4150,60,308,2025-26,
4151,60,309,2025-26,
4152,60,310,2025-26,
4153,60,311,2025-26,
4154,60,312,2025-26,
4155,60,1871,2025-26,
4156,60,314,2025-26,
4157,61,315,2025-26,
4158,61,316,2025-26,
4159,61,317,2025-26,
4160,61,320,2025-26,
4161,61,321,2025-26,
4162,62,322,2025-26,
4163,62,323,2025-26,
4164,62,324,2025-26,
4165,62,325,2025-26,
4166,62,326,2025-26,
4167,62,327,2025-26,
4168,62,328,2025-26,
4169,62,329,2025-26,
4170,62,330,2025-26,
4171,62,331,2025-26,
4172,62,1872,2025-26,
4173,63,332,2025-26,
4174,63,333,2025-26,
4175,63,334,2025-26,
4176,63,336,2025-26,
4177,63,2132,2025-26,
4178,63,337,2025-26,
4179,63,338,2025-26,
4180,63,339,2025-26,
4181,63,340,2025-26,
4182,63,341,2025-26,
4183,63,342,2025-26,
4184,64,343,2025-26,
4185,64,344,2025-26,
4186,64,345,2025-26,
4187,64,346,2025-26,
4188,64,347,2025-26,
4189,65,348,2025-26,
4190,65,349,2025-26,
4191,65,350,2025-26,
4192,65,351,2025-26,
4193,65,352,2025-26,
4194,65,1873,2025-26,
4195,65,353,2025-26,
4196,65,354,2025-26,
4197,66,1874,2025-26,
4198,66,355,2025-26,
4199,66,356,2025-26,
4200,66,357,2025-26,
4201,67,359,2025-26,
4202,67,360,2025-26,
4203,67,361,2025-26,
4204,67,362,2025-26,
4205,67,363,2025-26,
4206,67,364,2025-26,
4207,68,365,2025-26,
4208,68,366,2025-26,
4209,68,367,2025-26,
4210,68,368,2025-26,
4211,68,369,2025-26,
4212,68,370,2025-26,
4213,68,371,2025-26,
4214,68,372,2025-26,
4215,69,373,2025-26,
4216,69,374,2025-26,
4217,69,1875,2025-26,
4218,69,1876,2025-26,
4219,69,1877,2025-26,
4220,70,376,2025-26,
4221,70,377,2025-26,
4222,70,378,2025-26,
4223,70,379,2025-26,
4224,70,380,2025-26,
4225,70,381,2025-26,
4226,71,382,2025-26,
4227,71,383,2025-26,
4228,71,384,2025-26,
4229,71,385,2025-26,
4230,71,386,2025-26,
4231,71,387,2025-26,
4232,71,388,2025-26,
4233,71,389,2025-26,
4234,72,390,2025-26,
4235,72,2133,2025-26,
4236,72,392,2025-26,
4237,72,393,2025-26,
4238,72,394,2025-26,
4239,73,396,2025-26,
4240,73,397,2025-26,
4241,73,398,2025-26,
4242,73,399,2025-26,
4243,73,400,2025-26,
4244,73,401,2025-26,
4245,74,402,2025-26,
4246,74,403,2025-26,
4247,74,404,2025-26,
4248,74,405,2025-26,
4249,74,407,2025-26,
4250,74,408,2025-26,
4251,74,409,2025-26,
4252,75,410,2025-26,
4253,75,411,2025-26,
4254,75,412,2025-26,
4255,75,413,2025-26,
4256,75,414,2025-26,
4257,75,415,2025-26,
4258,75,416,2025-26,
4259,76,2134,2025-26,
4260,76,417,2025-26,
4261,76,419,2025-26,
4262,76,420,2025-26,
4263,76,421,2025-26,
4264,77,422,2025-26,
4265,77,423,2025-26,
4266,77,424,2025-26,
4267,77,425,2025-26,
4268,77,426,2025-26,
4269,78,427,2025-26,
4270,78,428,2025-26,
4271,78,429,2025-26,
4272,78,430,2025-26,
4273,78,431,2025-26,
4274,78,432,2025-26,
4275,78,433,2025-26,
4276,78,434,2025-26,
4277,79,435,2025-26,
4278,79,436,2025-26,
4279,79,437,2025-26,
4280,79,438,2025-26,
4281,79,439,2025-26,
4282,79,1878,2025-26,
4283,79,440,2025-26,
4284,80,441,2025-26,
4285,80,442,2025-26,
4286,80,443,2025-26,
4287,80,444,2025-26,
4288,80,445,2025-26,
4289,81,446,2025-26,
4290,81,447,2025-26,
4291,81,448,2025-26,
4292,81,449,2025-26,
4293,82,450,2025-26,
4294,82,451,2025-26,
4295,82,452,2025-26,
4296,82,453,2025-26,
4297,82,454,2025-26,
4298,83,455,2025-26,
4299,83,456,2025-26,
4300,83,457,2025-26,
4301,83,458,2025-26,
4302,83,459,2025-26,
4303,83,1879,2025-26,
4304,83,1880,2025-26,
4305,84,460,2025-26,
4306,84,461,2025-26,
4307,84,462,2025-26,
4308,84,463,2025-26,
4309,84,1881,2025-26,
4310,84,465,2025-26,
4311,85,466,2025-26,
4312,85,467,2025-26,
4313,85,468,2025-26,
4314,85,469,2025-26,
4315,85,470,2025-26,
4316,85,471,2025-26,
4317,86,472,2025-26,
4318,86,473,2025-26,
4319,86,474,2025-26,
4320,86,475,2025-26,
4321,88,480,2025-26,
4322,88,481,2025-26,
4323,88,482,2025-26,
4324,89,483,2025-26,
4325,89,484,2025-26,
4326,89,2135,2025-26,
4327,89,485,2025-26,
4328,89,487,2025-26,
4329,89,488,2025-26,
4330,89,489,2025-26,
4331,90,491,2025-26,
4332,90,492,2025-26,
4333,91,493,2025-26,
4334,91,494,2025-26,
4335,91,2136,2025-26,
4336,91,496,2025-26,
4337,92,1882,2025-26,
4338,92,1809,2025-26,
4339,93,498,2025-26,
4340,93,499,2025-26,
4341,93,500,2025-26,
4342,93,501,2025-26,
4343,93,502,2025-26,
4344,93,503,2025-26,
4345,94,504,2025-26,
4346,94,505,2025-26,
4347,94,506,2025-26,
4348,94,507,2025-26,
4349,94,508,2025-26,
4350,95,509,2025-26,
4351,95,510,2025-26,
4352,95,511,2025-26,
4353,95,512,2025-26,
4354,95,513,2025-26,
4355,95,514,2025-26,
4356,95,515,2025-26,
4357,96,516,2025-26,
4358,96,517,2025-26,
4359,96,518,2025-26,
4360,96,519,2025-26,
4361,96,520,2025-26,
4362,96,521,2025-26,
4363,96,522,2025-26,
4364,97,1883,2025-26,
4365,97,523,2025-26,
4366,97,524,2025-26,
4367,97,525,2025-26,
4368,97,526,2025-26,
4369,97,1884,2025-26,
4370,97,527,2025-26,
4371,98,528,2025-26,
4372,98,529,2025-26,
4373,98,531,2025-26,
4374,98,532,2025-26,
4375,98,533,2025-26,
4376,98,1885,2025-26,
4377,99,534,2025-26,
4378,99,535,2025-26,
4379,99,536,2025-26,
4380,99,537,2025-26,
4381,99,538,2025-26,
4382,99,540,2025-26,
4383,100,541,2025-26,
4384,100,542,2025-26,
4385,100,543,2025-26,
4386,100,544,2025-26,
4387,100,545,2025-26,
4388,100,546,2025-26,
4389,100,2137,2025-26,
4390,328,1886,2025-26,
4391,328,1810,2025-26,
4392,328,2138,2025-26,
4393,328,1771,2025-26,
4394,328,1772,2025-26,
4395,328,1773,2025-26,
4396,335,1887,2025-26,
4397,335,1888,2025-26,
4398,335,1889,2025-26,
4399,335,1890,2025-26,
4400,335,1891,2025-26,
4401,101,547,2025-26,
4402,101,548,2025-26,
4403,101,549,2025-26,
4404,101,550,2025-26,
4405,101,551,2025-26,
4406,101,552,2025-26,
4407,102,553,2025-26,
4408,102,554,2025-26,
4409,102,1892,2025-26,
4410,102,1893,2025-26,
4411,102,555,2025-26,
4412,102,1894,2025-26,
4413,329,1774,2025-26,
4414,329,1811,2025-26,
4415,329,1812,2025-26,
4416,329,1775,2025-26,
4417,329,1895,2025-26,
4418,329,1896,2025-26,
4419,329,1776,2025-26,
4420,103,557,2025-26,
4421,103,558,2025-26,
4422,103,2139,2025-26,
4423,103,559,2025-26,
4424,103,1777,2025-26,
4425,103,560,2025-26,
4426,104,561,2025-26,
4427,104,562,2025-26,
4428,104,1897,2025-26,
4429,104,563,2025-26,
4430,104,1898,2025-26,
4431,104,1899,2025-26,
4432,104,564,2025-26,
4433,105,565,2025-26,
4434,105,566,2025-26,
4435,105,568,2025-26,
4436,105,569,2025-26,
4437,105,570,2025-26,
4438,105,571,2025-26,
4439,105,1900,2025-26,
4440,106,572,2025-26,
4441,106,573,2025-26,
4442,106,574,2025-26,
4443,106,575,2025-26,
4444,107,576,2025-26,
4445,107,577,2025-26,
4446,107,578,2025-26,
4447,107,579,2025-26,
4448,107,1901,2025-26,
4449,107,1902,2025-26,
4450,108,580,2025-26,
4451,108,581,2025-26,
4452,108,582,2025-26,
4453,110,588,2025-26,
4454,110,1778,2025-26,
4455,110,589,2025-26,
4456,110,590,2025-26,
4457,110,591,2025-26,
4458,110,1779,2025-26,
4459,111,592,2025-26,
4460,111,593,2025-26,
4461,111,596,2025-26,
4462,111,2140,2025-26,
4463,111,2141,2025-26,
4464,112,597,2025-26,
4465,112,598,2025-26,
4466,112,599,2025-26,
4467,112,600,2025-26,
4468,112,601,2025-26,
4469,112,602,2025-26,
4470,113,603,2025-26,
4471,113,604,2025-26,
4472,113,605,2025-26,
4473,113,606,2025-26,
4474,114,607,2025-26,
4475,114,608,2025-26,
4476,114,2142,2025-26,
4477,114,609,2025-26,
4478,114,610,2025-26,
4479,114,611,2025-26,
4480,114,612,2025-26,
4481,115,613,2025-26,
4482,115,614,2025-26,
4483,115,615,2025-26,
4484,115,616,2025-26,
4485,115,617,2025-26,
4486,115,618,2025-26,
4487,116,619,2025-26,
4488,116,620,2025-26,
4489,116,621,2025-26,
4490,116,2143,2025-26,
4491,117,622,2025-26,
4492,117,623,2025-26,
4493,117,624,2025-26,
4494,117,1903,2025-26,
4495,117,625,2025-26,
4496,117,626,2025-26,
4497,336,1904,2025-26,
4498,336,1905,2025-26,
4499,336,1906,2025-26,
4500,336,1907,2025-26,
4501,336,1908,2025-26,
4502,360,2144,2025-26,
4503,360,2145,2025-26,
4504,360,2146,2025-26,
4505,360,2147,2025-26,
4506,360,2148,2025-26,
4507,360,2149,2025-26,
4508,361,2150,2025-26,
4509,361,2151,2025-26,
4510,361,2152,2025-26,
4511,361,2153,2025-26,
4512,362,2154,2025-26,
4513,362,2155,2025-26,
4514,362,2156,2025-26,
4515,362,2157,2025-26,
4516,363,2158,2025-26,
4517,363,2159,2025-26,
4518,363,2160,2025-26,
4519,363,2161,2025-26,
4520,118,627,2025-26,
4521,118,628,2025-26,
4522,118,629,2025-26,
4523,118,630,2025-26,
4524,118,631,2025-26,
4525,118,632,2025-26,
4526,120,640,2025-26,
4527,120,641,2025-26,
4528,120,642,2025-26,
4529,120,643,2025-26,
4530,120,644,2025-26,
4531,121,645,2025-26,
4532,121,646,2025-26,
4533,121,647,2025-26,
4534,121,649,2025-26,
4535,121,650,2025-26,
4536,121,2162,2025-26,
4537,121,2163,2025-26,
4538,123,662,2025-26,
4539,123,663,2025-26,
4540,123,664,2025-26,
4541,123,665,2025-26,
4542,123,666,2025-26,
4543,123,667,2025-26,
4544,123,668,2025-26,
4545,123,669,2025-26,
4546,123,670,2025-26,
4547,123,671,2025-26,
4548,123,672,2025-26,
4549,123,673,2025-26,
4550,123,674,2025-26,
4551,124,675,2025-26,
4552,124,676,2025-26,
4553,124,677,2025-26,
4554,124,678,2025-26,
4555,124,679,2025-26,
4556,125,680,2025-26,
4557,125,681,2025-26,
4558,125,682,2025-26,
4559,125,683,2025-26,
4560,125,684,2025-26,
4561,125,685,2025-26,
4562,125,686,2025-26,
4563,125,687,2025-26,
4564,125,688,2025-26,
4565,125,690,2025-26,
4566,125,691,2025-26,
4567,125,692,2025-26,
4568,125,693,2025-26,
4569,125,694,2025-26,
4570,126,695,2025-26,
4571,126,1909,2025-26,
4572,126,696,2025-26,
4573,126,697,2025-26,
4574,126,698,2025-26,
4575,126,699,2025-26,
4576,127,701,2025-26,
4577,127,1910,2025-26,
4578,127,702,2025-26,
4579,127,703,2025-26,
4580,127,704,2025-26,
4581,127,705,2025-26,
4582,128,706,2025-26,
4583,128,707,2025-26,
4584,128,708,2025-26,
4585,128,709,2025-26,
4586,128,710,2025-26,
4587,128,711,2025-26,
4588,128,2164,2025-26,
4589,130,717,2025-26,
4590,130,2165,2025-26,
4591,130,718,2025-26,
4592,130,719,2025-26,
4593,130,720,2025-26,
4594,130,721,2025-26,
4595,130,722,2025-26,
4596,131,723,2025-26,
4597,131,724,2025-26,
4598,131,725,2025-26,
4599,131,2166,2025-26,
4600,131,726,2025-26,
4601,131,727,2025-26,
4602,131,728,2025-26,
4603,131,729,2025-26,
4604,131,730,2025-26,
4605,132,731,2025-26,
4606,132,732,2025-26,
4607,132,734,2025-26,
4608,132,1911,2025-26,
4609,132,735,2025-26,
4610,132,2167,2025-26,
4611,132,736,2025-26,
4612,134,740,2025-26,
4613,134,741,2025-26,
4614,134,742,2025-26,
4615,134,743,2025-26,
4616,134,744,2025-26,
4617,134,745,2025-26,
4618,134,746,2025-26,
4619,134,747,2025-26,
4620,134,748,2025-26,
4621,135,749,2025-26,
4622,135,2168,2025-26,
4623,135,750,2025-26,
4624,135,751,2025-26,
4625,135,752,2025-26,
4626,135,753,2025-26,
4627,135,2169,2025-26,
4628,136,754,2025-26,
4629,136,755,2025-26,
4630,136,756,2025-26,
4631,136,757,2025-26,
4632,136,758,2025-26,
4633,137,759,2025-26,
4634,137,760,2025-26,
4635,137,761,2025-26,
4636,137,762,2025-26,
4637,137,764,2025-26,
4638,138,766,2025-26,
4639,138,767,2025-26,
4640,138,768,2025-26,
4641,138,769,2025-26,
4642,138,771,2025-26,
4643,139,1912,2025-26,
4644,139,772,2025-26,
4645,139,1913,2025-26,
4646,139,2170,2025-26,
4647,139,1914,2025-26,
4648,139,2171,2025-26,
4649,140,775,2025-26,
4650,140,776,2025-26,
4651,140,777,2025-26,
4652,140,778,2025-26,
4653,140,779,2025-26,
4654,140,780,2025-26,
4655,140,781,2025-26,
4656,141,782,2025-26,
4657,141,785,2025-26,
4658,141,787,2025-26,
4659,141,788,2025-26,
4660,141,789,2025-26,
4661,141,2172,2025-26,
4662,141,790,2025-26,
4663,141,791,2025-26,
4664,141,792,2025-26,
4665,142,793,2025-26,
4666,142,794,2025-26,
4667,142,795,2025-26,
4668,142,796,2025-26,
4669,142,797,2025-26,
4670,142,798,2025-26,
4671,143,799,2025-26,
4672,143,2173,2025-26,
4673,143,801,2025-26,
4674,143,802,2025-26,
4675,143,803,2025-26,
4676,143,804,2025-26,
4677,143,2174,2025-26,
4678,143,805,2025-26,
4679,143,806,2025-26,
4680,143,807,2025-26,
4681,143,808,2025-26,
4682,143,809,2025-26,
4683,144,810,2025-26,
4684,144,811,2025-26,
4685,144,812,2025-26,
4686,144,813,2025-26,
4687,144,2175,2025-26,
4688,145,814,2025-26,
4689,145,815,2025-26,
4690,145,816,2025-26,
4691,145,2176,2025-26,
4692,145,817,2025-26,
4693,145,2177,2025-26,
4694,145,818,2025-26,
4695,145,2178,2025-26,
4696,146,819,2025-26,
4697,146,820,2025-26,
4698,146,821,2025-26,
4699,146,822,2025-26,
4700,147,823,2025-26,
4701,147,824,2025-26,
4702,147,825,2025-26,
4703,147,826,2025-26,
4704,147,827,2025-26,
4705,147,828,2025-26,
4706,147,829,2025-26,
4707,148,830,2025-26,
4708,148,831,2025-26,
4709,148,832,2025-26,
4710,148,833,2025-26,
4711,148,834,2025-26,
4712,149,835,2025-26,
4713,149,836,2025-26,
4714,149,837,2025-26,
4715,149,838,2025-26,
4716,149,839,2025-26,
4717,150,840,2025-26,
4718,150,841,2025-26,
4719,150,842,2025-26,
4720,150,843,2025-26,
4721,150,1915,2025-26,
4722,150,1916,2025-26,
4723,151,844,2025-26,
4724,151,845,2025-26,
4725,151,846,2025-26,
4726,151,847,2025-26,
4727,151,1917,2025-26,
4728,151,848,2025-26,
4729,151,849,2025-26,
4730,152,850,2025-26,
4731,152,851,2025-26,
4732,152,852,2025-26,
4733,152,853,2025-26,
4734,152,854,2025-26,
4735,154,859,2025-26,
4736,154,860,2025-26,
4737,154,861,2025-26,
4738,155,863,2025-26,
4739,155,864,2025-26,
4740,155,867,2025-26,
4741,156,868,2025-26,
4742,156,869,2025-26,
4743,156,870,2025-26,
4744,156,871,2025-26,
4745,156,872,2025-26,
4746,157,873,2025-26,
4747,157,874,2025-26,
4748,157,875,2025-26,
4749,157,876,2025-26,
4750,330,1780,2025-26,
4751,330,1781,2025-26,
4752,330,2179,2025-26,
4753,330,1782,2025-26,
4754,349,2063,2025-26,
4755,349,2180,2025-26,
4756,349,2064,2025-26,
4757,349,2065,2025-26,
4758,349,2181,2025-26,
4759,349,2066,2025-26,
4760,158,877,2025-26,
4761,158,878,2025-26,
4762,158,879,2025-26,
4763,158,880,2025-26,
4764,158,881,2025-26,
4765,159,1919,2025-26,
4766,159,1815,2025-26,
4767,159,1920,2025-26,
4768,159,882,2025-26,
4769,159,883,2025-26,
4770,160,885,2025-26,
4771,160,886,2025-26,
4772,160,887,2025-26,
4773,160,888,2025-26,
4774,160,889,2025-26,
4775,160,1921,2025-26,
4776,161,890,2025-26,
4777,161,891,2025-26,
4778,161,892,2025-26,
4779,161,893,2025-26,
4780,161,894,2025-26,
4781,161,895,2025-26,
4782,162,896,2025-26,
4783,162,897,2025-26,
4784,162,899,2025-26,
4785,162,900,2025-26,
4786,163,902,2025-26,
4787,163,903,2025-26,
4788,163,904,2025-26,
4789,163,905,2025-26,
4790,163,906,2025-26,
4791,164,2182,2025-26,
4792,164,908,2025-26,
4793,164,909,2025-26,
4794,164,910,2025-26,
4795,164,911,2025-26,
4796,164,1922,2025-26,
4797,164,1924,2025-26,
4798,164,1816,2025-26,
4799,165,913,2025-26,
4800,165,1925,2025-26,
4801,165,1817,2025-26,
4802,165,914,2025-26,
4803,165,915,2025-26,
4804,165,916,2025-26,
4805,165,917,2025-26,
4806,165,1926,2025-26,
4807,165,918,2025-26,
4808,165,920,2025-26,
4809,166,921,2025-26,
4810,166,922,2025-26,
4811,166,923,2025-26,
4812,166,924,2025-26,
4813,166,925,2025-26,
4814,166,926,2025-26,
4815,166,927,2025-26,
4816,167,928,2025-26,
4817,167,929,2025-26,
4818,167,930,2025-26,
4819,167,931,2025-26,
4820,168,932,2025-26,
4821,168,933,2025-26,
4822,168,934,2025-26,
4823,168,935,2025-26,
4824,169,936,2025-26,
4825,169,937,2025-26,
4826,169,938,2025-26,
4827,169,939,2025-26,
4828,169,940,2025-26,
4829,169,941,2025-26,
4830,169,942,2025-26,
4831,169,943,2025-26,
4832,169,944,2025-26,
4833,169,1927,2025-26,
4834,170,945,2025-26,
4835,170,946,2025-26,
4836,170,947,2025-26,
4837,170,948,2025-26,
4838,170,949,2025-26,
4839,170,950,2025-26,
4840,170,2183,2025-26,
4841,170,951,2025-26,
4842,171,952,2025-26,
4843,171,953,2025-26,
4844,171,954,2025-26,
4845,171,955,2025-26,
4846,171,956,2025-26,
4847,171,957,2025-26,
4848,171,958,2025-26,
4849,171,959,2025-26,
4850,171,960,2025-26,
4851,172,961,2025-26,
4852,172,962,2025-26,
4853,172,963,2025-26,
4854,172,964,2025-26,
4855,172,965,2025-26,
4856,172,966,2025-26,
4857,172,967,2025-26,
4858,172,968,2025-26,
4859,173,969,2025-26,
4860,173,970,2025-26,
4861,173,971,2025-26,
4862,173,972,2025-26,
4863,173,973,2025-26,
4864,173,974,2025-26,
4865,173,975,2025-26,
4866,173,976,2025-26,
4867,173,1928,2025-26,
4868,174,977,2025-26,
4869,174,978,2025-26,
4870,174,979,2025-26,
4871,174,981,2025-26,
4872,174,982,2025-26,
4873,174,984,2025-26,
4874,174,985,2025-26,
4875,174,1929,2025-26,
4876,175,986,2025-26,
4877,175,987,2025-26,
4878,175,988,2025-26,
4879,175,989,2025-26,
4880,175,990,2025-26,
4881,175,991,2025-26,
4882,175,2184,2025-26,
4883,176,992,2025-26,
4884,176,993,2025-26,
4885,176,994,2025-26,
4886,176,995,2025-26,
4887,177,996,2025-26,
4888,177,997,2025-26,
4889,177,998,2025-26,
4890,177,999,2025-26,
4891,177,1000,2025-26,
4892,178,1001,2025-26,
4893,178,1002,2025-26,
4894,178,1003,2025-26,
4895,178,1004,2025-26,
4896,178,1005,2025-26,
4897,178,1006,2025-26,
4898,178,1007,2025-26,
4899,179,1008,2025-26,
4900,179,1009,2025-26,
4901,179,1010,2025-26,
4902,179,1011,2025-26,
4903,179,1012,2025-26,
4904,180,1013,2025-26,
4905,180,1014,2025-26,
4906,180,1930,2025-26,
4907,180,1015,2025-26,
4908,180,1016,2025-26,
4909,180,1017,2025-26,
4910,180,1018,2025-26,
4911,180,1019,2025-26,
4912,180,1931,2025-26,
4913,181,1020,2025-26,
4914,181,1021,2025-26,
4915,181,1022,2025-26,
4916,181,1023,2025-26,
4917,181,1024,2025-26,
4918,182,1025,2025-26,
4919,182,1026,2025-26,
4920,182,1027,2025-26,
4921,182,1029,2025-26,
4922,182,1031,2025-26,
4923,182,1032,2025-26,
4924,183,1033,2025-26,
4925,183,1034,2025-26,
4926,183,1035,2025-26,
4927,183,2185,2025-26,
4928,183,1036,2025-26,
4929,183,1037,2025-26,
4930,184,1038,2025-26,
4931,184,1039,2025-26,
4932,184,1040,2025-26,
4933,184,1041,2025-26,
4934,184,1042,2025-26,
4935,184,1932,2025-26,
4936,185,1043,2025-26,
4937,185,1044,2025-26,
4938,185,1045,2025-26,
4939,185,1046,2025-26,
4940,185,1047,2025-26,
4941,185,1048,2025-26,
4942,186,1049,2025-26,
4943,186,1050,2025-26,
4944,186,1051,2025-26,
4945,186,1052,2025-26,
4946,186,1053,2025-26,
4947,364,2186,2025-26,
4948,364,2187,2025-26,
4949,364,2188,2025-26,
4950,364,2189,2025-26,
4951,365,2190,2025-26,
4952,365,2191,2025-26,
4953,187,1054,2025-26,
4954,187,1055,2025-26,
4955,187,1056,2025-26,
4956,351,2192,2025-26,
4957,351,2074,2025-26,
4958,351,2075,2025-26,
4959,351,2193,2025-26,
4960,338,1935,2025-26,
4961,338,1936,2025-26,
4962,338,1937,2025-26,
4963,188,1057,2025-26,
4964,188,1058,2025-26,
4965,188,1059,2025-26,
4966,188,1060,2025-26,
4967,188,1061,2025-26,
4968,190,1065,2025-26,
4969,190,1066,2025-26,
4970,190,1067,2025-26,
4971,190,1068,2025-26,
4972,190,1069,2025-26,
4973,191,1070,2025-26,
4974,191,1071,2025-26,
4975,191,2194,2025-26,
4976,191,1072,2025-26,
4977,191,1073,2025-26,
4978,191,1074,2025-26,
4979,191,2195,2025-26,
4980,192,2196,2025-26,
4981,192,1075,2025-26,
4982,192,1076,2025-26,
4983,192,1077,2025-26,
4984,192,2197,2025-26,
4985,339,1938,2025-26,
4986,339,1939,2025-26,
4987,339,1940,2025-26,
4988,339,1941,2025-26,
4989,339,1942,2025-26,
4990,193,1078,2025-26,
4991,193,1079,2025-26,
4992,193,1943,2025-26,
4993,193,1080,2025-26,
4994,193,1081,2025-26,
4995,193,1082,2025-26,
4996,193,1944,2025-26,
4997,194,1083,2025-26,
4998,194,1084,2025-26,
4999,194,1085,2025-26,
5000,194,1086,2025-26,
5001,194,1945,2025-26,
5002,195,1087,2025-26,
5003,195,2198,2025-26,
5004,195,1088,2025-26,
5005,195,1089,2025-26,
5006,195,1090,2025-26,
5007,195,1091,2025-26,
5008,195,2199,2025-26,
5009,196,1092,2025-26,
5010,196,1093,2025-26,
5011,196,1946,2025-26,
5012,196,1094,2025-26,
5013,196,1095,2025-26,
5014,196,1096,2025-26,
5015,366,2200,2025-26,
5016,366,2201,2025-26,
5017,366,2202,2025-26,
5018,197,1097,2025-26,
5019,197,1098,2025-26,
5020,197,1099,2025-26,
5021,197,1100,2025-26,
5022,198,1101,2025-26,
5023,198,1102,2025-26,
5024,198,1947,2025-26,
5025,198,1103,2025-26,
5026,198,1104,2025-26,
5027,198,1948,2025-26,
5028,199,1105,2025-26,
5029,199,1106,2025-26,
5030,199,1107,2025-26,
5031,199,1108,2025-26,
5032,199,1109,2025-26,
5033,199,1110,2025-26,
5034,199,1949,2025-26,
5035,199,2203,2025-26,
5036,200,1111,2025-26,
5037,200,1112,2025-26,
5038,200,1113,2025-26,
5039,200,1114,2025-26,
5040,200,1115,2025-26,
5041,201,1116,2025-26,
5042,201,1117,2025-26,
5043,201,1118,2025-26,
5044,201,1119,2025-26,
5045,202,1120,2025-26,
5046,202,1121,2025-26,
5047,202,1122,2025-26,
5048,202,1123,2025-26,
5049,202,1124,2025-26,
5050,367,2204,2025-26,
5051,367,2205,2025-26,
5052,367,2206,2025-26,
5053,367,2207,2025-26,
5054,203,1125,2025-26,
5055,203,1126,2025-26,
5056,203,1127,2025-26,
5057,203,1128,2025-26,
5058,203,1129,2025-26,
5059,203,1130,2025-26,
5060,340,1950,2025-26,
5061,340,1951,2025-26,
5062,340,1952,2025-26,
5063,340,1953,2025-26,
5064,205,1136,2025-26,
5065,205,1137,2025-26,
5066,205,1139,2025-26,
5067,341,1956,2025-26,
5068,341,1957,2025-26,
5069,341,1958,2025-26,
5070,341,1959,2025-26,
5071,342,1960,2025-26,
5072,342,1961,2025-26,
5073,342,1962,2025-26,
5074,350,2067,2025-26,
5075,350,2068,2025-26,
5076,350,2069,2025-26,
5077,350,2070,2025-26,
5078,368,2208,2025-26,
5079,368,2209,2025-26,
5080,368,2210,2025-26,
5081,368,2211,2025-26,
5082,206,1140,2025-26,
5083,206,1141,2025-26,
5084,206,1142,2025-26,
5085,206,1143,2025-26,
5086,206,1144,2025-26,
5087,206,1145,2025-26,
5088,207,1147,2025-26,
5089,209,1820,2025-26,
5090,209,1787,2025-26,
5091,209,1788,2025-26,
5092,210,1158,2025-26,
5093,210,1159,2025-26,
5094,210,1160,2025-26,
5095,210,1161,2025-26,
5096,210,1162,2025-26,
5097,210,1163,2025-26,
5098,211,1164,2025-26,
5099,211,1165,2025-26,
5100,211,1166,2025-26,
5101,211,1167,2025-26,
5102,211,1168,2025-26,
5103,212,1169,2025-26,
5104,212,1170,2025-26,
5105,212,1171,2025-26,
5106,212,1172,2025-26,
5107,212,1173,2025-26,
5108,213,1174,2025-26,
5109,213,1175,2025-26,
5110,213,1176,2025-26,
5111,213,1177,2025-26,
5112,213,1178,2025-26,
5113,213,1179,2025-26,
5114,214,1180,2025-26,
5115,214,1182,2025-26,
5116,214,1183,2025-26,
5117,214,1184,2025-26,
5118,214,1187,2025-26,
5119,215,1189,2025-26,
5120,215,1191,2025-26,
5121,215,1193,2025-26,
5122,215,1194,2025-26,
5123,216,1195,2025-26,
5124,216,1196,2025-26,
5125,216,1197,2025-26,
5126,216,1198,2025-26,
5127,216,1199,2025-26,
5128,216,1200,2025-26,
5129,216,1201,2025-26,
5130,217,1202,2025-26,
5131,217,1203,2025-26,
5132,217,1204,2025-26,
5133,217,1205,2025-26,
5134,217,1206,2025-26,
5135,217,1207,2025-26,
5136,218,1208,2025-26,
5137,218,1209,2025-26,
5138,218,1963,2025-26,
5139,218,1210,2025-26,
5140,218,1964,2025-26,
5141,218,1965,2025-26,
5142,218,2071,2025-26,
5143,218,1966,2025-26,
5144,218,1212,2025-26,
5145,219,1213,2025-26,
5146,219,1214,2025-26,
5147,219,1215,2025-26,
5148,219,1967,2025-26,
5149,219,2212,2025-26,
5150,219,1216,2025-26,
5151,219,1217,2025-26,
5152,219,1968,2025-26,
5153,219,1969,2025-26,
5154,219,1970,2025-26,
5155,220,1218,2025-26,
5156,220,1219,2025-26,
5157,220,1220,2025-26,
5158,220,1221,2025-26,
5159,220,1222,2025-26,
5160,220,1223,2025-26,
5161,220,1224,2025-26,
5162,220,1225,2025-26,
5163,220,1226,2025-26,
5164,220,1227,2025-26,
5165,221,1228,2025-26,
5166,221,1232,2025-26,
5167,221,1233,2025-26,
5168,222,1821,2025-26,
5169,222,1235,2025-26,
5170,222,1789,2025-26,
5171,223,1237,2025-26,
5172,223,1238,2025-26,
5173,223,1239,2025-26,
5174,223,1240,2025-26,
5175,223,1241,2025-26,
5176,223,1242,2025-26,
5177,223,1244,2025-26,
5178,224,1245,2025-26,
5179,224,1246,2025-26,
5180,224,1247,2025-26,
5181,224,1248,2025-26,
5182,225,1250,2025-26,
5183,225,1971,2025-26,
5184,225,1251,2025-26,
5185,225,1252,2025-26,
5186,225,1253,2025-26,
5187,226,1254,2025-26,
5188,226,1255,2025-26,
5189,226,1256,2025-26,
5190,226,1257,2025-26,
5191,226,1258,2025-26,
5192,227,1259,2025-26,
5193,227,1260,2025-26,
5194,227,1261,2025-26,
5195,228,1264,2025-26,
5196,228,1266,2025-26,
5197,228,1267,2025-26,
5198,229,1268,2025-26,
5199,229,1269,2025-26,
5200,229,1270,2025-26,
5201,229,1271,2025-26,
5202,229,1272,2025-26,
5203,230,1273,2025-26,
5204,230,1274,2025-26,
5205,230,1275,2025-26,
5206,230,1276,2025-26,
5207,230,1277,2025-26,
5208,231,1278,2025-26,
5209,231,1279,2025-26,
5210,231,1972,2025-26,
5211,231,1280,2025-26,
5212,231,1281,2025-26,
5213,231,1282,2025-26,
5214,232,1283,2025-26,
5215,232,1284,2025-26,
5216,232,1285,2025-26,
5217,232,1286,2025-26,
5218,232,1973,2025-26,
5219,233,1287,2025-26,
5220,233,1288,2025-26,
5221,233,1289,2025-26,
5222,233,1290,2025-26,
5223,233,1291,2025-26,
5224,233,1292,2025-26,
5225,233,1293,2025-26,
5226,233,1294,2025-26,
5227,233,1295,2025-26,
5228,234,1296,2025-26,
5229,234,1297,2025-26,
5230,234,2078,2025-26,
5231,234,1298,2025-26,
5232,234,1299,2025-26,
5233,234,1300,2025-26,
5234,234,1301,2025-26,
5235,235,1304,2025-26,
5236,235,1305,2025-26,
5237,235,1307,2025-26,
5238,235,1308,2025-26,
5239,235,1974,2025-26,
5240,235,1309,2025-26,
5241,236,1310,2025-26,
5242,236,1311,2025-26,
5243,236,1790,2025-26,
5244,236,1312,2025-26,
5245,236,1313,2025-26,
5246,236,1314,2025-26,
5247,237,1315,2025-26,
5248,237,1317,2025-26,
5249,237,1319,2025-26,
5250,238,1320,2025-26,
5251,238,1321,2025-26,
5252,238,1322,2025-26,
5253,238,1323,2025-26,
5254,238,1975,2025-26,
5255,238,1324,2025-26,
5256,238,1326,2025-26,
5257,238,1824,2025-26,
5258,238,1327,2025-26,
5259,238,1328,2025-26,
5260,239,1329,2025-26,
5261,239,1330,2025-26,
5262,239,1331,2025-26,
5263,239,1332,2025-26,
5264,239,1333,2025-26,
5265,239,1334,2025-26,
5266,240,1336,2025-26,
5267,241,1340,2025-26,
5268,241,1341,2025-26,
5269,241,1342,2025-26,
5270,241,1343,2025-26,
5271,241,1344,2025-26,
5272,241,1345,2025-26,
5273,241,2213,2025-26,
5274,242,1978,2025-26,
5275,242,1350,2025-26,
5276,242,1351,2025-26,
5277,242,1353,2025-26,
5278,243,1355,2025-26,
5279,243,2214,2025-26,
5280,243,1979,2025-26,
5281,243,2215,2025-26,
5282,243,1980,2025-26,
5283,243,1356,2025-26,
5284,244,1357,2025-26,
5285,244,1358,2025-26,
5286,244,1360,2025-26,
5287,244,1364,2025-26,
5288,244,1366,2025-26,
5289,245,1367,2025-26,
5290,245,1368,2025-26,
5291,245,1369,2025-26,
5292,245,1370,2025-26,
5293,245,1982,2025-26,
5294,246,1374,2025-26,
5295,247,1376,2025-26,
5296,247,1379,2025-26,
5297,247,1380,2025-26,
5298,247,1381,2025-26,
5299,247,1383,2025-26,
5300,248,1983,2025-26,
5301,248,1384,2025-26,
5302,248,1387,2025-26,
5303,248,1985,2025-26,
5304,248,1986,2025-26,
5305,249,1391,2025-26,
5306,249,1392,2025-26,
5307,249,1394,2025-26,
5308,249,1395,2025-26,
5309,249,1397,2025-26,
5310,250,1398,2025-26,
5311,250,1399,2025-26,
5312,250,1400,2025-26,
5313,250,1401,2025-26,
5314,250,1402,2025-26,
5315,250,1403,2025-26,
5316,250,1988,2025-26,
5317,250,2216,2025-26,
5318,251,1404,2025-26,
5319,251,1405,2025-26,
5320,251,1406,2025-26,
5321,251,1407,2025-26,
5322,251,1408,2025-26,
5323,251,1409,2025-26,
5324,252,1410,2025-26,
5325,252,1412,2025-26,
5326,252,1416,2025-26,
5327,252,1417,2025-26,
5328,252,1418,2025-26,
5329,252,1989,2025-26,
5330,253,1419,2025-26,
5331,253,1420,2025-26,
5332,253,1421,2025-26,
5333,253,1422,2025-26,
5334,254,1423,2025-26,
5335,254,1424,2025-26,
5336,254,1426,2025-26,
5337,254,1990,2025-26,
5338,254,1991,2025-26,
5339,255,1992,2025-26,
5340,255,1427,2025-26,
5341,255,1428,2025-26,
5342,255,1993,2025-26,
5343,255,1430,2025-26,
5344,256,1431,2025-26,
5345,256,1995,2025-26,
5346,256,1432,2025-26,
5347,256,1996,2025-26,
5348,257,1435,2025-26,
5349,257,1436,2025-26,
5350,257,1437,2025-26,
5351,257,1438,2025-26,
5352,257,1439,2025-26,
5353,259,1447,2025-26,
5354,259,1448,2025-26,
5355,259,1449,2025-26,
5356,259,1450,2025-26,
5357,259,2217,2025-26,
5358,260,1451,2025-26,
5359,260,1452,2025-26,
5360,260,1453,2025-26,
5361,260,1454,2025-26,
5362,260,1455,2025-26,
5363,260,1456,2025-26,
5364,260,1457,2025-26,
5365,260,1458,2025-26,
5366,260,1459,2025-26,
5367,261,1461,2025-26,
5368,261,1462,2025-26,
5369,261,1463,2025-26,
5370,261,1464,2025-26,
5371,261,1998,2025-26,
5372,262,1466,2025-26,
5373,262,1999,2025-26,
5374,262,1467,2025-26,
5375,262,1469,2025-26,
5376,263,2080,2025-26,
5377,263,1471,2025-26,
5378,263,1472,2025-26,
5379,263,1473,2025-26,
5380,264,1474,2025-26,
5381,264,1475,2025-26,
5382,264,1476,2025-26,
5383,264,1477,2025-26,
5384,265,1478,2025-26,
5385,265,1479,2025-26,
5386,265,1480,2025-26,
5387,265,1481,2025-26,
5388,266,2001,2025-26,
5389,266,1482,2025-26,
5390,266,1483,2025-26,
5391,266,1484,2025-26,
5392,266,2218,2025-26,
5393,266,2003,2025-26,
5394,267,1486,2025-26,
5395,267,1487,2025-26,
5396,267,1488,2025-26,
5397,267,1489,2025-26,
5398,267,1490,2025-26,
5399,268,1491,2025-26,
5400,268,1492,2025-26,
5401,268,2219,2025-26,
5402,268,1493,2025-26,
5403,268,1494,2025-26,
5404,268,1495,2025-26,
5405,269,1496,2025-26,
5406,269,1497,2025-26,
5407,269,1498,2025-26,
5408,269,1499,2025-26,
5409,269,1500,2025-26,
5410,269,2004,2025-26,
5411,270,1501,2025-26,
5412,270,1503,2025-26,
5413,270,1830,2025-26,
5414,270,1504,2025-26,
5415,270,2005,2025-26,
5416,270,1505,2025-26,
5417,270,1831,2025-26,
5418,272,1509,2025-26,
5419,272,1510,2025-26,
5420,272,2008,2025-26,
5421,272,1511,2025-26,
5422,272,1512,2025-26,
5423,272,1513,2025-26,
5424,272,1514,2025-26,
5425,273,2009,2025-26,
5426,273,1515,2025-26,
5427,273,1516,2025-26,
5428,273,1517,2025-26,
5429,273,1518,2025-26,
5430,273,1519,2025-26,
5431,273,1520,2025-26,
5432,274,2010,2025-26,
5433,274,1521,2025-26,
5434,274,1522,2025-26,
5435,274,1523,2025-26,
5436,274,2011,2025-26,
5437,274,1524,2025-26,
5438,275,1525,2025-26,
5439,275,1526,2025-26,
5440,275,2012,2025-26,
5441,276,1527,2025-26,
5442,276,1528,2025-26,
5443,276,1529,2025-26,
5444,276,1530,2025-26,
5445,276,1531,2025-26,
5446,277,1532,2025-26,
5447,277,1533,2025-26,
5448,277,1534,2025-26,
5449,277,1535,2025-26,
5450,277,1536,2025-26,
5451,277,1537,2025-26,
5452,277,1538,2025-26,
5453,277,1539,2025-26,
5454,277,1540,2025-26,
5455,278,1541,2025-26,
5456,278,1542,2025-26,
5457,278,1543,2025-26,
5458,278,1544,2025-26,
5459,343,2013,2025-26,
5460,343,2014,2025-26,
5461,343,2015,2025-26,
5462,343,2016,2025-26,
5463,331,1794,2025-26,
5464,331,1795,2025-26,
5465,331,2017,2025-26,
5466,280,1549,2025-26,
5467,280,1550,2025-26,
5468,280,1551,2025-26,
5469,280,1552,2025-26,
5470,369,2220,2025-26,
5471,369,2221,2025-26,
5472,369,2222,2025-26,
5473,369,2223,2025-26,
5474,281,1553,2025-26,
5475,281,1554,2025-26,
5476,281,1555,2025-26,
5477,281,2018,2025-26,
5478,281,2019,2025-26,
5479,282,1557,2025-26,
5480,282,1559,2025-26,
5481,282,1560,2025-26,
5482,283,1562,2025-26,
5483,283,1563,2025-26,
5484,283,1564,2025-26,
5485,283,1565,2025-26,
5486,283,1566,2025-26,
5487,283,2224,2025-26,
5488,284,1567,2025-26,
5489,284,1568,2025-26,
5490,284,2020,2025-26,
5491,284,2021,2025-26,
5492,284,1569,2025-26,
5493,284,1570,2025-26,
5494,284,1571,2025-26,
5495,285,2081,2025-26,
5496,285,1572,2025-26,
5497,285,1573,2025-26,
5498,285,1574,2025-26,
5499,286,1575,2025-26,
5500,286,1576,2025-26,
5501,286,2225,2025-26,
5502,286,1578,2025-26,
5503,286,1579,2025-26,
5504,286,1580,2025-26,
5505,287,1581,2025-26,
5506,287,1582,2025-26,
5507,287,1583,2025-26,
5508,287,1584,2025-26,
5509,287,1585,2025-26,
5510,287,1586,2025-26,
5511,287,2226,2025-26,
5512,288,1587,2025-26,
5513,288,1588,2025-26,
5514,288,1589,2025-26,
5515,288,1590,2025-26,
5516,288,1591,2025-26,
5517,289,1592,2025-26,
5518,289,1593,2025-26,
5519,289,1594,2025-26,
5520,289,1832,2025-26,
5521,289,1595,2025-26,
5522,289,1596,2025-26,
5523,289,1597,2025-26,
5524,290,1598,2025-26,
5525,290,1599,2025-26,
5526,290,1600,2025-26,
5527,290,1601,2025-26,
5528,290,1602,2025-26,
5529,291,1603,2025-26,
5530,291,1604,2025-26,
5531,291,2227,2025-26,
5532,291,1605,2025-26,
5533,291,1606,2025-26,
5534,291,1607,2025-26,
5535,292,1610,2025-26,
5536,292,1611,2025-26,
5537,292,1612,2025-26,
5538,292,1614,2025-26,
5539,293,1615,2025-26,
5540,293,1616,2025-26,
5541,293,1617,2025-26,
5542,293,1618,2025-26,
5543,293,1619,2025-26,
5544,344,2022,2025-26,
5545,344,2023,2025-26,
5546,344,2024,2025-26,
5547,344,2025,2025-26,
5548,370,2228,2025-26,
5549,370,2229,2025-26,
5550,370,2230,2025-26,
5551,294,1620,2025-26,
5552,294,1621,2025-26,
5553,294,1622,2025-26,
5554,294,1623,2025-26,
5555,294,1624,2025-26,
5556,295,1625,2025-26,
5557,295,1626,2025-26,
5558,296,1628,2025-26,
5559,296,1629,2025-26,
5560,296,1630,2025-26,
5561,296,1631,2025-26,
5562,296,1632,2025-26,
5563,297,1633,2025-26,
5564,297,1634,2025-26,
5565,297,1636,2025-26,
5566,297,1637,2025-26,
5567,297,1638,2025-26,
5568,297,2026,2025-26,
5569,298,1639,2025-26,
5570,298,1640,2025-26,
5571,298,2027,2025-26,
5572,298,2028,2025-26,
5573,298,2029,2025-26,
5574,298,1641,2025-26,
5575,298,1642,2025-26,
5576,298,1643,2025-26,
5577,298,2030,2025-26,
5578,299,1645,2025-26,
5579,299,1646,2025-26,
5580,299,1647,2025-26,
5581,299,1648,2025-26,
5582,299,1649,2025-26,
5583,299,1650,2025-26,
5584,300,1651,2025-26,
5585,300,1652,2025-26,
5586,300,1653,2025-26,
5587,300,1654,2025-26,
5588,300,1655,2025-26,
5589,301,1656,2025-26,
5590,301,1657,2025-26,
5591,301,1658,2025-26,
5592,301,1659,2025-26,
5593,301,1660,2025-26,
5594,302,1661,2025-26,
5595,302,1662,2025-26,
5596,302,2231,2025-26,
5597,302,1663,2025-26,
5598,302,1664,2025-26,
5599,303,2031,2025-26,
5600,303,1666,2025-26,
5601,303,2232,2025-26,
5602,303,1667,2025-26,
5603,303,1668,2025-26,
5604,303,1669,2025-26,
5605,304,1670,2025-26,
5606,304,1671,2025-26,
5607,305,1672,2025-26,
5608,305,1673,2025-26,
5609,305,1674,2025-26,
5610,305,1675,2025-26,
5611,305,1676,2025-26,
5612,306,1677,2025-26,
5613,306,1678,2025-26,
5614,306,1679,2025-26,
5615,345,2032,2025-26,
5616,345,2033,2025-26,
5617,345,2034,2025-26,
5618,307,1680,2025-26,
5619,307,1681,2025-26,
5620,307,1682,2025-26,
5621,307,1683,2025-26,
5622,307,1684,2025-26,
5623,308,1686,2025-26,
5624,308,1689,2025-26,
5625,309,1690,2025-26,
5626,309,1691,2025-26,
5627,309,1692,2025-26,
5628,309,1693,2025-26,
5629,310,1694,2025-26,
5630,310,1695,2025-26,
5631,310,1696,2025-26,
5632,310,2035,2025-26,
5633,310,1697,2025-26,
5634,310,2036,2025-26,
5635,311,1698,2025-26,
5636,311,1699,2025-26,
5637,311,1700,2025-26,
5638,311,1701,2025-26,
5639,311,1702,2025-26,
5640,311,1703,2025-26,
5641,311,1704,2025-26,
5642,311,1705,2025-26,
5643,312,1706,2025-26,
5644,312,1707,2025-26,
5645,312,1708,2025-26,
5646,312,1709,2025-26,
5647,313,1710,2025-26,
5648,313,1711,2025-26,
5649,313,1712,2025-26,
5650,313,1713,2025-26,
5651,314,1715,2025-26,
5652,314,2037,2025-26,
5653,314,1717,2025-26,
5654,314,2233,2025-26,
5655,314,2234,2025-26,
5656,315,1719,2025-26,
5657,315,1720,2025-26,
5658,315,1721,2025-26,
5659,317,1728,2025-26,
5660,317,1729,2025-26,
5661,317,1730,2025-26,
5662,317,1731,2025-26,
5663,317,2235,2025-26,
5664,317,1732,2025-26,
5665,317,2236,2025-26,
5666,318,1733,2025-26,
5667,318,1734,2025-26,
5668,318,1735,2025-26,
5669,318,1736,2025-26,
5670,319,1737,2025-26,
5671,319,1738,2025-26,
5672,319,1739,2025-26,
5673,319,1740,2025-26,
5674,319,1741,2025-26,
5675,320,1742,2025-26,
5676,320,1743,2025-26,
5677,320,1744,2025-26,
5678,321,1745,2025-26,
5679,321,1747,2025-26,
5680,321,1749,2025-26,
5681,322,1750,2025-26,
5682,322,2237,2025-26,
5683,323,1752,2025-26,
5684,323,1753,2025-26,
5685,323,1754,2025-26,
5686,323,1755,2025-26,
5687,324,2038,2025-26,
5688,324,1756,2025-26,
5689,324,2039,2025-26,
5690,324,1759,2025-26,
5691,324,2040,2025-26,
5692,324,2041,2025-26,
5693,325,1760,2025-26,
5694,325,1761,2025-26,
5695,325,1762,2025-26,
5696,325,2238,2025-26,
5697,325,2042,2025-26,
5698,326,1764,2025-26,
5699,326,1767,2025-26,
5700,326,2043,2025-26,
5701,326,2044,2025-26,
5702,119,2045,2025-26,
5703,119,633,2025-26,
5704,119,634,2025-26,
5705,119,636,2025-26,
5706,119,2082,2025-26,
5707,119,638,2025-26,
5708,119,639,2025-26,
5709,208,1819,2025-26,
5710,346,2047,2025-26,
5711,346,2048,2025-26,
5712,346,2049,2025-26,
5713,346,2050,2025-26,
5714,346,2051,2025-26,
5715,371,2239,2025-26,
5716,371,2240,2025-26,
5717,371,2241,2025-26,
5718,371,2242,2025-26,
5719,372,2243,2025-26,
5720,372,2244,2025-26,
5721,372,2245,2025-26,
5722,372,2246,2025-26,
5723,373,2247,2025-26,
5724,373,2248,2025-26,
5725,373,2249,2025-26,
5726,373,2250,2025-26,
5727,374,2251,2025-26,
5728,374,2252,2025-26,
5729,374,2253,2025-26,
5730,374,2254,2025-26,
5731,375,2255,2025-26,
5732,375,2256,2025-26,
5733,375,2257,2025-26,
5734,375,2258,2025-26,
5735,1,1797,2025-26,
5736,1,4,2025-26,
5737,24,1799,2025-26,
5738,24,1800,2025-26,
5739,29,143,2025-26,
5740,47,2259,2025-26,
5741,51,260,2025-26,
5742,51,1804,2025-26,
5743,51,1806,2025-26,
5744,53,268,2025-26,
5745,54,275,2025-26,
5746,54,276,2025-26,
5747,54,1863,2025-26,
5748,54,278,2025-26,
5749,99,539,2025-26,
5750,141,786,2025-26,
5751,337,1934,2025-26,
5752,337,2260,2025-26,
5753,219,2261,2025-26,
5754,222,2072,2025-26,
5755,222,1234,2025-26,
5756,246,1371,2025-26,
5757,246,1372,2025-26,
5758,246,1375,2025-26,
5759,275,1793,2025-26,
5760,282,2262,2025-26,
5761,208,2046,2025-26,
5762,208,1818,2025-26,
5763,208,1786,2025-26,
5764,208,1154,2025-26,
5765,208,2263,2025-26,
5766,1,6,2025-26,
5767,6,27,2025-26,
5768,6,29,2025-26,
5769,6,31,2025-26,
5770,25,1801,2025-26,
5771,29,2264,2025-26,
5772,51,1805,2025-26,
5773,51,2062,2025-26,
5774,51,2073,2025-26,
5775,53,270,2025-26,
5776,53,2265,2025-26,
5777,54,274,2025-26,
5778,141,784,2025-26,
5779,155,1918,2025-26,
5780,155,866,2025-26,
5781,163,2266,2025-26,
5782,163,907,2025-26,
5783,337,1933,2025-26,
5784,207,1146,2025-26,
5785,209,1156,2025-26,
5786,214,1185,2025-26,
5787,215,1188,2025-26,
5788,215,1190,2025-26,
5789,228,1262,2025-26,
5790,234,1822,2025-26,
5791,235,1303,2025-26,
5792,238,1823,2025-26,
5793,240,1337,2025-26,
5794,242,1348,2025-26,
5795,243,1981,2025-26,
5796,246,1373,2025-26,
5797,247,1378,2025-26,
5798,252,1414,2025-26,
5799,252,1415,2025-26,
5800,256,1997,2025-26,
5801,262,1468,2025-26,
5802,266,2002,2025-26,
5803,292,1613,2025-26,
5804,295,1627,2025-26,
5805,208,1151,2025-26,
5806,208,1153,2025-26,
5807,25,124,2025-26,
5808,25,125,2025-26,
5809,51,261,2025-26,
5810,53,272,2025-26,
5811,54,1808,2025-26,
5812,87,476,2025-26,
5813,87,477,2025-26,
5814,87,478,2025-26,
5815,87,479,2025-26,
5816,92,497,2025-26,
5817,133,1813,2025-26,
5818,133,737,2025-26,
5819,133,738,2025-26,
5820,133,739,2025-26,
5821,139,2267,2025-26,
5822,141,783,2025-26,
5823,155,862,2025-26,
5824,155,865,2025-26,
5825,163,901,2025-26,
5826,163,2268,2025-26,
5827,164,1923,2025-26,
5828,205,1138,2025-26,
5829,207,1150,2025-26,
5830,209,2076,2025-26,
5831,209,1157,2025-26,
5832,214,1186,2025-26,
5833,215,2077,2025-26,
5834,221,1230,2025-26,
5835,234,2269,2025-26,
5836,238,1325,2025-26,
5837,240,1339,2025-26,
5838,242,1349,2025-26,
5839,244,1361,2025-26,
5840,244,1365,2025-26,
5841,248,1390,2025-26,
5842,252,1411,2025-26,
5843,255,1429,2025-26,
5844,255,2270,2025-26,
5845,308,1688,2025-26,
5846,208,1155,2025-26,
