id,institute_code,name,slug,city_id,university_id,college_type,autonomous,minority_type,official_website
1,1002,"Government College of Engineering, Amravati",1002-government-college-of-engineering-amravati,1,,Government Autonomous,true,,
2,1005,"Sant Gadge Baba Amravati University,Amravati",1005-sant-gadge-baba-amravati-university-amravati,1,,University Department,false,,
3,1012,"Government College of Engineering,Yavatmal",1012-government-college-of-engineering-yavatmal,2,,Government,false,,
4,1101,"Shri Sant Gajanan Maharaj College of Engineering,Shegaon",1101-shri-sant-gajanan-maharaj-college-of-engineering-shegaon,3,,Un-Aided,false,,
5,1105,"Prof. Ram Meghe Institute of Technology & Research, Amravati",1105-prof-ram-meghe-institute-of-technology-research-amravati,1,,Un-Aided Autonomous,true,,
6,1107,"P. R. Pote (Patil) Education & Welfare Trust's Group of Institution(Integrated Campus), Amravati",1107-p-r-pote-patil-education-welfare-trust-s-group-of-institution-integrated-campus-amravati,1,,Un-Aided,false,,
7,1114,"Sipna Shikshan Prasarak Mandal College of Engineering & Technology, Amravati",1114-sipna-shikshan-prasarak-mandal-college-of-engineering-technology-amravati,1,,Un-Aided,false,,
8,1116,"Shri Shivaji Education Society's College of Engineering and Technology, Akola",1116-shri-shivaji-education-society-s-college-of-engineering-and-technology-akola,4,,Un-Aided,false,,
9,1117,"Janata Shikshan Prasarak Mandal’s Babasaheb Naik College Of Engineering, Pusad",1117-janata-shikshan-prasarak-mandal-s-babasaheb-naik-college-of-engineering-pusad,5,,Un-Aided,false,,
10,1119,"Paramhansa Ramkrishna Maunibaba Shikshan Santha's , Anuradha Engineering College, Chikhali",1119-paramhansa-ramkrishna-maunibaba-shikshan-santha-s-anuradha-engineering-college-chikhali,6,,Un-Aided,false,,
11,1120,"Jawaharlal Darda Institute of Engineering and Technology, Yavatmal",1120-jawaharlal-darda-institute-of-engineering-and-technology-yavatmal,2,,Un-Aided Linguistic Minority - Hindi,false,,
12,1121,"Shri Hanuman Vyayam Prasarak Mandals College of Engineering & Technology, Amravati",1121-shri-hanuman-vyayam-prasarak-mandals-college-of-engineering-technology-amravati,1,,Un-Aided,false,,
13,1123,"Dr.Rajendra Gode Institute of Technology & Research, Amravati",1123-dr-rajendra-gode-institute-of-technology-research-amravati,1,,Un-Aided,false,,
14,1125,"Dwarka Bahu Uddeshiya Gramin Vikas Foundation, Rajarshi Shahu College of Engineering, Buldhana",1125-dwarka-bahu-uddeshiya-gramin-vikas-foundation-rajarshi-shahu-college-of-engineering-buldhana,7,,Un-Aided,false,,
15,1126,"Shri. Dadasaheb Gawai Charitable Trust's Dr. Smt. Kamaltai Gawai Institute of Engineering & Technology, Darapur, Amravati",1126-shri-dadasaheb-gawai-charitable-trust-s-dr-smt-kamaltai-gawai-institute-of-engineering-technology-darapur-amravati,1,,Un-Aided,false,,
16,1127,"Jagadambha Bahuuddeshiya Gramin Vikas Sanstha's Jagdambha College of Engineering and Technology, Yavatmal",1127-jagadambha-bahuuddeshiya-gramin-vikas-sanstha-s-jagdambha-college-of-engineering-and-technology-yavatmal,2,,Un-Aided,false,,
17,1128,"Prof Ram Meghe College of Engineering and Management, Badnera",1128-prof-ram-meghe-college-of-engineering-and-management-badnera,8,,Un-Aided,false,,
18,1130,"Vision Buldhana Educational & Welfare Society's Pankaj Laddhad Institute of Technology & Management Studies, Yelgaon",1130-vision-buldhana-educational-welfare-society-s-pankaj-laddhad-institute-of-technology-management-studies-yelgaon,9,,Un-Aided,false,,
19,1180,"Sanmati Engineering College, Sawargaon Barde, Washim",1180-sanmati-engineering-college-sawargaon-barde-washim,10,,Un-Aided,false,,
20,1182,"Padmashri Dr. V.B. Kolte College of Engineering, Malkapur, Buldhana",1182-padmashri-dr-v-b-kolte-college-of-engineering-malkapur-buldhana,7,,Un-Aided,false,,
21,1265,"Mauli Group of Institutions, College of Engineering and Technology, Shegaon.",1265-mauli-group-of-institutions-college-of-engineering-and-technology-shegaon,11,,Un-Aided,false,,
22,1268,"Siddhivinayak Technical Campus, School of Engineering & Research Technology, Shirasgon, Nile",1268-siddhivinayak-technical-campus-school-of-engineering-research-technology-shirasgon-nile,12,,Un-Aided,false,,
23,1276,"Manav School of Engineering & Technology, Gut No. 1035 Nagpur Surat Highway, NH No. 6 Tal.Vyala, Balapur, Akola, 444302",1276-manav-school-of-engineering-technology-gut-no-1035-nagpur-surat-highway-nh-no-6-tal-vyala-balapur-akola-444302,13,,Un-Aided,false,,
24,2008,"Government College of Engineering, Aurangabad",2008-government-college-of-engineering-aurangabad,14,,Government Autonomous,true,,
25,2020,"Shri Guru Gobind Singhji Institute of Engineering and Technology, Nanded",2020-shri-guru-gobind-singhji-institute-of-engineering-and-technology-nanded,15,,Government-Aided Autonomous,true,,
26,2021,"University Department of Chemical Technology, Aurangabad",2021-university-department-of-chemical-technology-aurangabad,14,,University Department,false,,
27,2111,"Everest Education Society, Group of Institutions (Integrated Campus), Ohar",2111-everest-education-society-group-of-institutions-integrated-campus-ohar,16,,Un-Aided Religious Minority - Muslim,false,,
28,2112,"Shree Yash Pratishthan, Shreeyash College of Engineering and Technology, Aurangabad",2112-shree-yash-pratishthan-shreeyash-college-of-engineering-and-technology-aurangabad,14,,Un-Aided,false,,
29,2113,"G. S. Mandal's Maharashtra Institute of Technology, Aurangabad",2113-g-s-mandal-s-maharashtra-institute-of-technology-aurangabad,14,,Un-Aided Autonomous,true,,
30,2114,"Deogiri Institute of Engineering and Management Studies, Aurangabad",2114-deogiri-institute-of-engineering-and-management-studies-aurangabad,14,,Un-Aided,false,,
31,2116,"Matoshri Pratishan's Group of Institutions (Integrated Campus), Kupsarwadi , Nanded",2116-matoshri-pratishan-s-group-of-institutions-integrated-campus-kupsarwadi-nanded,15,,Un-Aided,false,,
32,2127,"Mahatma Gandhi Missions College of Engineering, Hingoli Rd, Nanded.",2127-mahatma-gandhi-missions-college-of-engineering-hingoli-rd-nanded,17,,Un-Aided,false,,
33,2129,"M.S. Bidve Engineering College, Latur",2129-m-s-bidve-engineering-college-latur,18,,Un-Aided,false,,
34,2130,"Terna Public Charitable Trust's College of Engineering, Osmanabad",2130-terna-public-charitable-trust-s-college-of-engineering-osmanabad,19,,Un-Aided,false,,
35,2131,"Shree Tuljabhavani College of Engineering, Tuljapur",2131-shree-tuljabhavani-college-of-engineering-tuljapur,20,,Un-Aided,false,,
36,2133,"Mahatma Basaweshwar Education Society's College of Engineering, Ambejogai",2133-mahatma-basaweshwar-education-society-s-college-of-engineering-ambejogai,21,,Un-Aided,false,,
37,2134,"Peoples Education Society's College of Engineering, Aurangabad",2134-peoples-education-society-s-college-of-engineering-aurangabad,14,,Un-Aided,false,,
38,2135,"Hi-Tech Institute of Technology, Aurangabad",2135-hi-tech-institute-of-technology-aurangabad,14,,Un-Aided,false,,
39,2136,"Aditya Engineering College , Beed",2136-aditya-engineering-college-beed,22,,Un-Aided,false,,
40,2137,"Nagnathappa Halge Engineering College, Parli, Beed",2137-nagnathappa-halge-engineering-college-parli-beed,22,,Un-Aided,false,,
41,2138,"Matsyodari Shikshan Sansatha's College of Engineering and Technology, Jalna",2138-matsyodari-shikshan-sansatha-s-college-of-engineering-and-technology-jalna,23,,Un-Aided,false,,
42,2146,"Adarsh Shikshan Prasarak Mandal's K. T. Patil College of Engineering and Technology, Osmanabad",2146-adarsh-shikshan-prasarak-mandal-s-k-t-patil-college-of-engineering-and-technology-osmanabad,19,,Un-Aided,false,,
43,2250,"Aurangabad College of Engineering, Naygaon Savangi, Aurangabad",2250-aurangabad-college-of-engineering-naygaon-savangi-aurangabad,14,,Un-Aided,false,,
44,2252,"Marathwada Shikshan Prasarak Mandal's Shri Shivaji Institute of Engineering and Management Studies, Parbhani",2252-marathwada-shikshan-prasarak-mandal-s-shri-shivaji-institute-of-engineering-and-management-studies-parbhani,24,,Un-Aided,false,,
45,2254,"Vilasrao Deshmukh Foundation Group of Institutions, Latur",2254-vilasrao-deshmukh-foundation-group-of-institutions-latur,18,,Un-Aided,false,,
46,2282,"Aditya Education Trust's Mitthulalji Sarada Polytechnic, Nalwandi Road, Beed",2282-aditya-education-trust-s-mitthulalji-sarada-polytechnic-nalwandi-road-beed,22,,Un-Aided,false,,
47,2508,GRAMIN TECHNICAL AND MANAGEMENT CAMPUS NANDED.,2508-gramin-technical-and-management-campus-nanded,,,Un-Aided,false,,
48,2516,International Centre Of Excellence In Engineering and Management (ICEEM),2516-international-centre-of-excellence-in-engineering-and-management-iceem,,,Un-Aided,false,,
49,2522,"STMEI's Sandipani Technical Campus-Faculty of Engineering, Latur.",2522-stmei-s-sandipani-technical-campus-faculty-of-engineering-latur,25,,Un-Aided,false,,
50,2533,"CSMSS Chh. Shahu College of Engineering, Aurangabad",2533-csmss-chh-shahu-college-of-engineering-aurangabad,14,,Un-Aided,false,,
51,3012,"Veermata Jijabai Technological Institute(VJTI), Matunga, Mumbai",3012-veermata-jijabai-technological-institute-vjti-matunga-mumbai,26,,Government-Aided Autonomous,true,,
52,3014,"Sardar Patel College of Engineering, Andheri",3014-sardar-patel-college-of-engineering-andheri,27,,Government-Aided Autonomous,true,,
53,3033,"Dr. Babasaheb Ambedkar Technological University, Lonere",3033-dr-babasaheb-ambedkar-technological-university-lonere,28,,University Managed,false,,
54,3036,"Institute of Chemical Technology, Matunga, Mumbai",3036-institute-of-chemical-technology-matunga-mumbai,26,,Deemed University Autonomous,true,,
55,3042,"Government College of Engineering, Ratnagiri",3042-government-college-of-engineering-ratnagiri,29,,Government,false,,
56,3135,"Manjara Charitable Trust's Rajiv Gandhi Institute of Technology, Mumbai",3135-manjara-charitable-trust-s-rajiv-gandhi-institute-of-technology-mumbai,26,,Un-Aided,false,,
57,3139,"Vidyalankar Institute of Technology,Wadala, Mumbai",3139-vidyalankar-institute-of-technology-wadala-mumbai,26,,Un-Aided Autonomous,true,,
58,3146,"Jawahar Education Society's Annasaheb Chudaman Patil College of Engineering,Kharghar, Navi Mumbai",3146-jawahar-education-society-s-annasaheb-chudaman-patil-college-of-engineering-kharghar-navi-mumbai,30,,Un-Aided,false,,
59,3147,"Saraswati Education Society, Yadavrao Tasgaonkar Institute of Engineering & Technology, Karjat",3147-saraswati-education-society-yadavrao-tasgaonkar-institute-of-engineering-technology-karjat,31,,Un-Aided,false,,
60,3148,"Mahavir Education Trust's Shah & Anchor Kutchhi Engineering College, Mumbai",3148-mahavir-education-trust-s-shah-anchor-kutchhi-engineering-college-mumbai,26,,Un-Aided Linguistic Minority - Gujarathi(Jain),false,,
61,3154,"Saraswati Education Society's Saraswati College of Engineering,Kharghar Navi Mumbai",3154-saraswati-education-society-s-saraswati-college-of-engineering-kharghar-navi-mumbai,32,,Un-Aided,false,,
62,3175,"M.G.M.'s College of Engineering and Technology, Kamothe, Navi Mumbai",3175-m-g-m-s-college-of-engineering-and-technology-kamothe-navi-mumbai,30,,Un-Aided,false,,
63,3176,"Thakur College of Engineering and Technology, Kandivali, Mumbai",3176-thakur-college-of-engineering-and-technology-kandivali-mumbai,26,,Un-Aided Autonomous Linguistic Minority - Hindi,true,,
64,3182,"Thadomal Shahani Engineering College, Bandra, Mumbai",3182-thadomal-shahani-engineering-college-bandra-mumbai,26,,Un-Aided Linguistic Minority - Sindhi,false,,
65,3183,"Anjuman-I-Islam's M.H. Saboo Siddik College of Engineering, Byculla, Mumbai",3183-anjuman-i-islam-s-m-h-saboo-siddik-college-of-engineering-byculla-mumbai,26,,Un-Aided Religious Minority - Muslim,false,,
66,3184,"Fr. Conceicao Rodrigues College of Engineering, Bandra,Mumbai",3184-fr-conceicao-rodrigues-college-of-engineering-bandra-mumbai,26,,Un-Aided Religious Minority - Christian,false,,
67,3185,"Vivekanand Education Society's Institute of Technology, Chembur, Mumbai",3185-vivekanand-education-society-s-institute-of-technology-chembur-mumbai,26,,Un-Aided Autonomous Linguistic Minority - Sindhi,true,,
68,3187,"N.Y.S.S.'s Datta Meghe College of Engineering, Airoli, Navi Mumbai",3187-n-y-s-s-s-datta-meghe-college-of-engineering-airoli-navi-mumbai,30,,Un-Aided,false,,
69,3188,"Vasantdada Patil Pratishthan's College Of Engineering and Visual Arts, Sion, Mumbai",3188-vasantdada-patil-pratishthan-s-college-of-engineering-and-visual-arts-sion-mumbai,26,,Un-Aided,false,,
70,3189,"Bharati Vidyapeeth College of Engineering, Navi Mumbai",3189-bharati-vidyapeeth-college-of-engineering-navi-mumbai,30,,Un-Aided,false,,
71,3190,"Terna Engineering College, Nerul, Navi Mumbai",3190-terna-engineering-college-nerul-navi-mumbai,30,,Un-Aided,false,,
72,3192,"Smt. Indira Gandhi College of Engineering, Navi Mumbai",3192-smt-indira-gandhi-college-of-engineering-navi-mumbai,30,,Un-Aided,false,,
73,3193,"Shivajirao S. Jondhale College of Engineering, Dombivali,Mumbai",3193-shivajirao-s-jondhale-college-of-engineering-dombivali-mumbai,26,,Un-Aided,false,,
74,3194,"Vidyavardhini's College of Engineering and Technology, Vasai",3194-vidyavardhini-s-college-of-engineering-and-technology-vasai,33,,Un-Aided,false,,
75,3196,"Lokmanya Tilak College of Engineering, Kopar Khairane, Navi Mumbai",3196-lokmanya-tilak-college-of-engineering-kopar-khairane-navi-mumbai,30,,Un-Aided Linguistic Minority - Hindi,false,,
76,3197,"Agnel Charities' FR. C. Rodrigues Institute of Technology, Vashi, Navi Mumbai",3197-agnel-charities-fr-c-rodrigues-institute-of-technology-vashi-navi-mumbai,30,,Un-Aided Religious Minority - Christian,false,,
77,3198,"Konkan Gyanpeeth College of Engineering, Karjat",3198-konkan-gyanpeeth-college-of-engineering-karjat,31,,Un-Aided,false,,
78,3199,"Shri Vile Parle Kelvani Mandal's Dwarkadas J. Sanghvi College of Engineering, Vile Parle,Mumbai",3199-shri-vile-parle-kelvani-mandal-s-dwarkadas-j-sanghvi-college-of-engineering-vile-parle-mumbai,26,,Un-Aided Autonomous Linguistic Minority - Gujarathi,true,,
79,3200,"Hope Foundation and research center's Finolex Academy of Management and Technology, Ratnagiri",3200-hope-foundation-and-research-center-s-finolex-academy-of-management-and-technology-ratnagiri,29,,Un-Aided,false,,
80,3201,"Rizvi Education Society's Rizvi College of Engineering, Bandra,Mumbai",3201-rizvi-education-society-s-rizvi-college-of-engineering-bandra-mumbai,26,,Un-Aided Religious Minority - Muslim,false,,
81,3202,Rajendra Mane College of Engineering & Technology Ambav Deorukh,3202-rajendra-mane-college-of-engineering-technology-ambav-deorukh,,,Un-Aided,false,,
82,3203,"Atharva College of Engineering,Malad(West),Mumbai",3203-atharva-college-of-engineering-malad-west-mumbai,26,,Un-Aided,false,,
83,3204,"St. Francis Institute of Technology,Borivali, Mumbai",3204-st-francis-institute-of-technology-borivali-mumbai,26,,Un-Aided Religious Minority - Christian,false,,
84,3206,"S.S.P.M.'s College of Engineering, Kankavli",3206-s-s-p-m-s-college-of-engineering-kankavli,34,,Un-Aided,false,,
85,3207,"Mahatma Education Society's Pillai College of Engineering, New Panvel",3207-mahatma-education-society-s-pillai-college-of-engineering-new-panvel,35,,Un-Aided Autonomous Linguistic Minority - Malyalam,true,,
86,3208,"Don Bosco Institute of Technology, Mumbai",3208-don-bosco-institute-of-technology-mumbai,26,,Un-Aided Religious Minority - Roman Catholics,false,,
87,3209,K J Somaiya Institute of Technology,3209-k-j-somaiya-institute-of-technology,,,Un-Aided Autonomous Linguistic Minority - Gujarathi,true,,
88,3210,"Excelsior Education Society's K.C. College of Engineering and Management Studies and Research, Kopri, Thane (E)",3210-excelsior-education-society-s-k-c-college-of-engineering-and-management-studies-and-research-kopri-thane-e,36,,Un-Aided Linguistic Minority - Punjabi,false,,
89,3211,"S.I.E.S. Graduate School of Technology, Nerul, Navi Mumbai",3211-s-i-e-s-graduate-school-of-technology-nerul-navi-mumbai,30,,Un-Aided Linguistic Minority - Tamil,false,,
90,3212,"WATUMULL INSTITUTE OF ELECTRONICS ENGINEERING & COMPUTER TECHNOLOGY, ULHASNAGAR",3212-watumull-institute-of-electronics-engineering-computer-technology-ulhasnagar,37,,Un-Aided Linguistic Minority - Sindhi,false,,
91,3214,"Xavier Institute Of Engineering C/O Xavier Technical Institute,Mahim,Mumbai",3214-xavier-institute-of-engineering-c-o-xavier-technical-institute-mahim-mumbai,26,,Un-Aided Religious Minority - Christian,false,,
92,3215,"Bhartiya Vidya Bhavan's Sardar Patel Institute of Technology , Andheri, Mumbai",3215-bhartiya-vidya-bhavan-s-sardar-patel-institute-of-technology-andheri-mumbai,26,,Un-Aided Autonomous,true,,
93,3216,"Gharda Foundation's Gharda Institute of Technology,Khed, Ratnagiri",3216-gharda-foundation-s-gharda-institute-of-technology-khed-ratnagiri,29,,Un-Aided,false,,
94,3217,"Vighnaharata Trust's Shivajirao S. Jondhale College of Engineering & Technology, Shahapur, Asangaon, Dist Thane",3217-vighnaharata-trust-s-shivajirao-s-jondhale-college-of-engineering-technology-shahapur-asangaon-dist-thane,,,Un-Aided,false,,
95,3218,"Aldel Education Trust's St. John College of Engineering & Management, Vevoor, Palghar",3218-aldel-education-trust-s-st-john-college-of-engineering-management-vevoor-palghar,38,,Un-Aided Religious Minority - Christian,false,,
96,3219,"Koti Vidya Charitable Trust's Smt. Alamuri Ratnamala Institute of Engineering and Technology, Sapgaon, Tal. Shahapur",3219-koti-vidya-charitable-trust-s-smt-alamuri-ratnamala-institute-of-engineering-and-technology-sapgaon-tal-shahapur,,,Un-Aided Linguistic Minority - Hindi,false,,
97,3220,Yadavrao Tasgaonkar College of Engineering & Management,3220-yadavrao-tasgaonkar-college-of-engineering-management,,,Un-Aided,false,,
98,3221,"Late Shri. Vishnu Waman Thakur Charitable Trust, Viva Institute of Technology, Shirgaon",3221-late-shri-vishnu-waman-thakur-charitable-trust-viva-institute-of-technology-shirgaon,39,,Un-Aided,false,,
99,3222,"Haji Jamaluddin Thim Trust's Theem College of Engineering, At. Villege Betegaon, Boisar",3222-haji-jamaluddin-thim-trust-s-theem-college-of-engineering-at-villege-betegaon-boisar,40,,Un-Aided Religious Minority - Muslim,false,,
100,3223,"Mahatma Education Society's Pillai HOC College of Engineering & Technology, Tal. Khalapur. Dist. Raigad",3223-mahatma-education-society-s-pillai-hoc-college-of-engineering-technology-tal-khalapur-dist-raigad,,,Un-Aided Linguistic Minority - Malyalam,false,,
101,3277,"Shree Shankar Narayan Education Trust,Pravin Patil College of Diploma Engg. & Technology, Bhayinder (E) Western Rly",3277-shree-shankar-narayan-education-trust-pravin-patil-college-of-diploma-engg-technology-bhayinder-e-western-rly,41,,Un-Aided,false,,
102,3351,"Bharat College of Engineering, Kanhor, Badlapur(W)",3351-bharat-college-of-engineering-kanhor-badlapur-w,42,,Un-Aided,false,,
103,3423,"Shree L.R. Tiwari College of Engineering, Mira Road, Mumbai",3423-shree-l-r-tiwari-college-of-engineering-mira-road-mumbai,26,,Un-Aided Linguistic Minority - Hindi,false,,
104,3436,"B.R. Harne College of Engineering & Technology, Karav, Tal-Ambernath.",3436-b-r-harne-college-of-engineering-technology-karav-tal-ambernath,,,Un-Aided,false,,
105,3439,"Anjuman-I-Islam's Kalsekar Technical Campus, Panvel",3439-anjuman-i-islam-s-kalsekar-technical-campus-panvel,43,,Un-Aided Religious Minority - Muslim,false,,
106,3440,"Metropolitan Institute of Technology & Management, Sukhalwad, Sindhudurg.",3440-metropolitan-institute-of-technology-management-sukhalwad-sindhudurg,44,,Un-Aided,false,,
107,3445,"Vishwatmak Jangli Maharaj Ashram Trust (Kokamthan), Atma Malik Institute Of Technology & Research",3445-vishwatmak-jangli-maharaj-ashram-trust-kokamthan-atma-malik-institute-of-technology-research,45,,Un-Aided,false,,
108,3447,"G.M.Vedak Institute of Technology, Tala, Raigad.",3447-g-m-vedak-institute-of-technology-tala-raigad,46,,Un-Aided,false,,
109,3460,"Universal College of Engineering,Kaman Dist. Palghar",3460-universal-college-of-engineering-kaman-dist-palghar,47,,Un-Aided Linguistic Minority - Gujarathi,false,,
110,3462,"VPM's Maharshi Parshuram College of Engineering, Velneshwar, Ratnagiri.",3462-vpm-s-maharshi-parshuram-college-of-engineering-velneshwar-ratnagiri,48,,Un-Aided,false,,
111,3465,"Ideal Institute of Technology, Wada, Dist.Thane",3465-ideal-institute-of-technology-wada-dist-thane,,,Un-Aided,false,,
112,3467,"Vishwaniketan's Institute of Management Entrepreneurship and Engineering Technology(i MEET), Khalapur Dist Raigad",3467-vishwaniketan-s-institute-of-management-entrepreneurship-and-engineering-technology-i-meet-khalapur-dist-raigad,49,,Un-Aided,false,,
113,3470,YASHWANTRAO BHONSALE INSTITUTE OF TECHNOLOGY,3470-yashwantrao-bhonsale-institute-of-technology,,,Un-Aided,false,,
114,3471,"New Horizon Institute of Technology & Management, Thane",3471-new-horizon-institute-of-technology-management-thane,50,,Un-Aided,false,,
115,3475,"A. P. Shah Institute of Technology, Thane",3475-a-p-shah-institute-of-technology-thane,50,,Un-Aided Religious Minority - Jain,false,,
116,3477,"Chhartrapati Shivaji Maharaj Institute of Technology, Shedung, Panvel",3477-chhartrapati-shivaji-maharaj-institute-of-technology-shedung-panvel,43,,Un-Aided,false,,
117,3503,"Indala College Of Engineering, Bapsai Tal.Kalyan",3503-indala-college-of-engineering-bapsai-tal-kalyan,51,,Un-Aided,false,,
118,4004,"Government College of Engineering, Chandrapur",4004-government-college-of-engineering-chandrapur,52,,Government,false,,
119,4005,"Laxminarayan Institute of Technology, Nagpur",4005-laxminarayan-institute-of-technology-nagpur,53,,University Department,false,,
120,4025,"Government College of Engineering, Nagpur",4025-government-college-of-engineering-nagpur,53,,Government,false,,
121,4104,"Kavi Kulguru Institute of Technology & Science, Ramtek",4104-kavi-kulguru-institute-of-technology-science-ramtek,54,,Un-Aided,false,,
122,4115,"Shri Ramdeobaba College of Engineering and Management, Nagpur",4115-shri-ramdeobaba-college-of-engineering-and-management-nagpur,53,,Un-Aided Autonomous Linguistic Minority - Hindi,true,,
123,4116,"Ankush Shikshan Sanstha's G.H.Raisoni College of Engineering, Nagpur",4116-ankush-shikshan-sanstha-s-g-h-raisoni-college-of-engineering-nagpur,53,,Un-Aided Autonomous Linguistic Minority - Hindi,true,,
124,4118,"Bapurao Deshmukh College of Engineering, Sevagram",4118-bapurao-deshmukh-college-of-engineering-sevagram,55,,Un-Aided,false,,
125,4123,"Lokmanya Tilak Jankalyan Shikshan Sanstha, Priyadarshani College of Engineering, Nagpur",4123-lokmanya-tilak-jankalyan-shikshan-sanstha-priyadarshani-college-of-engineering-nagpur,53,,Un-Aided Autonomous Linguistic Minority - Hindi,true,,
126,4133,"Sanmarg Shikshan Sanstha's Smt. Radhikatai Pandav College of Engineering, Nagpur",4133-sanmarg-shikshan-sanstha-s-smt-radhikatai-pandav-college-of-engineering-nagpur,53,,Un-Aided,false,,
127,4134,"Guru Nanak Institute of Engineering & Technology,Kalmeshwar, Nagpur",4134-guru-nanak-institute-of-engineering-technology-kalmeshwar-nagpur,53,,Un-Aided,false,,
128,4135,"Amar Seva Mandal's Shree Govindrao Vanjari College of Engineering & Technology, Nagpur",4135-amar-seva-mandal-s-shree-govindrao-vanjari-college-of-engineering-technology-nagpur,53,,Un-Aided,false,,
129,4136,"Lokmanya Tilak Jankalyan Shikshan Sastha, Priyadarshini J. L. College Of Engineering, Nagpur",4136-lokmanya-tilak-jankalyan-shikshan-sastha-priyadarshini-j-l-college-of-engineering-nagpur,53,,Un-Aided Autonomous Linguistic Minority - Hindi,true,,
130,4137,"Sir Shantilal Badjate Charitable Trust's S. B. Jain Institute of technology, Management & Research, Nagpur",4137-sir-shantilal-badjate-charitable-trust-s-s-b-jain-institute-of-technology-management-research-nagpur,53,,Un-Aided Autonomous Linguistic Minority - Hindi,true,,
131,4138,"Jaidev Education Society, J D College of Engineering and Management, Nagpur",4138-jaidev-education-society-j-d-college-of-engineering-and-management-nagpur,53,,Un-Aided Autonomous Linguistic Minority - Hindi,true,,
132,4139,"Samridhi Sarwajanik Charitable Trust, Jhulelal Institute of Technology, Nagpur",4139-samridhi-sarwajanik-charitable-trust-jhulelal-institute-of-technology-nagpur,53,,Un-Aided Autonomous Linguistic Minority - Sindhi,true,,
133,4141,"Shriram Gram Vikas Shikshan Sanstha, Vilasrao Deshmukh College of Engineering and Technology, Nagpur",4141-shriram-gram-vikas-shikshan-sanstha-vilasrao-deshmukh-college-of-engineering-and-technology-nagpur,53,,Un-Aided,false,,
134,4142,"Ankush Shikshan Sanstha's G. H. Raisoni Institute of Engineering & Technology, Nagpur",4142-ankush-shikshan-sanstha-s-g-h-raisoni-institute-of-engineering-technology-nagpur,53,,Un-Aided Autonomous Linguistic Minority - Hindi,true,,
135,4143,"Sanmarg Shikshan Sanstha, Mandukarrao Pandav College of Engineering, Bhandara",4143-sanmarg-shikshan-sanstha-mandukarrao-pandav-college-of-engineering-bhandara,56,,Un-Aided,false,,
136,4144,"Shri. Sai Shikshan Sanstha, Nagpur Institute of Technology, Nagpur",4144-shri-sai-shikshan-sanstha-nagpur-institute-of-technology-nagpur,53,,Un-Aided,false,,
137,4145,"Wainganga College of Engineering and Management, Dongargaon, Nagpur",4145-wainganga-college-of-engineering-and-management-dongargaon-nagpur,53,,Un-Aided,false,,
138,4147,"K.D.K. College of Engineering, Nagpur",4147-k-d-k-college-of-engineering-nagpur,53,,Un-Aided,false,,
139,4151,"Vidarbha Bahu-Uddeshiya Shikshan Sanstha's Tulshiramji Gaikwad Patil College of Engineering & Technology, Nagpur",4151-vidarbha-bahu-uddeshiya-shikshan-sanstha-s-tulshiramji-gaikwad-patil-college-of-engineering-technology-nagpur,53,,Un-Aided Autonomous,true,,
140,4163,Rajiv Gandhi College of Engineering Research & Technology Chandrapur,4163-rajiv-gandhi-college-of-engineering-research-technology-chandrapur,,,Un-Aided,false,,
141,4167,"Yeshwantrao Chavan College of Engineering,Wanadongri, Nagpur",4167-yeshwantrao-chavan-college-of-engineering-wanadongri-nagpur,53,,Un-Aided Autonomous,true,,
142,4172,"Anjuman College of Engineering & Technology, Nagpur",4172-anjuman-college-of-engineering-technology-nagpur,53,,Un-Aided Religious Minority - Muslim,false,,
143,4174,"ST. Vincent Pallotti College of Engineering & Technology, Nagpur",4174-st-vincent-pallotti-college-of-engineering-technology-nagpur,53,,Un-Aided Autonomous Religious Minority - Christian,true,,
144,4175,"JMSS Shri Shankarprasad Agnihotri College of Engineering, Wardha",4175-jmss-shri-shankarprasad-agnihotri-college-of-engineering-wardha,57,,Un-Aided,false,,
145,4177,"Priyadarshini Bhagwati College of Engineering, Harpur Nagar, Umred Road,Nagpur",4177-priyadarshini-bhagwati-college-of-engineering-harpur-nagar-umred-road-nagpur,53,,Un-Aided Linguistic Minority - Hindi,false,,
146,4181,"Swaminarayan Siddhanta Institute Of Technology, Nagpur",4181-swaminarayan-siddhanta-institute-of-technology-nagpur,53,,Un-Aided,false,,
147,4188,"Krushi Jivan Vikas Pratishthan, Ballarpur Institute of Technology, Mouza Bamni",4188-krushi-jivan-vikas-pratishthan-ballarpur-institute-of-technology-mouza-bamni,58,,Un-Aided,false,,
148,4190,"M.D. Yergude Memorial Shikshan Prasarak Mandal's Shri Sai College of Engineering & Technology, Bhadrawati",4190-m-d-yergude-memorial-shikshan-prasarak-mandal-s-shri-sai-college-of-engineering-technology-bhadrawati,59,,Un-Aided,false,,
149,4192,"Maitraya Education Society, Nagarjuna Institute of Engineering Technology & Management, Nagpur",4192-maitraya-education-society-nagarjuna-institute-of-engineering-technology-management-nagpur,53,,Un-Aided,false,,
150,4193,"K.D.M. Education Society, Vidharbha Institute of Technology,Umred Road ,Nagpur",4193-k-d-m-education-society-vidharbha-institute-of-technology-umred-road-nagpur,53,,Un-Aided Linguistic Minority - Hindi,false,,
151,4196,"Gurunanak Educational Society's Gurunanak Institute of Technology, Nagpur",4196-gurunanak-educational-society-s-gurunanak-institute-of-technology-nagpur,53,,Un-Aided,false,,
152,4197,"Jai Mahakali Shikshan Sanstha, Agnihotri College of Engineering, Sindhi(Meghe)",4197-jai-mahakali-shikshan-sanstha-agnihotri-college-of-engineering-sindhi-meghe,60,,Un-Aided,false,,
153,4285,"V M Institute of Engineering and Technology, Dongargaon, Nagpur",4285-v-m-institute-of-engineering-and-technology-dongargaon-nagpur,53,,Un-Aided,false,,
154,4302,"Gondia Education Society's Manoharbhai Patel Institute Of Engineering & Technology, Shahapur, Bhandara",4302-gondia-education-society-s-manoharbhai-patel-institute-of-engineering-technology-shahapur-bhandara,56,,Un-Aided,false,,
155,4613,"Suryodaya College of Engineering & Technology, Nagpur",4613-suryodaya-college-of-engineering-technology-nagpur,53,,Un-Aided,false,,
156,4648,"R.V. Parankar College of Engineering & Technology, Arvi, Dist Wardha",4648-r-v-parankar-college-of-engineering-technology-arvi-dist-wardha,,,Un-Aided,false,,
157,4649,"Bajaj Institute of Technology, Wardha",4649-bajaj-institute-of-technology-wardha,57,,Un-Aided Linguistic Minority - Hindi,false,,
158,5003,"University Institute of Chemical Technology, North Maharashtra University, Jalgaon",5003-university-institute-of-chemical-technology-north-maharashtra-university-jalgaon,61,,University Department,false,,
159,5004,"Government College of Engineering, Jalgaon",5004-government-college-of-engineering-jalgaon,61,,Government Autonomous,true,,
160,5103,"Shri Shivaji Vidya Prasarak Sanstha's Late Bapusaheb Shivaji Rao Deore College of Engineering,Dhule",5103-shri-shivaji-vidya-prasarak-sanstha-s-late-bapusaheb-shivaji-rao-deore-college-of-engineering-dhule,62,,Un-Aided,false,,
161,5104,"Shramsadhana Bombay Trust, College of Engineering & Technology, Jalgaon",5104-shramsadhana-bombay-trust-college-of-engineering-technology-jalgaon,61,,Un-Aided,false,,
162,5106,"Khandesh College Education Society's College Of Engineering And Management, Jalgaon",5106-khandesh-college-education-society-s-college-of-engineering-and-management-jalgaon,61,,Un-Aided,false,,
163,5108,"Maratha Vidya Prasarak Samaj's Karmaveer Adv. Baburao Ganpatrao Thakare College Of Engineering, Nashik",5108-maratha-vidya-prasarak-samaj-s-karmaveer-adv-baburao-ganpatrao-thakare-college-of-engineering-nashik,63,,Un-Aided,false,,
164,5109,"Sandip Foundation, Sandip Institute of Technology and Research Centre, Mahiravani, Nashik",5109-sandip-foundation-sandip-institute-of-technology-and-research-centre-mahiravani-nashik,63,,Un-Aided Autonomous,true,,
165,5121,"K. K. Wagh Institute of Engineering Education and Research, Nashik",5121-k-k-wagh-institute-of-engineering-education-and-research-nashik,63,,Un-Aided Autonomous,true,,
166,5124,"Jagadamba Education Soc. Nashik's S.N.D. College of Engineering & Reserch, Babulgaon",5124-jagadamba-education-soc-nashik-s-s-n-d-college-of-engineering-reserch-babulgaon,64,,Un-Aided,false,,
167,5125,"Pravara Rural Education Society's Sir Visvesvaraya Institute of Technology, Chincholi Dist. Nashik",5125-pravara-rural-education-society-s-sir-visvesvaraya-institute-of-technology-chincholi-dist-nashik,65,,Un-Aided,false,,
168,5130,"Brahma Valley College of Engineering & Research, Trimbakeshwar, Nashik",5130-brahma-valley-college-of-engineering-research-trimbakeshwar-nashik,63,,Un-Aided,false,,
169,5139,"Pravara Rural College of Engineering, Loni, Pravaranagar, Ahmednagar.",5139-pravara-rural-college-of-engineering-loni-pravaranagar-ahmednagar,66,,Un-Aided,false,,
170,5151,"MET Bhujbal Knowledge City MET League's Engineering College, Adgaon, Nashik.",5151-met-bhujbal-knowledge-city-met-league-s-engineering-college-adgaon-nashik,67,,Un-Aided,false,,
171,5152,"G H Raisoni Institute of Engineering and Business Management, Jalgaon",5152-g-h-raisoni-institute-of-engineering-and-business-management-jalgaon,61,,Un-Aided Autonomous Linguistic Minority - Hindi,true,,
172,5160,"Sanjivani Rural Education Society's Sanjivani College of Engineering, Kopargaon",5160-sanjivani-rural-education-society-s-sanjivani-college-of-engineering-kopargaon,68,,Un-Aided Autonomous,true,,
173,5161,"Dr. Vithalrao Vikhe Patil College of Engineering, Ahmednagar",5161-dr-vithalrao-vikhe-patil-college-of-engineering-ahmednagar,69,,Un-Aided,false,,
174,5162,"Amrutvahini Sheti & Shikshan Vikas Sanstha's Amrutvahini College of Engineering, Sangamner",5162-amrutvahini-sheti-shikshan-vikas-sanstha-s-amrutvahini-college-of-engineering-sangamner,70,,Un-Aided,false,,
175,5164,"P.S.G.V.P. Mandal's D.N. Patel College of Engineering, Shahada, Dist. Nandurbar",5164-p-s-g-v-p-mandal-s-d-n-patel-college-of-engineering-shahada-dist-nandurbar,,,Un-Aided Linguistic Minority - Gujar,false,,
176,5168,"T.M.E. Society's J.T.Mahajan College of Engineering, Faizpur",5168-t-m-e-society-s-j-t-mahajan-college-of-engineering-faizpur,71,,Un-Aided,false,,
177,5169,"Nagaon Education Society's Gangamai College of Engineering, Nagaon, Tal Dist Dhule",5169-nagaon-education-society-s-gangamai-college-of-engineering-nagaon-tal-dist-dhule,,,Un-Aided,false,,
178,5170,"Hindi Seva Mandal's Shri Sant Gadgebaba College of Engineering & Technology, Bhusawal",5170-hindi-seva-mandal-s-shri-sant-gadgebaba-college-of-engineering-technology-bhusawal,72,,Un-Aided Linguistic Minority - Hindi,false,,
179,5171,"Godavari Foundation's Godavari College Of Engineering, Jalgaon",5171-godavari-foundation-s-godavari-college-of-engineering-jalgaon,61,,Un-Aided,false,,
180,5172,"R. C. Patel Institute of Technology, Shirpur",5172-r-c-patel-institute-of-technology-shirpur,73,,Un-Aided Autonomous Linguistic Minority - Gujarathi,true,,
181,5173,"SNJB's Late Sau. Kantabai Bhavarlalji Jain College of Engineering, (Jain Gurukul), Neminagar,Chandwad,(Nashik)",5173-snjb-s-late-sau-kantabai-bhavarlalji-jain-college-of-engineering-jain-gurukul-neminagar-chandwad-nashik,74,,Un-Aided Religious Minority - Jain,false,,
182,5177,"Matoshri College of Engineering and Research Centre, Eklahare, Nashik",5177-matoshri-college-of-engineering-and-research-centre-eklahare-nashik,63,,Un-Aided,false,,
183,5179,"Vishwabharati Academy's College of Engineering, Ahmednagar",5179-vishwabharati-academy-s-college-of-engineering-ahmednagar,69,,Un-Aided,false,,
184,5181,"Gokhale Education Society's, R.H. Sapat College of Engineering, Management Studies and Research, Nashik",5181-gokhale-education-society-s-r-h-sapat-college-of-engineering-management-studies-and-research-nashik,63,,Un-Aided,false,,
185,5182,"Kalyani Charitable Trust, Late Gambhirrao Natuba Sapkal College of Engineering, Anjaneri, Trimbakeshwar Road, Nashik",5182-kalyani-charitable-trust-late-gambhirrao-natuba-sapkal-college-of-engineering-anjaneri-trimbakeshwar-road-nashik,63,,Un-Aided,false,,
186,5184,"Amruta Vaishnavi Education & Welfare Trust's Shatabdi Institute of Engineering & Research, Agaskhind Tal. Sinnar",5184-amruta-vaishnavi-education-welfare-trust-s-shatabdi-institute-of-engineering-research-agaskhind-tal-sinnar,75,,Un-Aided Religious Minority - Christian,false,,
187,5244,"MET's Institute of Technology Polytechnic, Bhujbal Knowledge City, Adgaon Nashik",5244-met-s-institute-of-technology-polytechnic-bhujbal-knowledge-city-adgaon-nashik,76,,Un-Aided,false,,
188,5303,"Hon. Shri. Babanrao Pachpute Vichardhara Trust, Group of Institutions (Integrated Campus)-Parikrama, Kashti Shrigondha,",5303-hon-shri-babanrao-pachpute-vichardhara-trust-group-of-institutions-integrated-campus-parikrama-kashti-shrigondha,77,,Un-Aided,false,,
189,5322,"Jamia Institute Of Engineering And Management Studies, Akkalkuwa",5322-jamia-institute-of-engineering-and-management-studies-akkalkuwa,78,,Un-Aided Religious Minority - Muslim,false,,
190,5330,"PUNE VIDYARTHI GRIHA’S COLLEGE OF ENGINEERING & SHRIKRUSHNA S. DHAMANKAR INSTITUTE OF MANAGEMENT, NASHIK",5330-pune-vidyarthi-griha-s-college-of-engineering-shrikrushna-s-dhamankar-institute-of-management-nashik,79,,Un-Aided,false,,
191,5331,"Sandip Foundation's, Sandip Institute of Engineering & Management, Nashik",5331-sandip-foundation-s-sandip-institute-of-engineering-management-nashik,63,,Un-Aided,false,,
192,5365,"Vardhaman Education & Welfare Society, Ahinsa Institute of Technology, Post. Dondaicha, Dhule",5365-vardhaman-education-welfare-society-ahinsa-institute-of-technology-post-dondaicha-dhule,62,,Un-Aided Religious Minority - Jain,false,,
193,5380,"Adsul's Technical Campus, Chas Dist. Ahmednagar",5380-adsul-s-technical-campus-chas-dist-ahmednagar,80,,Un-Aided,false,,
194,5381,"Shri. Jaykumar Rawal Institute of Technology, Dondaicha.",5381-shri-jaykumar-rawal-institute-of-technology-dondaicha,81,,Un-Aided,false,,
195,5382,"Ahmednagar Jilha Maratha Vidya Prasarak Samajache, Shri. Chhatrapati Shivaji Maharaj College of Engineering, Nepti",5382-ahmednagar-jilha-maratha-vidya-prasarak-samajache-shri-chhatrapati-shivaji-maharaj-college-of-engineering-nepti,82,,Un-Aided,false,,
196,5390,"K.V.N. Naik S. P. Sansth's Loknete Gopinathji Munde Institute of Engineering Education & Research, Nashik.",5390-k-v-n-naik-s-p-sansth-s-loknete-gopinathji-munde-institute-of-engineering-education-research-nashik,67,,Un-Aided,false,,
197,5396,"College of Engineering and Technology ,North Maharashtra Knowledge City, Jalgaon",5396-college-of-engineering-and-technology-north-maharashtra-knowledge-city-jalgaon,61,,Un-Aided,false,,
198,5399,"Sanghavi College of Engineering, Varvandi, Nashik.",5399-sanghavi-college-of-engineering-varvandi-nashik,67,,Un-Aided,false,,
199,5401,"Jawahar Education Society's Institute of Technology, Management & Research, Nashik.",5401-jawahar-education-society-s-institute-of-technology-management-research-nashik,67,,Un-Aided,false,,
200,5408,"Vidya Niketan College of Engineering, Bota Sangamner",5408-vidya-niketan-college-of-engineering-bota-sangamner,83,,Un-Aided,false,,
201,5409,"Rajiv Gandhi College of Engineering, At Post Karjule Hariya Tal.Parner, Dist.Ahmednagar",5409-rajiv-gandhi-college-of-engineering-at-post-karjule-hariya-tal-parner-dist-ahmednagar,,,Un-Aided,false,,
202,5411,"Maulana Mukhtar Ahmad Nadvi Technical Campus, Malegaon.",5411-maulana-mukhtar-ahmad-nadvi-technical-campus-malegaon,84,,Un-Aided Religious Minority - Muslim,false,,
203,5418,"Guru Gobind Singh College of Engineering & Research Centre, Nashik.",5418-guru-gobind-singh-college-of-engineering-research-centre-nashik,67,,Un-Aided,false,,
204,5449,"Shri Vile Parle Kelavani Mandal's Institute of Technology, Dhule",5449-shri-vile-parle-kelavani-mandal-s-institute-of-technology-dhule,62,,Un-Aided Linguistic Minority - Gujarathi,false,,
205,5497,"P.G. College of Engineering & Technology, Nandurbar",5497-p-g-college-of-engineering-technology-nandurbar,85,,Un-Aided,false,,
206,6004,"Government College of Engineering & Research, Avasari Khurd",6004-government-college-of-engineering-research-avasari-khurd,86,,Government,false,,
207,6005,"Government College of Engineering, Karad",6005-government-college-of-engineering-karad,87,,Government Autonomous,true,,
208,6006,COEP Technological University,6006-coep-technological-university,,,University Autonomous,true,,
209,6007,"Walchand College of Engineering, Sangli",6007-walchand-college-of-engineering-sangli,88,,Government-Aided Autonomous,true,,
210,6028,"Department of Technology, Shivaji University, Kolhapur",6028-department-of-technology-shivaji-university-kolhapur,89,,University Department,false,,
211,6036,"Government College of Engineering, Kolhapur",6036-government-college-of-engineering-kolhapur,89,,Government,false,,
212,6122,"TSSMS's Pd. Vasantdada Patil Institute of Technology, Bavdhan, Pune",6122-tssms-s-pd-vasantdada-patil-institute-of-technology-bavdhan-pune,90,,Un-Aided,false,,
213,6138,"Genba Sopanrao Moze Trust Parvatibai Genba Moze College of Engineering,Wagholi, Pune",6138-genba-sopanrao-moze-trust-parvatibai-genba-moze-college-of-engineering-wagholi-pune,90,,Un-Aided,false,,
214,6139,"Progressive Education Society's Modern College of Engineering, Pune",6139-progressive-education-society-s-modern-college-of-engineering-pune,90,,Un-Aided,false,,
215,6141,"Jaywant Shikshan Prasarak Mandal's,Rajarshi Shahu College of Engineering, Tathawade, Pune",6141-jaywant-shikshan-prasarak-mandal-s-rajarshi-shahu-college-of-engineering-tathawade-pune,90,,Un-Aided Autonomous,true,,
216,6144,"Genba Sopanrao Moze College of Engineering, Baner-Balewadi, Pune",6144-genba-sopanrao-moze-college-of-engineering-baner-balewadi-pune,90,,Un-Aided,false,,
217,6145,"JSPM'S Jaywantrao Sawant College of Engineering,Pune",6145-jspm-s-jaywantrao-sawant-college-of-engineering-pune,90,,Un-Aided,false,,
218,6146,"MIT Academy of Engineering,Alandi, Pune",6146-mit-academy-of-engineering-alandi-pune,90,,Un-Aided Autonomous,true,,
219,6149,"Siddhant College of Engineering, A/p Sudumbare, Tal.Maval, Dist-Pune",6149-siddhant-college-of-engineering-a-p-sudumbare-tal-maval-dist-pune,,,Un-Aided Linguistic Minority - Hindi,false,,
220,6155,"G.H.Raisoni College of Engineering & Management, Wagholi, Pune",6155-g-h-raisoni-college-of-engineering-management-wagholi-pune,90,,Un-Aided Autonomous Linguistic Minority - Hindi,true,,
221,6156,"Marathwada Mitra Mandal's College of Engineering, Karvenagar, Pune",6156-marathwada-mitra-mandal-s-college-of-engineering-karvenagar-pune,90,,Un-Aided,false,,
222,6175,"Pimpri Chinchwad Education Trust, Pimpri Chinchwad College of Engineering, Pune",6175-pimpri-chinchwad-education-trust-pimpri-chinchwad-college-of-engineering-pune,90,,Un-Aided Autonomous,true,,
223,6177,"Sinhgad College of Engineering, Vadgaon (BK), Pune",6177-sinhgad-college-of-engineering-vadgaon-bk-pune,90,,Un-Aided,false,,
224,6178,"Sinhgad Technical Education Society's Smt. Kashibai Navale College of Engineering,Vadgaon,Pune",6178-sinhgad-technical-education-society-s-smt-kashibai-navale-college-of-engineering-vadgaon-pune,90,,Un-Aided,false,,
225,6179,"Indira College of Engineering & Management, Pune",6179-indira-college-of-engineering-management-pune,90,,Un-Aided,false,,
226,6182,"Sinhgad Technical Education Society, Sinhgad Institute of Technology and Science, Narhe (Ambegaon)",6182-sinhgad-technical-education-society-sinhgad-institute-of-technology-and-science-narhe-ambegaon,91,,Un-Aided,false,,
227,6183,"Al-Ameen Educational and Medical Foundation, College of Engineering, Koregaon, Bhima",6183-al-ameen-educational-and-medical-foundation-college-of-engineering-koregaon-bhima,92,,Un-Aided Religious Minority - Muslim,false,,
228,6184,"K. J.'s Educational Institut Trinity College of Engineering and Research, Pisoli, Haveli",6184-k-j-s-educational-institut-trinity-college-of-engineering-and-research-pisoli-haveli,93,,Un-Aided,false,,
229,6185,Sinhgad Institute of Technology,6185-sinhgad-institute-of-technology,,,Un-Aided,false,,
230,6187,"Sinhgad Academy of Engineering, Kondhwa (BK) Kondhwa-Saswad Road, Pune",6187-sinhgad-academy-of-engineering-kondhwa-bk-kondhwa-saswad-road-pune,90,,Un-Aided,false,,
231,6203,"Marathwada Mitra Mandal's Institute of Technology, Lohgaon, Pune",6203-marathwada-mitra-mandal-s-institute-of-technology-lohgaon-pune,90,,Un-Aided,false,,
232,6206,"Pune District Education Association's College of Engineering, Pune",6206-pune-district-education-association-s-college-of-engineering-pune,90,,Un-Aided,false,,
233,6207,"Dr. D. Y. Patil Unitech Society's Dr. D. Y. Patil Institute of Technology, Pimpri, Pune",6207-dr-d-y-patil-unitech-society-s-dr-d-y-patil-institute-of-technology-pimpri-pune,90,,Un-Aided,false,,
234,6214,"K. E. Society's Rajarambapu Institute of Technology, Walwa, Sangli",6214-k-e-society-s-rajarambapu-institute-of-technology-walwa-sangli,88,,Un-Aided Autonomous,true,,
235,6217,"Shri. Balasaheb Mane Shikshan Prasarak Mandal's, Ashokrao Mane Group of Institutions",6217-shri-balasaheb-mane-shikshan-prasarak-mandal-s-ashokrao-mane-group-of-institutions,94,,Un-Aided,false,,
236,6219,"KSGBS's Bharat- Ratna Indira Gandhi College of Engineering, Kegaon, Solapur",6219-ksgbs-s-bharat-ratna-indira-gandhi-college-of-engineering-kegaon-solapur,95,,Un-Aided,false,,
237,6220,"Shri Vithal Education and Research Institute's College of Engineering, Pandharpur",6220-shri-vithal-education-and-research-institute-s-college-of-engineering-pandharpur,96,,Un-Aided,false,,
238,6222,"Dattajirao Kadam Technical Education Society's Textile & Engineering Institute, Ichalkaranji.",6222-dattajirao-kadam-technical-education-society-s-textile-engineering-institute-ichalkaranji,97,,Un-Aided Autonomous,true,,
239,6223,"Pradnya Niketan Education Society's Nagesh Karajagi Orchid College of Engineering & Technology, Solapur",6223-pradnya-niketan-education-society-s-nagesh-karajagi-orchid-college-of-engineering-technology-solapur,95,,Un-Aided,false,,
240,6250,"D.Y. Patil College of Engineering and Technology, Kolhapur",6250-d-y-patil-college-of-engineering-and-technology-kolhapur,89,,Un-Aided Autonomous,true,,
241,6265,"Walchand Institute of Technology, Solapur",6265-walchand-institute-of-technology-solapur,95,,Un-Aided Autonomous Religious Minority - Jain,true,,
242,6267,"Kolhapur Institute of Technology's College of Engineering(Autonomous), Kolhapur",6267-kolhapur-institute-of-technology-s-college-of-engineering-autonomous-kolhapur,89,,Un-Aided Autonomous,true,,
243,6268,"Tatyasaheb Kore Institute of Engineering and Technology, Warananagar",6268-tatyasaheb-kore-institute-of-engineering-and-technology-warananagar,98,,Un-Aided Autonomous,true,,
244,6269,"Shetkari Shikshan Mandal's Pad. Vasantraodada Patil Institute of Technology, Budhgaon, Sangli",6269-shetkari-shikshan-mandal-s-pad-vasantraodada-patil-institute-of-technology-budhgaon-sangli,88,,Un-Aided,false,,
245,6270,"Rayat Shikshan Sanstha's Karmaveer Bhaurao Patil College of Engineering, Satara",6270-rayat-shikshan-sanstha-s-karmaveer-bhaurao-patil-college-of-engineering-satara,99,,Un-Aided,false,,
246,6271,"Pune Institute of Computer Technology, Dhankavdi, Pune",6271-pune-institute-of-computer-technology-dhankavdi-pune,90,,Un-Aided,false,,
247,6272,"Dr. D. Y. Patil Pratishthan's D.Y.Patil College of Engineering Akurdi, Pune",6272-dr-d-y-patil-pratishthan-s-d-y-patil-college-of-engineering-akurdi-pune,90,,Un-Aided,false,,
248,6273,"Bansilal Ramnath Agarawal Charitable Trust's Vishwakarma Institute of Technology, Bibwewadi, Pune",6273-bansilal-ramnath-agarawal-charitable-trust-s-vishwakarma-institute-of-technology-bibwewadi-pune,90,,Un-Aided Autonomous,true,,
249,6274,"Pune Vidyarthi Griha's College of Engineering and Technology and G K Pate(Wani) Institute of Management, Pune",6274-pune-vidyarthi-griha-s-college-of-engineering-and-technology-and-g-k-pate-wani-institute-of-management-pune,90,,Un-Aided,false,,
250,6275,"Shivnagar Vidya Prasarak Mandal's College of Engineering, Malegaon-Baramati",6275-shivnagar-vidya-prasarak-mandal-s-college-of-engineering-malegaon-baramati,100,,Un-Aided,false,,
251,6277,"Dr. J. J. Magdum Charitable Trust's Dr. J.J. Magdum College of Engineering, Jaysingpur",6277-dr-j-j-magdum-charitable-trust-s-dr-j-j-magdum-college-of-engineering-jaysingpur,101,,Un-Aided,false,,
252,6278,"All India Shri Shivaji Memorial Society's College of Engineering, Pune",6278-all-india-shri-shivaji-memorial-society-s-college-of-engineering-pune,90,,Un-Aided,false,,
253,6281,"Modern Education Society's College of Engineering, Pune",6281-modern-education-society-s-college-of-engineering-pune,90,,Un-Aided,false,,
254,6282,"All India Shri Shivaji Memorial Society's Institute of Information Technology,Pune",6282-all-india-shri-shivaji-memorial-society-s-institute-of-information-technology-pune,90,,Un-Aided Autonomous,true,,
255,6283,"Annasaheb Dange College of Engineering and Technology, Ashta, Sangli",6283-annasaheb-dange-college-of-engineering-and-technology-ashta-sangli,88,,Un-Aided Autonomous,true,,
256,6284,"Vidya Pratishthan's Kamalnayan Bajaj Institute of Engineering & Technology, Baramati Dist.Pune",6284-vidya-pratishthan-s-kamalnayan-bajaj-institute-of-engineering-technology-baramati-dist-pune,102,,Un-Aided Autonomous,true,,
257,6288,"Bharati Vidyapeeth's College of Engineering, Kolhapur",6288-bharati-vidyapeeth-s-college-of-engineering-kolhapur,89,,Un-Aided,false,,
258,6289,"B.R.A.C.T's Vishwakarma Institute of Information Technology, Kondhwa (Bk.), Pune",6289-b-r-a-c-t-s-vishwakarma-institute-of-information-technology-kondhwa-bk-pune,90,,Un-Aided Autonomous,true,,
259,6293,"Kai Amdar Bramhadevdada Mane Shikshan & Samajik Prathistan's Bramhadevdada Mane Institute of Technology, Solapur",6293-kai-amdar-bramhadevdada-mane-shikshan-samajik-prathistan-s-bramhadevdada-mane-institute-of-technology-solapur,95,,Un-Aided,false,,
260,6298,"Zeal Education Society's Zeal College of Engineering & Reserch, Narhe, Pune",6298-zeal-education-society-s-zeal-college-of-engineering-reserch-narhe-pune,90,,Un-Aided,false,,
261,6303,"Dr. Ashok Gujar Technical Institute's Dr. Daulatrao Aher College of Engineering, Karad",6303-dr-ashok-gujar-technical-institute-s-dr-daulatrao-aher-college-of-engineering-karad,87,,Un-Aided,false,,
262,6304,"Loknete Hanumantrao Charitable Trust's Adarsh Institute of Technology and Research Centre, Vita,Sangli",6304-loknete-hanumantrao-charitable-trust-s-adarsh-institute-of-technology-and-research-centre-vita-sangli,88,,Un-Aided,false,,
263,6305,"Late Narayandas Bhawandas Chhabada Institute of Engineering & Technology, Satara",6305-late-narayandas-bhawandas-chhabada-institute-of-engineering-technology-satara,99,,Un-Aided,false,,
264,6307,"Dhole Patil Education Society, Dhole Patil College of Engineering, Wagholi, Tal. Haveli",6307-dhole-patil-education-society-dhole-patil-college-of-engineering-wagholi-tal-haveli,,,Un-Aided,false,,
265,6308,"Shanti Education Society, A.G. Patil Institute of Technology, Soregaon, Solapur(North)",6308-shanti-education-society-a-g-patil-institute-of-technology-soregaon-solapur-north,103,,Un-Aided,false,,
266,6310,"Nutan Maharashtra Vidya Prasarak Mandal, Nutan Maharashtra Institute of Engineering &Technology, Talegaon station, Pune",6310-nutan-maharashtra-vidya-prasarak-mandal-nutan-maharashtra-institute-of-engineering-technology-talegaon-station-pune,90,,Un-Aided,false,,
267,6311,"Jayawant Shikshan Prasarak Mandal, Bhivarabai Sawant Institute of Technology & Research, Wagholi",6311-jayawant-shikshan-prasarak-mandal-bhivarabai-sawant-institute-of-technology-research-wagholi,104,,Un-Aided,false,,
268,6313,"Jaywant College of Engineering & Polytechnic , Kille Macchindragad Tal. Walva District- Sangali",6313-jaywant-college-of-engineering-polytechnic-kille-macchindragad-tal-walva-district-sangali,105,,Un-Aided,false,,
269,6315,"Holy-Wood Academy's Sanjeevan Engineering and Technology Institute, Panhala",6315-holy-wood-academy-s-sanjeevan-engineering-and-technology-institute-panhala,106,,Un-Aided,false,,
270,6317,"Sharad Institute of Technology College of Engineering, Yadrav(Ichalkaranji)",6317-sharad-institute-of-technology-college-of-engineering-yadrav-ichalkaranji,107,,Un-Aided Autonomous,true,,
271,6318,"Abhinav Education Society's College of Engineering and Technology (Degree), Wadwadi",6318-abhinav-education-society-s-college-of-engineering-and-technology-degree-wadwadi,108,,Un-Aided,false,,
272,6319,"Shahajirao Patil Vikas Pratishthan, S.B.Patil College of Engineering, Vangali, Tal. Indapur",6319-shahajirao-patil-vikas-pratishthan-s-b-patil-college-of-engineering-vangali-tal-indapur,,,Un-Aided,false,,
273,6320,"K.J.'s Educational Institute's K.J.College of Engineering & Management Research, Pisoli",6320-k-j-s-educational-institute-s-k-j-college-of-engineering-management-research-pisoli,109,,Un-Aided,false,,
274,6321,"Vidya Vikas Pratishthan Institute of Engineering and Technology, Solapur",6321-vidya-vikas-pratishthan-institute-of-engineering-and-technology-solapur,95,,Un-Aided,false,,
275,6322,"Shree Gajanan Maharaj Shikshan Prasarak Manda'l Sharadchandra Pawar College of Engineering, Dumbarwadi",6322-shree-gajanan-maharaj-shikshan-prasarak-manda-l-sharadchandra-pawar-college-of-engineering-dumbarwadi,110,,Un-Aided,false,,
276,6324,"Rajgad Dnyanpeeth's Technical Campus,Dhangwadi, Bhor",6324-rajgad-dnyanpeeth-s-technical-campus-dhangwadi-bhor,111,,Un-Aided,false,,
277,6325,"Alard Charitable Trust's Alard College of Engineering and Management, Pune",6325-alard-charitable-trust-s-alard-college-of-engineering-and-management-pune,90,,Un-Aided Linguistic Minority - Hindi,false,,
278,6326,Karmayogi Institute of Technology,6326-karmayogi-institute-of-technology,,,Un-Aided,false,,
279,6419,"Nutan College of Engineering and Research, Talegaon Dabhade Tal. Maval, Pune",6419-nutan-college-of-engineering-and-research-talegaon-dabhade-tal-maval-pune,90,,Un-Aided,false,,
280,6466,"Shree Santkrupa Shikshan Sanstha, Shree Santkrupa Institute Of Engineering & Technology, Karad",6466-shree-santkrupa-shikshan-sanstha-shree-santkrupa-institute-of-engineering-technology-karad,87,,Un-Aided,false,,
281,6468,"Swami Vivekananda Shikshan Sanstha, Dr. Bapuji Salunkhe Institute Of Engineering & Technology,Kolhapur",6468-swami-vivekananda-shikshan-sanstha-dr-bapuji-salunkhe-institute-of-engineering-technology-kolhapur,89,,Un-Aided,false,,
282,6545,"Samarth Education Trust's Arvind Gavali College Of Engineering Panwalewadi, Varye,Satara.",6545-samarth-education-trust-s-arvind-gavali-college-of-engineering-panwalewadi-varye-satara,112,,Un-Aided,false,,
283,6609,"Jaihind College Of Engineering,Kuran",6609-jaihind-college-of-engineering-kuran,113,,Un-Aided,false,,
284,6622,ISBM College Of Engineering Pune,6622-isbm-college-of-engineering-pune,,,Un-Aided Linguistic Minority - Hindi,false,,
285,6625,"Universal College of Engineering & Research, Sasewadi",6625-universal-college-of-engineering-research-sasewadi,114,,Un-Aided,false,,
286,6628,"Dattakala Group Of Institutions, Swami - Chincholi Tal. Daund Dist. Pune",6628-dattakala-group-of-institutions-swami-chincholi-tal-daund-dist-pune,115,,Un-Aided,false,,
287,6632,Navsahyadri Education Society's Group of Institutions,6632-navsahyadri-education-society-s-group-of-institutions,,,Un-Aided,false,,
288,6634,"KJEI's Trinity Academy of Engineering, Yewalewadi, Pune",6634-kjei-s-trinity-academy-of-engineering-yewalewadi-pune,90,,Un-Aided,false,,
289,6635,"Samarth Group of Institutions, Bangarwadi, Post Belhe Tal. Junnar Dist. Pune",6635-samarth-group-of-institutions-bangarwadi-post-belhe-tal-junnar-dist-pune,116,,Un-Aided,false,,
290,6640,"N. B. Navale Sinhgad College of Engineering, Kegaon, solapur",6640-n-b-navale-sinhgad-college-of-engineering-kegaon-solapur,117,,Un-Aided,false,,
291,6643,"S K N Sinhgad College of Engineering, Korti Tal. Pandharpur Dist Solapur",6643-s-k-n-sinhgad-college-of-engineering-korti-tal-pandharpur-dist-solapur,118,,Un-Aided,false,,
292,6644,"Shri. Ambabai Talim Sanstha's Sanjay Bhokare Group of Institutes, Miraj",6644-shri-ambabai-talim-sanstha-s-sanjay-bhokare-group-of-institutes-miraj,119,,Un-Aided,false,,
293,6649,"TSSM's Bhivarabai Sawant College of Engineering and Research, Narhe, Pune",6649-tssm-s-bhivarabai-sawant-college-of-engineering-and-research-narhe-pune,90,,Un-Aided,false,,
294,6732,"Ajeenkya DY Patil School of Engineering, Lohegaon, Pune",6732-ajeenkya-dy-patil-school-of-engineering-lohegaon-pune,90,,Un-Aided,false,,
295,6754,"International Institute of Information Technology (I²IT), Pune.",6754-international-institute-of-information-technology-i-it-pune,120,,Un-Aided,false,,
296,6755,"JSPM Narhe Technical Campus, Pune.",6755-jspm-narhe-technical-campus-pune,120,,Un-Aided,false,,
297,6756,"Fabtech Technical Campus College of Engineering and Research, Sangola",6756-fabtech-technical-campus-college-of-engineering-and-research-sangola,121,,Un-Aided,false,,
298,6757,"Yashoda Technical Campus, Wadhe, Satara.",6757-yashoda-technical-campus-wadhe-satara,112,,Un-Aided,false,,
299,6758,"Sahyadri Valley College of Engineering & Technology, Rajuri, Pune.",6758-sahyadri-valley-college-of-engineering-technology-rajuri-pune,120,,Un-Aided,false,,
300,6759,"Shree Ramchandra College of Engineering, Lonikand,Pune",6759-shree-ramchandra-college-of-engineering-lonikand-pune,90,,Un-Aided,false,,
301,6762,"Nanasaheb Mahadik College of Engineering,Walwa, Sangli.",6762-nanasaheb-mahadik-college-of-engineering-walwa-sangli,122,,Un-Aided,false,,
302,6766,Phaltan Education Society's College of Engineering Thakurki Tal- Phaltan Dist-Satara,6766-phaltan-education-society-s-college-of-engineering-thakurki-tal-phaltan-dist-satara,,,Un-Aided,false,,
303,6767,"Suman Ramesh Tulsiani Technical Campus: Faculty of Engineering, Kamshet,Pune.",6767-suman-ramesh-tulsiani-technical-campus-faculty-of-engineering-kamshet-pune,120,,Un-Aided,false,,
304,6768,"P.K. Technical Campus, Pune.",6768-p-k-technical-campus-pune,120,,Un-Aided,false,,
305,6769,"Rasiklal M. Dhariwal Sinhgad Technical Institutes Campus, Warje, Pune.",6769-rasiklal-m-dhariwal-sinhgad-technical-institutes-campus-warje-pune,120,,Un-Aided,false,,
306,6770,"SKN Sinhgad Institute of Technology & Science, Kusgaon(BK),Pune.",6770-skn-sinhgad-institute-of-technology-science-kusgaon-bk-pune,120,,Un-Aided,false,,
307,6772,"NBN Sinhgad Technical Institutes Campus, Pune",6772-nbn-sinhgad-technical-institutes-campus-pune,90,,Un-Aided,false,,
308,6780,"D.Y.Patil Education Society's,D.Y.Patil Technical Campus, Faculty of Engineering & Faculty of Management,Talsande,Kolhapur.",6780-d-y-patil-education-society-s-d-y-patil-technical-campus-faculty-of-engineering-faculty-of-management-talsande-kolhapur,123,,Un-Aided,false,,
309,6781,"Bhagwant Institute of Technology, Barshi",6781-bhagwant-institute-of-technology-barshi,124,,Un-Aided,false,,
310,6782,"Sahakar Maharshee Shankarrao Mohite Patil Institute of Technology & Research, Akluj",6782-sahakar-maharshee-shankarrao-mohite-patil-institute-of-technology-research-akluj,125,,Un-Aided,false,,
311,6794,"Anantrao Pawar College of Engineering & Research, Pune",6794-anantrao-pawar-college-of-engineering-research-pune,90,,Un-Aided,false,,
312,6795,"Shri.Someshwar Shikshan Prasarak Mandal, Sharadchandra Pawar College of Engineering & Technology, Someshwar Nagar",6795-shri-someshwar-shikshan-prasarak-mandal-sharadchandra-pawar-college-of-engineering-technology-someshwar-nagar,126,,Un-Aided,false,,
313,6796,"Bharati Vidyapeeth's College of Engineering,Lavale, Pune",6796-bharati-vidyapeeth-s-college-of-engineering-lavale-pune,90,,Un-Aided,false,,
314,6797,"Dnyanshree Institute Engineering and Technology, Satara",6797-dnyanshree-institute-engineering-and-technology-satara,99,,Un-Aided,false,,
315,6799,"Shivganga Charitable Trust, Sangli Vishveshwarya Technical Campus, Faculty of Diploma Engineering, Patgaon, Miraj",6799-shivganga-charitable-trust-sangli-vishveshwarya-technical-campus-faculty-of-diploma-engineering-patgaon-miraj,119,,Un-Aided,false,,
316,6802,"Dr. D.Y.Patil Institute of Engineering, Management & Reseach, Akurdi, Pune",6802-dr-d-y-patil-institute-of-engineering-management-reseach-akurdi-pune,90,,Un-Aided,false,,
317,6803,"Sant Gajanan Maharaj College of Engineering, Gadhinglaj",6803-sant-gajanan-maharaj-college-of-engineering-gadhinglaj,127,,Un-Aided,false,,
318,6808,"Keystone School of Engineering, Pune",6808-keystone-school-of-engineering-pune,90,,Un-Aided,false,,
319,6811,Sanjay Ghodawat Institute,6811-sanjay-ghodawat-institute,,,Un-Aided,false,,
320,6815,"Vidya Prasarini Sabha's College of Engineering & Technology, Lonavala",6815-vidya-prasarini-sabha-s-college-of-engineering-technology-lonavala,128,,Un-Aided,false,,
321,6822,"Pimpri Chinchwad Education Trust's Pimpri Chinchwad College Of Engineering And Research, Ravet",6822-pimpri-chinchwad-education-trust-s-pimpri-chinchwad-college-of-engineering-and-research-ravet,129,,Un-Aided,false,,
322,6834,"Dr.D.Y.Patil College Of Engineering & Innovation,Talegaon",6834-dr-d-y-patil-college-of-engineering-innovation-talegaon,130,,Un-Aided,false,,
323,6839,"Dr. D Y Patil Pratishthan's College of Engineering, Kolhapur",6839-dr-d-y-patil-pratishthan-s-college-of-engineering-kolhapur,89,,Un-Aided,false,,
324,6878,"Dr. A. D. Shinde College Of Engineering, Tal.Gadhinglaj, Kolhapur",6878-dr-a-d-shinde-college-of-engineering-tal-gadhinglaj-kolhapur,89,,Un-Aided,false,,
325,6901,"MAEER's MIT College of Railway Engineering and Research, Jamgaon, Barshi",6901-maeer-s-mit-college-of-railway-engineering-and-research-jamgaon-barshi,124,,Un-Aided,false,,
326,6991,"Dr. D.Y. Patil Technical Campus, Varale, Talegaon, Pune",6991-dr-d-y-patil-technical-campus-varale-talegaon-pune,90,,Un-Aided,false,,
327,2641,Dr. V.K. Patil College of Engineering & Technology,2641-dr-v-k-patil-college-of-engineering-technology,,2,Un-Aided,false,,
328,3224,"Leela Education Society, G.V. Acharya Institute of Engineering and Technology, Shelu, Karjat",3224-leela-education-society-g-v-acharya-institute-of-engineering-and-technology-shelu-karjat,31,,Un-Aided,false,,
329,3353,"Dilkap Research Institute Of Engineering and Management Studies, At.Mamdapur, Post- Neral, Tal- Karjat, Mumbai",3353-dilkap-research-institute-of-engineering-and-management-studies-at-mamdapur-post-neral-tal-karjat-mumbai,26,,Un-Aided,false,,
330,4679,"Karanjekar College of Engineering & Management, Sakoli",4679-karanjekar-college-of-engineering-management-sakoli,131,5,Un-Aided,false,,
331,6444,"Shriram Institute Of Engineering & Technology, (Poly), Paniv",6444-shriram-institute-of-engineering-technology-poly-paniv,132,11,Un-Aided,false,,
332,01002,"Government College of Engineering, Amravati",01002-government-college-of-engineering-amravati,1,6,Government Autonomous,true,,
333,01005,"Sant Gadge Baba Amravati University,Amravati",01005-sant-gadge-baba-amravati-university-amravati,1,1,University Department,false,,
334,01012,"Government College of Engineering,Yavatmal",01012-government-college-of-engineering-yavatmal,2,1,Government,false,,
335,01101,"Shri Sant Gajanan Maharaj College of Engineering,Shegaon",01101-shri-sant-gajanan-maharaj-college-of-engineering-shegaon,3,1,Un-Aided,false,,
336,01105,"Prof. Ram Meghe Institute of Technology & Research, Amravati",01105-prof-ram-meghe-institute-of-technology-research-amravati,1,6,Un-Aided Autonomous,true,,
337,01107,"P. R. Pote Patil College of Engineering & Management, Amravati",01107-p-r-pote-patil-college-of-engineering-management-amravati,1,6,Un-Aided Autonomous,true,,
338,01114,"Sipna Shikshan Prasarak Mandal College of Engineering & Technology, Amravati",01114-sipna-shikshan-prasarak-mandal-college-of-engineering-technology-amravati,1,6,Un-Aided Autonomous,true,,
339,01116,"Shri Shivaji Education Society's College of Engineering and Technology, Akola",01116-shri-shivaji-education-society-s-college-of-engineering-and-technology-akola,4,1,Un-Aided,false,,
340,01117,"Janata Shikshan Prasarak Mandal’s Babasaheb Naik College Of Engineering, Pusad",01117-janata-shikshan-prasarak-mandal-s-babasaheb-naik-college-of-engineering-pusad,5,1,Un-Aided,false,,
341,01119,"Paramhansa Ramkrishna Maunibaba Shikshan Santha's , Anuradha Engineering College, Chikhali",01119-paramhansa-ramkrishna-maunibaba-shikshan-santha-s-anuradha-engineering-college-chikhali,6,1,Un-Aided,false,,
342,01120,"Jawaharlal Darda Institute of Engineering and Technology, Yavatmal",01120-jawaharlal-darda-institute-of-engineering-and-technology-yavatmal,2,1,Un-Aided Linguistic Minority - Hindi,false,,
343,01121,"Shri Hanuman Vyayam Prasarak Mandals College of Engineering & Technology, Amravati",01121-shri-hanuman-vyayam-prasarak-mandals-college-of-engineering-technology-amravati,1,1,Un-Aided,false,,
344,01123,"Dr.Rajendra Gode Institute of Technology & Research, Amravati",01123-dr-rajendra-gode-institute-of-technology-research-amravati,1,1,Un-Aided,false,,
345,01125,"Dwarka Bahu Uddeshiya Gramin Vikas Foundation, Rajarshi Shahu College of Engineering, Buldhana",01125-dwarka-bahu-uddeshiya-gramin-vikas-foundation-rajarshi-shahu-college-of-engineering-buldhana,7,1,Un-Aided,false,,
346,01126,"Takshashila Institute of Engineering & Technology, Darapur, Amravati",01126-takshashila-institute-of-engineering-technology-darapur-amravati,1,1,Un-Aided,false,,
347,01127,"Jagadambha Bahuuddeshiya Gramin Vikas Sanstha's Jagdambha College of Engineering and Technology, Yavatmal",01127-jagadambha-bahuuddeshiya-gramin-vikas-sanstha-s-jagdambha-college-of-engineering-and-technology-yavatmal,2,6,Un-Aided Autonomous,true,,
348,01128,"Prof Ram Meghe College of Engineering and Management, Badnera",01128-prof-ram-meghe-college-of-engineering-and-management-badnera,8,1,Un-Aided,false,,
349,01130,"Vision Buldhana Educational & Welfare Society's Pankaj Laddhad Institute of Technology & Management Studies, Yelgaon",01130-vision-buldhana-educational-welfare-society-s-pankaj-laddhad-institute-of-technology-management-studies-yelgaon,9,1,Un-Aided,false,,
350,01180,"Sanmati Engineering College, Sawargaon Barde, Washim",01180-sanmati-engineering-college-sawargaon-barde-washim,10,1,Un-Aided,false,,
351,01182,"Padmashri Dr. V.B. Kolte College of Engineering, Malkapur, Buldhana",01182-padmashri-dr-v-b-kolte-college-of-engineering-malkapur-buldhana,7,1,Un-Aided,false,,
352,01265,"Mauli Group of Institutions, College of Engineering and Technology, Shegaon.",01265-mauli-group-of-institutions-college-of-engineering-and-technology-shegaon,11,1,Un-Aided,false,,
353,01268,"Siddhivinayak Technical Campus, School of Engineering & Research Technology, Shirasgon, Nile",01268-siddhivinayak-technical-campus-school-of-engineering-research-technology-shirasgon-nile,12,1,Un-Aided,false,,
354,01276,"Manav School of Engineering & Technology, Gut No. 1035 Nagpur Surat Highway, NH No. 6 Tal.Vyala, Balapur, Akola, 444302",01276-manav-school-of-engineering-technology-gut-no-1035-nagpur-surat-highway-nh-no-6-tal-vyala-balapur-akola-444302,13,1,Un-Aided,false,,
355,02008,"Government College of Engineering, Chhatrapati Sambhajinagar",02008-government-college-of-engineering-chhatrapati-sambhajinagar,133,6,Government Autonomous,true,,
356,02020,"Shri Guru Gobind Singhji Institute of Engineering and Technology, Nanded",02020-shri-guru-gobind-singhji-institute-of-engineering-and-technology-nanded,15,6,Government-Aided Autonomous,true,,
357,02021,"University Department of Chemical Technology, Aurangabad",02021-university-department-of-chemical-technology-aurangabad,14,2,University Department,false,,
358,02111,"Everest Education Society, Group of Institutions (Integrated Campus), Ohar",02111-everest-education-society-group-of-institutions-integrated-campus-ohar,16,2,Un-Aided Religious Minority - Muslim,false,,
359,02112,"Shree Yash Pratishthan, Shreeyash College of Engineering and Technology, Aurangabad",02112-shree-yash-pratishthan-shreeyash-college-of-engineering-and-technology-aurangabad,14,2,Un-Aided,false,,
360,02113,"G. S. Mandal's Maharashtra Institute of Technology, Aurangabad",02113-g-s-mandal-s-maharashtra-institute-of-technology-aurangabad,14,6,Un-Aided Autonomous,true,,
361,02114,"Deogiri Institute of Engineering and Management Studies, Aurangabad",02114-deogiri-institute-of-engineering-and-management-studies-aurangabad,14,2,Un-Aided,false,,
362,02116,"Matoshri Pratishan's Group of Institutions (Integrated Campus), Kupsarwadi , Nanded",02116-matoshri-pratishan-s-group-of-institutions-integrated-campus-kupsarwadi-nanded,15,3,Un-Aided,false,,
363,02127,"Mahatma Gandhi Missions College of Engineering, Hingoli Rd, Nanded.",02127-mahatma-gandhi-missions-college-of-engineering-hingoli-rd-nanded,17,3,Un-Aided,false,,
364,02129,"M.S. Bidve Engineering College, Latur",02129-m-s-bidve-engineering-college-latur,18,3,Un-Aided,false,,
365,02130,"Terna Public Charitable Trust's College of Engineering, Osmanabad",02130-terna-public-charitable-trust-s-college-of-engineering-osmanabad,19,2,Un-Aided,false,,
366,02131,"Shree Tuljabhavani College of Engineering, Tuljapur",02131-shree-tuljabhavani-college-of-engineering-tuljapur,20,2,Un-Aided,false,,
367,02133,"Mahatma Basaweshwar Education Society's College of Engineering, Ambejogai",02133-mahatma-basaweshwar-education-society-s-college-of-engineering-ambejogai,21,2,Un-Aided,false,,
368,02134,"Peoples Education Society's College of Engineering, Aurangabad",02134-peoples-education-society-s-college-of-engineering-aurangabad,14,2,Un-Aided,false,,
369,02135,"Hi-Tech Institute of Technology, Aurangabad",02135-hi-tech-institute-of-technology-aurangabad,14,2,Un-Aided,false,,
370,02136,"Aditya Engineering College , Beed",02136-aditya-engineering-college-beed,22,2,Un-Aided,false,,
371,02137,"Nagnathappa Halge Engineering College, Parli, Beed",02137-nagnathappa-halge-engineering-college-parli-beed,22,2,Un-Aided,false,,
372,02138,"Matsyodari Shikshan Sansatha's College of Engineering and Technology, Jalna",02138-matsyodari-shikshan-sansatha-s-college-of-engineering-and-technology-jalna,23,2,Un-Aided,false,,
373,02146,"Adarsh Shikshan Prasarak Mandal's K. T. Patil College of Engineering and Technology, Osmanabad",02146-adarsh-shikshan-prasarak-mandal-s-k-t-patil-college-of-engineering-and-technology-osmanabad,19,2,Un-Aided,false,,
374,02250,"Aurangabad College of Engineering, Naygaon Savangi, Aurangabad",02250-aurangabad-college-of-engineering-naygaon-savangi-aurangabad,14,2,Un-Aided,false,,
375,02252,"Marathwada Shikshan Prasarak Mandal's Shri Shivaji Institute of Engineering and Management Studies, Parbhani",02252-marathwada-shikshan-prasarak-mandal-s-shri-shivaji-institute-of-engineering-and-management-studies-parbhani,24,3,Un-Aided,false,,
376,02254,"Vilasrao Deshmukh Foundation Group of Institutions, Latur",02254-vilasrao-deshmukh-foundation-group-of-institutions-latur,18,3,Un-Aided,false,,
377,02282,"Aditya Education Trust's Mitthulalji Sarada Polytechnic, Nalwandi Road, Beed",02282-aditya-education-trust-s-mitthulalji-sarada-polytechnic-nalwandi-road-beed,22,2,Un-Aided,false,,
378,02508,GRAMIN TECHNICAL AND MANAGEMENT CAMPUS NANDED.,02508-gramin-technical-and-management-campus-nanded,,3,Un-Aided,false,,
379,02516,International Centre Of Excellence In Engineering and Management (ICEEM),02516-international-centre-of-excellence-in-engineering-and-management-iceem,,2,Un-Aided,false,,
380,02522,"STMEI's Sandipani Technical Campus-Faculty of Engineering, Latur.",02522-stmei-s-sandipani-technical-campus-faculty-of-engineering-latur,25,3,Un-Aided,false,,
381,02533,"CSMSS Chh. Shahu College of Engineering, Aurangabad",02533-csmss-chh-shahu-college-of-engineering-aurangabad,14,2,Un-Aided,false,,
382,02637,"Jijau Institute of Engineering Technology and Management, Khandgaon (Bendri), Taluka Naigaon, District Nanded",02637-jijau-institute-of-engineering-technology-and-management-khandgaon-bendri-taluka-naigaon-district-nanded,134,3,Un-Aided,false,,
383,02641,Dr. V.K. Patil College of Engineering & Technology,02641-dr-v-k-patil-college-of-engineering-technology,,2,Un-Aided,false,,
384,02666,Mangaldeep College of Engineering,02666-mangaldeep-college-of-engineering,,2,Un-Aided,false,,
385,03012,"Veermata Jijabai Technological Institute(VJTI), Matunga, Mumbai",03012-veermata-jijabai-technological-institute-vjti-matunga-mumbai,26,6,Government-Aided Autonomous,true,,
386,03014,"Sardar Patel College of Engineering, Andheri",03014-sardar-patel-college-of-engineering-andheri,27,6,Government-Aided Autonomous,true,,
387,03033,"Dr. Babasaheb Ambedkar Technological University, Lonere",03033-dr-babasaheb-ambedkar-technological-university-lonere,28,12,University,false,,
388,03036,"Institute of Chemical Technology, Matunga, Mumbai",03036-institute-of-chemical-technology-matunga-mumbai,26,13,Deemed University Autonomous,true,,
389,03042,"Loknete Shamrao Peje Government College of Engineering, Ratnagiri",03042-loknete-shamrao-peje-government-college-of-engineering-ratnagiri,29,4,Government,false,,
390,03135,"Manjara Charitable Trust's Rajiv Gandhi Institute of Technology, Mumbai",03135-manjara-charitable-trust-s-rajiv-gandhi-institute-of-technology-mumbai,26,4,Un-Aided,false,,
391,03139,"Vidyalankar Institute of Technology,Wadala, Mumbai",03139-vidyalankar-institute-of-technology-wadala-mumbai,26,6,Un-Aided Autonomous,true,,
392,03143,"Thakur Shyamnarayan Engineering College, Mumbai",03143-thakur-shyamnarayan-engineering-college-mumbai,26,4,Un-Aided Linguistic Minority - Hindi,false,,
393,03146,"Jawahar Education Society's Annasaheb Chudaman Patil College of Engineering,Kharghar, Navi Mumbai",03146-jawahar-education-society-s-annasaheb-chudaman-patil-college-of-engineering-kharghar-navi-mumbai,30,4,Un-Aided,false,,
394,03147,"Saraswati Education Society, Yadavrao Tasgaonkar Institute of Engineering & Technology, Karjat",03147-saraswati-education-society-yadavrao-tasgaonkar-institute-of-engineering-technology-karjat,31,4,Un-Aided,false,,
395,03148,"Mahavir Education Trust's Shah & Anchor Kutchhi Engineering College, Mumbai",03148-mahavir-education-trust-s-shah-anchor-kutchhi-engineering-college-mumbai,26,6,Un-Aided Autonomous Linguistic Minority - Gujarathi(Jain),true,,
396,03154,"Saraswati Education Society's Saraswati College of Engineering,Kharghar Navi Mumbai",03154-saraswati-education-society-s-saraswati-college-of-engineering-kharghar-navi-mumbai,32,4,Un-Aided,false,,
397,03175,"M.G.M.'s College of Engineering and Technology, Kamothe, Navi Mumbai",03175-m-g-m-s-college-of-engineering-and-technology-kamothe-navi-mumbai,30,4,Un-Aided,false,,
398,03176,"Thakur College of Engineering and Technology, Kandivali, Mumbai",03176-thakur-college-of-engineering-and-technology-kandivali-mumbai,26,6,Un-Aided Autonomous Linguistic Minority - Hindi,true,,
399,03182,"Thadomal Shahani Engineering College, Bandra, Mumbai",03182-thadomal-shahani-engineering-college-bandra-mumbai,26,4,Un-Aided Linguistic Minority - Sindhi,false,,
400,03183,"Anjuman-I-Islam's M.H. Saboo Siddik College of Engineering, Byculla, Mumbai",03183-anjuman-i-islam-s-m-h-saboo-siddik-college-of-engineering-byculla-mumbai,26,4,Un-Aided Religious Minority - Muslim,false,,
401,03184,"Fr. Conceicao Rodrigues College of Engineering, Bandra,Mumbai",03184-fr-conceicao-rodrigues-college-of-engineering-bandra-mumbai,26,6,Un-Aided Autonomous Religious Minority - Christian,true,,
402,03185,"Vivekanand Education Society's Institute of Technology, Chembur, Mumbai",03185-vivekanand-education-society-s-institute-of-technology-chembur-mumbai,26,6,Un-Aided Autonomous Linguistic Minority - Sindhi,true,,
403,03187,"N.Y.S.S.'s Datta Meghe College of Engineering, Airoli, Navi Mumbai",03187-n-y-s-s-s-datta-meghe-college-of-engineering-airoli-navi-mumbai,30,4,Un-Aided,false,,
404,03188,"Vasantdada Patil Pratishthan's College Of Engineering and Visual Arts, Sion, Mumbai",03188-vasantdada-patil-pratishthan-s-college-of-engineering-and-visual-arts-sion-mumbai,26,4,Un-Aided,false,,
405,03189,"Bharati Vidyapeeth College of Engineering, Navi Mumbai",03189-bharati-vidyapeeth-college-of-engineering-navi-mumbai,30,4,Un-Aided,false,,
406,03190,"Terna Engineering College, Nerul, Navi Mumbai",03190-terna-engineering-college-nerul-navi-mumbai,30,4,Un-Aided,false,,
407,03192,"Smt. Indira Gandhi College of Engineering, Navi Mumbai",03192-smt-indira-gandhi-college-of-engineering-navi-mumbai,30,4,Un-Aided,false,,
408,03193,"Shivajirao S. Jondhale College of Engineering, Dombivali,Mumbai",03193-shivajirao-s-jondhale-college-of-engineering-dombivali-mumbai,26,4,Un-Aided,false,,
409,03194,"Vidyavardhini's College of Engineering and Technology, Vasai",03194-vidyavardhini-s-college-of-engineering-and-technology-vasai,33,4,Un-Aided,false,,
410,03196,"Lokmanya Tilak College of Engineering, Kopar Khairane, Navi Mumbai",03196-lokmanya-tilak-college-of-engineering-kopar-khairane-navi-mumbai,30,4,Un-Aided Linguistic Minority - Hindi,false,,
411,03197,"Agnel Charities' FR. C. Rodrigues Institute of Technology, Vashi, Navi Mumbai",03197-agnel-charities-fr-c-rodrigues-institute-of-technology-vashi-navi-mumbai,30,6,Un-Aided Autonomous Religious Minority - Christian,true,,
412,03198,"Konkan Gyanpeeth College of Engineering, Karjat",03198-konkan-gyanpeeth-college-of-engineering-karjat,31,4,Un-Aided,false,,
413,03199,"Shri Vile Parle Kelvani Mandal's Dwarkadas J. Sanghvi College of Engineering, Vile Parle,Mumbai",03199-shri-vile-parle-kelvani-mandal-s-dwarkadas-j-sanghvi-college-of-engineering-vile-parle-mumbai,26,6,Un-Aided Autonomous Linguistic Minority - Gujarathi,true,,
414,03200,"Hope Foundation and research center's Finolex Academy of Management and Technology, Ratnagiri",03200-hope-foundation-and-research-center-s-finolex-academy-of-management-and-technology-ratnagiri,29,4,Un-Aided,false,,
415,03201,"Rizvi Education Society's Rizvi College of Engineering, Bandra,Mumbai",03201-rizvi-education-society-s-rizvi-college-of-engineering-bandra-mumbai,26,4,Un-Aided Religious Minority - Muslim,false,,
416,03202,Rajendra Mane College of Engineering & Technology Ambav Deorukh,03202-rajendra-mane-college-of-engineering-technology-ambav-deorukh,,4,Un-Aided,false,,
417,03203,"Atharva College of Engineering,Malad(West),Mumbai",03203-atharva-college-of-engineering-malad-west-mumbai,26,4,Un-Aided,false,,
418,03204,"St. Francis Institute of Technology,Borivali, Mumbai",03204-st-francis-institute-of-technology-borivali-mumbai,26,4,Un-Aided Religious Minority - Christian,false,,
419,03206,"S.S.P.M.'s College of Engineering, Kankavli",03206-s-s-p-m-s-college-of-engineering-kankavli,34,4,Un-Aided,false,,
420,03207,"Mahatma Education Society's Pillai College of Engineering, New Panvel",03207-mahatma-education-society-s-pillai-college-of-engineering-new-panvel,35,6,Un-Aided Autonomous Linguistic Minority - Malyalam,true,,
421,03208,"Don Bosco Institute of Technology, Mumbai",03208-don-bosco-institute-of-technology-mumbai,26,4,Un-Aided Religious Minority - Roman Catholics,false,,
422,03209,K J Somaiya Institute of Technology,03209-k-j-somaiya-institute-of-technology,,6,Un-Aided Autonomous Linguistic Minority - Gujarathi,true,,
423,03210,"Excelsior Education Society's K.C. College of Engineering and Management Studies and Research, Kopri, Thane (E)",03210-excelsior-education-society-s-k-c-college-of-engineering-and-management-studies-and-research-kopri-thane-e,36,4,Un-Aided Linguistic Minority - Punjabi,false,,
424,03211,"S.I.E.S. Graduate School of Technology, Nerul, Navi Mumbai",03211-s-i-e-s-graduate-school-of-technology-nerul-navi-mumbai,30,6,Un-Aided Autonomous Linguistic Minority - Tamil,true,,
425,03212,"Watumull Institute of Engineering & Technology, Ulhasnagar",03212-watumull-institute-of-engineering-technology-ulhasnagar,135,4,Un-Aided Linguistic Minority - Sindhi,false,,
426,03214,"Xavier Institute Of Engineering C/O Xavier Technical Institute,Mahim,Mumbai",03214-xavier-institute-of-engineering-c-o-xavier-technical-institute-mahim-mumbai,26,4,Un-Aided Religious Minority - Christian,false,,
427,03215,"Bhartiya Vidya Bhavan's Sardar Patel Institute of Technology , Andheri, Mumbai",03215-bhartiya-vidya-bhavan-s-sardar-patel-institute-of-technology-andheri-mumbai,26,6,Un-Aided Autonomous,true,,
428,03216,"Gharda Foundation's Gharda Institute of Technology,Khed, Ratnagiri",03216-gharda-foundation-s-gharda-institute-of-technology-khed-ratnagiri,29,4,Un-Aided,false,,
429,03217,"Vighnaharata Trust's Shivajirao S. Jondhale College of Engineering & Technology, Shahapur, Asangaon, Dist Thane",03217-vighnaharata-trust-s-shivajirao-s-jondhale-college-of-engineering-technology-shahapur-asangaon-dist-thane,,4,Un-Aided,false,,
430,03218,"Aldel Education Trust's St. John College of Engineering & Management, Vevoor, Palghar",03218-aldel-education-trust-s-st-john-college-of-engineering-management-vevoor-palghar,38,6,Un-Aided Autonomous Religious Minority - Christian,true,,
431,03219,"Koti Vidya Charitable Trust's Smt. Alamuri Ratnamala Institute of Engineering and Technology, Sapgaon, Tal. Shahapur",03219-koti-vidya-charitable-trust-s-smt-alamuri-ratnamala-institute-of-engineering-and-technology-sapgaon-tal-shahapur,,4,Un-Aided Linguistic Minority - Hindi,false,,
432,03220,Yadavrao Tasgaonkar College of Engineering & Management,03220-yadavrao-tasgaonkar-college-of-engineering-management,,4,Un-Aided,false,,
433,03221,"Vishnu Waman Thakur Charitable Trust's VIVA Institute of Technology, Virar",03221-vishnu-waman-thakur-charitable-trust-s-viva-institute-of-technology-virar,136,4,Un-Aided,false,,
434,03222,"Haji Jamaluddin Thim Trust's Theem College of Engineering, At. Villege Betegaon, Boisar",03222-haji-jamaluddin-thim-trust-s-theem-college-of-engineering-at-villege-betegaon-boisar,40,4,Un-Aided Religious Minority - Muslim,false,,
435,03223,"Mahatma Education Society's Pillai HOC College of Engineering & Technology, Tal. Khalapur. Dist. Raigad",03223-mahatma-education-society-s-pillai-hoc-college-of-engineering-technology-tal-khalapur-dist-raigad,,4,Un-Aided Linguistic Minority - Malyalam,false,,
436,03224,"Leela Education Society, G.V. Acharya Institute of Engineering and Technology, Shelu, Karjat",03224-leela-education-society-g-v-acharya-institute-of-engineering-and-technology-shelu-karjat,31,4,Un-Aided,false,,
437,03257,"Vidya Prasarak Mandal's College of Engineering, Thane",03257-vidya-prasarak-mandal-s-college-of-engineering-thane,50,4,Un-Aided,false,,
438,03277,Pravin Rohidas Patil College of Engineering & Technology,03277-pravin-rohidas-patil-college-of-engineering-technology,,4,Un-Aided,false,,
439,03351,"Bharat College of Engineering, Kanhor, Badlapur(W)",03351-bharat-college-of-engineering-kanhor-badlapur-w,42,4,Un-Aided,false,,
440,03353,"Dilkap Research Institute Of Engineering and Management Studies, At.Mamdapur, Post- Neral, Tal- Karjat, Mumbai",03353-dilkap-research-institute-of-engineering-and-management-studies-at-mamdapur-post-neral-tal-karjat-mumbai,26,4,Un-Aided,false,,
441,03423,"Shree L.R. Tiwari College of Engineering, Mira Road, Mumbai",03423-shree-l-r-tiwari-college-of-engineering-mira-road-mumbai,26,4,Un-Aided Linguistic Minority - Hindi,false,,
442,03436,"B.R. Harne College of Engineering & Technology, Karav, Tal-Ambernath.",03436-b-r-harne-college-of-engineering-technology-karav-tal-ambernath,,4,Un-Aided,false,,
443,03439,"Anjuman-I-Islam's Kalsekar Technical Campus, Panvel",03439-anjuman-i-islam-s-kalsekar-technical-campus-panvel,43,4,Un-Aided Religious Minority - Muslim,false,,
444,03440,"Metropolitan Institute of Technology & Management, Sukhalwad, Sindhudurg.",03440-metropolitan-institute-of-technology-management-sukhalwad-sindhudurg,44,4,Un-Aided,false,,
445,03445,"Vishwatmak Jangli Maharaj Ashram Trust (Kokamthan), Atma Malik Institute Of Technology & Research",03445-vishwatmak-jangli-maharaj-ashram-trust-kokamthan-atma-malik-institute-of-technology-research,45,4,Un-Aided,false,,
446,03447,"G.M.Vedak Institute of Technology, Tala, Raigad.",03447-g-m-vedak-institute-of-technology-tala-raigad,46,4,Un-Aided,false,,
447,03460,"Universal College of Engineering,Kaman Dist. Palghar",03460-universal-college-of-engineering-kaman-dist-palghar,47,4,Un-Aided Linguistic Minority - Gujarathi,false,,
448,03462,"VPM's Maharshi Parshuram College of Engineering, Velneshwar, Ratnagiri.",03462-vpm-s-maharshi-parshuram-college-of-engineering-velneshwar-ratnagiri,48,4,Un-Aided,false,,
449,03465,"Ideal Institute of Technology, Wada, Dist.Thane",03465-ideal-institute-of-technology-wada-dist-thane,,4,Un-Aided,false,,
450,03467,"Vishwaniketan's Institute of Management Entrepreneurship and Engineering Technology(i MEET), Khalapur Dist Raigad",03467-vishwaniketan-s-institute-of-management-entrepreneurship-and-engineering-technology-i-meet-khalapur-dist-raigad,49,4,Un-Aided,false,,
451,03470,YASHWANTRAO BHONSALE INSTITUTE OF TECHNOLOGY,03470-yashwantrao-bhonsale-institute-of-technology,,4,Un-Aided,false,,
452,03471,"New Horizon Institute of Technology & Management, Thane",03471-new-horizon-institute-of-technology-management-thane,50,4,Un-Aided,false,,
453,03475,"A. P. Shah Institute of Technology, Thane",03475-a-p-shah-institute-of-technology-thane,50,4,Un-Aided Religious Minority - Jain,false,,
454,03477,"Chhartrapati Shivaji Maharaj Institute of Technology, Shedung, Panvel",03477-chhartrapati-shivaji-maharaj-institute-of-technology-shedung-panvel,43,4,Un-Aided,false,,
455,03503,"Indala College Of Engineering, Bapsai Tal.Kalyan",03503-indala-college-of-engineering-bapsai-tal-kalyan,51,4,Un-Aided,false,,
456,03546,Devi Mahalaxmi College of Engineering and Technology,03546-devi-mahalaxmi-college-of-engineering-and-technology,,4,Un-Aided,false,,
457,04004,"Government College of Engineering, Chandrapur",04004-government-college-of-engineering-chandrapur,52,7,Government,false,,
458,04025,"Government College of Engineering, Nagpur",04025-government-college-of-engineering-nagpur,53,5,Government,false,,
459,04104,"Kavi Kulguru Institute of Technology & Science, Ramtek",04104-kavi-kulguru-institute-of-technology-science-ramtek,54,5,Un-Aided,false,,
460,04116,"Ankush Shikshan Sanstha's G.H.Raisoni College of Engineering, Nagpur",04116-ankush-shikshan-sanstha-s-g-h-raisoni-college-of-engineering-nagpur,53,6,Un-Aided Autonomous Linguistic Minority - Hindi,true,,
461,04118,"Bapurao Deshmukh College of Engineering, Sevagram",04118-bapurao-deshmukh-college-of-engineering-sevagram,55,5,Un-Aided,false,,
462,04123,"Lokmanya Tilak Jankalyan Shikshan Sanstha, Priyadarshani College of Engineering, Nagpur",04123-lokmanya-tilak-jankalyan-shikshan-sanstha-priyadarshani-college-of-engineering-nagpur,53,6,Un-Aided Autonomous Linguistic Minority - Hindi,true,,
463,04133,"Sanmarg Shikshan Sanstha's Smt. Radhikatai Pandav College of Engineering, Nagpur",04133-sanmarg-shikshan-sanstha-s-smt-radhikatai-pandav-college-of-engineering-nagpur,53,5,Un-Aided,false,,
464,04134,"Guru Nanak Institute of Engineering & Technology,Kalmeshwar, Nagpur",04134-guru-nanak-institute-of-engineering-technology-kalmeshwar-nagpur,53,5,Un-Aided,false,,
465,04135,"Amar Seva Mandal's Shree Govindrao Vanjari College of Engineering & Technology, Nagpur",04135-amar-seva-mandal-s-shree-govindrao-vanjari-college-of-engineering-technology-nagpur,53,5,Un-Aided,false,,
466,04136,"Lokmanya Tilak Jankalyan Shikshan Sastha, Priyadarshini J. L. College Of Engineering, Nagpur",04136-lokmanya-tilak-jankalyan-shikshan-sastha-priyadarshini-j-l-college-of-engineering-nagpur,53,6,Un-Aided Autonomous Linguistic Minority - Hindi,true,,
467,04137,"Sir Shantilal Badjate Charitable Trust's S. B. Jain Institute of technology, Management & Research, Nagpur",04137-sir-shantilal-badjate-charitable-trust-s-s-b-jain-institute-of-technology-management-research-nagpur,53,6,Un-Aided Autonomous Linguistic Minority - Hindi,true,,
468,04138,"Jaidev Education Society, J D College of Engineering and Management, Nagpur",04138-jaidev-education-society-j-d-college-of-engineering-and-management-nagpur,53,6,Un-Aided Autonomous Linguistic Minority - Hindi,true,,
469,04139,"Samridhi Sarwajanik Charitable Trust, Jhulelal Institute of Technology, Nagpur",04139-samridhi-sarwajanik-charitable-trust-jhulelal-institute-of-technology-nagpur,53,6,Un-Aided Autonomous Linguistic Minority - Sindhi,true,,
470,04141,"Shriram Gram Vikas Shikshan Sanstha, Vilasrao Deshmukh College of Engineering and Technology, Nagpur",04141-shriram-gram-vikas-shikshan-sanstha-vilasrao-deshmukh-college-of-engineering-and-technology-nagpur,53,5,Un-Aided,false,,
471,04142,"G H Raisoni College of Engineering & Management, Nagpur",04142-g-h-raisoni-college-of-engineering-management-nagpur,53,6,Un-Aided Autonomous Linguistic Minority - Hindi,true,,
472,04143,"Sanmarg Shikshan Sanstha, Mandukarrao Pandav College of Engineering, Bhandara",04143-sanmarg-shikshan-sanstha-mandukarrao-pandav-college-of-engineering-bhandara,56,5,Un-Aided,false,,
473,04144,"Shri. Sai Shikshan Sanstha, Nagpur Institute of Technology, Nagpur",04144-shri-sai-shikshan-sanstha-nagpur-institute-of-technology-nagpur,53,5,Un-Aided,false,,
474,04145,"Wainganga College of Engineering and Management, Dongargaon, Nagpur",04145-wainganga-college-of-engineering-and-management-dongargaon-nagpur,53,6,Un-Aided Autonomous,true,,
475,04147,"K.D.K. College of Engineering, Nagpur",04147-k-d-k-college-of-engineering-nagpur,53,5,Un-Aided,false,,
476,04151,"Tulsiramji Gaikwad Patil College of Engineering & Technology, Nagpur",04151-tulsiramji-gaikwad-patil-college-of-engineering-technology-nagpur,53,6,Un-Aided Autonomous,true,,
477,04163,Rajiv Gandhi College of Engineering Research & Technology Chandrapur,04163-rajiv-gandhi-college-of-engineering-research-technology-chandrapur,,7,Un-Aided,false,,
478,04167,"Yeshwantrao Chavan College of Engineering,Wanadongri, Nagpur",04167-yeshwantrao-chavan-college-of-engineering-wanadongri-nagpur,53,6,Un-Aided Autonomous,true,,
479,04172,"Anjuman College of Engineering & Technology, Nagpur",04172-anjuman-college-of-engineering-technology-nagpur,53,5,Un-Aided Religious Minority - Muslim,false,,
480,04174,"ST. Vincent Pallotti College of Engineering & Technology, Nagpur",04174-st-vincent-pallotti-college-of-engineering-technology-nagpur,53,6,Un-Aided Autonomous Religious Minority - Christian,true,,
481,04175,"JMSS Shri Shankarprasad Agnihotri College of Engineering, Wardha",04175-jmss-shri-shankarprasad-agnihotri-college-of-engineering-wardha,57,5,Un-Aided,false,,
482,04177,"Priyadarshini Bhagwati College of Engineering, Harpur Nagar, Umred Road,Nagpur",04177-priyadarshini-bhagwati-college-of-engineering-harpur-nagar-umred-road-nagpur,53,5,Un-Aided Linguistic Minority - Hindi,false,,
483,04181,"Swaminarayan Siddhanta Institute Of Technology, Nagpur",04181-swaminarayan-siddhanta-institute-of-technology-nagpur,53,5,Un-Aided,false,,
484,04188,"Krushi Jivan Vikas Pratishthan, Ballarpur Institute of Technology, Mouza Bamni",04188-krushi-jivan-vikas-pratishthan-ballarpur-institute-of-technology-mouza-bamni,58,7,Un-Aided,false,,
485,04190,"M.D. Yergude Memorial Shikshan Prasarak Mandal's Shri Sai College of Engineering & Technology, Bhadrawati",04190-m-d-yergude-memorial-shikshan-prasarak-mandal-s-shri-sai-college-of-engineering-technology-bhadrawati,59,7,Un-Aided,false,,
486,04192,"Maitraya Education Society, Nagarjuna Institute of Engineering Technology & Management, Nagpur",04192-maitraya-education-society-nagarjuna-institute-of-engineering-technology-management-nagpur,53,5,Un-Aided,false,,
487,04193,"K.D.M. Education Society, Vidharbha Institute of Technology,Umred Road ,Nagpur",04193-k-d-m-education-society-vidharbha-institute-of-technology-umred-road-nagpur,53,6,Un-Aided Autonomous Linguistic Minority - Hindi,true,,
488,04196,"Gurunanak Educational Society's Gurunanak Institute of Technology, Nagpur",04196-gurunanak-educational-society-s-gurunanak-institute-of-technology-nagpur,53,5,Un-Aided,false,,
489,04197,"Jai Mahakali Shikshan Sanstha, Agnihotri College of Engineering, Sindhi(Meghe)",04197-jai-mahakali-shikshan-sanstha-agnihotri-college-of-engineering-sindhi-meghe,60,5,Un-Aided,false,,
490,04285,"V M Institute of Engineering and Technology, Dongargaon, Nagpur",04285-v-m-institute-of-engineering-and-technology-dongargaon-nagpur,53,5,Un-Aided,false,,
491,04302,"Gondia Education Society's Manoharbhai Patel Institute Of Engineering & Technology, Shahapur, Bhandara",04302-gondia-education-society-s-manoharbhai-patel-institute-of-engineering-technology-shahapur-bhandara,56,5,Un-Aided,false,,
492,04613,"Suryodaya College of Engineering & Technology, Nagpur",04613-suryodaya-college-of-engineering-technology-nagpur,53,6,Un-Aided Autonomous,true,,
493,04648,"R.V. Parankar College of Engineering & Technology, Arvi, Dist Wardha",04648-r-v-parankar-college-of-engineering-technology-arvi-dist-wardha,,5,Un-Aided,false,,
494,04649,"Bajaj Institute of Technology, Wardha",04649-bajaj-institute-of-technology-wardha,57,5,Un-Aided Linguistic Minority - Hindi,false,,
495,04679,"Karanjekar College of Engineering & Management, Sakoli",04679-karanjekar-college-of-engineering-management-sakoli,131,5,Un-Aided,false,,
496,05003,"University Institute of Chemical Technology, North Maharashtra University, Jalgaon",05003-university-institute-of-chemical-technology-north-maharashtra-university-jalgaon,61,8,University Department,false,,
497,05004,"Government College of Engineering, Jalgaon",05004-government-college-of-engineering-jalgaon,61,6,Government Autonomous,true,,
498,05103,"Shri Shivaji Vidya Prasarak Sanstha's Late Bapusaheb Shivaji Rao Deore College of Engineering,Dhule",05103-shri-shivaji-vidya-prasarak-sanstha-s-late-bapusaheb-shivaji-rao-deore-college-of-engineering-dhule,62,8,Un-Aided,false,,
499,05104,"Shramsadhana Bombay Trust, College of Engineering & Technology, Jalgaon",05104-shramsadhana-bombay-trust-college-of-engineering-technology-jalgaon,61,8,Un-Aided,false,,
500,05106,"Khandesh College Education Society's College Of Engineering And Management, Jalgaon",05106-khandesh-college-education-society-s-college-of-engineering-and-management-jalgaon,61,8,Un-Aided,false,,
501,05108,"Maratha Vidya Prasarak Samaj's Karmaveer Adv. Baburao Ganpatrao Thakare College Of Engineering, Nashik",05108-maratha-vidya-prasarak-samaj-s-karmaveer-adv-baburao-ganpatrao-thakare-college-of-engineering-nashik,63,6,Un-Aided Autonomous,true,,
502,05109,"Sandip Foundation, Sandip Institute of Technology and Research Centre, Mahiravani, Nashik",05109-sandip-foundation-sandip-institute-of-technology-and-research-centre-mahiravani-nashik,63,6,Un-Aided Autonomous,true,,
503,05121,"K. K. Wagh Institute of Engineering Education and Research, Nashik",05121-k-k-wagh-institute-of-engineering-education-and-research-nashik,63,6,Un-Aided Autonomous,true,,
504,05124,"Jagadamba Education Soc. Nashik's S.N.D. College of Engineering & Reserch, Babulgaon",05124-jagadamba-education-soc-nashik-s-s-n-d-college-of-engineering-reserch-babulgaon,64,9,Un-Aided,false,,
505,05125,"Pravara Rural Education Society's Sir Visvesvaraya Institute of Technology, Chincholi Dist. Nashik",05125-pravara-rural-education-society-s-sir-visvesvaraya-institute-of-technology-chincholi-dist-nashik,65,9,Un-Aided,false,,
506,05130,"Brahma Valley College of Engineering & Research, Trimbakeshwar, Nashik",05130-brahma-valley-college-of-engineering-research-trimbakeshwar-nashik,63,9,Un-Aided,false,,
507,05139,"Pravara Rural College of Engineering, Loni, Pravaranagar, Ahmednagar.",05139-pravara-rural-college-of-engineering-loni-pravaranagar-ahmednagar,66,9,Un-Aided,false,,
508,05151,"MET Bhujbal Knowledge City MET League's Engineering College, Adgaon, Nashik.",05151-met-bhujbal-knowledge-city-met-league-s-engineering-college-adgaon-nashik,67,9,Un-Aided,false,,
509,05152,"G H Raisoni College of Engineering and Management, Jalgaon",05152-g-h-raisoni-college-of-engineering-and-management-jalgaon,61,6,Un-Aided Autonomous Linguistic Minority - Hindi,true,,
510,05160,"Sanjivani Rural Education Society's Sanjivani College of Engineering, Kopargaon",05160-sanjivani-rural-education-society-s-sanjivani-college-of-engineering-kopargaon,68,6,Un-Aided Autonomous,true,,
511,05161,"Dr. Vithalrao Vikhe Patil College of Engineering, Ahmednagar",05161-dr-vithalrao-vikhe-patil-college-of-engineering-ahmednagar,69,9,Un-Aided,false,,
512,05162,"Amrutvahini Sheti & Shikshan Vikas Sanstha's Amrutvahini College of Engineering, Sangamner",05162-amrutvahini-sheti-shikshan-vikas-sanstha-s-amrutvahini-college-of-engineering-sangamner,70,9,Un-Aided,false,,
513,05164,"P.S.G.V.P. Mandal's D.N. Patel College of Engineering, Shahada, Dist. Nandurbar",05164-p-s-g-v-p-mandal-s-d-n-patel-college-of-engineering-shahada-dist-nandurbar,,8,Un-Aided Linguistic Minority - Gujar,false,,
514,05168,"T.M.E. Society's J.T.Mahajan College of Engineering, Faizpur",05168-t-m-e-society-s-j-t-mahajan-college-of-engineering-faizpur,71,8,Un-Aided,false,,
515,05169,"Nagaon Education Society's Gangamai College of Engineering, Nagaon, Tal Dist Dhule",05169-nagaon-education-society-s-gangamai-college-of-engineering-nagaon-tal-dist-dhule,,8,Un-Aided,false,,
516,05170,"Hindi Seva Mandal's Shri Sant Gadgebaba College of Engineering & Technology, Bhusawal",05170-hindi-seva-mandal-s-shri-sant-gadgebaba-college-of-engineering-technology-bhusawal,72,8,Un-Aided Linguistic Minority - Hindi,false,,
517,05171,"Godavari Foundation's Godavari College Of Engineering, Jalgaon",05171-godavari-foundation-s-godavari-college-of-engineering-jalgaon,61,8,Un-Aided,false,,
518,05172,"R. C. Patel Institute of Technology, Shirpur",05172-r-c-patel-institute-of-technology-shirpur,73,6,Un-Aided Autonomous Linguistic Minority - Gujarathi,true,,
519,05173,"SNJB's Late Sau. Kantabai Bhavarlalji Jain College of Engineering, (Jain Gurukul), Neminagar,Chandwad,(Nashik)",05173-snjb-s-late-sau-kantabai-bhavarlalji-jain-college-of-engineering-jain-gurukul-neminagar-chandwad-nashik,74,6,Un-Aided Autonomous Religious Minority - Jain,true,,
520,05177,"Matoshri College of Engineering and Research Centre, Eklahare, Nashik",05177-matoshri-college-of-engineering-and-research-centre-eklahare-nashik,63,6,Un-Aided Autonomous,true,,
521,05179,"Vishwabharati Academy's College of Engineering, Ahmednagar",05179-vishwabharati-academy-s-college-of-engineering-ahmednagar,69,9,Un-Aided,false,,
522,05181,"Gokhale Education Society's, R.H. Sapat College of Engineering, Management Studies and Research, Nashik",05181-gokhale-education-society-s-r-h-sapat-college-of-engineering-management-studies-and-research-nashik,63,9,Un-Aided,false,,
523,05182,"Kalyani Charitable Trust, Late Gambhirrao Natuba Sapkal College of Engineering, Anjaneri, Trimbakeshwar Road, Nashik",05182-kalyani-charitable-trust-late-gambhirrao-natuba-sapkal-college-of-engineering-anjaneri-trimbakeshwar-road-nashik,63,9,Un-Aided,false,,
524,05184,"Amruta Vaishnavi Education & Welfare Trust's Shatabdi Institute of Engineering & Research, Agaskhind Tal. Sinnar",05184-amruta-vaishnavi-education-welfare-trust-s-shatabdi-institute-of-engineering-research-agaskhind-tal-sinnar,75,9,Un-Aided Religious Minority - Christian,false,,
525,05244,"MET's Institute of Technology Polytechnic, Bhujbal Knowledge City, Adgaon Nashik",05244-met-s-institute-of-technology-polytechnic-bhujbal-knowledge-city-adgaon-nashik,76,9,Un-Aided,false,,
526,05256,"Matoshri Education Soceity, Matoshri Asarabai Polytechnic,Nashik",05256-matoshri-education-soceity-matoshri-asarabai-polytechnic-nashik,63,9,Un-Aided,false,,
527,05263,"Matoshri Education Soceity, Matoshri Institute Of Technology, Dhanore, Nashik",05263-matoshri-education-soceity-matoshri-institute-of-technology-dhanore-nashik,63,9,Un-Aided,false,,
528,05303,"Hon. Shri. Babanrao Pachpute Vichardhara Trust, Group of Institutions (Integrated Campus)-Parikrama, Kashti Shrigondha,",05303-hon-shri-babanrao-pachpute-vichardhara-trust-group-of-institutions-integrated-campus-parikrama-kashti-shrigondha,77,9,Un-Aided,false,,
529,05322,"Jamia Institute Of Engineering And Management Studies, Akkalkuwa",05322-jamia-institute-of-engineering-and-management-studies-akkalkuwa,78,8,Un-Aided Religious Minority - Muslim,false,,
530,05330,"PUNE VIDYARTHI GRIHA’S COLLEGE OF ENGINEERING & SHRIKRUSHNA S. DHAMANKAR INSTITUTE OF MANAGEMENT, NASHIK",05330-pune-vidyarthi-griha-s-college-of-engineering-shrikrushna-s-dhamankar-institute-of-management-nashik,79,9,Un-Aided,false,,
531,05331,"Sandip Foundation's, Sandip Institute of Engineering & Management, Nashik",05331-sandip-foundation-s-sandip-institute-of-engineering-management-nashik,63,9,Un-Aided,false,,
532,05365,"Vardhaman Education & Welfare Society, Ahinsa Institute of Technology, Post. Dondaicha, Dhule",05365-vardhaman-education-welfare-society-ahinsa-institute-of-technology-post-dondaicha-dhule,62,8,Un-Aided Religious Minority - Jain,false,,
533,05370,"Kedareshwar Gramin Vikas Pratishthan, Samajbhushan Eknathrao Dhakane College, of Engineering, Shevgaon",05370-kedareshwar-gramin-vikas-pratishthan-samajbhushan-eknathrao-dhakane-college-of-engineering-shevgaon,137,9,Un-Aided,false,,
534,05380,"Adsul's Technical Campus, Chas Dist. Ahmednagar",05380-adsul-s-technical-campus-chas-dist-ahmednagar,80,9,Un-Aided,false,,
535,05381,"Shri. Jaykumar Rawal Institute of Technology, Dondaicha.",05381-shri-jaykumar-rawal-institute-of-technology-dondaicha,81,8,Un-Aided,false,,
536,05382,"Ahmednagar Jilha Maratha Vidya Prasarak Samajache, Shri. Chhatrapati Shivaji Maharaj College of Engineering, Nepti",05382-ahmednagar-jilha-maratha-vidya-prasarak-samajache-shri-chhatrapati-shivaji-maharaj-college-of-engineering-nepti,82,9,Un-Aided,false,,
537,05390,"K.V.N. Naik S. P. Sansth's Loknete Gopinathji Munde Institute of Engineering Education & Research, Nashik.",05390-k-v-n-naik-s-p-sansth-s-loknete-gopinathji-munde-institute-of-engineering-education-research-nashik,67,9,Un-Aided,false,,
538,05396,"College of Engineering and Technology ,North Maharashtra Knowledge City, Jalgaon",05396-college-of-engineering-and-technology-north-maharashtra-knowledge-city-jalgaon,61,8,Un-Aided,false,,
539,05399,"Sanghavi College of Engineering, Varvandi, Nashik.",05399-sanghavi-college-of-engineering-varvandi-nashik,67,9,Un-Aided,false,,
540,05401,"Jawahar Education Society's Institute of Technology, Management & Research, Nashik.",05401-jawahar-education-society-s-institute-of-technology-management-research-nashik,67,9,Un-Aided,false,,
541,05408,"Vidya Niketan College of Engineering, Bota Sangamner",05408-vidya-niketan-college-of-engineering-bota-sangamner,83,9,Un-Aided,false,,
542,05409,"Rajiv Gandhi College of Engineering, At Post Karjule Hariya Tal.Parner, Dist.Ahmednagar",05409-rajiv-gandhi-college-of-engineering-at-post-karjule-hariya-tal-parner-dist-ahmednagar,,9,Un-Aided,false,,
543,05411,"Maulana Mukhtar Ahmad Nadvi Technical Campus, Malegaon.",05411-maulana-mukhtar-ahmad-nadvi-technical-campus-malegaon,84,9,Un-Aided Religious Minority - Muslim,false,,
544,05418,"Guru Gobind Singh College of Engineering & Research Centre, Nashik.",05418-guru-gobind-singh-college-of-engineering-research-centre-nashik,67,9,Un-Aided,false,,
545,05433,"R.C. Patel College of Engineering and Polytechnic, Shirpur",05433-r-c-patel-college-of-engineering-and-polytechnic-shirpur,73,8,Un-Aided Linguistic Minority - Gujarathi,false,,
546,05449,"Shri Vile Parle Kelavani Mandal's Institute of Technology, Dhule",05449-shri-vile-parle-kelavani-mandal-s-institute-of-technology-dhule,62,8,Un-Aided Linguistic Minority - Gujarathi,false,,
547,05497,"P.G. College of Engineering & Technology, Nandurbar",05497-p-g-college-of-engineering-technology-nandurbar,85,8,Un-Aided,false,,
548,05509,"Shri Swami Samarth Institute of Management and Technology, Malwadi-Bota",05509-shri-swami-samarth-institute-of-management-and-technology-malwadi-bota,138,9,Un-Aided,false,,
549,05513,"MKD Institute of Technology, Nadurbar",05513-mkd-institute-of-technology-nadurbar,139,8,Un-Aided,false,,
550,06004,"Government College of Engineering & Research, Avasari Khurd",06004-government-college-of-engineering-research-avasari-khurd,86,9,Government,false,,
551,06005,"Government College of Engineering, Karad",06005-government-college-of-engineering-karad,87,6,Government Autonomous,true,,
552,06007,"Walchand College of Engineering, Sangli",06007-walchand-college-of-engineering-sangli,88,6,Government-Aided Autonomous,true,,
553,06028,"Department of Technology, Shivaji University, Kolhapur",06028-department-of-technology-shivaji-university-kolhapur,89,10,University Department,false,,
554,06036,"Government College of Engineering, Kolhapur",06036-government-college-of-engineering-kolhapur,89,10,Government,false,,
555,06122,"TSSMS's Pd. Vasantdada Patil Institute of Technology, Bavdhan, Pune",06122-tssms-s-pd-vasantdada-patil-institute-of-technology-bavdhan-pune,90,9,Un-Aided,false,,
556,06138,"Genba Sopanrao Moze Trust Parvatibai Genba Moze College of Engineering,Wagholi, Pune",06138-genba-sopanrao-moze-trust-parvatibai-genba-moze-college-of-engineering-wagholi-pune,90,9,Un-Aided,false,,
557,06139,"Progressive Education Society's Modern College of Engineering, Pune",06139-progressive-education-society-s-modern-college-of-engineering-pune,90,6,Un-Aided Autonomous,true,,
558,06141,"Jaywant Shikshan Prasarak Mandal's,Rajarshi Shahu College of Engineering, Tathawade, Pune",06141-jaywant-shikshan-prasarak-mandal-s-rajarshi-shahu-college-of-engineering-tathawade-pune,90,6,Un-Aided Autonomous,true,,
559,06144,"Genba Sopanrao Moze College of Engineering, Baner-Balewadi, Pune",06144-genba-sopanrao-moze-college-of-engineering-baner-balewadi-pune,90,9,Un-Aided,false,,
560,06145,"JSPM'S Jaywantrao Sawant College of Engineering,Pune",06145-jspm-s-jaywantrao-sawant-college-of-engineering-pune,90,9,Un-Aided,false,,
561,06146,"MIT Academy of Engineering,Alandi, Pune",06146-mit-academy-of-engineering-alandi-pune,90,6,Un-Aided Autonomous,true,,
562,06149,"Siddhant College of Engineering, A/p Sudumbare, Tal.Maval, Dist-Pune",06149-siddhant-college-of-engineering-a-p-sudumbare-tal-maval-dist-pune,,9,Un-Aided Linguistic Minority - Hindi,false,,
563,06155,"G.H.Raisoni College of Engineering & Management, Wagholi, Pune",06155-g-h-raisoni-college-of-engineering-management-wagholi-pune,90,6,Un-Aided Autonomous Linguistic Minority - Hindi,true,,
564,06156,"Marathwada Mitra Mandal's College of Engineering, Karvenagar, Pune",06156-marathwada-mitra-mandal-s-college-of-engineering-karvenagar-pune,90,6,Un-Aided Autonomous,true,,
565,06175,"Pimpri Chinchwad Education Trust, Pimpri Chinchwad College of Engineering, Pune",06175-pimpri-chinchwad-education-trust-pimpri-chinchwad-college-of-engineering-pune,90,6,Un-Aided Autonomous,true,,
566,06177,"Sinhgad College of Engineering, Vadgaon (BK), Pune",06177-sinhgad-college-of-engineering-vadgaon-bk-pune,90,9,Un-Aided,false,,
567,06178,"Sinhgad Technical Education Society's Smt. Kashibai Navale College of Engineering,Vadgaon,Pune",06178-sinhgad-technical-education-society-s-smt-kashibai-navale-college-of-engineering-vadgaon-pune,90,9,Un-Aided,false,,
568,06179,"Indira College of Engineering & Management, Pune",06179-indira-college-of-engineering-management-pune,90,6,Un-Aided Autonomous,true,,
569,06182,"Sinhgad Technical Education Society, Sinhgad Institute of Technology and Science, Narhe (Ambegaon)",06182-sinhgad-technical-education-society-sinhgad-institute-of-technology-and-science-narhe-ambegaon,91,9,Un-Aided,false,,
570,06183,"Al-Ameen Educational and Medical Foundation, College of Engineering, Koregaon, Bhima",06183-al-ameen-educational-and-medical-foundation-college-of-engineering-koregaon-bhima,92,9,Un-Aided Religious Minority - Muslim,false,,
571,06184,"K. J.'s Educational Institut Trinity College of Engineering and Research, Pisoli, Haveli",06184-k-j-s-educational-institut-trinity-college-of-engineering-and-research-pisoli-haveli,93,9,Un-Aided,false,,
572,06185,Sinhgad Institute of Technology,06185-sinhgad-institute-of-technology,,9,Un-Aided,false,,
573,06187,"Sinhgad Academy of Engineering, Kondhwa (BK) Kondhwa-Saswad Road, Pune",06187-sinhgad-academy-of-engineering-kondhwa-bk-kondhwa-saswad-road-pune,90,9,Un-Aided,false,,
574,06203,"Marathwada Mitra Mandal's Institute of Technology, Lohgaon, Pune",06203-marathwada-mitra-mandal-s-institute-of-technology-lohgaon-pune,90,9,Un-Aided,false,,
575,06206,"Pune District Education Association's College of Engineering, Manjari(Bk), Hadapsar, Pune",06206-pune-district-education-association-s-college-of-engineering-manjari-bk-hadapsar-pune,90,9,Un-Aided,false,,
576,06207,"Dr. D. Y. Patil Unitech Society's Dr. D. Y. Patil Institute of Technology, Pimpri, Pune",06207-dr-d-y-patil-unitech-society-s-dr-d-y-patil-institute-of-technology-pimpri-pune,90,9,Un-Aided,false,,
577,06214,"K. E. Society's Rajarambapu Institute of Technology, Walwa, Sangli",06214-k-e-society-s-rajarambapu-institute-of-technology-walwa-sangli,88,6,Un-Aided Autonomous,true,,
578,06217,"Shri. Balasaheb Mane Shikshan Prasarak Mandal's, Ashokrao Mane Group of Institutions",06217-shri-balasaheb-mane-shikshan-prasarak-mandal-s-ashokrao-mane-group-of-institutions,94,10,Un-Aided,false,,
579,06219,"KSGBS's Bharat- Ratna Indira Gandhi College of Engineering, Kegaon, Solapur",06219-ksgbs-s-bharat-ratna-indira-gandhi-college-of-engineering-kegaon-solapur,95,11,Un-Aided,false,,
580,06220,"Shri Vithal Education and Research Institute's College of Engineering, Pandharpur",06220-shri-vithal-education-and-research-institute-s-college-of-engineering-pandharpur,96,6,Un-Aided Autonomous,true,,
581,06222,"Dattajirao Kadam Technical Education Society's Textile & Engineering Institute, Ichalkaranji.",06222-dattajirao-kadam-technical-education-society-s-textile-engineering-institute-ichalkaranji,97,6,Un-Aided Autonomous,true,,
582,06223,"Pradnya Niketan Education Society's Nagesh Karajagi Orchid College of Engineering & Technology, Solapur",06223-pradnya-niketan-education-society-s-nagesh-karajagi-orchid-college-of-engineering-technology-solapur,95,6,Un-Aided Autonomous,true,,
583,06250,"D.Y. Patil College of Engineering and Technology, Kolhapur",06250-d-y-patil-college-of-engineering-and-technology-kolhapur,89,6,Un-Aided Autonomous,true,,
584,06265,"Walchand Institute of Technology, Solapur",06265-walchand-institute-of-technology-solapur,95,6,Un-Aided Autonomous Religious Minority - Jain,true,,
585,06267,"Kolhapur Institute of Technology's College of Engineering(Autonomous), Kolhapur",06267-kolhapur-institute-of-technology-s-college-of-engineering-autonomous-kolhapur,89,6,Un-Aided Autonomous,true,,
586,06268,"Tatyasaheb Kore Institute of Engineering and Technology, Warananagar",06268-tatyasaheb-kore-institute-of-engineering-and-technology-warananagar,98,6,Un-Aided Autonomous,true,,
587,06269,"Shetkari Shikshan Mandal's Pad. Vasantraodada Patil Institute of Technology, Budhgaon, Sangli",06269-shetkari-shikshan-mandal-s-pad-vasantraodada-patil-institute-of-technology-budhgaon-sangli,88,10,Un-Aided,false,,
588,06270,"Rayat Shikshan Sanstha's Karmaveer Bhaurao Patil College of Engineering, Satara",06270-rayat-shikshan-sanstha-s-karmaveer-bhaurao-patil-college-of-engineering-satara,99,10,Un-Aided,false,,
589,06271,Pune Institute of Computer Technology,06271-pune-institute-of-computer-technology,,6,Un-Aided Autonomous,true,,
590,06272,"Dr. D. Y. Patil Pratishthan's D.Y.Patil College of Engineering Akurdi, Pune",06272-dr-d-y-patil-pratishthan-s-d-y-patil-college-of-engineering-akurdi-pune,90,6,Un-Aided Autonomous,true,,
591,06273,"Bansilal Ramnath Agarawal Charitable Trust's Vishwakarma Institute of Technology, Bibwewadi, Pune",06273-bansilal-ramnath-agarawal-charitable-trust-s-vishwakarma-institute-of-technology-bibwewadi-pune,90,6,Un-Aided Autonomous,true,,
592,06274,"Pune Vidyarthi Griha's College of Engineering and Technology and G K Pate(Wani) Institute of Management, Pune",06274-pune-vidyarthi-griha-s-college-of-engineering-and-technology-and-g-k-pate-wani-institute-of-management-pune,90,9,Un-Aided,false,,
593,06275,"Shivnagar Vidya Prasarak Mandal's College of Engineering, Malegaon-Baramati",06275-shivnagar-vidya-prasarak-mandal-s-college-of-engineering-malegaon-baramati,100,9,Un-Aided,false,,
594,06277,"Dr. J. J. Magdum Charitable Trust's Dr. J.J. Magdum College of Engineering, Jaysingpur",06277-dr-j-j-magdum-charitable-trust-s-dr-j-j-magdum-college-of-engineering-jaysingpur,101,6,Un-Aided Autonomous,true,,
595,06278,"All India Shri Shivaji Memorial Society's College of Engineering, Pune",06278-all-india-shri-shivaji-memorial-society-s-college-of-engineering-pune,90,9,Un-Aided,false,,
596,06281,"Modern Education Society's Wadia College of Engineering, Pune",06281-modern-education-society-s-wadia-college-of-engineering-pune,90,9,Un-Aided,false,,
597,06282,"All India Shri Shivaji Memorial Society's Institute of Information Technology,Pune",06282-all-india-shri-shivaji-memorial-society-s-institute-of-information-technology-pune,90,6,Un-Aided Autonomous,true,,
598,06283,"Annasaheb Dange College of Engineering and Technology, Ashta, Sangli",06283-annasaheb-dange-college-of-engineering-and-technology-ashta-sangli,88,6,Un-Aided Autonomous,true,,
599,06284,"Vidya Pratishthan's Kamalnayan Bajaj Institute of Engineering & Technology, Baramati Dist.Pune",06284-vidya-pratishthan-s-kamalnayan-bajaj-institute-of-engineering-technology-baramati-dist-pune,102,6,Un-Aided Autonomous,true,,
600,06288,"Bharati Vidyapeeth's College of Engineering, Kolhapur",06288-bharati-vidyapeeth-s-college-of-engineering-kolhapur,89,10,Un-Aided,false,,
601,06293,"Kai Amdar Bramhadevdada Mane Shikshan & Samajik Prathistan's Bramhadevdada Mane Institute of Technology, Solapur",06293-kai-amdar-bramhadevdada-mane-shikshan-samajik-prathistan-s-bramhadevdada-mane-institute-of-technology-solapur,95,11,Un-Aided,false,,
602,06298,"Zeal Education Society's Zeal College of Engineering & Reserch, Narhe, Pune",06298-zeal-education-society-s-zeal-college-of-engineering-reserch-narhe-pune,90,6,Un-Aided Autonomous,true,,
603,06303,"Dr. Ashok Gujar Technical Institute's Dr. Daulatrao Aher College of Engineering, Karad",06303-dr-ashok-gujar-technical-institute-s-dr-daulatrao-aher-college-of-engineering-karad,87,10,Un-Aided,false,,
604,06304,"Loknete Hanumantrao Charitable Trust's Adarsh Institute of Technology and Research Centre, Vita,Sangli",06304-loknete-hanumantrao-charitable-trust-s-adarsh-institute-of-technology-and-research-centre-vita-sangli,88,10,Un-Aided,false,,
605,06305,"Late Narayandas Bhawandas Chhabada Institute of Engineering & Technology, Satara",06305-late-narayandas-bhawandas-chhabada-institute-of-engineering-technology-satara,99,10,Un-Aided,false,,
606,06307,"Dhole Patil Education Society, Dhole Patil College of Engineering, Wagholi, Tal. Haveli",06307-dhole-patil-education-society-dhole-patil-college-of-engineering-wagholi-tal-haveli,,9,Un-Aided,false,,
607,06308,"Shanti Education Society, A.G. Patil Institute of Technology, Soregaon, Solapur(North)",06308-shanti-education-society-a-g-patil-institute-of-technology-soregaon-solapur-north,103,11,Un-Aided,false,,
608,06310,"Nutan Maharashtra Vidya Prasarak Mandal, Nutan Maharashtra Institute of Engineering &Technology, Talegaon station, Pune",06310-nutan-maharashtra-vidya-prasarak-mandal-nutan-maharashtra-institute-of-engineering-technology-talegaon-station-pune,90,9,Un-Aided,false,,
609,06311,"Jayawant Shikshan Prasarak Mandal, Bhivarabai Sawant Institute of Technology & Research, Wagholi",06311-jayawant-shikshan-prasarak-mandal-bhivarabai-sawant-institute-of-technology-research-wagholi,104,9,Un-Aided,false,,
610,06313,"Jaywant College of Engineering & Polytechnic , Kille Macchindragad Tal. Walva District- Sangali",06313-jaywant-college-of-engineering-polytechnic-kille-macchindragad-tal-walva-district-sangali,105,10,Un-Aided,false,,
611,06315,Sanjeevan Group of Institutions,06315-sanjeevan-group-of-institutions,,10,Un-Aided,false,,
612,06317,"Sharad Institute of Technology College of Engineering, Yadrav(Ichalkaranji)",06317-sharad-institute-of-technology-college-of-engineering-yadrav-ichalkaranji,107,6,Un-Aided Autonomous,true,,
613,06318,"Abhinav Education Society's College of Engineering and Technology (Degree), Wadwadi",06318-abhinav-education-society-s-college-of-engineering-and-technology-degree-wadwadi,108,10,Un-Aided,false,,
614,06319,"Shahajirao Patil Vikas Pratishthan, S.B.Patil College of Engineering, Vangali, Tal. Indapur",06319-shahajirao-patil-vikas-pratishthan-s-b-patil-college-of-engineering-vangali-tal-indapur,,9,Un-Aided,false,,
615,06320,"K.J.'s Educational Institute's K.J.College of Engineering & Management Research, Pisoli",06320-k-j-s-educational-institute-s-k-j-college-of-engineering-management-research-pisoli,109,9,Un-Aided,false,,
616,06321,"Vidya Vikas Pratishthan Institute of Engineering and Technology, Solapur",06321-vidya-vikas-pratishthan-institute-of-engineering-and-technology-solapur,95,11,Un-Aided,false,,
617,06322,"Shree Gajanan Maharaj Shikshan Prasarak Manda'l Sharadchandra Pawar College of Engineering, Dumbarwadi",06322-shree-gajanan-maharaj-shikshan-prasarak-manda-l-sharadchandra-pawar-college-of-engineering-dumbarwadi,110,9,Un-Aided,false,,
618,06324,"Rajgad Dnyanpeeth's Shri Chhatrapati Shivajiraje College of Engineering, Bhor",06324-rajgad-dnyanpeeth-s-shri-chhatrapati-shivajiraje-college-of-engineering-bhor,111,9,Un-Aided,false,,
619,06325,"Alard Charitable Trust's Alard College of Engineering and Management, Pune",06325-alard-charitable-trust-s-alard-college-of-engineering-and-management-pune,90,9,Un-Aided Linguistic Minority - Hindi,false,,
620,06326,Karmayogi Institute of Technology,06326-karmayogi-institute-of-technology,,11,Un-Aided,false,,
621,06402,"NEW INSTITUTE OF TECHNOLOGY,KOLHAPUR",06402-new-institute-of-technology-kolhapur,140,10,Un-Aided,false,,
622,06444,"Shriram Institute Of Engineering & Technology, (Poly), Paniv",06444-shriram-institute-of-engineering-technology-poly-paniv,132,11,Un-Aided,false,,
623,06466,"Shree Santkrupa Shikshan Sanstha, Shree Santkrupa Institute Of Engineering & Technology, Karad",06466-shree-santkrupa-shikshan-sanstha-shree-santkrupa-institute-of-engineering-technology-karad,87,10,Un-Aided,false,,
624,06468,"Swami Vivekananda Shikshan Sanstha, Dr. Bapuji Salunkhe Institute Of Engineering & Technology,Kolhapur",06468-swami-vivekananda-shikshan-sanstha-dr-bapuji-salunkhe-institute-of-engineering-technology-kolhapur,89,10,Un-Aided,false,,
625,06545,"Samarth Education Trust's Arvind Gavali College Of Engineering Panwalewadi, Varye,Satara.",06545-samarth-education-trust-s-arvind-gavali-college-of-engineering-panwalewadi-varye-satara,112,10,Un-Aided,false,,
626,06609,"Jaihind College Of Engineering,Kuran",06609-jaihind-college-of-engineering-kuran,113,9,Un-Aided,false,,
627,06622,ISBM College Of Engineering Pune,06622-isbm-college-of-engineering-pune,,9,Un-Aided Linguistic Minority - Hindi,false,,
628,06628,"Dattakala Group Of Institutions, Swami - Chincholi Tal. Daund Dist. Pune",06628-dattakala-group-of-institutions-swami-chincholi-tal-daund-dist-pune,115,9,Un-Aided,false,,
629,06632,Navsahyadri Education Society's Group of Institutions,06632-navsahyadri-education-society-s-group-of-institutions,,9,Un-Aided,false,,
630,06634,"KJEI's Trinity Academy of Engineering, Yewalewadi, Pune",06634-kjei-s-trinity-academy-of-engineering-yewalewadi-pune,90,9,Un-Aided,false,,
631,06635,Samarth College of Engineering and Management,06635-samarth-college-of-engineering-and-management,,9,Un-Aided,false,,
632,06640,"N. B. Navale Sinhgad College of Engineering, Kegaon, solapur",06640-n-b-navale-sinhgad-college-of-engineering-kegaon-solapur,117,11,Un-Aided,false,,
633,06643,"S K N Sinhgad College of Engineering, Korti Tal. Pandharpur Dist Solapur",06643-s-k-n-sinhgad-college-of-engineering-korti-tal-pandharpur-dist-solapur,118,11,Un-Aided,false,,
634,06644,"Shri. Ambabai Talim Sanstha's Sanjay Bhokare Group of Institutes, Miraj",06644-shri-ambabai-talim-sanstha-s-sanjay-bhokare-group-of-institutes-miraj,119,10,Un-Aided,false,,
635,06649,"TSSM's Bhivarabai Sawant College of Engineering and Research, Narhe, Pune",06649-tssm-s-bhivarabai-sawant-college-of-engineering-and-research-narhe-pune,90,9,Un-Aided,false,,
636,06714,"APPASAHEB ALIAS SA.RE.PATIL INSTITUTE OF TECHNOLOGY, Dattanagar Tal-Shirol, Dist Kolhapur",06714-appasaheb-alias-sa-re-patil-institute-of-technology-dattanagar-tal-shirol-dist-kolhapur,,10,Un-Aided,false,,
637,06732,"Ajeenkya DY Patil School of Engineering, Lohegaon, Pune",06732-ajeenkya-dy-patil-school-of-engineering-lohegaon-pune,90,9,Un-Aided,false,,
638,06754,"International Institute of Information Technology (I²IT), Pune.",06754-international-institute-of-information-technology-i-it-pune,120,9,Un-Aided,false,,
639,06755,"JSPM Narhe Technical Campus, Pune.",06755-jspm-narhe-technical-campus-pune,120,9,Un-Aided,false,,
640,06756,"Fabtech Technical Campus College of Engineering and Research, Sangola",06756-fabtech-technical-campus-college-of-engineering-and-research-sangola,121,11,Un-Aided,false,,
641,06757,"Yashoda Technical Campus, Wadhe, Satara.",06757-yashoda-technical-campus-wadhe-satara,112,10,Un-Aided,false,,
642,06758,"Sahyadri Valley College of Engineering & Technology, Rajuri, Pune.",06758-sahyadri-valley-college-of-engineering-technology-rajuri-pune,120,9,Un-Aided,false,,
643,06759,"Shree Ramchandra College of Engineering, Lonikand,Pune",06759-shree-ramchandra-college-of-engineering-lonikand-pune,90,9,Un-Aided,false,,
644,06762,"Nanasaheb Mahadik College of Engineering,Walwa, Sangli.",06762-nanasaheb-mahadik-college-of-engineering-walwa-sangli,122,10,Un-Aided,false,,
645,06766,Phaltan Education Society's College of Engineering Thakurki Tal- Phaltan Dist-Satara,06766-phaltan-education-society-s-college-of-engineering-thakurki-tal-phaltan-dist-satara,,10,Un-Aided,false,,
646,06767,"Suman Ramesh Tulsiani Technical Campus: Faculty of Engineering, Kamshet,Pune.",06767-suman-ramesh-tulsiani-technical-campus-faculty-of-engineering-kamshet-pune,120,9,Un-Aided,false,,
647,06768,"P.K. Technical Campus, Pune.",06768-p-k-technical-campus-pune,120,9,Un-Aided,false,,
648,06769,"Rasiklal M. Dhariwal Sinhgad Technical Institutes Campus, Warje, Pune.",06769-rasiklal-m-dhariwal-sinhgad-technical-institutes-campus-warje-pune,120,9,Un-Aided,false,,
649,06770,"SKN Sinhgad Institute of Technology & Science, Kusgaon(BK),Pune.",06770-skn-sinhgad-institute-of-technology-science-kusgaon-bk-pune,120,9,Un-Aided,false,,
650,06771,"Flora Institute of Technology, Khopi, Near Khed Shivapur Toll Plaza, Pune",06771-flora-institute-of-technology-khopi-near-khed-shivapur-toll-plaza-pune,90,9,Un-Aided,false,,
651,06772,"NBN Sinhgad Technical Institutes Campus, Pune",06772-nbn-sinhgad-technical-institutes-campus-pune,90,9,Un-Aided,false,,
652,06780,"D.Y.Patil Education Society's,D.Y.Patil Technical Campus, Faculty of Engineering & Faculty of Management,Talsande,Kolhapur.",06780-d-y-patil-education-society-s-d-y-patil-technical-campus-faculty-of-engineering-faculty-of-management-talsande-kolhapur,123,6,Un-Aided Autonomous,true,,
653,06781,"Bhagwant Institute of Technology, Barshi",06781-bhagwant-institute-of-technology-barshi,124,11,Un-Aided,false,,
654,06782,"Sahakar Maharshee Shankarrao Mohite Patil Institute of Technology & Research, Akluj",06782-sahakar-maharshee-shankarrao-mohite-patil-institute-of-technology-research-akluj,125,11,Un-Aided,false,,
655,06794,"Anantrao Pawar College of Engineering & Research, Pune",06794-anantrao-pawar-college-of-engineering-research-pune,90,9,Un-Aided,false,,
656,06795,"Shri.Someshwar Shikshan Prasarak Mandal, Sharadchandra Pawar College of Engineering & Technology, Someshwar Nagar",06795-shri-someshwar-shikshan-prasarak-mandal-sharadchandra-pawar-college-of-engineering-technology-someshwar-nagar,126,9,Un-Aided,false,,
657,06796,"Bharati Vidyapeeth's College of Engineering,Lavale, Pune",06796-bharati-vidyapeeth-s-college-of-engineering-lavale-pune,90,9,Un-Aided,false,,
658,06797,"Dnyanshree Institute Engineering and Technology, Satara",06797-dnyanshree-institute-engineering-and-technology-satara,99,10,Un-Aided,false,,
659,06799,"Shivganga Charitable Trust, Sangli Vishveshwarya Technical Campus, Faculty of Diploma Engineering, Patgaon, Miraj",06799-shivganga-charitable-trust-sangli-vishveshwarya-technical-campus-faculty-of-diploma-engineering-patgaon-miraj,119,10,Un-Aided,false,,
660,06803,"Sant Gajanan Maharaj College of Engineering, Gadhinglaj",06803-sant-gajanan-maharaj-college-of-engineering-gadhinglaj,127,10,Un-Aided,false,,
661,06808,"Keystone School of Engineering, Pune",06808-keystone-school-of-engineering-pune,90,9,Un-Aided,false,,
662,06811,Sanjay Ghodawat Institute,06811-sanjay-ghodawat-institute,,10,Un-Aided,false,,
663,06815,"Vidya Prasarini Sabha's College of Engineering & Technology, Lonavala",06815-vidya-prasarini-sabha-s-college-of-engineering-technology-lonavala,128,9,Un-Aided,false,,
664,06822,"Pimpri Chinchwad Education Trust's Pimpri Chinchwad College Of Engineering And Research, Ravet",06822-pimpri-chinchwad-education-trust-s-pimpri-chinchwad-college-of-engineering-and-research-ravet,129,9,Un-Aided,false,,
665,06834,"Dr.D.Y.Patil College Of Engineering & Innovation,Talegaon",06834-dr-d-y-patil-college-of-engineering-innovation-talegaon,130,9,Un-Aided,false,,
666,06839,"Dr. D Y Patil Pratishthan's College of Engineering, Kolhapur",06839-dr-d-y-patil-pratishthan-s-college-of-engineering-kolhapur,89,10,Un-Aided,false,,
667,06878,"Dr. A. D. Shinde College Of Engineering, Tal.Gadhinglaj, Kolhapur",06878-dr-a-d-shinde-college-of-engineering-tal-gadhinglaj-kolhapur,89,10,Un-Aided,false,,
668,06901,"MAEER's MIT College of Railway Engineering and Research, Jamgaon, Barshi",06901-maeer-s-mit-college-of-railway-engineering-and-research-jamgaon-barshi,124,11,Un-Aided,false,,
669,06991,"Dr. D.Y. Patil Technical Campus, Varale, Talegaon, Pune",06991-dr-d-y-patil-technical-campus-varale-talegaon-pune,90,9,Un-Aided,false,,
670,14005,"Laxminarayan Innovation Technological University, Nagpur",14005-laxminarayan-innovation-technological-university-nagpur,53,6,University Autonomous,true,,
671,16006,COEP Technological University,16006-coep-technological-university,,6,University Autonomous,true,,
672,16121,"Shri. Anandrao Abitkar College of Engineering, Pal",16121-shri-anandrao-abitkar-college-of-engineering-pal,141,10,Un-Aided,false,,
673,16126,"Tatyasaheb Kore Institute of Engineering and Technology, Yelur",16126-tatyasaheb-kore-institute-of-engineering-and-technology-yelur,142,6,Un-Aided Autonomous,true,,
674,02758,Sant Eknath College of Engineering,02758-sant-eknath-college-of-engineering,,2,Un-Aided,false,,
675,04703,"Somayya Institute of Technology, Chandrapur",04703-somayya-institute-of-technology-chandrapur,52,7,Un-Aided,false,,
676,05545,"Shri. Vile Parle Kelwani Mandal's College of Engineering, Shirpur",05545-shri-vile-parle-kelwani-mandal-s-college-of-engineering-shirpur,73,8,Un-Aided Linguistic Minority - Gujarathi,false,,
677,06625,"Universal College of Engineering & Research, Sasewadi",06625-universal-college-of-engineering-research-sasewadi,114,,Un-Aided,false,,
678,05249,"Trimurti Shikshan Prasarak Mandal, Trimurti Institute Of Technology, Paladhi Bk, Jalgaon",05249-trimurti-shikshan-prasarak-mandal-trimurti-institute-of-technology-paladhi-bk-jalgaon,61,8,Un-Aided,false,,
679,02015,"PURANMAL LAHOTI GOVERNMENT INSTITUTE OF ENGINEERING AND TECHNOLOGY, LATUR",02015-puranmal-lahoti-government-institute-of-engineering-and-technology-latur,143,3,Government,false,,
680,02189,"Vishweshwarayya Institute Of Engineering And Technology, Almala, Tq. Ausa, Dist. Latur",02189-vishweshwarayya-institute-of-engineering-and-technology-almala-tq-ausa-dist-latur,,3,Un-Aided,false,,
681,02634,"Eaglewood Polytechnic Institute, A.P Phulepimpalgaon",02634-eaglewood-polytechnic-institute-a-p-phulepimpalgaon,144,2,Un-Aided,false,,
682,02770,"Shetkari Shikshan Prasarak Mandal's Mahesh Institute of Engineering and Technology , Ashti",02770-shetkari-shikshan-prasarak-mandal-s-mahesh-institute-of-engineering-and-technology-ashti,145,2,Un-Aided,false,,
683,02771,Amolak College of Engineering Kada,02771-amolak-college-of-engineering-kada,,2,Un-Aided Religious Minority - Jain,false,,
684,02772,JSPM College of Engineering,02772-jspm-college-of-engineering,,3,Un-Aided,false,,
685,02777,CDS College of Engineering,02777-cds-college-of-engineering,,2,Un-Aided,false,,
686,02779,NKSPT INSTITUTE OF ENGINEERING AND TECHNOLOGY PATHIKAR CAMPUS,02779-nkspt-institute-of-engineering-and-technology-pathikar-campus,,2,Un-Aided,false,,
687,03723,Navjeevan Education Society's College of Engineering,03723-navjeevan-education-society-s-college-of-engineering,,4,Un-Aided,false,,
688,03724,Thakur Shree DPS College of Engineering & Management,03724-thakur-shree-dps-college-of-engineering-management,,4,Un-Aided Linguistic Minority - Hindi,false,,
689,03725,"MAEER's Maharashtra Institute of Technology, Thane",03725-maeer-s-maharashtra-institute-of-technology-thane,50,4,Un-Aided,false,,
690,03726,Imperial College of Engineering,03726-imperial-college-of-engineering,,4,Un-Aided,false,,
691,05223,"SMT. SHARCHCHANDRIKA SURESH PATIL INSTITUTE OF TECHNOLOGY (ENGINEERING & POLYTECHNIC), CHOPDA",05223-smt-sharchchandrika-suresh-patil-institute-of-technology-engineering-polytechnic-chopda,146,8,Un-Aided,false,,
692,05239,JAMIA INSTITUTE OF TECHNOLOGY,05239-jamia-institute-of-technology,,8,Un-Aided Religious Minority - Muslim,false,,
693,05395,Ashok Institute of Engineering & Technology,05395-ashok-institute-of-engineering-technology,,9,Un-Aided,false,,
694,05414,"Nikam Institute of Technology(Polytechnic),Dhule",05414-nikam-institute-of-technology-polytechnic-dhule,62,8,Un-Aided,false,,
695,05597,VAMANRAO ITHAPE COLLEGE OF ENGINEERING AND MANAGEMENT,05597-vamanrao-ithape-college-of-engineering-and-management,,9,Un-Aided,false,,
696,06467,"Swami Vivekanand Institute Of Technology, Solapur",06467-swami-vivekanand-institute-of-technology-solapur,95,11,Un-Aided,false,,
697,06715,Babasaheb Phadtare Engineering & Technology Kalamb-Walchandnagar Tal Indapur Dist Pune,06715-babasaheb-phadtare-engineering-technology-kalamb-walchandnagar-tal-indapur-dist-pune,,9,Un-Aided,false,,
698,16351,"Vidya Niketan Institute of Engineering & Technology, Lakhewadi",16351-vidya-niketan-institute-of-engineering-technology-lakhewadi,148,9,Un-Aided,false,,
699,16352,"Yashoda Mahadeo Kakade College of Engineering, Talegaon",16352-yashoda-mahadeo-kakade-college-of-engineering-talegaon,130,9,Un-Aided,false,,
700,16354,DNYANVILAS COLLEGE OF ENGINEERING,16354-dnyanvilas-college-of-engineering,,9,Un-Aided,false,,
701,16355,Audyogik Shikshan Mandal's Nextgen Technical Campus,16355-audyogik-shikshan-mandal-s-nextgen-technical-campus,,9,Un-Aided,false,,
702,16357,MES MUKUNDDAS LOHIA COLLEGE OF ENGINEERING,16357-mes-mukunddas-lohia-college-of-engineering,,9,Un-Aided,false,,
