academic_year,admission_route,institute_code,college_name,college_status,college_type,autonomous,cap_seats,branch_code,branch_name,sanctioned_intake,maharashtra_seats,minority_seats,all_india_seats,institute_seats,orphan_seats,ews_seats,tfws_choice_code,tfws_seats,source_file,source_page,needs_review,review_reason
2024-25,FE,01002,"Government College of Engineering, Amravati",Government Autonomous,Government,true,60,0100219110,Civil Engineering,60,60,0,0,0,1,6,0100219111,3,FE_2024_SeatMatrix.pdf,1,false,
2024-25,FE,01002,"Government College of Engineering, Amravati",Government Autonomous,Government,true,60,0100224210,Computer Science and Engineering,60,60,0,0,0,1,6,0100224211,3,FE_2024_SeatMatrix.pdf,2,false,
2024-25,FE,01002,"Government College of Engineering, Amravati",Government Autonomous,Government,true,60,0100224610,Information Technology,60,60,0,0,0,1,6,0100224611,3,FE_2024_SeatMatrix.pdf,3,false,
2024-25,FE,01002,"Government College of Engineering, Amravati",Government Autonomous,Government,true,60,0100229310,Electrical Engineering,60,60,0,0,0,1,6,0100229311,3,FE_2024_SeatMatrix.pdf,4,false,
2024-25,FE,01002,"Government College of Engineering, Amravati",Government Autonomous,Government,true,60,0100237210,Electronics and Telecommunication Engg,60,60,0,0,0,1,6,0100237211,3,FE_2024_SeatMatrix.pdf,5,false,
2024-25,FE,01002,"Government College of Engineering, Amravati",Government Autonomous,Government,true,30,0100246610,Instrumentation Engineering,30,30,0,0,0,0,3,0100246611,2,FE_2024_SeatMatrix.pdf,6,false,
2024-25,FE,01002,"Government College of Engineering, Amravati",Government Autonomous,Government,true,60,0100261210,Mechanical Engineering,60,60,0,0,0,1,6,0100261211,3,FE_2024_SeatMatrix.pdf,7,false,
2024-25,FE,01105,"Prof. Ram Meghe Institute of Technology & Research, Amravati",Un-Aided Autonomous,Un-Aided,true,120,0110519110,Civil Engineering,120,102,0,18,0,1,12,0110519111,6,FE_2024_SeatMatrix.pdf,8,false,
2024-25,FE,01105,"Prof. Ram Meghe Institute of Technology & Research, Amravati",Un-Aided Autonomous,Un-Aided,true,144,0110524210,Computer Science and Engineering,180,117,0,27,36,1,18,0110524211,9,FE_2024_SeatMatrix.pdf,9,false,
2024-25,FE,01105,"Prof. Ram Meghe Institute of Technology & Research, Amravati",Un-Aided Autonomous,Un-Aided,true,96,0110524610,Information Technology,120,78,0,18,24,1,12,0110524611,6,FE_2024_SeatMatrix.pdf,10,false,
2024-25,FE,01105,"Prof. Ram Meghe Institute of Technology & Research, Amravati",Un-Aided Autonomous,Un-Aided,true,96,0110526310,Artificial Intelligence (AI) and Data Science,120,78,0,18,24,1,12,0110526311,6,FE_2024_SeatMatrix.pdf,11,false,
2024-25,FE,01105,"Prof. Ram Meghe Institute of Technology & Research, Amravati",Un-Aided Autonomous,Un-Aided,true,48,0110526710,Computer Science and Engineering (IoT),60,39,0,9,12,0,6,0110526711,3,FE_2024_SeatMatrix.pdf,12,false,
2024-25,FE,01105,"Prof. Ram Meghe Institute of Technology & Research, Amravati",Un-Aided Autonomous,Un-Aided,true,96,0110537210,Electronics and Telecommunication Engg,120,78,0,18,24,1,12,0110537211,6,FE_2024_SeatMatrix.pdf,13,false,
2024-25,FE,01105,"Prof. Ram Meghe Institute of Technology & Research, Amravati",Un-Aided Autonomous,Un-Aided,true,120,0110561210,Mechanical Engineering,120,102,0,18,0,1,12,0110561211,6,FE_2024_SeatMatrix.pdf,14,false,
2024-25,FE,01107,"P. R. Pote Patil College of Engineering & Management, Amravati",Un-Aided Autonomous,Un-Aided,true,48,0110719110,Civil Engineering,60,39,0,9,12,0,6,0110719111,3,FE_2024_SeatMatrix.pdf,15,false,
2024-25,FE,01107,"P. R. Pote Patil College of Engineering & Management, Amravati",Un-Aided Autonomous,Un-Aided,true,144,0110724210,Computer Science and Engineering,180,117,0,27,36,1,18,0110724211,9,FE_2024_SeatMatrix.pdf,16,false,
2024-25,FE,01107,"P. R. Pote Patil College of Engineering & Management, Amravati",Un-Aided Autonomous,Un-Aided,true,48,0110729310,Electrical Engineering,60,39,0,9,12,0,6,0110729311,3,FE_2024_SeatMatrix.pdf,17,false,
2024-25,FE,01107,"P. R. Pote Patil College of Engineering & Management, Amravati",Un-Aided Autonomous,Un-Aided,true,48,0110737210,Electronics and Telecommunication Engg,60,39,0,9,12,0,6,0110737211,3,FE_2024_SeatMatrix.pdf,18,false,
2024-25,FE,01107,"P. R. Pote Patil College of Engineering & Management, Amravati",Un-Aided Autonomous,Un-Aided,true,48,0110761210,Mechanical Engineering,60,39,0,9,12,0,6,0110761211,3,FE_2024_SeatMatrix.pdf,19,false,
2024-25,FE,01107,"P. R. Pote Patil College of Engineering & Management, Amravati",Un-Aided Autonomous,Un-Aided,true,144,0110791110,Computer Science and Engineering(Artificial,180,117,0,27,36,1,18,0110791111,9,FE_2024_SeatMatrix.pdf,20,false,
2024-25,FE,01107,"P. R. Pote Patil College of Engineering & Management, Amravati",Un-Aided Autonomous,Un-Aided,true,144,0110799510,Artificial Intelligence and Data Science,180,117,0,27,36,1,18,0110799511,9,FE_2024_SeatMatrix.pdf,21,false,
2024-25,FE,01114,"Sipna Shikshan Prasarak Mandal College of Engineering & Technology, Amravati",Un-Aided Autonomous,Un-Aided,true,48,0111419110,Civil Engineering,60,39,0,9,12,0,6,0111419111,3,FE_2024_SeatMatrix.pdf,22,false,
2024-25,FE,01114,"Sipna Shikshan Prasarak Mandal College of Engineering & Technology, Amravati",Un-Aided Autonomous,Un-Aided,true,144,0111424210,Computer Science and Engineering,180,117,0,27,36,1,18,0111424211,9,FE_2024_SeatMatrix.pdf,23,false,
2024-25,FE,01114,"Sipna Shikshan Prasarak Mandal College of Engineering & Technology, Amravati",Un-Aided Autonomous,Un-Aided,true,96,0111424610,Information Technology,120,78,0,18,24,1,12,0111424611,6,FE_2024_SeatMatrix.pdf,24,false,
2024-25,FE,01114,"Sipna Shikshan Prasarak Mandal College of Engineering & Technology, Amravati",Un-Aided Autonomous,Un-Aided,true,48,0111426310,Artificial Intelligence (AI) and Data Science,60,39,0,9,12,0,6,0111426311,3,FE_2024_SeatMatrix.pdf,25,false,
2024-25,FE,01114,"Sipna Shikshan Prasarak Mandal College of Engineering & Technology, Amravati",Un-Aided Autonomous,Un-Aided,true,96,0111437210,Electronics and Telecommunication Engg,120,78,0,18,24,1,12,0111437211,6,FE_2024_SeatMatrix.pdf,26,false,
2024-25,FE,01114,"Sipna Shikshan Prasarak Mandal College of Engineering & Technology, Amravati",Un-Aided Autonomous,Un-Aided,true,48,0111461210,Mechanical Engineering,60,39,0,9,12,0,6,0111461211,3,FE_2024_SeatMatrix.pdf,27,false,
2024-25,FE,01127,"Jagadambha Bahuuddeshiya Gramin Vikas Sanstha's Jagdambha College of Engineering and Technology, Yavatmal",Un-Aided Autonomous,Un-Aided,true,28,0112719110,Civil Engineering,30,23,0,5,2,0,3,0112719111,2,FE_2024_SeatMatrix.pdf,28,false,
2024-25,FE,01127,"Jagadambha Bahuuddeshiya Gramin Vikas Sanstha's Jagdambha College of Engineering and Technology, Yavatmal",Un-Aided Autonomous,Un-Aided,true,102,0112724510,Computer Engineering,120,84,0,18,18,1,12,0112724511,6,FE_2024_SeatMatrix.pdf,29,false,
2024-25,FE,01127,"Jagadambha Bahuuddeshiya Gramin Vikas Sanstha's Jagdambha College of Engineering and Technology, Yavatmal",Un-Aided Autonomous,Un-Aided,true,60,0112729310,Electrical Engineering,60,51,0,9,0,1,6,0112729311,3,FE_2024_SeatMatrix.pdf,30,false,
2024-25,FE,01127,"Jagadambha Bahuuddeshiya Gramin Vikas Sanstha's Jagdambha College of Engineering and Technology, Yavatmal",Un-Aided Autonomous,Un-Aided,true,57,0112737210,Electronics and Telecommunication Engg,60,48,0,9,3,0,6,0112737211,3,FE_2024_SeatMatrix.pdf,31,false,
2024-25,FE,01127,"Jagadambha Bahuuddeshiya Gramin Vikas Sanstha's Jagdambha College of Engineering and Technology, Yavatmal",Un-Aided Autonomous,Un-Aided,true,60,0112761210,Mechanical Engineering,60,51,0,9,0,1,6,0112761211,3,FE_2024_SeatMatrix.pdf,32,false,
2024-25,FE,02008,"Government College of Engineering, Chhatrapati Sambhajinagar",Government Autonomous,Government,true,60,0200819110,Civil Engineering,60,60,0,0,0,1,6,0200819111,3,FE_2024_SeatMatrix.pdf,33,false,
2024-25,FE,02008,"Government College of Engineering, Chhatrapati Sambhajinagar",Government Autonomous,Government,true,60,0200824210,Computer Science and Engineering,60,60,0,0,0,1,6,0200824211,3,FE_2024_SeatMatrix.pdf,34,false,
2024-25,FE,02008,"Government College of Engineering, Chhatrapati Sambhajinagar",Government Autonomous,Government,true,60,0200824610,Information Technology,60,60,0,0,0,1,6,0200824611,3,FE_2024_SeatMatrix.pdf,35,false,
2024-25,FE,02008,"Government College of Engineering, Chhatrapati Sambhajinagar",Government Autonomous,Government,true,60,0200829310,Electrical Engineering,60,60,0,0,0,1,6,0200829311,3,FE_2024_SeatMatrix.pdf,36,false,
2024-25,FE,02008,"Government College of Engineering, Chhatrapati Sambhajinagar",Government Autonomous,Government,true,60,0200837210,Electronics and Telecommunication Engg,60,60,0,0,0,1,6,0200837211,3,FE_2024_SeatMatrix.pdf,37,false,
2024-25,FE,02008,"Government College of Engineering, Chhatrapati Sambhajinagar",Government Autonomous,Government,true,60,0200861210,Mechanical Engineering,60,60,0,0,0,1,6,0200861211,3,FE_2024_SeatMatrix.pdf,38,false,
2024-25,FE,02020,"Shri Guru Gobind Singhji Institute of Engineering and Technology, Nanded",Government-Aided Autonomous,Government-Aided,true,58,0202019110,Civil Engineering,60,58,0,0,2,1,6,0202019111,3,FE_2024_SeatMatrix.pdf,39,false,
2024-25,FE,02020,"Shri Guru Gobind Singhji Institute of Engineering and Technology, Nanded",Government-Aided Autonomous,Government-Aided,true,118,0202024210,Computer Science and Engineering,120,118,0,0,2,1,12,0202024211,6,FE_2024_SeatMatrix.pdf,40,false,
2024-25,FE,02020,"Shri Guru Gobind Singhji Institute of Engineering and Technology, Nanded",Government-Aided Autonomous,Government-Aided,true,58,0202024610,Information Technology,60,58,0,0,2,1,6,0202024611,3,FE_2024_SeatMatrix.pdf,41,false,
2024-25,FE,02020,"Shri Guru Gobind Singhji Institute of Engineering and Technology, Nanded",Government-Aided Autonomous,Government-Aided,true,28,0202029310,Electrical Engineering,30,28,0,0,2,0,3,0202029311,2,FE_2024_SeatMatrix.pdf,42,false,
2024-25,FE,02020,"Shri Guru Gobind Singhji Institute of Engineering and Technology, Nanded",Government-Aided Autonomous,Government-Aided,true,118,0202037210,Electronics and Telecommunication Engg,120,118,0,0,2,1,12,0202037211,6,FE_2024_SeatMatrix.pdf,43,false,
2024-25,FE,02020,"Shri Guru Gobind Singhji Institute of Engineering and Technology, Nanded",Government-Aided Autonomous,Government-Aided,true,38,0202046610,Instrumentation Engineering,40,38,0,0,2,0,4,0202046611,2,FE_2024_SeatMatrix.pdf,44,false,
2024-25,FE,02020,"Shri Guru Gobind Singhji Institute of Engineering and Technology, Nanded",Government-Aided Autonomous,Government-Aided,true,28,0202050710,Chemical Engineering,30,28,0,0,2,0,3,0202050711,2,FE_2024_SeatMatrix.pdf,45,false,
2024-25,FE,02020,"Shri Guru Gobind Singhji Institute of Engineering and Technology, Nanded",Government-Aided Autonomous,Government-Aided,true,58,0202060610,Production Engineering,60,58,0,0,2,1,6,0202060611,3,FE_2024_SeatMatrix.pdf,46,false,
2024-25,FE,02020,"Shri Guru Gobind Singhji Institute of Engineering and Technology, Nanded",Government-Aided Autonomous,Government-Aided,true,58,0202061210,Mechanical Engineering,60,58,0,0,2,1,6,0202061211,3,FE_2024_SeatMatrix.pdf,47,false,
2024-25,FE,02020,"Shri Guru Gobind Singhji Institute of Engineering and Technology, Nanded",Government-Aided Autonomous,Government-Aided,true,28,0202089610,Textile Technology,30,28,0,0,2,0,3,0202089611,2,FE_2024_SeatMatrix.pdf,48,false,
2024-25,FE,02032,"Institute of Chemical Technology, Mumbai Marathwada off campus, Jalna",University Managed Autonomous,University Managed,true,60,0203290410,Chemical Engineering,60,42,0,18,0,0,6,0203290411,3,FE_2024_SeatMatrix.pdf,49,false,
2024-25,FE,02113,"G. S. Mandal's Maharashtra Institute of Technology, Aurangabad",Un-Aided Autonomous,Un-Aided,true,30,0211301110,Agricultural Engineering,30,25,0,5,0,0,3,,0,FE_2024_SeatMatrix.pdf,50,false,
2024-25,FE,02113,"G. S. Mandal's Maharashtra Institute of Technology, Aurangabad",Un-Aided Autonomous,Un-Aided,true,90,0211319110,Civil Engineering,90,76,0,14,0,1,9,,0,FE_2024_SeatMatrix.pdf,51,false,
2024-25,FE,02113,"G. S. Mandal's Maharashtra Institute of Technology, Aurangabad",Un-Aided Autonomous,Un-Aided,true,192,0211324210,Computer Science and Engineering,240,156,0,36,48,2,24,0211324211,12,FE_2024_SeatMatrix.pdf,52,false,
2024-25,FE,02113,"G. S. Mandal's Maharashtra Institute of Technology, Aurangabad",Un-Aided Autonomous,Un-Aided,true,120,0211325710,Computer Science and Design,120,102,0,18,0,1,12,0211325711,6,FE_2024_SeatMatrix.pdf,53,false,
2024-25,FE,02113,"G. S. Mandal's Maharashtra Institute of Technology, Aurangabad",Un-Aided Autonomous,Un-Aided,true,114,0211326310,Artificial Intelligence (AI) and Data Science,120,96,0,18,6,1,12,0211326311,6,FE_2024_SeatMatrix.pdf,54,false,
2024-25,FE,02113,"G. S. Mandal's Maharashtra Institute of Technology, Aurangabad",Un-Aided Autonomous,Un-Aided,true,120,0211329310,Electrical Engineering,120,102,0,18,0,1,12,0211329311,6,FE_2024_SeatMatrix.pdf,55,false,
2024-25,FE,02113,"G. S. Mandal's Maharashtra Institute of Technology, Aurangabad",Un-Aided Autonomous,Un-Aided,true,60,0211337210,Electronics and Telecommunication Engg,60,51,0,9,0,1,6,0211337211,3,FE_2024_SeatMatrix.pdf,56,false,
2024-25,FE,02113,"G. S. Mandal's Maharashtra Institute of Technology, Aurangabad",Un-Aided Autonomous,Un-Aided,true,60,0211350110,Plastic and Polymer Engineering,60,51,0,9,0,1,6,,0,FE_2024_SeatMatrix.pdf,57,false,
2024-25,FE,02113,"G. S. Mandal's Maharashtra Institute of Technology, Aurangabad",Un-Aided Autonomous,Un-Aided,true,120,0211361210,Mechanical Engineering,120,102,0,18,0,1,12,0211361211,6,FE_2024_SeatMatrix.pdf,58,false,
2024-25,FE,02113,"G. S. Mandal's Maharashtra Institute of Technology, Aurangabad",Un-Aided Autonomous,Un-Aided,true,30,0211362410,Mechatronics Engineering,30,25,0,5,0,0,3,0211362411,2,FE_2024_SeatMatrix.pdf,59,false,
2024-25,FE,02113,"G. S. Mandal's Maharashtra Institute of Technology, Aurangabad",Un-Aided Autonomous,Un-Aided,true,120,0211384410,Electronics and Computer Engineering,120,102,0,18,0,1,12,0211384411,6,FE_2024_SeatMatrix.pdf,60,false,
2024-25,FE,03012,"Veermata Jijabai Technological Institute(VJTI), Matunga, Mumbai",Government-Aided Autonomous,Government-Aided,true,60,0301219110,Civil Engineering,60,60,0,0,0,1,6,0301219111,3,FE_2024_SeatMatrix.pdf,61,false,
2024-25,FE,03012,"Veermata Jijabai Technological Institute(VJTI), Matunga, Mumbai",Government-Aided Autonomous,Government-Aided,true,60,0301224510,Computer Engineering,60,60,0,0,0,1,6,0301224511,3,FE_2024_SeatMatrix.pdf,62,false,
2024-25,FE,03012,"Veermata Jijabai Technological Institute(VJTI), Matunga, Mumbai",Government-Aided Autonomous,Government-Aided,true,60,0301224610,Information Technology,60,60,0,0,0,1,6,0301224611,3,FE_2024_SeatMatrix.pdf,63,false,
2024-25,FE,03012,"Veermata Jijabai Technological Institute(VJTI), Matunga, Mumbai",Government-Aided Autonomous,Government-Aided,true,60,0301229310,Electrical Engineering,60,60,0,0,0,1,6,0301229311,3,FE_2024_SeatMatrix.pdf,64,false,
2024-25,FE,03012,"Veermata Jijabai Technological Institute(VJTI), Matunga, Mumbai",Government-Aided Autonomous,Government-Aided,true,60,0301237210,Electronics and Telecommunication Engg,60,60,0,0,0,1,6,0301237211,3,FE_2024_SeatMatrix.pdf,65,false,
2024-25,FE,03012,"Veermata Jijabai Technological Institute(VJTI), Matunga, Mumbai",Government-Aided Autonomous,Government-Aided,true,60,0301237610,Electronics Engineering,60,60,0,0,0,1,6,0301237611,3,FE_2024_SeatMatrix.pdf,66,false,
2024-25,FE,03012,"Veermata Jijabai Technological Institute(VJTI), Matunga, Mumbai",Government-Aided Autonomous,Government-Aided,true,60,0301261210,Mechanical Engineering,60,60,0,0,0,1,6,0301261211,3,FE_2024_SeatMatrix.pdf,67,false,
2024-25,FE,03012,"Veermata Jijabai Technological Institute(VJTI), Matunga, Mumbai",Government-Aided Autonomous,Government-Aided,true,60,0301262610,Production Engineering[Sandwich],60,60,0,0,0,1,6,0301262611,3,FE_2024_SeatMatrix.pdf,68,false,
2024-25,FE,03012,"Veermata Jijabai Technological Institute(VJTI), Matunga, Mumbai",Government-Aided Autonomous,Government-Aided,true,60,0301289610,Textile Technology,60,60,0,0,0,1,6,0301289611,3,FE_2024_SeatMatrix.pdf,69,false,
2024-25,FE,03014,"Sardar Patel College of Engineering, Andheri",Government-Aided Autonomous,Government-Aided,true,60,0301419110,Civil Engineering,60,60,0,0,0,1,6,0301419111,3,FE_2024_SeatMatrix.pdf,70,false,
2024-25,FE,03014,"Sardar Patel College of Engineering, Andheri",Government-Aided Autonomous,Government-Aided,true,60,0301429310,Electrical Engineering,60,60,0,0,0,1,6,0301429311,3,FE_2024_SeatMatrix.pdf,71,false,
2024-25,FE,03014,"Sardar Patel College of Engineering, Andheri",Government-Aided Autonomous,Government-Aided,true,60,0301461210,Mechanical Engineering,60,60,0,0,0,1,6,0301461211,3,FE_2024_SeatMatrix.pdf,72,false,
2024-25,FE,03036,"Institute of Chemical Technology, Matunga, Mumbai",Deemed University Autonomous,Deemed University,true,75,0303650710,Chemical Engineering,75,52,0,23,0,1,8,0303650711,4,FE_2024_SeatMatrix.pdf,73,false,
2024-25,FE,03036,"Institute of Chemical Technology, Matunga, Mumbai",Deemed University Autonomous,Deemed University,true,18,0303651110,Dyestuff Technology,18,13,0,5,0,0,2,0303651111,1,FE_2024_SeatMatrix.pdf,74,false,
2024-25,FE,03036,"Institute of Chemical Technology, Matunga, Mumbai",Deemed University Autonomous,Deemed University,true,16,0303651210,"Oil,Oleochemicals and Surfactants Technology",16,11,0,5,0,0,2,0303651211,1,FE_2024_SeatMatrix.pdf,75,false,
2024-25,FE,03036,"Institute of Chemical Technology, Matunga, Mumbai",Deemed University Autonomous,Deemed University,true,18,0303651310,Pharmaceuticals Chemistry and Technology,18,13,0,5,0,0,2,0303651311,1,FE_2024_SeatMatrix.pdf,76,false,
2024-25,FE,03036,"Institute of Chemical Technology, Matunga, Mumbai",Deemed University Autonomous,Deemed University,true,34,0303651410,Fibres and Textile Processing Technology,34,24,0,10,0,0,3,0303651411,2,FE_2024_SeatMatrix.pdf,77,false,
2024-25,FE,03036,"Institute of Chemical Technology, Matunga, Mumbai",Deemed University Autonomous,Deemed University,true,16,0303651910,Polymer Engineering and Technology,16,11,0,5,0,0,2,0303651911,1,FE_2024_SeatMatrix.pdf,78,false,
2024-25,FE,03036,"Institute of Chemical Technology, Matunga, Mumbai",Deemed University Autonomous,Deemed University,true,16,0303653410,Food Engineering and Technology,16,11,0,5,0,0,2,0303653411,1,FE_2024_SeatMatrix.pdf,79,false,
2024-25,FE,03036,"Institute of Chemical Technology, Matunga, Mumbai",Deemed University Autonomous,Deemed University,true,16,0303672910,Surface Coating Technology,16,11,0,5,0,0,2,0303672911,1,FE_2024_SeatMatrix.pdf,80,false,
2024-25,FE,03139,"Vidyalankar Institute of Technology,Wadala, Mumbai",Un-Aided Autonomous,Un-Aided,true,144,0313924510,Computer Engineering,180,117,0,27,36,1,18,0313924511,9,FE_2024_SeatMatrix.pdf,81,false,
2024-25,FE,03139,"Vidyalankar Institute of Technology,Wadala, Mumbai",Un-Aided Autonomous,Un-Aided,true,144,0313924610,Information Technology,180,117,0,27,36,1,18,0313924611,9,FE_2024_SeatMatrix.pdf,82,false,
2024-25,FE,03139,"Vidyalankar Institute of Technology,Wadala, Mumbai",Un-Aided Autonomous,Un-Aided,true,96,0313937210,Electronics and Telecommunication Engg,120,78,0,18,24,1,12,0313937211,6,FE_2024_SeatMatrix.pdf,83,false,
2024-25,FE,03139,"Vidyalankar Institute of Technology,Wadala, Mumbai",Un-Aided Autonomous,Un-Aided,true,48,0313946110,Bio Medical Engineering,60,39,0,9,12,0,6,0313946111,3,FE_2024_SeatMatrix.pdf,84,false,
2024-25,FE,03139,"Vidyalankar Institute of Technology,Wadala, Mumbai",Un-Aided Autonomous,Un-Aided,true,96,0313990010,Electronics and Computer Science,120,78,0,18,24,1,12,0313990011,6,FE_2024_SeatMatrix.pdf,85,false,
2024-25,FE,03148,"Mahavir Education Trust's Shah & Anchor Kutchhi Engineering College, Mumbai",Un-Aided Autonomous Linguistic Minority - Gujarathi(Jain),Un-Aided  Linguistic Minority - Gujarathi(Jain),true,180,0314824510,Computer Engineering,180,75,92,13,0,0,0,0314824511,9,FE_2024_SeatMatrix.pdf,86,false,
2024-25,FE,03148,"Mahavir Education Trust's Shah & Anchor Kutchhi Engineering College, Mumbai",Un-Aided Autonomous Linguistic Minority - Gujarathi(Jain),Un-Aided  Linguistic Minority - Gujarathi(Jain),true,120,0314824610,Information Technology,120,50,61,9,0,0,0,0314824611,6,FE_2024_SeatMatrix.pdf,87,false,
2024-25,FE,03148,"Mahavir Education Trust's Shah & Anchor Kutchhi Engineering College, Mumbai",Un-Aided Autonomous Linguistic Minority - Gujarathi(Jain),Un-Aided  Linguistic Minority - Gujarathi(Jain),true,60,0314825210,Cyber Security,60,25,31,4,0,0,0,0314825211,3,FE_2024_SeatMatrix.pdf,88,false,
2024-25,FE,03148,"Mahavir Education Trust's Shah & Anchor Kutchhi Engineering College, Mumbai",Un-Aided Autonomous Linguistic Minority - Gujarathi(Jain),Un-Aided  Linguistic Minority - Gujarathi(Jain),true,60,0314837210,Electronics and Telecommunication Engg,60,25,31,4,0,0,0,0314837211,3,FE_2024_SeatMatrix.pdf,89,false,
2024-25,FE,03148,"Mahavir Education Trust's Shah & Anchor Kutchhi Engineering College, Mumbai",Un-Aided Autonomous Linguistic Minority - Gujarathi(Jain),Un-Aided  Linguistic Minority - Gujarathi(Jain),true,60,0314837810,Electronics Engineering ( VLSI Design and,60,25,31,4,0,0,0,0314837811,3,FE_2024_SeatMatrix.pdf,90,false,
2024-25,FE,03148,"Mahavir Education Trust's Shah & Anchor Kutchhi Engineering College, Mumbai",Un-Aided Autonomous Linguistic Minority - Gujarathi(Jain),Un-Aided  Linguistic Minority - Gujarathi(Jain),true,120,0314890010,Electronics and Computer Science,120,50,61,9,0,0,0,0314890011,6,FE_2024_SeatMatrix.pdf,91,false,
2024-25,FE,03148,"Mahavir Education Trust's Shah & Anchor Kutchhi Engineering College, Mumbai",Un-Aided Autonomous Linguistic Minority - Gujarathi(Jain),Un-Aided  Linguistic Minority - Gujarathi(Jain),true,60,0314893310,Electronics and Communication (Advanced,60,25,31,4,0,0,0,0314893311,3,FE_2024_SeatMatrix.pdf,92,false,
2024-25,FE,03148,"Mahavir Education Trust's Shah & Anchor Kutchhi Engineering College, Mumbai",Un-Aided Autonomous Linguistic Minority - Gujarathi(Jain),Un-Aided  Linguistic Minority - Gujarathi(Jain),true,60,0314899510,Artificial Intelligence and Data Science,60,25,31,4,0,0,0,0314899511,3,FE_2024_SeatMatrix.pdf,93,false,
2024-25,FE,03176,"Thakur College of Engineering and Technology, Kandivali, Mumbai",Un-Aided Autonomous Linguistic Minority - Hindi,Un-Aided  Linguistic Minority - Hindi,true,24,0317625310,Internet of Things (IoT),30,8,15,1,6,0,0,0317625311,2,FE_2024_SeatMatrix.pdf,94,false,
2024-25,FE,03176,"Thakur College of Engineering and Technology, Kandivali, Mumbai",Un-Aided Autonomous Linguistic Minority - Hindi,Un-Aided  Linguistic Minority - Hindi,true,144,0317692110,Artificial Intelligence and Machine Learning,180,44,92,8,36,0,0,0317692111,9,FE_2024_SeatMatrix.pdf,95,false,
2024-25,FE,03176,"Thakur College of Engineering and Technology, Kandivali, Mumbai",Un-Aided Autonomous Linguistic Minority - Hindi,Un-Aided  Linguistic Minority - Hindi,true,144,0317699510,Artificial Intelligence and Data Science,180,44,92,8,36,0,0,0317699511,9,FE_2024_SeatMatrix.pdf,96,false,
2024-25,FE,03176,"Thakur College of Engineering and Technology, Kandivali, Mumbai",Un-Aided Autonomous Linguistic Minority - Hindi,Un-Aided  Linguistic Minority - Hindi,true,48,0317619110,Civil Engineering,60,14,31,3,12,0,0,0317619111,3,FE_2024_SeatMatrix.pdf,97,false,
2024-25,FE,03176,"Thakur College of Engineering and Technology, Kandivali, Mumbai",Un-Aided Autonomous Linguistic Minority - Hindi,Un-Aided  Linguistic Minority - Hindi,true,192,0317624510,Computer Engineering,240,59,122,11,48,0,0,0317624511,12,FE_2024_SeatMatrix.pdf,98,false,
2024-25,FE,03176,"Thakur College of Engineering and Technology, Kandivali, Mumbai",Un-Aided Autonomous Linguistic Minority - Hindi,Un-Aided  Linguistic Minority - Hindi,true,144,0317624610,Information Technology,180,44,92,8,36,0,0,0317624611,9,FE_2024_SeatMatrix.pdf,99,false,
2024-25,FE,03176,"Thakur College of Engineering and Technology, Kandivali, Mumbai",Un-Aided Autonomous Linguistic Minority - Hindi,Un-Aided  Linguistic Minority - Hindi,true,48,0317625910,Mechanical and Mechatronics Engineering (Additive,60,14,31,3,12,0,0,0317625911,3,FE_2024_SeatMatrix.pdf,100,false,
2024-25,FE,03176,"Thakur College of Engineering and Technology, Kandivali, Mumbai",Un-Aided Autonomous Linguistic Minority - Hindi,Un-Aided  Linguistic Minority - Hindi,true,96,0317637210,Electronics and Telecommunication Engg,120,30,61,5,24,0,0,0317637211,6,FE_2024_SeatMatrix.pdf,101,false,
2024-25,FE,03176,"Thakur College of Engineering and Technology, Kandivali, Mumbai",Un-Aided Autonomous Linguistic Minority - Hindi,Un-Aided  Linguistic Minority - Hindi,true,48,0317661210,Mechanical Engineering,60,14,31,3,12,0,0,0317661211,3,FE_2024_SeatMatrix.pdf,102,false,
2024-25,FE,03176,"Thakur College of Engineering and Technology, Kandivali, Mumbai",Un-Aided Autonomous Linguistic Minority - Hindi,Un-Aided  Linguistic Minority - Hindi,true,48,0317690010,Electronics and Computer Science,60,14,31,3,12,0,0,0317690011,3,FE_2024_SeatMatrix.pdf,103,false,
2024-25,FE,03176,"Thakur College of Engineering and Technology, Kandivali, Mumbai",Un-Aided Autonomous Linguistic Minority - Hindi,Un-Aided  Linguistic Minority - Hindi,true,48,0317691010,Computer Science and Engineering(Cyber Security),60,14,31,3,12,0,0,0317691011,3,FE_2024_SeatMatrix.pdf,104,false,
2024-25,FE,03184,"Fr. Conceicao Rodrigues College of Engineering, Bandra,Mumbai",Un-Aided Autonomous Religious Minority - Christian,Un-Aided  Religious Minority - Christian,true,48,0318424210,Computer Science and Engineering,60,14,31,3,12,0,0,0318424211,3,FE_2024_SeatMatrix.pdf,105,false,
2024-25,FE,03184,"Fr. Conceicao Rodrigues College of Engineering, Bandra,Mumbai",Un-Aided Autonomous Religious Minority - Christian,Un-Aided  Religious Minority - Christian,true,144,0318424510,Computer Engineering,180,44,92,8,36,0,0,0318424511,9,FE_2024_SeatMatrix.pdf,106,false,
2024-25,FE,03184,"Fr. Conceicao Rodrigues College of Engineering, Bandra,Mumbai",Un-Aided Autonomous Religious Minority - Christian,Un-Aided  Religious Minority - Christian,true,48,0318461210,Mechanical Engineering,60,14,31,3,12,0,0,0318461211,3,FE_2024_SeatMatrix.pdf,107,false,
2024-25,FE,03184,"Fr. Conceicao Rodrigues College of Engineering, Bandra,Mumbai",Un-Aided Autonomous Religious Minority - Christian,Un-Aided  Religious Minority - Christian,true,48,0318490010,Electronics and Computer Science,60,14,31,3,12,0,0,0318490011,3,FE_2024_SeatMatrix.pdf,108,false,
2024-25,FE,03185,"Vivekanand Education Society's Institute of Technology, Chembur, Mumbai",Un-Aided Autonomous Linguistic Minority - Sindhi,Un-Aided  Linguistic Minority - Sindhi,true,180,0318524510,Computer Engineering,180,75,92,13,0,0,0,0318524511,9,FE_2024_SeatMatrix.pdf,109,false,
2024-25,FE,03185,"Vivekanand Education Society's Institute of Technology, Chembur, Mumbai",Un-Aided Autonomous Linguistic Minority - Sindhi,Un-Aided  Linguistic Minority - Sindhi,true,180,0318524610,Information Technology,180,75,92,13,0,0,0,0318524611,9,FE_2024_SeatMatrix.pdf,110,false,
2024-25,FE,03185,"Vivekanand Education Society's Institute of Technology, Chembur, Mumbai",Un-Aided Autonomous Linguistic Minority - Sindhi,Un-Aided  Linguistic Minority - Sindhi,true,120,0318537210,Electronics and Telecommunication Engg,120,50,61,9,0,0,0,0318537211,6,FE_2024_SeatMatrix.pdf,111,false,
2024-25,FE,03185,"Vivekanand Education Society's Institute of Technology, Chembur, Mumbai",Un-Aided Autonomous Linguistic Minority - Sindhi,Un-Aided  Linguistic Minority - Sindhi,true,60,0318590010,Electronics and Computer Science,60,25,31,4,0,0,0,0318590011,3,FE_2024_SeatMatrix.pdf,112,false,
2024-25,FE,03185,"Vivekanand Education Society's Institute of Technology, Chembur, Mumbai",Un-Aided Autonomous Linguistic Minority - Sindhi,Un-Aided  Linguistic Minority - Sindhi,true,60,0318591610,Automation and Robotics,60,25,31,4,0,0,0,0318591611,3,FE_2024_SeatMatrix.pdf,113,false,
2024-25,FE,03185,"Vivekanand Education Society's Institute of Technology, Chembur, Mumbai",Un-Aided Autonomous Linguistic Minority - Sindhi,Un-Aided  Linguistic Minority - Sindhi,true,120,0318599510,Artificial Intelligence and Data Science,120,50,61,9,0,0,0,0318599511,6,FE_2024_SeatMatrix.pdf,114,false,
2024-25,FE,03197,"Agnel Charities' FR. C. Rodrigues Institute of Technology, Vashi, Navi Mumbai",Un-Aided Autonomous Religious Minority - Christian,Un-Aided  Religious Minority - Christian,true,96,0319724510,Computer Engineering,120,30,61,5,24,0,0,0319724511,6,FE_2024_SeatMatrix.pdf,115,false,
2024-25,FE,03197,"Agnel Charities' FR. C. Rodrigues Institute of Technology, Vashi, Navi Mumbai",Un-Aided Autonomous Religious Minority - Christian,Un-Aided  Religious Minority - Christian,true,48,0319724610,Information Technology,60,14,31,3,12,0,0,0319724611,3,FE_2024_SeatMatrix.pdf,116,false,
2024-25,FE,03197,"Agnel Charities' FR. C. Rodrigues Institute of Technology, Vashi, Navi Mumbai",Un-Aided Autonomous Religious Minority - Christian,Un-Aided  Religious Minority - Christian,true,48,0319729310,Electrical Engineering,60,14,31,3,12,0,0,0319729311,3,FE_2024_SeatMatrix.pdf,117,false,
2024-25,FE,03197,"Agnel Charities' FR. C. Rodrigues Institute of Technology, Vashi, Navi Mumbai",Un-Aided Autonomous Religious Minority - Christian,Un-Aided  Religious Minority - Christian,true,48,0319737210,Electronics and Telecommunication Engg,60,14,31,3,12,0,0,0319737211,3,FE_2024_SeatMatrix.pdf,118,false,
2024-25,FE,03197,"Agnel Charities' FR. C. Rodrigues Institute of Technology, Vashi, Navi Mumbai",Un-Aided Autonomous Religious Minority - Christian,Un-Aided  Religious Minority - Christian,true,96,0319761210,Mechanical Engineering,120,30,61,5,24,0,0,0319761211,6,FE_2024_SeatMatrix.pdf,119,false,
2024-25,FE,03199,"Shri Vile Parle Kelvani Mandal's Dwarkadas J. Sanghvi College of Engineering, Vile Parle,Mumbai",Un-Aided Autonomous Linguistic Minority - Gujarathi,Un-Aided  Linguistic Minority - Gujarathi,true,144,0319924510,Computer Engineering,180,44,92,8,36,0,0,0319924511,9,FE_2024_SeatMatrix.pdf,120,false,
2024-25,FE,03199,"Shri Vile Parle Kelvani Mandal's Dwarkadas J. Sanghvi College of Engineering, Vile Parle,Mumbai",Un-Aided Autonomous Linguistic Minority - Gujarathi,Un-Aided  Linguistic Minority - Gujarathi,true,144,0319924610,Information Technology,180,44,92,8,36,0,0,0319924611,9,FE_2024_SeatMatrix.pdf,121,false,
2024-25,FE,03199,"Shri Vile Parle Kelvani Mandal's Dwarkadas J. Sanghvi College of Engineering, Vile Parle,Mumbai",Un-Aided Autonomous Linguistic Minority - Gujarathi,Un-Aided  Linguistic Minority - Gujarathi,true,48,0319926310,Artificial Intelligence (AI) and Data Science,60,14,31,3,12,0,0,0319926311,3,FE_2024_SeatMatrix.pdf,122,false,
2024-25,FE,03199,"Shri Vile Parle Kelvani Mandal's Dwarkadas J. Sanghvi College of Engineering, Vile Parle,Mumbai",Un-Aided Autonomous Linguistic Minority - Gujarathi,Un-Aided  Linguistic Minority - Gujarathi,true,144,0319937210,Electronics and Telecommunication Engg,180,44,92,8,36,0,0,0319937211,9,FE_2024_SeatMatrix.pdf,123,false,
2024-25,FE,03199,"Shri Vile Parle Kelvani Mandal's Dwarkadas J. Sanghvi College of Engineering, Vile Parle,Mumbai",Un-Aided Autonomous Linguistic Minority - Gujarathi,Un-Aided  Linguistic Minority - Gujarathi,true,144,0319961210,Mechanical Engineering,180,44,92,8,36,0,0,0319961211,9,FE_2024_SeatMatrix.pdf,124,false,
2024-25,FE,03199,"Shri Vile Parle Kelvani Mandal's Dwarkadas J. Sanghvi College of Engineering, Vile Parle,Mumbai",Un-Aided Autonomous Linguistic Minority - Gujarathi,Un-Aided  Linguistic Minority - Gujarathi,true,144,0319991210,Computer Science and Engineering(Data Science),180,44,92,8,36,0,0,0319991211,9,FE_2024_SeatMatrix.pdf,125,false,
2024-25,FE,03199,"Shri Vile Parle Kelvani Mandal's Dwarkadas J. Sanghvi College of Engineering, Vile Parle,Mumbai",Un-Aided Autonomous Linguistic Minority - Gujarathi,Un-Aided  Linguistic Minority - Gujarathi,true,48,0319992010,Computer Science and Engineering (Internet of,60,14,31,3,12,0,0,0319992011,3,FE_2024_SeatMatrix.pdf,126,false,
2024-25,FE,03199,"Shri Vile Parle Kelvani Mandal's Dwarkadas J. Sanghvi College of Engineering, Vile Parle,Mumbai",Un-Aided Autonomous Linguistic Minority - Gujarathi,Un-Aided  Linguistic Minority - Gujarathi,true,96,0319992110,Artificial Intelligence and Machine Learning,120,30,61,5,24,0,0,0319992111,6,FE_2024_SeatMatrix.pdf,127,false,
2024-25,FE,03207,"Mahatma Education Society's Pillai College of Engineering, New Panvel",Un-Aided Autonomous Linguistic Minority - Malyalam,Un-Aided  Linguistic Minority - Malyalam,true,144,0320724510,Computer Engineering,180,44,92,8,36,0,0,0320724511,9,FE_2024_SeatMatrix.pdf,128,false,
2024-25,FE,03207,"Mahatma Education Society's Pillai College of Engineering, New Panvel",Un-Aided Autonomous Linguistic Minority - Malyalam,Un-Aided  Linguistic Minority - Malyalam,true,96,0320724610,Information Technology,120,30,61,5,24,0,0,0320724611,6,FE_2024_SeatMatrix.pdf,129,false,
2024-25,FE,03207,"Mahatma Education Society's Pillai College of Engineering, New Panvel",Un-Aided Autonomous Linguistic Minority - Malyalam,Un-Aided  Linguistic Minority - Malyalam,true,96,0320737210,Electronics and Telecommunication Engg,120,30,61,5,24,0,0,0320737211,6,FE_2024_SeatMatrix.pdf,130,false,
2024-25,FE,03207,"Mahatma Education Society's Pillai College of Engineering, New Panvel",Un-Aided Autonomous Linguistic Minority - Malyalam,Un-Aided  Linguistic Minority - Malyalam,true,48,0320760210,Automobile Engineering,60,14,31,3,12,0,0,,0,FE_2024_SeatMatrix.pdf,131,false,
2024-25,FE,03207,"Mahatma Education Society's Pillai College of Engineering, New Panvel",Un-Aided Autonomous Linguistic Minority - Malyalam,Un-Aided  Linguistic Minority - Malyalam,true,48,0320761210,Mechanical Engineering,60,14,31,3,12,0,0,0320761211,3,FE_2024_SeatMatrix.pdf,132,false,
2024-25,FE,03207,"Mahatma Education Society's Pillai College of Engineering, New Panvel",Un-Aided Autonomous Linguistic Minority - Malyalam,Un-Aided  Linguistic Minority - Malyalam,true,72,0320790010,Electronics and Computer Science,90,22,46,4,18,0,0,0320790011,5,FE_2024_SeatMatrix.pdf,133,false,
2024-25,FE,03209,K J Somaiya Institute of Technology,Un-Aided Autonomous Linguistic Minority - Gujarathi,Un-Aided  Linguistic Minority - Gujarathi,true,120,0320924510,Computer Engineering,120,50,61,9,0,0,0,0320924511,6,FE_2024_SeatMatrix.pdf,134,false,
2024-25,FE,03209,K J Somaiya Institute of Technology,Un-Aided Autonomous Linguistic Minority - Gujarathi,Un-Aided  Linguistic Minority - Gujarathi,true,120,0320924610,Information Technology,120,50,61,9,0,0,0,0320924611,6,FE_2024_SeatMatrix.pdf,135,false,
2024-25,FE,03209,K J Somaiya Institute of Technology,Un-Aided Autonomous Linguistic Minority - Gujarathi,Un-Aided  Linguistic Minority - Gujarathi,true,120,0320937210,Electronics and Telecommunication Engg,120,50,61,9,0,0,0,0320937211,6,FE_2024_SeatMatrix.pdf,136,false,
2024-25,FE,03209,K J Somaiya Institute of Technology,Un-Aided Autonomous Linguistic Minority - Gujarathi,Un-Aided  Linguistic Minority - Gujarathi,true,120,0320999510,Artificial Intelligence and Data Science,120,50,61,9,0,0,0,0320999511,6,FE_2024_SeatMatrix.pdf,137,false,
2024-25,FE,03211,"S.I.E.S. Graduate School of Technology, Nerul, Navi Mumbai",Un-Aided Autonomous Linguistic Minority - Tamil,Un-Aided  Linguistic Minority - Tamil,true,144,0321124510,Computer Engineering,180,44,92,8,36,0,0,0321124511,9,FE_2024_SeatMatrix.pdf,138,false,
2024-25,FE,03211,"S.I.E.S. Graduate School of Technology, Nerul, Navi Mumbai",Un-Aided Autonomous Linguistic Minority - Tamil,Un-Aided  Linguistic Minority - Tamil,true,48,0321124610,Information Technology,60,14,31,3,12,0,0,0321124611,3,FE_2024_SeatMatrix.pdf,139,false,
2024-25,FE,03211,"S.I.E.S. Graduate School of Technology, Nerul, Navi Mumbai",Un-Aided Autonomous Linguistic Minority - Tamil,Un-Aided  Linguistic Minority - Tamil,true,48,0321137210,Electronics and Telecommunication Engg,60,14,31,3,12,0,0,0321137211,3,FE_2024_SeatMatrix.pdf,140,false,
2024-25,FE,03211,"S.I.E.S. Graduate School of Technology, Nerul, Navi Mumbai",Un-Aided Autonomous Linguistic Minority - Tamil,Un-Aided  Linguistic Minority - Tamil,true,48,0321190010,Electronics and Computer Science,60,14,31,3,12,0,0,0321190011,3,FE_2024_SeatMatrix.pdf,141,false,
2024-25,FE,03211,"S.I.E.S. Graduate School of Technology, Nerul, Navi Mumbai",Un-Aided Autonomous Linguistic Minority - Tamil,Un-Aided  Linguistic Minority - Tamil,true,48,0321192010,Computer Science and Engineering (Internet of,60,14,31,3,12,0,0,0321192011,3,FE_2024_SeatMatrix.pdf,142,false,
2024-25,FE,03211,"S.I.E.S. Graduate School of Technology, Nerul, Navi Mumbai",Un-Aided Autonomous Linguistic Minority - Tamil,Un-Aided  Linguistic Minority - Tamil,true,48,0321192110,Artificial Intelligence and Machine Learning,60,14,31,3,12,0,0,0321192111,3,FE_2024_SeatMatrix.pdf,143,false,
2024-25,FE,03211,"S.I.E.S. Graduate School of Technology, Nerul, Navi Mumbai",Un-Aided Autonomous Linguistic Minority - Tamil,Un-Aided  Linguistic Minority - Tamil,true,96,0321199510,Artificial Intelligence and Data Science,120,30,61,5,24,0,0,0321199511,6,FE_2024_SeatMatrix.pdf,144,false,
2024-25,FE,03215,"Bhartiya Vidya Bhavan's Sardar Patel Institute of Technology , Andheri, Mumbai",Un-Aided Autonomous,Un-Aided,true,96,0321524210,Computer Science and Engineering,120,78,0,18,24,1,12,0321524211,6,FE_2024_SeatMatrix.pdf,145,false,
2024-25,FE,03215,"Bhartiya Vidya Bhavan's Sardar Patel Institute of Technology , Andheri, Mumbai",Un-Aided Autonomous,Un-Aided,true,192,0321524510,Computer Engineering,240,156,0,36,48,2,24,0321524511,12,FE_2024_SeatMatrix.pdf,146,false,
2024-25,FE,03215,"Bhartiya Vidya Bhavan's Sardar Patel Institute of Technology , Andheri, Mumbai",Un-Aided Autonomous,Un-Aided,true,96,0321537210,Electronics and Telecommunication Engg,120,78,0,18,24,1,12,0321537211,6,FE_2024_SeatMatrix.pdf,147,false,
2024-25,FE,03218,"Aldel Education Trust's St. John College of Engineering & Management, Vevoor, Palghar",Un-Aided Autonomous Religious Minority - Christian,Un-Aided  Religious Minority - Christian,true,27,0321819110,Civil Engineering,30,10,15,2,3,0,0,,0,FE_2024_SeatMatrix.pdf,148,false,
2024-25,FE,03218,"Aldel Education Trust's St. John College of Engineering & Management, Vevoor, Palghar",Un-Aided Autonomous Religious Minority - Christian,Un-Aided  Religious Minority - Christian,true,96,0321824510,Computer Engineering,120,30,61,5,24,0,0,0321824511,6,FE_2024_SeatMatrix.pdf,149,false,
2024-25,FE,03218,"Aldel Education Trust's St. John College of Engineering & Management, Vevoor, Palghar",Un-Aided Autonomous Religious Minority - Christian,Un-Aided  Religious Minority - Christian,true,48,0321824610,Information Technology,60,14,31,3,12,0,0,0321824611,3,FE_2024_SeatMatrix.pdf,150,false,
2024-25,FE,03218,"Aldel Education Trust's St. John College of Engineering & Management, Vevoor, Palghar",Un-Aided Autonomous Religious Minority - Christian,Un-Aided  Religious Minority - Christian,true,27,0321861210,Mechanical Engineering,30,10,15,2,3,0,0,,0,FE_2024_SeatMatrix.pdf,151,false,
2024-25,FE,03218,"Aldel Education Trust's St. John College of Engineering & Management, Vevoor, Palghar",Un-Aided Autonomous Religious Minority - Christian,Un-Aided  Religious Minority - Christian,true,48,0321890010,Electronics and Computer Science,60,14,31,3,12,0,0,0321890011,3,FE_2024_SeatMatrix.pdf,152,false,
2024-25,FE,03218,"Aldel Education Trust's St. John College of Engineering & Management, Vevoor, Palghar",Un-Aided Autonomous Religious Minority - Christian,Un-Aided  Religious Minority - Christian,true,48,0321891210,Computer Science and Engineering(Data Science),60,14,31,3,12,0,0,0321891211,3,FE_2024_SeatMatrix.pdf,153,false,
2024-25,FE,03218,"Aldel Education Trust's St. John College of Engineering & Management, Vevoor, Palghar",Un-Aided Autonomous Religious Minority - Christian,Un-Aided  Religious Minority - Christian,true,48,0321892110,Artificial Intelligence and Machine Learning,60,14,31,3,12,0,0,0321892111,3,FE_2024_SeatMatrix.pdf,154,false,
2024-25,FE,04116,"Ankush Shikshan Sanstha's G.H.Raisoni College of Engineering, Nagpur",Un-Aided Autonomous Linguistic Minority - Hindi,Un-Aided  Linguistic Minority - Hindi,true,60,0411619110,Civil Engineering,60,25,31,4,0,0,0,0411619111,3,FE_2024_SeatMatrix.pdf,155,false,
2024-25,FE,04116,"Ankush Shikshan Sanstha's G.H.Raisoni College of Engineering, Nagpur",Un-Aided Autonomous Linguistic Minority - Hindi,Un-Aided  Linguistic Minority - Hindi,true,144,0411624210,Computer Science and Engineering,180,44,92,8,36,0,0,0411624211,9,FE_2024_SeatMatrix.pdf,156,false,
2024-25,FE,04116,"Ankush Shikshan Sanstha's G.H.Raisoni College of Engineering, Nagpur",Un-Aided Autonomous Linguistic Minority - Hindi,Un-Aided  Linguistic Minority - Hindi,true,144,0411624610,Information Technology,180,44,92,8,36,0,0,0411624611,9,FE_2024_SeatMatrix.pdf,157,false,
2024-25,FE,04116,"Ankush Shikshan Sanstha's G.H.Raisoni College of Engineering, Nagpur",Un-Aided Autonomous Linguistic Minority - Hindi,Un-Aided  Linguistic Minority - Hindi,true,48,0411626010,Computer Science and Engineering (Cyber Security),60,14,31,3,12,0,0,0411626011,3,FE_2024_SeatMatrix.pdf,158,false,
2024-25,FE,04116,"Ankush Shikshan Sanstha's G.H.Raisoni College of Engineering, Nagpur",Un-Aided Autonomous Linguistic Minority - Hindi,Un-Aided  Linguistic Minority - Hindi,true,48,0411626710,Computer Science and Engineering (IoT),60,14,31,3,12,0,0,0411626711,3,FE_2024_SeatMatrix.pdf,159,false,
2024-25,FE,04116,"Ankush Shikshan Sanstha's G.H.Raisoni College of Engineering, Nagpur",Un-Aided Autonomous Linguistic Minority - Hindi,Un-Aided  Linguistic Minority - Hindi,true,60,0411629310,Electrical Engineering,60,25,31,4,0,0,0,0411629311,3,FE_2024_SeatMatrix.pdf,160,false,
2024-25,FE,04116,"Ankush Shikshan Sanstha's G.H.Raisoni College of Engineering, Nagpur",Un-Aided Autonomous Linguistic Minority - Hindi,Un-Aided  Linguistic Minority - Hindi,true,48,0411637210,Electronics and Telecommunication Engg,60,14,31,3,12,0,0,0411637211,3,FE_2024_SeatMatrix.pdf,161,false,
2024-25,FE,04116,"Ankush Shikshan Sanstha's G.H.Raisoni College of Engineering, Nagpur",Un-Aided Autonomous Linguistic Minority - Hindi,Un-Aided  Linguistic Minority - Hindi,true,60,0411637610,Electronics Engineering,60,25,31,4,0,0,0,0411637611,3,FE_2024_SeatMatrix.pdf,162,false,
2024-25,FE,04116,"Ankush Shikshan Sanstha's G.H.Raisoni College of Engineering, Nagpur",Un-Aided Autonomous Linguistic Minority - Hindi,Un-Aided  Linguistic Minority - Hindi,true,60,0411661210,Mechanical Engineering,60,25,31,4,0,0,0,0411661211,3,FE_2024_SeatMatrix.pdf,163,false,
2024-25,FE,04116,"Ankush Shikshan Sanstha's G.H.Raisoni College of Engineering, Nagpur",Un-Aided Autonomous Linguistic Minority - Hindi,Un-Aided  Linguistic Minority - Hindi,true,96,0411691110,Computer Science and Engineering(Artificial,120,30,61,5,24,0,0,0411691111,6,FE_2024_SeatMatrix.pdf,164,false,
2024-25,FE,04116,"Ankush Shikshan Sanstha's G.H.Raisoni College of Engineering, Nagpur",Un-Aided Autonomous Linguistic Minority - Hindi,Un-Aided  Linguistic Minority - Hindi,true,48,0411691310,Computer Science and Engineering (Artificial,60,14,31,3,12,0,0,0411691311,3,FE_2024_SeatMatrix.pdf,165,false,
2024-25,FE,04116,"Ankush Shikshan Sanstha's G.H.Raisoni College of Engineering, Nagpur",Un-Aided Autonomous Linguistic Minority - Hindi,Un-Aided  Linguistic Minority - Hindi,true,48,0411691710,Data Science,60,14,31,3,12,0,0,0411691711,3,FE_2024_SeatMatrix.pdf,166,false,
2024-25,FE,04116,"Ankush Shikshan Sanstha's G.H.Raisoni College of Engineering, Nagpur",Un-Aided Autonomous Linguistic Minority - Hindi,Un-Aided  Linguistic Minority - Hindi,true,96,0411699710,Artificial Intelligence,120,30,61,5,24,0,0,0411699711,6,FE_2024_SeatMatrix.pdf,167,false,
2024-25,FE,04123,"Lokmanya Tilak Jankalyan Shikshan Sanstha, Priyadarshani College of Engineering, Nagpur",Un-Aided Autonomous Linguistic Minority - Hindi,Un-Aided  Linguistic Minority - Hindi,true,54,0412300210,Aeronautical Engineering,60,20,31,3,6,0,0,0412300211,3,FE_2024_SeatMatrix.pdf,168,false,
2024-25,FE,04123,"Lokmanya Tilak Jankalyan Shikshan Sanstha, Priyadarshani College of Engineering, Nagpur",Un-Aided Autonomous Linguistic Minority - Hindi,Un-Aided  Linguistic Minority - Hindi,true,57,0412308210,Bio Technology,60,22,31,4,3,0,0,0412308211,3,FE_2024_SeatMatrix.pdf,169,false,
2024-25,FE,04123,"Lokmanya Tilak Jankalyan Shikshan Sanstha, Priyadarshani College of Engineering, Nagpur",Un-Aided Autonomous Linguistic Minority - Hindi,Un-Aided  Linguistic Minority - Hindi,true,114,0412319110,Civil Engineering,120,45,61,8,6,0,0,0412319111,6,FE_2024_SeatMatrix.pdf,170,false,
2024-25,FE,04123,"Lokmanya Tilak Jankalyan Shikshan Sanstha, Priyadarshani College of Engineering, Nagpur",Un-Aided Autonomous Linguistic Minority - Hindi,Un-Aided  Linguistic Minority - Hindi,true,144,0412324210,Computer Science and Engineering,180,44,92,8,36,0,0,0412324211,9,FE_2024_SeatMatrix.pdf,171,false,
2024-25,FE,04123,"Lokmanya Tilak Jankalyan Shikshan Sanstha, Priyadarshani College of Engineering, Nagpur",Un-Aided Autonomous Linguistic Minority - Hindi,Un-Aided  Linguistic Minority - Hindi,true,96,0412324610,Information Technology,120,30,61,5,24,0,0,0412324611,6,FE_2024_SeatMatrix.pdf,172,false,
2024-25,FE,04123,"Lokmanya Tilak Jankalyan Shikshan Sanstha, Priyadarshani College of Engineering, Nagpur",Un-Aided Autonomous Linguistic Minority - Hindi,Un-Aided  Linguistic Minority - Hindi,true,96,0412325110,Computer Technology,120,30,61,5,24,0,0,0412325111,6,FE_2024_SeatMatrix.pdf,173,false,
2024-25,FE,04123,"Lokmanya Tilak Jankalyan Shikshan Sanstha, Priyadarshani College of Engineering, Nagpur",Un-Aided Autonomous Linguistic Minority - Hindi,Un-Aided  Linguistic Minority - Hindi,true,54,0412326510,Industrial IoT,60,20,31,3,6,0,0,0412326511,3,FE_2024_SeatMatrix.pdf,174,false,
2024-25,FE,04123,"Lokmanya Tilak Jankalyan Shikshan Sanstha, Priyadarshani College of Engineering, Nagpur",Un-Aided Autonomous Linguistic Minority - Hindi,Un-Aided  Linguistic Minority - Hindi,true,48,0412326610,Robotics and Artificial Intelligence,60,14,31,3,12,0,0,0412326611,3,FE_2024_SeatMatrix.pdf,175,false,
2024-25,FE,04123,"Lokmanya Tilak Jankalyan Shikshan Sanstha, Priyadarshani College of Engineering, Nagpur",Un-Aided Autonomous Linguistic Minority - Hindi,Un-Aided  Linguistic Minority - Hindi,true,120,0412329310,Electrical Engineering,120,50,61,9,0,0,0,0412329311,6,FE_2024_SeatMatrix.pdf,176,false,
2024-25,FE,04123,"Lokmanya Tilak Jankalyan Shikshan Sanstha, Priyadarshani College of Engineering, Nagpur",Un-Aided Autonomous Linguistic Minority - Hindi,Un-Aided  Linguistic Minority - Hindi,true,108,0412337010,Electronics and Communication Engineering,120,40,61,7,12,0,0,0412337011,6,FE_2024_SeatMatrix.pdf,177,false,
2024-25,FE,04123,"Lokmanya Tilak Jankalyan Shikshan Sanstha, Priyadarshani College of Engineering, Nagpur",Un-Aided Autonomous Linguistic Minority - Hindi,Un-Aided  Linguistic Minority - Hindi,true,108,0412337210,Electronics and Telecommunication Engg,120,40,61,7,12,0,0,0412337211,6,FE_2024_SeatMatrix.pdf,178,false,
2024-25,FE,04123,"Lokmanya Tilak Jankalyan Shikshan Sanstha, Priyadarshani College of Engineering, Nagpur",Un-Aided Autonomous Linguistic Minority - Hindi,Un-Aided  Linguistic Minority - Hindi,true,57,0412350710,Chemical Engineering,60,22,31,4,3,0,0,0412350711,3,FE_2024_SeatMatrix.pdf,179,false,
2024-25,FE,04123,"Lokmanya Tilak Jankalyan Shikshan Sanstha, Priyadarshani College of Engineering, Nagpur",Un-Aided Autonomous Linguistic Minority - Hindi,Un-Aided  Linguistic Minority - Hindi,true,114,0412361210,Mechanical Engineering,120,45,61,8,6,0,0,0412361211,6,FE_2024_SeatMatrix.pdf,180,false,
2024-25,FE,04123,"Lokmanya Tilak Jankalyan Shikshan Sanstha, Priyadarshani College of Engineering, Nagpur",Un-Aided Autonomous Linguistic Minority - Hindi,Un-Aided  Linguistic Minority - Hindi,true,96,0412399510,Artificial Intelligence and Data Science,120,30,61,5,24,0,0,0412399511,6,FE_2024_SeatMatrix.pdf,181,false,
2024-25,FE,04136,"Lokmanya Tilak Jankalyan Shikshan Sastha, Priyadarshini J. L. College Of Engineering, Nagpur",Un-Aided Autonomous Linguistic Minority - Hindi,Un-Aided  Linguistic Minority - Hindi,true,60,0413619110,Civil Engineering,60,25,31,4,0,0,0,0413619111,3,FE_2024_SeatMatrix.pdf,182,false,
2024-25,FE,04136,"Lokmanya Tilak Jankalyan Shikshan Sastha, Priyadarshini J. L. College Of Engineering, Nagpur",Un-Aided Autonomous Linguistic Minority - Hindi,Un-Aided  Linguistic Minority - Hindi,true,96,0413624210,Computer Science and Engineering,120,30,61,5,24,0,0,0413624211,6,FE_2024_SeatMatrix.pdf,183,false,
2024-25,FE,04136,"Lokmanya Tilak Jankalyan Shikshan Sastha, Priyadarshini J. L. College Of Engineering, Nagpur",Un-Aided Autonomous Linguistic Minority - Hindi,Un-Aided  Linguistic Minority - Hindi,true,60,0413629310,Electrical Engineering,60,25,31,4,0,0,0,0413629311,3,FE_2024_SeatMatrix.pdf,184,false,
2024-25,FE,04136,"Lokmanya Tilak Jankalyan Shikshan Sastha, Priyadarshini J. L. College Of Engineering, Nagpur",Un-Aided Autonomous Linguistic Minority - Hindi,Un-Aided  Linguistic Minority - Hindi,true,54,0413637210,Electronics and Telecommunication Engg,60,20,31,3,6,0,0,0413637211,3,FE_2024_SeatMatrix.pdf,185,false,
2024-25,FE,04136,"Lokmanya Tilak Jankalyan Shikshan Sastha, Priyadarshini J. L. College Of Engineering, Nagpur",Un-Aided Autonomous Linguistic Minority - Hindi,Un-Aided  Linguistic Minority - Hindi,true,48,0413699710,Artificial Intelligence,60,14,31,3,12,0,0,0413699711,3,FE_2024_SeatMatrix.pdf,186,false,
2024-25,FE,04137,"Sir Shantilal Badjate Charitable Trust's S. B. Jain Institute of technology, Management & Research, Nagpur",Un-Aided Autonomous Linguistic Minority - Hindi,Un-Aided  Linguistic Minority - Hindi,true,192,0413724210,Computer Science and Engineering,240,59,122,11,48,0,0,0413724211,12,FE_2024_SeatMatrix.pdf,187,false,
2024-25,FE,04137,"Sir Shantilal Badjate Charitable Trust's S. B. Jain Institute of technology, Management & Research, Nagpur",Un-Aided Autonomous Linguistic Minority - Hindi,Un-Aided  Linguistic Minority - Hindi,true,30,0413729310,Electrical Engineering,30,13,15,2,0,0,0,0413729311,2,FE_2024_SeatMatrix.pdf,188,false,
2024-25,FE,04137,"Sir Shantilal Badjate Charitable Trust's S. B. Jain Institute of technology, Management & Research, Nagpur",Un-Aided Autonomous Linguistic Minority - Hindi,Un-Aided  Linguistic Minority - Hindi,true,57,0413737210,Electronics and Telecommunication Engg,60,22,31,4,3,0,0,0413737211,3,FE_2024_SeatMatrix.pdf,189,false,
2024-25,FE,04137,"Sir Shantilal Badjate Charitable Trust's S. B. Jain Institute of technology, Management & Research, Nagpur",Un-Aided Autonomous Linguistic Minority - Hindi,Un-Aided  Linguistic Minority - Hindi,true,29,0413761210,Mechanical Engineering,30,12,15,2,1,0,0,0413761211,2,FE_2024_SeatMatrix.pdf,190,false,
2024-25,FE,04137,"Sir Shantilal Badjate Charitable Trust's S. B. Jain Institute of technology, Management & Research, Nagpur",Un-Aided Autonomous Linguistic Minority - Hindi,Un-Aided  Linguistic Minority - Hindi,true,96,0413791110,Computer Science and Engineering(Artificial,120,30,61,5,24,0,0,0413791111,6,FE_2024_SeatMatrix.pdf,191,false,
2024-25,FE,04137,"Sir Shantilal Badjate Charitable Trust's S. B. Jain Institute of technology, Management & Research, Nagpur",Un-Aided Autonomous Linguistic Minority - Hindi,Un-Aided  Linguistic Minority - Hindi,true,48,0413791210,Computer Science and Engineering(Data Science),60,14,31,3,12,0,0,0413791211,3,FE_2024_SeatMatrix.pdf,192,false,
2024-25,FE,04138,"Jaidev Education Society, J D College of Engineering and Management, Nagpur",Un-Aided Autonomous Linguistic Minority - Hindi,Un-Aided  Linguistic Minority - Hindi,true,30,0413819110,Civil Engineering,30,13,15,2,0,0,0,0413819111,2,FE_2024_SeatMatrix.pdf,193,false,
2024-25,FE,04138,"Jaidev Education Society, J D College of Engineering and Management, Nagpur",Un-Aided Autonomous Linguistic Minority - Hindi,Un-Aided  Linguistic Minority - Hindi,true,162,0413824210,Computer Science and Engineering,180,59,92,11,18,0,0,0413824211,9,FE_2024_SeatMatrix.pdf,194,false,
2024-25,FE,04138,"Jaidev Education Society, J D College of Engineering and Management, Nagpur",Un-Aided Autonomous Linguistic Minority - Hindi,Un-Aided  Linguistic Minority - Hindi,true,90,0413824610,Information Technology,90,37,46,7,0,0,0,0413824611,5,FE_2024_SeatMatrix.pdf,195,false,
2024-25,FE,04138,"Jaidev Education Society, J D College of Engineering and Management, Nagpur",Un-Aided Autonomous Linguistic Minority - Hindi,Un-Aided  Linguistic Minority - Hindi,true,30,0413829310,Electrical Engineering,30,13,15,2,0,0,0,0413829311,2,FE_2024_SeatMatrix.pdf,196,false,
2024-25,FE,04138,"Jaidev Education Society, J D College of Engineering and Management, Nagpur",Un-Aided Autonomous Linguistic Minority - Hindi,Un-Aided  Linguistic Minority - Hindi,true,60,0413837210,Electronics and Telecommunication Engg,60,25,31,4,0,0,0,0413837211,3,FE_2024_SeatMatrix.pdf,197,false,
2024-25,FE,04138,"Jaidev Education Society, J D College of Engineering and Management, Nagpur",Un-Aided Autonomous Linguistic Minority - Hindi,Un-Aided  Linguistic Minority - Hindi,true,30,0413861210,Mechanical Engineering,30,13,15,2,0,0,0,0413861211,2,FE_2024_SeatMatrix.pdf,198,false,
2024-25,FE,04138,"Jaidev Education Society, J D College of Engineering and Management, Nagpur",Un-Aided Autonomous Linguistic Minority - Hindi,Un-Aided  Linguistic Minority - Hindi,true,120,0413891210,Computer Science and Engineering(Data Science),120,50,61,9,0,0,0,0413891211,6,FE_2024_SeatMatrix.pdf,199,false,
2024-25,FE,04138,"Jaidev Education Society, J D College of Engineering and Management, Nagpur",Un-Aided Autonomous Linguistic Minority - Hindi,Un-Aided  Linguistic Minority - Hindi,true,60,0413899710,Artificial Intelligence,60,25,31,4,0,0,0,0413899711,3,FE_2024_SeatMatrix.pdf,200,false,
2024-25,FE,04139,"Samridhi Sarwajanik Charitable Trust, Jhulelal Institute of Technology, Nagpur",Un-Aided Autonomous Linguistic Minority - Sindhi,Un-Aided  Linguistic Minority - Sindhi,true,171,0413924210,Computer Science and Engineering,180,67,92,12,9,0,0,0413924211,9,FE_2024_SeatMatrix.pdf,201,false,
2024-25,FE,04139,"Samridhi Sarwajanik Charitable Trust, Jhulelal Institute of Technology, Nagpur",Un-Aided Autonomous Linguistic Minority - Sindhi,Un-Aided  Linguistic Minority - Sindhi,true,60,0413929310,Electrical Engineering,60,25,31,4,0,0,0,0413929311,3,FE_2024_SeatMatrix.pdf,202,false,
2024-25,FE,04139,"Samridhi Sarwajanik Charitable Trust, Jhulelal Institute of Technology, Nagpur",Un-Aided Autonomous Linguistic Minority - Sindhi,Un-Aided  Linguistic Minority - Sindhi,true,30,0413961210,Mechanical Engineering,30,13,15,2,0,0,0,0413961211,2,FE_2024_SeatMatrix.pdf,203,false,
2024-25,FE,04139,"Samridhi Sarwajanik Charitable Trust, Jhulelal Institute of Technology, Nagpur",Un-Aided Autonomous Linguistic Minority - Sindhi,Un-Aided  Linguistic Minority - Sindhi,true,60,0413984410,Electronics and Computer Engineering,60,25,31,4,0,0,0,0413984411,3,FE_2024_SeatMatrix.pdf,204,false,
2024-25,FE,04139,"Samridhi Sarwajanik Charitable Trust, Jhulelal Institute of Technology, Nagpur",Un-Aided Autonomous Linguistic Minority - Sindhi,Un-Aided  Linguistic Minority - Sindhi,true,176,0413991110,Computer Science and Engineering(Artificial,180,71,92,13,4,0,0,0413991111,9,FE_2024_SeatMatrix.pdf,205,false,
2024-25,FE,04139,"Samridhi Sarwajanik Charitable Trust, Jhulelal Institute of Technology, Nagpur",Un-Aided Autonomous Linguistic Minority - Sindhi,Un-Aided  Linguistic Minority - Sindhi,true,60,0413992810,Electronics and Communication(Advanced,60,25,31,4,0,0,0,0413992811,3,FE_2024_SeatMatrix.pdf,206,false,
2024-25,FE,04142,"G H Raisoni College of Engineering & Management, Nagpur",Un-Aided Autonomous Linguistic Minority - Hindi,Un-Aided  Linguistic Minority - Hindi,true,54,0414219110,Civil Engineering,60,20,31,3,6,0,0,0414219111,3,FE_2024_SeatMatrix.pdf,207,false,
2024-25,FE,04142,"G H Raisoni College of Engineering & Management, Nagpur",Un-Aided Autonomous Linguistic Minority - Hindi,Un-Aided  Linguistic Minority - Hindi,true,144,0414224210,Computer Science and Engineering,180,44,92,8,36,0,0,0414224211,9,FE_2024_SeatMatrix.pdf,208,false,
2024-25,FE,04142,"G H Raisoni College of Engineering & Management, Nagpur",Un-Aided Autonomous Linguistic Minority - Hindi,Un-Aided  Linguistic Minority - Hindi,true,48,0414224610,Information Technology,60,14,31,3,12,0,0,0414224611,3,FE_2024_SeatMatrix.pdf,209,false,
2024-25,FE,04142,"G H Raisoni College of Engineering & Management, Nagpur",Un-Aided Autonomous Linguistic Minority - Hindi,Un-Aided  Linguistic Minority - Hindi,true,57,0414229310,Electrical Engineering,60,22,31,4,3,0,0,0414229311,3,FE_2024_SeatMatrix.pdf,210,false,
2024-25,FE,04142,"G H Raisoni College of Engineering & Management, Nagpur",Un-Aided Autonomous Linguistic Minority - Hindi,Un-Aided  Linguistic Minority - Hindi,true,48,0414237210,Electronics and Telecommunication Engg,60,14,31,3,12,0,0,0414237211,3,FE_2024_SeatMatrix.pdf,211,false,
2024-25,FE,04142,"G H Raisoni College of Engineering & Management, Nagpur",Un-Aided Autonomous Linguistic Minority - Hindi,Un-Aided  Linguistic Minority - Hindi,true,57,0414261210,Mechanical Engineering,60,22,31,4,3,0,0,0414261211,3,FE_2024_SeatMatrix.pdf,212,false,
2024-25,FE,04142,"G H Raisoni College of Engineering & Management, Nagpur",Un-Aided Autonomous Linguistic Minority - Hindi,Un-Aided  Linguistic Minority - Hindi,true,48,0414291010,Computer Science and Engineering(Cyber Security),60,14,31,3,12,0,0,0414291011,3,FE_2024_SeatMatrix.pdf,213,false,
2024-25,FE,04142,"G H Raisoni College of Engineering & Management, Nagpur",Un-Aided Autonomous Linguistic Minority - Hindi,Un-Aided  Linguistic Minority - Hindi,true,48,0414291710,Data Science,60,14,31,3,12,0,0,0414291711,3,FE_2024_SeatMatrix.pdf,214,false,
2024-25,FE,04142,"G H Raisoni College of Engineering & Management, Nagpur",Un-Aided Autonomous Linguistic Minority - Hindi,Un-Aided  Linguistic Minority - Hindi,true,144,0414299710,Artificial Intelligence,180,44,92,8,36,0,0,0414299711,9,FE_2024_SeatMatrix.pdf,215,false,
2024-25,FE,04145,"Wainganga College of Engineering and Management, Dongargaon, Nagpur",Un-Aided Autonomous,Un-Aided,true,60,0414519110,Civil Engineering,60,51,0,9,0,1,6,0414519111,3,FE_2024_SeatMatrix.pdf,216,false,
2024-25,FE,04145,"Wainganga College of Engineering and Management, Dongargaon, Nagpur",Un-Aided Autonomous,Un-Aided,true,118,0414524210,Computer Science and Engineering,120,100,0,18,2,1,12,0414524211,6,FE_2024_SeatMatrix.pdf,217,false,
2024-25,FE,04145,"Wainganga College of Engineering and Management, Dongargaon, Nagpur",Un-Aided Autonomous,Un-Aided,true,60,0414529310,Electrical Engineering,60,51,0,9,0,1,6,0414529311,3,FE_2024_SeatMatrix.pdf,218,false,
2024-25,FE,04145,"Wainganga College of Engineering and Management, Dongargaon, Nagpur",Un-Aided Autonomous,Un-Aided,true,30,0414537210,Electronics and Telecommunication Engg,30,25,0,5,0,0,3,0414537211,2,FE_2024_SeatMatrix.pdf,219,false,
2024-25,FE,04145,"Wainganga College of Engineering and Management, Dongargaon, Nagpur",Un-Aided Autonomous,Un-Aided,true,60,0414561210,Mechanical Engineering,60,51,0,9,0,1,6,0414561211,3,FE_2024_SeatMatrix.pdf,220,false,
2024-25,FE,04145,"Wainganga College of Engineering and Management, Dongargaon, Nagpur",Un-Aided Autonomous,Un-Aided,true,60,0414599510,Artificial Intelligence and Data Science,60,51,0,9,0,1,6,0414599511,3,FE_2024_SeatMatrix.pdf,221,false,
2024-25,FE,04151,"Tulsiramji Gaikwad Patil College of Engineering & Technology, Nagpur",Un-Aided Autonomous,Un-Aided,true,60,0415100210,Aeronautical Engineering,60,51,0,9,0,1,6,0415100211,3,FE_2024_SeatMatrix.pdf,222,false,
2024-25,FE,04151,"Tulsiramji Gaikwad Patil College of Engineering & Technology, Nagpur",Un-Aided Autonomous,Un-Aided,true,60,0415108210,Bio Technology,60,51,0,9,0,1,6,0415108211,3,FE_2024_SeatMatrix.pdf,223,false,
2024-25,FE,04151,"Tulsiramji Gaikwad Patil College of Engineering & Technology, Nagpur",Un-Aided Autonomous,Un-Aided,true,60,0415119110,Civil Engineering,60,51,0,9,0,1,6,0415119111,3,FE_2024_SeatMatrix.pdf,224,false,
2024-25,FE,04151,"Tulsiramji Gaikwad Patil College of Engineering & Technology, Nagpur",Un-Aided Autonomous,Un-Aided,true,150,0415124210,Computer Science and Engineering,150,127,0,23,0,1,15,0415124211,8,FE_2024_SeatMatrix.pdf,225,false,
2024-25,FE,04151,"Tulsiramji Gaikwad Patil College of Engineering & Technology, Nagpur",Un-Aided Autonomous,Un-Aided,true,120,0415124610,Information Technology,120,102,0,18,0,1,12,0415124611,6,FE_2024_SeatMatrix.pdf,226,false,
2024-25,FE,04151,"Tulsiramji Gaikwad Patil College of Engineering & Technology, Nagpur",Un-Aided Autonomous,Un-Aided,true,120,0415129310,Electrical Engineering,120,102,0,18,0,1,12,0415129311,6,FE_2024_SeatMatrix.pdf,227,false,
2024-25,FE,04151,"Tulsiramji Gaikwad Patil College of Engineering & Technology, Nagpur",Un-Aided Autonomous,Un-Aided,true,120,0415137010,Electronics and Communication Engineering,120,102,0,18,0,1,12,0415137011,6,FE_2024_SeatMatrix.pdf,228,false,
2024-25,FE,04151,"Tulsiramji Gaikwad Patil College of Engineering & Technology, Nagpur",Un-Aided Autonomous,Un-Aided,true,90,0415161210,Mechanical Engineering,90,76,0,14,0,1,9,0415161211,5,FE_2024_SeatMatrix.pdf,229,false,
2024-25,FE,04151,"Tulsiramji Gaikwad Patil College of Engineering & Technology, Nagpur",Un-Aided Autonomous,Un-Aided,true,120,0415191210,Computer Science and Engineering(Data Science),120,102,0,18,0,1,12,0415191211,6,FE_2024_SeatMatrix.pdf,230,false,
2024-25,FE,04151,"Tulsiramji Gaikwad Patil College of Engineering & Technology, Nagpur",Un-Aided Autonomous,Un-Aided,true,120,0415192110,Artificial Intelligence and Machine Learning,120,102,0,18,0,1,12,0415192111,6,FE_2024_SeatMatrix.pdf,231,false,
2024-25,FE,04167,"Yeshwantrao Chavan College of Engineering,Wanadongri, Nagpur",Un-Aided Autonomous,Un-Aided,true,120,0416719110,Civil Engineering,120,102,0,18,0,1,12,0416719111,6,FE_2024_SeatMatrix.pdf,232,false,
2024-25,FE,04167,"Yeshwantrao Chavan College of Engineering,Wanadongri, Nagpur",Un-Aided Autonomous,Un-Aided,true,144,0416724210,Computer Science and Engineering,180,117,0,27,36,1,18,0416724211,9,FE_2024_SeatMatrix.pdf,233,false,
2024-25,FE,04167,"Yeshwantrao Chavan College of Engineering,Wanadongri, Nagpur",Un-Aided Autonomous,Un-Aided,true,144,0416724610,Information Technology,180,117,0,27,36,1,18,0416724611,9,FE_2024_SeatMatrix.pdf,234,false,
2024-25,FE,04167,"Yeshwantrao Chavan College of Engineering,Wanadongri, Nagpur",Un-Aided Autonomous,Un-Aided,true,96,0416725110,Computer Technology,120,78,0,18,24,1,12,0416725111,6,FE_2024_SeatMatrix.pdf,235,false,
2024-25,FE,04167,"Yeshwantrao Chavan College of Engineering,Wanadongri, Nagpur",Un-Aided Autonomous,Un-Aided,true,48,0416725710,Computer Science and Design,60,39,0,9,12,0,6,0416725711,3,FE_2024_SeatMatrix.pdf,236,false,
2024-25,FE,04167,"Yeshwantrao Chavan College of Engineering,Wanadongri, Nagpur",Un-Aided Autonomous,Un-Aided,true,48,0416726710,Computer Science and Engineering (IoT),60,39,0,9,12,0,6,0416726711,3,FE_2024_SeatMatrix.pdf,237,false,
2024-25,FE,04167,"Yeshwantrao Chavan College of Engineering,Wanadongri, Nagpur",Un-Aided Autonomous,Un-Aided,true,120,0416735610,Electrical Engg[Electronics and Power],120,102,0,18,0,1,12,0416735611,6,FE_2024_SeatMatrix.pdf,238,false,
2024-25,FE,04167,"Yeshwantrao Chavan College of Engineering,Wanadongri, Nagpur",Un-Aided Autonomous,Un-Aided,true,144,0416737210,Electronics and Telecommunication Engg,180,117,0,27,36,1,18,0416737211,9,FE_2024_SeatMatrix.pdf,239,false,
2024-25,FE,04167,"Yeshwantrao Chavan College of Engineering,Wanadongri, Nagpur",Un-Aided Autonomous,Un-Aided,true,96,0416737610,Electronics Engineering,120,78,0,18,24,1,12,0416737611,6,FE_2024_SeatMatrix.pdf,240,false,
2024-25,FE,04167,"Yeshwantrao Chavan College of Engineering,Wanadongri, Nagpur",Un-Aided Autonomous,Un-Aided,true,60,0416737810,Electronics Engineering ( VLSI Design and,60,51,0,9,0,1,6,0416737811,3,FE_2024_SeatMatrix.pdf,241,false,
2024-25,FE,04167,"Yeshwantrao Chavan College of Engineering,Wanadongri, Nagpur",Un-Aided Autonomous,Un-Aided,true,120,0416761210,Mechanical Engineering,120,102,0,18,0,1,12,0416761211,6,FE_2024_SeatMatrix.pdf,242,false,
2024-25,FE,04167,"Yeshwantrao Chavan College of Engineering,Wanadongri, Nagpur",Un-Aided Autonomous,Un-Aided,true,48,0416791110,Computer Science and Engineering(Artificial,60,39,0,9,12,0,6,0416791111,3,FE_2024_SeatMatrix.pdf,243,false,
2024-25,FE,04167,"Yeshwantrao Chavan College of Engineering,Wanadongri, Nagpur",Un-Aided Autonomous,Un-Aided,true,96,0416799510,Artificial Intelligence and Data Science,120,78,0,18,24,1,12,0416799511,6,FE_2024_SeatMatrix.pdf,244,false,
2024-25,FE,04174,"ST. Vincent Pallotti College of Engineering & Technology, Nagpur",Un-Aided Autonomous Religious Minority - Christian,Un-Aided  Religious Minority - Christian,true,54,0417419110,Civil Engineering,60,20,31,3,6,0,0,0417419111,3,FE_2024_SeatMatrix.pdf,245,false,
2024-25,FE,04174,"ST. Vincent Pallotti College of Engineering & Technology, Nagpur",Un-Aided Autonomous Religious Minority - Christian,Un-Aided  Religious Minority - Christian,true,96,0417424510,Computer Engineering,120,30,61,5,24,0,0,0417424511,6,FE_2024_SeatMatrix.pdf,246,false,
2024-25,FE,04174,"ST. Vincent Pallotti College of Engineering & Technology, Nagpur",Un-Aided Autonomous Religious Minority - Christian,Un-Aided  Religious Minority - Christian,true,48,0417424610,Information Technology,60,14,31,3,12,0,0,0417424611,3,FE_2024_SeatMatrix.pdf,247,false,
2024-25,FE,04174,"ST. Vincent Pallotti College of Engineering & Technology, Nagpur",Un-Aided Autonomous Religious Minority - Christian,Un-Aided  Religious Minority - Christian,true,48,0417426010,Computer Science and Engineering (Cyber Security),60,14,31,3,12,0,0,0417426011,3,FE_2024_SeatMatrix.pdf,248,false,
2024-25,FE,04174,"ST. Vincent Pallotti College of Engineering & Technology, Nagpur",Un-Aided Autonomous Religious Minority - Christian,Un-Aided  Religious Minority - Christian,true,48,0417426210,Computer Science and Business Systems,60,14,31,3,12,0,0,0417426211,3,FE_2024_SeatMatrix.pdf,249,false,
2024-25,FE,04174,"ST. Vincent Pallotti College of Engineering & Technology, Nagpur",Un-Aided Autonomous Religious Minority - Christian,Un-Aided  Religious Minority - Christian,true,48,0417426510,Industrial IoT,60,14,31,3,12,0,0,0417426511,3,FE_2024_SeatMatrix.pdf,250,false,
2024-25,FE,04174,"ST. Vincent Pallotti College of Engineering & Technology, Nagpur",Un-Aided Autonomous Religious Minority - Christian,Un-Aided  Religious Minority - Christian,true,48,0417429310,Electrical Engineering,60,14,31,3,12,0,0,0417429311,3,FE_2024_SeatMatrix.pdf,251,false,
2024-25,FE,04174,"ST. Vincent Pallotti College of Engineering & Technology, Nagpur",Un-Aided Autonomous Religious Minority - Christian,Un-Aided  Religious Minority - Christian,true,48,0417437210,Electronics and Telecommunication Engg,60,14,31,3,12,0,0,0417437211,3,FE_2024_SeatMatrix.pdf,252,false,
2024-25,FE,04174,"ST. Vincent Pallotti College of Engineering & Technology, Nagpur",Un-Aided Autonomous Religious Minority - Christian,Un-Aided  Religious Minority - Christian,true,48,0417461210,Mechanical Engineering,60,14,31,3,12,0,0,0417461211,3,FE_2024_SeatMatrix.pdf,253,false,
2024-25,FE,04174,"ST. Vincent Pallotti College of Engineering & Technology, Nagpur",Un-Aided Autonomous Religious Minority - Christian,Un-Aided  Religious Minority - Christian,true,48,0417491210,Computer Science and Engineering(Data Science),60,14,31,3,12,0,0,0417491211,3,FE_2024_SeatMatrix.pdf,254,false,
2024-25,FE,04174,"ST. Vincent Pallotti College of Engineering & Technology, Nagpur",Un-Aided Autonomous Religious Minority - Christian,Un-Aided  Religious Minority - Christian,true,48,0417499710,Artificial Intelligence,60,14,31,3,12,0,0,0417499711,3,FE_2024_SeatMatrix.pdf,255,false,
2024-25,FE,04193,"K.D.M. Education Society, Vidharbha Institute of Technology,Umred Road ,Nagpur",Un-Aided Autonomous Linguistic Minority - Hindi,Un-Aided  Linguistic Minority - Hindi,true,60,0419324210,Computer Science and Engineering,60,25,31,4,0,0,0,0419324211,3,FE_2024_SeatMatrix.pdf,256,false,
2024-25,FE,04193,"K.D.M. Education Society, Vidharbha Institute of Technology,Umred Road ,Nagpur",Un-Aided Autonomous Linguistic Minority - Hindi,Un-Aided  Linguistic Minority - Hindi,true,60,0419329310,Electrical Engineering,60,25,31,4,0,0,0,,0,FE_2024_SeatMatrix.pdf,257,false,
2024-25,FE,04193,"K.D.M. Education Society, Vidharbha Institute of Technology,Umred Road ,Nagpur",Un-Aided Autonomous Linguistic Minority - Hindi,Un-Aided  Linguistic Minority - Hindi,true,60,0419337010,Electronics and Communication Engineering,60,25,31,4,0,0,0,,0,FE_2024_SeatMatrix.pdf,258,false,
2024-25,FE,04193,"K.D.M. Education Society, Vidharbha Institute of Technology,Umred Road ,Nagpur",Un-Aided Autonomous Linguistic Minority - Hindi,Un-Aided  Linguistic Minority - Hindi,true,60,0419361210,Mechanical Engineering,60,25,31,4,0,0,0,,0,FE_2024_SeatMatrix.pdf,259,false,
2024-25,FE,04193,"K.D.M. Education Society, Vidharbha Institute of Technology,Umred Road ,Nagpur",Un-Aided Autonomous Linguistic Minority - Hindi,Un-Aided  Linguistic Minority - Hindi,true,60,0419391110,Computer Science and Engineering(Artificial,60,25,31,4,0,0,0,0419391111,3,FE_2024_SeatMatrix.pdf,260,false,
2024-25,FE,04193,"K.D.M. Education Society, Vidharbha Institute of Technology,Umred Road ,Nagpur",Un-Aided Autonomous Linguistic Minority - Hindi,Un-Aided  Linguistic Minority - Hindi,true,60,0419391210,Computer Science and Engineering(Data Science),60,25,31,4,0,0,0,0419391211,3,FE_2024_SeatMatrix.pdf,261,false,
2024-25,FE,04613,"Suryodaya College of Engineering & Technology, Nagpur",Un-Aided Autonomous,Un-Aided,true,30,0461319110,Civil Engineering,30,25,0,5,0,0,3,0461319111,2,FE_2024_SeatMatrix.pdf,262,false,
2024-25,FE,04613,"Suryodaya College of Engineering & Technology, Nagpur",Un-Aided Autonomous,Un-Aided,true,81,0461324510,Computer Engineering,90,67,0,14,9,1,9,0461324511,5,FE_2024_SeatMatrix.pdf,263,false,
2024-25,FE,04613,"Suryodaya College of Engineering & Technology, Nagpur",Un-Aided Autonomous,Un-Aided,true,60,0461326510,Industrial IoT,60,51,0,9,0,1,6,0461326511,3,FE_2024_SeatMatrix.pdf,264,false,
2024-25,FE,04613,"Suryodaya College of Engineering & Technology, Nagpur",Un-Aided Autonomous,Un-Aided,true,60,0461329310,Electrical Engineering,60,51,0,9,0,1,6,0461329311,3,FE_2024_SeatMatrix.pdf,265,false,
2024-25,FE,04613,"Suryodaya College of Engineering & Technology, Nagpur",Un-Aided Autonomous,Un-Aided,true,60,0461337210,Electronics and Telecommunication Engg,60,51,0,9,0,1,6,0461337211,3,FE_2024_SeatMatrix.pdf,266,false,
2024-25,FE,04613,"Suryodaya College of Engineering & Technology, Nagpur",Un-Aided Autonomous,Un-Aided,true,60,0461361210,Mechanical Engineering,60,51,0,9,0,1,6,0461361211,3,FE_2024_SeatMatrix.pdf,267,false,
2024-25,FE,04613,"Suryodaya College of Engineering & Technology, Nagpur",Un-Aided Autonomous,Un-Aided,true,57,0461391210,Computer Science and Engineering(Data Science),60,48,0,9,3,0,6,0461391211,3,FE_2024_SeatMatrix.pdf,268,false,
2024-25,FE,05004,"Government College of Engineering, Jalgaon",Government Autonomous,Government,true,60,0500419110,Civil Engineering,60,60,0,0,0,1,6,0500419111,3,FE_2024_SeatMatrix.pdf,269,false,
2024-25,FE,05004,"Government College of Engineering, Jalgaon",Government Autonomous,Government,true,60,0500424510,Computer Engineering,60,60,0,0,0,1,6,0500424511,3,FE_2024_SeatMatrix.pdf,270,false,
2024-25,FE,05004,"Government College of Engineering, Jalgaon",Government Autonomous,Government,true,60,0500429310,Electrical Engineering,60,60,0,0,0,1,6,0500429311,3,FE_2024_SeatMatrix.pdf,271,false,
2024-25,FE,05004,"Government College of Engineering, Jalgaon",Government Autonomous,Government,true,60,0500437210,Electronics and Telecommunication Engg,60,60,0,0,0,1,6,0500437211,3,FE_2024_SeatMatrix.pdf,272,false,
2024-25,FE,05004,"Government College of Engineering, Jalgaon",Government Autonomous,Government,true,60,0500446610,Instrumentation Engineering,60,60,0,0,0,1,6,0500446611,3,FE_2024_SeatMatrix.pdf,273,false,
2024-25,FE,05004,"Government College of Engineering, Jalgaon",Government Autonomous,Government,true,60,0500461210,Mechanical Engineering,60,60,0,0,0,1,6,0500461211,3,FE_2024_SeatMatrix.pdf,274,false,
2024-25,FE,05108,"Maratha Vidya Prasarak Samaj's Karmaveer Adv. Baburao Ganpatrao Thakare College Of Engineering, Nashik",Un-Aided Autonomous,Un-Aided,true,57,0510819110,Civil Engineering,60,48,0,9,3,0,6,0510819111,3,FE_2024_SeatMatrix.pdf,275,false,
2024-25,FE,05108,"Maratha Vidya Prasarak Samaj's Karmaveer Adv. Baburao Ganpatrao Thakare College Of Engineering, Nashik",Un-Aided Autonomous,Un-Aided,true,144,0510824510,Computer Engineering,180,117,0,27,36,1,18,0510824511,9,FE_2024_SeatMatrix.pdf,276,false,
2024-25,FE,05108,"Maratha Vidya Prasarak Samaj's Karmaveer Adv. Baburao Ganpatrao Thakare College Of Engineering, Nashik",Un-Aided Autonomous,Un-Aided,true,96,0510824610,Information Technology,120,78,0,18,24,1,12,0510824611,6,FE_2024_SeatMatrix.pdf,277,false,
2024-25,FE,05108,"Maratha Vidya Prasarak Samaj's Karmaveer Adv. Baburao Ganpatrao Thakare College Of Engineering, Nashik",Un-Aided Autonomous,Un-Aided,true,96,0510826310,Artificial Intelligence (AI) and Data Science,120,78,0,18,24,1,12,0510826311,6,FE_2024_SeatMatrix.pdf,278,false,
2024-25,FE,05108,"Maratha Vidya Prasarak Samaj's Karmaveer Adv. Baburao Ganpatrao Thakare College Of Engineering, Nashik",Un-Aided Autonomous,Un-Aided,true,57,0510829310,Electrical Engineering,60,48,0,9,3,0,6,0510829311,3,FE_2024_SeatMatrix.pdf,279,false,
2024-25,FE,05108,"Maratha Vidya Prasarak Samaj's Karmaveer Adv. Baburao Ganpatrao Thakare College Of Engineering, Nashik",Un-Aided Autonomous,Un-Aided,true,57,0510837210,Electronics and Telecommunication Engg,60,48,0,9,3,0,6,0510837211,3,FE_2024_SeatMatrix.pdf,280,false,
2024-25,FE,05108,"Maratha Vidya Prasarak Samaj's Karmaveer Adv. Baburao Ganpatrao Thakare College Of Engineering, Nashik",Un-Aided Autonomous,Un-Aided,true,60,0510846410,Instrumentation and Control Engineering,60,51,0,9,0,1,6,0510846411,3,FE_2024_SeatMatrix.pdf,281,false,
2024-25,FE,05108,"Maratha Vidya Prasarak Samaj's Karmaveer Adv. Baburao Ganpatrao Thakare College Of Engineering, Nashik",Un-Aided Autonomous,Un-Aided,true,118,0510861210,Mechanical Engineering,120,100,0,18,2,1,12,0510861211,6,FE_2024_SeatMatrix.pdf,282,false,
2024-25,FE,05109,"Sandip Foundation, Sandip Institute of Technology and Research Centre, Mahiravani, Nashik",Un-Aided Autonomous,Un-Aided,true,60,0510919110,Civil Engineering,60,51,0,9,0,1,6,,0,FE_2024_SeatMatrix.pdf,283,false,
2024-25,FE,05109,"Sandip Foundation, Sandip Institute of Technology and Research Centre, Mahiravani, Nashik",Un-Aided Autonomous,Un-Aided,true,157,0510924510,Computer Engineering,180,130,0,27,23,1,18,0510924511,9,FE_2024_SeatMatrix.pdf,284,false,
2024-25,FE,05109,"Sandip Foundation, Sandip Institute of Technology and Research Centre, Mahiravani, Nashik",Un-Aided Autonomous,Un-Aided,true,54,0510924610,Information Technology,60,45,0,9,6,0,6,0510924611,3,FE_2024_SeatMatrix.pdf,285,false,
2024-25,FE,05109,"Sandip Foundation, Sandip Institute of Technology and Research Centre, Mahiravani, Nashik",Un-Aided Autonomous,Un-Aided,true,60,0510929310,Electrical Engineering,60,51,0,9,0,1,6,0510929311,3,FE_2024_SeatMatrix.pdf,286,false,
2024-25,FE,05109,"Sandip Foundation, Sandip Institute of Technology and Research Centre, Mahiravani, Nashik",Un-Aided Autonomous,Un-Aided,true,59,0510937210,Electronics and Telecommunication Engg,60,50,0,9,1,1,6,0510937211,3,FE_2024_SeatMatrix.pdf,287,false,
2024-25,FE,05109,"Sandip Foundation, Sandip Institute of Technology and Research Centre, Mahiravani, Nashik",Un-Aided Autonomous,Un-Aided,true,51,0510956610,Computer Science,60,42,0,9,9,0,6,0510956611,3,FE_2024_SeatMatrix.pdf,288,false,
2024-25,FE,05109,"Sandip Foundation, Sandip Institute of Technology and Research Centre, Mahiravani, Nashik",Un-Aided Autonomous,Un-Aided,true,48,0510961210,Mechanical Engineering,60,39,0,9,12,0,6,0510961211,3,FE_2024_SeatMatrix.pdf,289,false,
2024-25,FE,05109,"Sandip Foundation, Sandip Institute of Technology and Research Centre, Mahiravani, Nashik",Un-Aided Autonomous,Un-Aided,true,60,0510991610,Automation and Robotics,60,51,0,9,0,1,6,0510991611,3,FE_2024_SeatMatrix.pdf,290,false,
2024-25,FE,05109,"Sandip Foundation, Sandip Institute of Technology and Research Centre, Mahiravani, Nashik",Un-Aided Autonomous,Un-Aided,true,60,0510992110,Artificial Intelligence and Machine Learning,60,51,0,9,0,1,6,0510992111,3,FE_2024_SeatMatrix.pdf,291,false,
2024-25,FE,05109,"Sandip Foundation, Sandip Institute of Technology and Research Centre, Mahiravani, Nashik",Un-Aided Autonomous,Un-Aided,true,48,0510999510,Artificial Intelligence and Data Science,60,39,0,9,12,0,6,0510999511,3,FE_2024_SeatMatrix.pdf,292,false,
2024-25,FE,05121,"K. K. Wagh Institute of Engineering Education and Research, Nashik",Un-Aided Autonomous,Un-Aided,true,120,0512119110,Civil Engineering,120,102,0,18,0,1,12,0512119111,6,FE_2024_SeatMatrix.pdf,293,false,
2024-25,FE,05121,"K. K. Wagh Institute of Engineering Education and Research, Nashik",Un-Aided Autonomous,Un-Aided,true,54,0512121910,Robotics and Automation,60,45,0,9,6,0,6,0512121911,3,FE_2024_SeatMatrix.pdf,294,false,
2024-25,FE,05121,"K. K. Wagh Institute of Engineering Education and Research, Nashik",Un-Aided Autonomous,Un-Aided,true,96,0512124510,Computer Engineering,120,78,0,18,24,1,12,0512124511,6,FE_2024_SeatMatrix.pdf,295,false,
2024-25,FE,05121,"K. K. Wagh Institute of Engineering Education and Research, Nashik",Un-Aided Autonomous,Un-Aided,true,96,0512124610,Information Technology,120,78,0,18,24,1,12,0512124611,6,FE_2024_SeatMatrix.pdf,296,false,
2024-25,FE,05121,"K. K. Wagh Institute of Engineering Education and Research, Nashik",Un-Aided Autonomous,Un-Aided,true,48,0512125710,Computer Science and Design,60,39,0,9,12,0,6,0512125711,3,FE_2024_SeatMatrix.pdf,297,false,
2024-25,FE,05121,"K. K. Wagh Institute of Engineering Education and Research, Nashik",Un-Aided Autonomous,Un-Aided,true,110,0512129310,Electrical Engineering,120,92,0,18,10,1,12,0512129311,6,FE_2024_SeatMatrix.pdf,298,false,
2024-25,FE,05121,"K. K. Wagh Institute of Engineering Education and Research, Nashik",Un-Aided Autonomous,Un-Aided,true,108,0512137210,Electronics and Telecommunication Engg,120,90,0,18,12,1,12,0512137211,6,FE_2024_SeatMatrix.pdf,299,false,
2024-25,FE,05121,"K. K. Wagh Institute of Engineering Education and Research, Nashik",Un-Aided Autonomous,Un-Aided,true,60,0512150710,Chemical Engineering,60,51,0,9,0,1,6,0512150711,3,FE_2024_SeatMatrix.pdf,300,false,
2024-25,FE,05121,"K. K. Wagh Institute of Engineering Education and Research, Nashik",Un-Aided Autonomous,Un-Aided,true,116,0512161210,Mechanical Engineering,120,98,0,18,4,1,12,0512161211,6,FE_2024_SeatMatrix.pdf,301,false,
2024-25,FE,05121,"K. K. Wagh Institute of Engineering Education and Research, Nashik",Un-Aided Autonomous,Un-Aided,true,96,0512199510,Artificial Intelligence and Data Science,120,78,0,18,24,1,12,0512199511,6,FE_2024_SeatMatrix.pdf,302,false,
2024-25,FE,05152,"G H Raisoni College of Engineering and Management, Jalgaon",Un-Aided Autonomous Linguistic Minority - Hindi,Un-Aided  Linguistic Minority - Hindi,true,60,0515219110,Civil Engineering,60,25,31,4,0,0,0,,0,FE_2024_SeatMatrix.pdf,303,false,
2024-25,FE,05152,"G H Raisoni College of Engineering and Management, Jalgaon",Un-Aided Autonomous Linguistic Minority - Hindi,Un-Aided  Linguistic Minority - Hindi,true,144,0515224210,Computer Science and Engineering,180,44,92,8,36,0,0,0515224211,9,FE_2024_SeatMatrix.pdf,304,false,
2024-25,FE,05152,"G H Raisoni College of Engineering and Management, Jalgaon",Un-Aided Autonomous Linguistic Minority - Hindi,Un-Aided  Linguistic Minority - Hindi,true,48,0515224610,Information Technology,60,14,31,3,12,0,0,0515224611,3,FE_2024_SeatMatrix.pdf,305,false,
2024-25,FE,05152,"G H Raisoni College of Engineering and Management, Jalgaon",Un-Aided Autonomous Linguistic Minority - Hindi,Un-Aided  Linguistic Minority - Hindi,true,60,0515229310,Electrical Engineering,60,25,31,4,0,0,0,0515229311,3,FE_2024_SeatMatrix.pdf,306,false,
2024-25,FE,05152,"G H Raisoni College of Engineering and Management, Jalgaon",Un-Aided Autonomous Linguistic Minority - Hindi,Un-Aided  Linguistic Minority - Hindi,true,48,0515237210,Electronics and Telecommunication Engg,60,14,31,3,12,0,0,0515237211,3,FE_2024_SeatMatrix.pdf,307,false,
2024-25,FE,05152,"G H Raisoni College of Engineering and Management, Jalgaon",Un-Aided Autonomous Linguistic Minority - Hindi,Un-Aided  Linguistic Minority - Hindi,true,60,0515261210,Mechanical Engineering,60,25,31,4,0,0,0,0515261211,3,FE_2024_SeatMatrix.pdf,308,false,
2024-25,FE,05152,"G H Raisoni College of Engineering and Management, Jalgaon",Un-Aided Autonomous Linguistic Minority - Hindi,Un-Aided  Linguistic Minority - Hindi,true,48,0515291110,Computer Science and Engineering(Artificial,60,14,31,3,12,0,0,0515291111,3,FE_2024_SeatMatrix.pdf,309,false,
2024-25,FE,05152,"G H Raisoni College of Engineering and Management, Jalgaon",Un-Aided Autonomous Linguistic Minority - Hindi,Un-Aided  Linguistic Minority - Hindi,true,48,0515291210,Computer Science and Engineering(Data Science),60,14,31,3,12,0,0,0515291211,3,FE_2024_SeatMatrix.pdf,310,false,
2024-25,FE,05152,"G H Raisoni College of Engineering and Management, Jalgaon",Un-Aided Autonomous Linguistic Minority - Hindi,Un-Aided  Linguistic Minority - Hindi,true,48,0515291310,Computer Science and Engineering (Artificial,60,14,31,3,12,0,0,0515291311,3,FE_2024_SeatMatrix.pdf,311,false,
2024-25,FE,05160,"Sanjivani Rural Education Society's Sanjivani College of Engineering, Kopargaon",Un-Aided Autonomous,Un-Aided,true,120,0516019110,Civil Engineering,120,102,0,18,0,1,12,0516019111,6,FE_2024_SeatMatrix.pdf,312,false,
2024-25,FE,05160,"Sanjivani Rural Education Society's Sanjivani College of Engineering, Kopargaon",Un-Aided Autonomous,Un-Aided,true,96,0516024510,Computer Engineering,120,78,0,18,24,1,12,0516024511,6,FE_2024_SeatMatrix.pdf,313,false,
2024-25,FE,05160,"Sanjivani Rural Education Society's Sanjivani College of Engineering, Kopargaon",Un-Aided Autonomous,Un-Aided,true,96,0516024610,Information Technology,120,78,0,18,24,1,12,0516024611,6,FE_2024_SeatMatrix.pdf,314,false,
2024-25,FE,05160,"Sanjivani Rural Education Society's Sanjivani College of Engineering, Kopargaon",Un-Aided Autonomous,Un-Aided,true,60,0516029310,Electrical Engineering,60,51,0,9,0,1,6,0516029311,3,FE_2024_SeatMatrix.pdf,315,false,
2024-25,FE,05160,"Sanjivani Rural Education Society's Sanjivani College of Engineering, Kopargaon",Un-Aided Autonomous,Un-Aided,true,120,0516061210,Mechanical Engineering,120,102,0,18,0,1,12,0516061211,6,FE_2024_SeatMatrix.pdf,316,false,
2024-25,FE,05160,"Sanjivani Rural Education Society's Sanjivani College of Engineering, Kopargaon",Un-Aided Autonomous,Un-Aided,true,54,0516062410,Mechatronics Engineering,60,45,0,9,6,0,6,0516062411,3,FE_2024_SeatMatrix.pdf,317,false,
2024-25,FE,05160,"Sanjivani Rural Education Society's Sanjivani College of Engineering, Kopargaon",Un-Aided Autonomous,Un-Aided,true,48,0516084410,Electronics and Computer Engineering,60,39,0,9,12,0,6,0516084411,3,FE_2024_SeatMatrix.pdf,318,false,
2024-25,FE,05160,"Sanjivani Rural Education Society's Sanjivani College of Engineering, Kopargaon",Un-Aided Autonomous,Un-Aided,true,60,0516091510,Structural Engineering,60,51,0,9,0,1,6,0516091511,3,FE_2024_SeatMatrix.pdf,319,false,
2024-25,FE,05172,"R. C. Patel Institute of Technology, Shirpur",Un-Aided Autonomous Linguistic Minority - Gujarathi,Un-Aided  Linguistic Minority - Gujarathi,true,60,0517219110,Civil Engineering,60,25,31,4,0,0,0,0517219111,3,FE_2024_SeatMatrix.pdf,320,false,
2024-25,FE,05172,"R. C. Patel Institute of Technology, Shirpur",Un-Aided Autonomous Linguistic Minority - Gujarathi,Un-Aided  Linguistic Minority - Gujarathi,true,144,0517224510,Computer Engineering,180,44,92,8,36,0,0,0517224511,9,FE_2024_SeatMatrix.pdf,321,false,
2024-25,FE,05172,"R. C. Patel Institute of Technology, Shirpur",Un-Aided Autonomous Linguistic Minority - Gujarathi,Un-Aided  Linguistic Minority - Gujarathi,true,96,0517224610,Information Technology,120,30,61,5,24,0,0,0517224611,6,FE_2024_SeatMatrix.pdf,322,false,
2024-25,FE,05172,"R. C. Patel Institute of Technology, Shirpur",Un-Aided Autonomous Linguistic Minority - Gujarathi,Un-Aided  Linguistic Minority - Gujarathi,true,54,0517229310,Electrical Engineering,60,20,31,3,6,0,0,0517229311,3,FE_2024_SeatMatrix.pdf,323,false,
2024-25,FE,05172,"R. C. Patel Institute of Technology, Shirpur",Un-Aided Autonomous Linguistic Minority - Gujarathi,Un-Aided  Linguistic Minority - Gujarathi,true,102,0517237210,Electronics and Telecommunication Engg,120,35,61,6,18,0,0,0517237211,6,FE_2024_SeatMatrix.pdf,324,false,
2024-25,FE,05172,"R. C. Patel Institute of Technology, Shirpur",Un-Aided Autonomous Linguistic Minority - Gujarathi,Un-Aided  Linguistic Minority - Gujarathi,true,54,0517261210,Mechanical Engineering,60,20,31,3,6,0,0,0517261211,3,FE_2024_SeatMatrix.pdf,325,false,
2024-25,FE,05172,"R. C. Patel Institute of Technology, Shirpur",Un-Aided Autonomous Linguistic Minority - Gujarathi,Un-Aided  Linguistic Minority - Gujarathi,true,96,0517291210,Computer Science and Engineering(Data Science),120,30,61,5,24,0,0,0517291211,6,FE_2024_SeatMatrix.pdf,326,false,
2024-25,FE,05172,"R. C. Patel Institute of Technology, Shirpur",Un-Aided Autonomous Linguistic Minority - Gujarathi,Un-Aided  Linguistic Minority - Gujarathi,true,48,0517292110,Artificial Intelligence and Machine Learning,60,14,31,3,12,0,0,0517292111,3,FE_2024_SeatMatrix.pdf,327,false,
2024-25,FE,05172,"R. C. Patel Institute of Technology, Shirpur",Un-Aided Autonomous Linguistic Minority - Gujarathi,Un-Aided  Linguistic Minority - Gujarathi,true,96,0517299510,Artificial Intelligence and Data Science,120,30,61,5,24,0,0,0517299511,6,FE_2024_SeatMatrix.pdf,328,false,
2024-25,FE,05173,"SNJB's Late Sau. Kantabai Bhavarlalji Jain College of Engineering, (Jain Gurukul), Neminagar,Chandwad,(Nashik)",Un-Aided Autonomous Religious Minority - Jain,Un-Aided  Religious Minority - Jain,true,54,0517319110,Civil Engineering,60,20,31,3,6,0,0,0517319111,3,FE_2024_SeatMatrix.pdf,329,false,
2024-25,FE,05173,"SNJB's Late Sau. Kantabai Bhavarlalji Jain College of Engineering, (Jain Gurukul), Neminagar,Chandwad,(Nashik)",Un-Aided Autonomous Religious Minority - Jain,Un-Aided  Religious Minority - Jain,true,120,0517324510,Computer Engineering,150,37,77,6,30,0,0,0517324511,8,FE_2024_SeatMatrix.pdf,330,false,
2024-25,FE,05173,"SNJB's Late Sau. Kantabai Bhavarlalji Jain College of Engineering, (Jain Gurukul), Neminagar,Chandwad,(Nashik)",Un-Aided Autonomous Religious Minority - Jain,Un-Aided  Religious Minority - Jain,true,48,0517337210,Electronics and Telecommunication Engg,60,14,31,3,12,0,0,0517337211,3,FE_2024_SeatMatrix.pdf,331,false,
2024-25,FE,05173,"SNJB's Late Sau. Kantabai Bhavarlalji Jain College of Engineering, (Jain Gurukul), Neminagar,Chandwad,(Nashik)",Un-Aided Autonomous Religious Minority - Jain,Un-Aided  Religious Minority - Jain,true,48,0517361210,Mechanical Engineering,60,14,31,3,12,0,0,0517361211,3,FE_2024_SeatMatrix.pdf,332,false,
2024-25,FE,05173,"SNJB's Late Sau. Kantabai Bhavarlalji Jain College of Engineering, (Jain Gurukul), Neminagar,Chandwad,(Nashik)",Un-Aided Autonomous Religious Minority - Jain,Un-Aided  Religious Minority - Jain,true,48,0517399510,Artificial Intelligence and Data Science,60,14,31,3,12,0,0,0517399511,3,FE_2024_SeatMatrix.pdf,333,false,
2024-25,FE,05177,"Matoshri College of Engineering and Research Centre, Eklahare, Nashik",Un-Aided Autonomous,Un-Aided,true,60,0517719110,Civil Engineering,60,51,0,9,0,1,6,,0,FE_2024_SeatMatrix.pdf,334,false,
2024-25,FE,05177,"Matoshri College of Engineering and Research Centre, Eklahare, Nashik",Un-Aided Autonomous,Un-Aided,true,108,0517724510,Computer Engineering,120,90,0,18,12,1,12,0517724511,6,FE_2024_SeatMatrix.pdf,335,false,
2024-25,FE,05177,"Matoshri College of Engineering and Research Centre, Eklahare, Nashik",Un-Aided Autonomous,Un-Aided,true,54,0517724610,Information Technology,60,45,0,9,6,0,6,0517724611,3,FE_2024_SeatMatrix.pdf,336,false,
2024-25,FE,05177,"Matoshri College of Engineering and Research Centre, Eklahare, Nashik",Un-Aided Autonomous,Un-Aided,true,60,0517729310,Electrical Engineering,60,51,0,9,0,1,6,,0,FE_2024_SeatMatrix.pdf,337,false,
2024-25,FE,05177,"Matoshri College of Engineering and Research Centre, Eklahare, Nashik",Un-Aided Autonomous,Un-Aided,true,60,0517737210,Electronics and Telecommunication Engg,60,51,0,9,0,1,6,0517737211,3,FE_2024_SeatMatrix.pdf,338,false,
2024-25,FE,05177,"Matoshri College of Engineering and Research Centre, Eklahare, Nashik",Un-Aided Autonomous,Un-Aided,true,60,0517761210,Mechanical Engineering,60,51,0,9,0,1,6,0517761211,3,FE_2024_SeatMatrix.pdf,339,false,
2024-25,FE,05177,"Matoshri College of Engineering and Research Centre, Eklahare, Nashik",Un-Aided Autonomous,Un-Aided,true,60,0517784410,Electronics and Computer Engineering,60,51,0,9,0,1,6,0517784411,3,FE_2024_SeatMatrix.pdf,340,false,
2024-25,FE,05177,"Matoshri College of Engineering and Research Centre, Eklahare, Nashik",Un-Aided Autonomous,Un-Aided,true,114,0517799510,Artificial Intelligence and Data Science,120,96,0,18,6,1,12,0517799511,6,FE_2024_SeatMatrix.pdf,341,false,
2024-25,FE,06005,"Government College of Engineering, Karad",Government Autonomous,Government,true,60,0600519110,Civil Engineering,60,60,0,0,0,1,6,0600519111,3,FE_2024_SeatMatrix.pdf,342,false,
2024-25,FE,06005,"Government College of Engineering, Karad",Government Autonomous,Government,true,60,0600524610,Information Technology,60,60,0,0,0,1,6,0600524611,3,FE_2024_SeatMatrix.pdf,343,false,
2024-25,FE,06005,"Government College of Engineering, Karad",Government Autonomous,Government,true,60,0600529310,Electrical Engineering,60,60,0,0,0,1,6,0600529311,3,FE_2024_SeatMatrix.pdf,344,false,
2024-25,FE,06005,"Government College of Engineering, Karad",Government Autonomous,Government,true,60,0600537210,Electronics and Telecommunication Engg,60,60,0,0,0,1,6,0600537211,3,FE_2024_SeatMatrix.pdf,345,false,
2024-25,FE,06005,"Government College of Engineering, Karad",Government Autonomous,Government,true,60,0600561210,Mechanical Engineering,60,60,0,0,0,1,6,0600561211,3,FE_2024_SeatMatrix.pdf,346,false,
2024-25,FE,06007,"Walchand College of Engineering, Sangli",Government-Aided Autonomous,Government-Aided,true,59,0600719110,Civil Engineering,60,59,0,0,1,1,6,0600719111,3,FE_2024_SeatMatrix.pdf,347,false,
2024-25,FE,06007,"Walchand College of Engineering, Sangli",Government-Aided Autonomous,Government-Aided,true,86,0600724210,Computer Science and Engineering,90,86,0,0,4,1,9,0600724211,5,FE_2024_SeatMatrix.pdf,349,false,
2024-25,FE,06007,"Walchand College of Engineering, Sangli",Government-Aided Autonomous,Government-Aided,true,59,0600724610,Information Technology,60,59,0,0,1,1,6,0600724611,3,FE_2024_SeatMatrix.pdf,351,false,
2024-25,FE,06007,"Walchand College of Engineering, Sangli",Government-Aided Autonomous,Government-Aided,true,60,0600729310,Electrical Engineering,60,60,0,0,0,1,6,0600729311,3,FE_2024_SeatMatrix.pdf,353,false,
2024-25,FE,06007,"Walchand College of Engineering, Sangli",Government-Aided Autonomous,Government-Aided,true,60,0600737610,Electronics Engineering,60,60,0,0,0,1,6,0600737611,3,FE_2024_SeatMatrix.pdf,354,false,
2024-25,FE,06007,"Walchand College of Engineering, Sangli",Government-Aided Autonomous,Government-Aided,true,59,0600761210,Mechanical Engineering,60,59,0,0,1,1,6,0600761211,3,FE_2024_SeatMatrix.pdf,355,false,
2024-25,FE,06139,"Progressive Education Society's Modern College of Engineering, Pune",Un-Aided Autonomous,Un-Aided,true,144,0613924510,Computer Engineering,180,117,0,27,36,1,18,0613924511,9,FE_2024_SeatMatrix.pdf,357,false,
2024-25,FE,06139,"Progressive Education Society's Modern College of Engineering, Pune",Un-Aided Autonomous,Un-Aided,true,96,0613924610,Information Technology,120,78,0,18,24,1,12,0613924611,6,FE_2024_SeatMatrix.pdf,358,false,
2024-25,FE,06139,"Progressive Education Society's Modern College of Engineering, Pune",Un-Aided Autonomous,Un-Aided,true,120,0613929310,Electrical Engineering,120,102,0,18,0,1,12,0613929311,6,FE_2024_SeatMatrix.pdf,359,false,
2024-25,FE,06139,"Progressive Education Society's Modern College of Engineering, Pune",Un-Aided Autonomous,Un-Aided,true,108,0613937210,Electronics and Telecommunication Engg,120,90,0,18,12,1,12,0613937211,6,FE_2024_SeatMatrix.pdf,360,false,
2024-25,FE,06139,"Progressive Education Society's Modern College of Engineering, Pune",Un-Aided Autonomous,Un-Aided,true,180,0613961210,Mechanical Engineering,180,153,0,27,0,2,18,0613961211,9,FE_2024_SeatMatrix.pdf,361,false,
2024-25,FE,06139,"Progressive Education Society's Modern College of Engineering, Pune",Un-Aided Autonomous,Un-Aided,true,48,0613984410,Electronics and Computer Engineering,60,39,0,9,12,0,6,0613984411,3,FE_2024_SeatMatrix.pdf,362,false,
2024-25,FE,06139,"Progressive Education Society's Modern College of Engineering, Pune",Un-Aided Autonomous,Un-Aided,true,48,0613992110,Artificial Intelligence and Machine Learning,60,39,0,9,12,0,6,0613992111,3,FE_2024_SeatMatrix.pdf,363,false,
2024-25,FE,06139,"Progressive Education Society's Modern College of Engineering, Pune",Un-Aided Autonomous,Un-Aided,true,96,0613999510,Artificial Intelligence and Data Science,120,78,0,18,24,1,12,0613999511,6,FE_2024_SeatMatrix.pdf,364,false,
2024-25,FE,06141,"Jaywant Shikshan Prasarak Mandal's,Rajarshi Shahu College of Engineering, Tathawade, Pune",Un-Aided Autonomous,Un-Aided,true,48,0614119110,Civil Engineering,60,39,0,9,12,0,6,0614119111,3,FE_2024_SeatMatrix.pdf,365,false,
2024-25,FE,06141,"Jaywant Shikshan Prasarak Mandal's,Rajarshi Shahu College of Engineering, Tathawade, Pune",Un-Aided Autonomous,Un-Aided,true,144,0614124510,Computer Engineering,180,117,0,27,36,1,18,0614124511,9,FE_2024_SeatMatrix.pdf,366,false,
2024-25,FE,06141,"Jaywant Shikshan Prasarak Mandal's,Rajarshi Shahu College of Engineering, Tathawade, Pune",Un-Aided Autonomous,Un-Aided,true,96,0614124610,Information Technology,120,78,0,18,24,1,12,0614124611,6,FE_2024_SeatMatrix.pdf,367,false,
2024-25,FE,06141,"Jaywant Shikshan Prasarak Mandal's,Rajarshi Shahu College of Engineering, Tathawade, Pune",Un-Aided Autonomous,Un-Aided,true,48,0614126210,Computer Science and Business Systems,60,39,0,9,12,0,6,0614126211,3,FE_2024_SeatMatrix.pdf,368,false,
2024-25,FE,06141,"Jaywant Shikshan Prasarak Mandal's,Rajarshi Shahu College of Engineering, Tathawade, Pune",Un-Aided Autonomous,Un-Aided,true,48,0614129310,Electrical Engineering,60,39,0,9,12,0,6,0614129311,3,FE_2024_SeatMatrix.pdf,369,false,
2024-25,FE,06141,"Jaywant Shikshan Prasarak Mandal's,Rajarshi Shahu College of Engineering, Tathawade, Pune",Un-Aided Autonomous,Un-Aided,true,96,0614137210,Electronics and Telecommunication Engg,120,78,0,18,24,1,12,0614137211,6,FE_2024_SeatMatrix.pdf,370,false,
2024-25,FE,06141,"Jaywant Shikshan Prasarak Mandal's,Rajarshi Shahu College of Engineering, Tathawade, Pune",Un-Aided Autonomous,Un-Aided,true,158,0614161210,Mechanical Engineering,180,131,0,27,22,1,18,0614161211,9,FE_2024_SeatMatrix.pdf,371,false,
2024-25,FE,06141,"Jaywant Shikshan Prasarak Mandal's,Rajarshi Shahu College of Engineering, Tathawade, Pune",Un-Aided Autonomous,Un-Aided,true,48,0614191610,Automation and Robotics,60,39,0,9,12,0,6,0614191611,3,FE_2024_SeatMatrix.pdf,372,false,
2024-25,FE,06146,"MIT Academy of Engineering,Alandi, Pune",Un-Aided Autonomous,Un-Aided,true,48,0614619110,Civil Engineering,60,39,0,9,12,0,6,0614619111,3,FE_2024_SeatMatrix.pdf,373,false,
2024-25,FE,06146,"MIT Academy of Engineering,Alandi, Pune",Un-Aided Autonomous,Un-Aided,true,240,0614624510,Computer Engineering,300,195,0,45,60,2,30,0614624511,15,FE_2024_SeatMatrix.pdf,374,false,
2024-25,FE,06146,"MIT Academy of Engineering,Alandi, Pune",Un-Aided Autonomous,Un-Aided,true,48,0614624610,Information Technology,60,39,0,9,12,0,6,0614624611,3,FE_2024_SeatMatrix.pdf,375,false,
2024-25,FE,06146,"MIT Academy of Engineering,Alandi, Pune",Un-Aided Autonomous,Un-Aided,true,144,0614637210,Electronics and Telecommunication Engg,180,117,0,27,36,1,18,0614637211,9,FE_2024_SeatMatrix.pdf,376,false,
2024-25,FE,06146,"MIT Academy of Engineering,Alandi, Pune",Un-Aided Autonomous,Un-Aided,true,48,0614650710,Chemical Engineering,60,39,0,9,12,0,6,0614650711,3,FE_2024_SeatMatrix.pdf,377,false,
2024-25,FE,06146,"MIT Academy of Engineering,Alandi, Pune",Un-Aided Autonomous,Un-Aided,true,96,0614661210,Mechanical Engineering,120,78,0,18,24,1,12,0614661211,6,FE_2024_SeatMatrix.pdf,378,false,
2024-25,FE,06146,"MIT Academy of Engineering,Alandi, Pune",Un-Aided Autonomous,Un-Aided,true,48,0614691110,Computer Science and Engineering(Artificial,60,39,0,9,12,0,6,0614691111,3,FE_2024_SeatMatrix.pdf,379,false,
2024-25,FE,06146,"MIT Academy of Engineering,Alandi, Pune",Un-Aided Autonomous,Un-Aided,true,48,0614691210,Computer Science and Engineering(Data Science),60,39,0,9,12,0,6,0614691211,3,FE_2024_SeatMatrix.pdf,380,false,
2024-25,FE,06146,"MIT Academy of Engineering,Alandi, Pune",Un-Aided Autonomous,Un-Aided,true,96,0614692710,Computer Engineering (Software Engineering),120,78,0,18,24,1,12,0614692711,6,FE_2024_SeatMatrix.pdf,381,false,
2024-25,FE,06155,"G.H.Raisoni College of Engineering & Management, Wagholi, Pune",Un-Aided Autonomous Linguistic Minority - Hindi,Un-Aided  Linguistic Minority - Hindi,true,60,0615519110,Civil Engineering,60,25,31,4,0,0,0,0615519111,3,FE_2024_SeatMatrix.pdf,382,false,
2024-25,FE,06155,"G.H.Raisoni College of Engineering & Management, Wagholi, Pune",Un-Aided Autonomous Linguistic Minority - Hindi,Un-Aided  Linguistic Minority - Hindi,true,144,0615524510,Computer Engineering,180,44,92,8,36,0,0,0615524511,9,FE_2024_SeatMatrix.pdf,383,false,
2024-25,FE,06155,"G.H.Raisoni College of Engineering & Management, Wagholi, Pune",Un-Aided Autonomous Linguistic Minority - Hindi,Un-Aided  Linguistic Minority - Hindi,true,144,0615524610,Information Technology,180,44,92,8,36,0,0,0615524611,9,FE_2024_SeatMatrix.pdf,384,false,
2024-25,FE,06155,"G.H.Raisoni College of Engineering & Management, Wagholi, Pune",Un-Aided Autonomous Linguistic Minority - Hindi,Un-Aided  Linguistic Minority - Hindi,true,48,0615526010,Computer Science and Engineering (Cyber Security),60,14,31,3,12,0,0,0615526011,3,FE_2024_SeatMatrix.pdf,385,false,
2024-25,FE,06155,"G.H.Raisoni College of Engineering & Management, Wagholi, Pune",Un-Aided Autonomous Linguistic Minority - Hindi,Un-Aided  Linguistic Minority - Hindi,true,60,0615529310,Electrical Engineering,60,25,31,4,0,0,0,0615529311,3,FE_2024_SeatMatrix.pdf,386,false,
2024-25,FE,06155,"G.H.Raisoni College of Engineering & Management, Wagholi, Pune",Un-Aided Autonomous Linguistic Minority - Hindi,Un-Aided  Linguistic Minority - Hindi,true,81,0615537210,Electronics and Telecommunication Engg,90,30,46,5,9,0,0,0615537211,5,FE_2024_SeatMatrix.pdf,387,false,
2024-25,FE,06155,"G.H.Raisoni College of Engineering & Management, Wagholi, Pune",Un-Aided Autonomous Linguistic Minority - Hindi,Un-Aided  Linguistic Minority - Hindi,true,60,0615561210,Mechanical Engineering,60,25,31,4,0,0,0,0615561211,3,FE_2024_SeatMatrix.pdf,388,false,
2024-25,FE,06155,"G.H.Raisoni College of Engineering & Management, Wagholi, Pune",Un-Aided Autonomous Linguistic Minority - Hindi,Un-Aided  Linguistic Minority - Hindi,true,96,0615591110,Computer Science and Engineering(Artificial,120,30,61,5,24,0,0,0615591111,6,FE_2024_SeatMatrix.pdf,389,false,
2024-25,FE,06155,"G.H.Raisoni College of Engineering & Management, Wagholi, Pune",Un-Aided Autonomous Linguistic Minority - Hindi,Un-Aided  Linguistic Minority - Hindi,true,48,0615591210,Computer Science and Engineering(Data Science),60,14,31,3,12,0,0,0615591211,3,FE_2024_SeatMatrix.pdf,390,false,
2024-25,FE,06155,"G.H.Raisoni College of Engineering & Management, Wagholi, Pune",Un-Aided Autonomous Linguistic Minority - Hindi,Un-Aided  Linguistic Minority - Hindi,true,144,0615591310,Computer Science and Engineering (Artificial,180,44,92,8,36,0,0,0615591311,9,FE_2024_SeatMatrix.pdf,391,false,
2024-25,FE,06156,"Marathwada Mitra Mandal's College of Engineering, Karvenagar, Pune",Un-Aided Autonomous,Un-Aided,true,96,0615624510,Computer Engineering,120,78,0,18,24,1,12,0615624511,6,FE_2024_SeatMatrix.pdf,392,false,
2024-25,FE,06156,"Marathwada Mitra Mandal's College of Engineering, Karvenagar, Pune",Un-Aided Autonomous,Un-Aided,true,96,0615624610,Information Technology,120,78,0,18,24,1,12,0615624611,6,FE_2024_SeatMatrix.pdf,393,false,
2024-25,FE,06156,"Marathwada Mitra Mandal's College of Engineering, Karvenagar, Pune",Un-Aided Autonomous,Un-Aided,true,54,0615629310,Electrical Engineering,60,45,0,9,6,0,6,0615629311,3,FE_2024_SeatMatrix.pdf,394,false,
2024-25,FE,06156,"Marathwada Mitra Mandal's College of Engineering, Karvenagar, Pune",Un-Aided Autonomous,Un-Aided,true,96,0615637210,Electronics and Telecommunication Engg,120,78,0,18,24,1,12,0615637211,6,FE_2024_SeatMatrix.pdf,395,false,
2024-25,FE,06156,"Marathwada Mitra Mandal's College of Engineering, Karvenagar, Pune",Un-Aided Autonomous,Un-Aided,true,108,0615661210,Mechanical Engineering,120,90,0,18,12,1,12,0615661211,6,FE_2024_SeatMatrix.pdf,396,false,
2024-25,FE,06156,"Marathwada Mitra Mandal's College of Engineering, Karvenagar, Pune",Un-Aided Autonomous,Un-Aided,true,96,0615699510,Artificial Intelligence and Data Science,120,78,0,18,24,1,12,0615699511,6,FE_2024_SeatMatrix.pdf,397,false,
2024-25,FE,06175,"Pimpri Chinchwad Education Trust, Pimpri Chinchwad College of Engineering, Pune",Un-Aided Autonomous,Un-Aided,true,48,0617519110,Civil Engineering,60,39,0,9,12,0,6,0617519111,3,FE_2024_SeatMatrix.pdf,398,false,
2024-25,FE,06175,"Pimpri Chinchwad Education Trust, Pimpri Chinchwad College of Engineering, Pune",Un-Aided Autonomous,Un-Aided,true,192,0617524510,Computer Engineering,240,156,0,36,48,2,24,0617524511,12,FE_2024_SeatMatrix.pdf,399,false,
2024-25,FE,06175,"Pimpri Chinchwad Education Trust, Pimpri Chinchwad College of Engineering, Pune",Un-Aided Autonomous,Un-Aided,true,96,0617524610,Information Technology,120,78,0,18,24,1,12,0617524611,6,FE_2024_SeatMatrix.pdf,401,false,
2024-25,FE,06175,"Pimpri Chinchwad Education Trust, Pimpri Chinchwad College of Engineering, Pune",Un-Aided Autonomous,Un-Aided,true,144,0617537210,Electronics and Telecommunication Engg,180,117,0,27,36,1,18,0617537211,9,FE_2024_SeatMatrix.pdf,402,false,
2024-25,FE,06175,"Pimpri Chinchwad Education Trust, Pimpri Chinchwad College of Engineering, Pune",Un-Aided Autonomous,Un-Aided,true,144,0617561210,Mechanical Engineering,180,117,0,27,36,1,18,0617561211,9,FE_2024_SeatMatrix.pdf,403,false,
2024-25,FE,06175,"Pimpri Chinchwad Education Trust, Pimpri Chinchwad College of Engineering, Pune",Un-Aided Autonomous,Un-Aided,true,96,0617591110,Computer Science and Engineering(Artificial,120,78,0,18,24,1,12,0617591111,6,FE_2024_SeatMatrix.pdf,404,false,
2024-25,FE,06179,"Indira College of Engineering & Management, Pune",Un-Aided Autonomous,Un-Aided,true,120,0617924510,Computer Engineering,150,97,0,23,30,1,15,0617924511,8,FE_2024_SeatMatrix.pdf,405,false,
2024-25,FE,06179,"Indira College of Engineering & Management, Pune",Un-Aided Autonomous,Un-Aided,true,48,0617924610,Information Technology,60,39,0,9,12,0,6,0617924611,3,FE_2024_SeatMatrix.pdf,406,false,
2024-25,FE,06179,"Indira College of Engineering & Management, Pune",Un-Aided Autonomous,Un-Aided,true,24,0617937210,Electronics and Telecommunication Engg,30,19,0,5,6,0,3,0617937211,2,FE_2024_SeatMatrix.pdf,407,false,
2024-25,FE,06179,"Indira College of Engineering & Management, Pune",Un-Aided Autonomous,Un-Aided,true,48,0617961210,Mechanical Engineering,60,39,0,9,12,0,6,0617961211,3,FE_2024_SeatMatrix.pdf,408,false,
2024-25,FE,06179,"Indira College of Engineering & Management, Pune",Un-Aided Autonomous,Un-Aided,true,48,0617999510,Artificial Intelligence and Data Science,60,39,0,9,12,0,6,0617999511,3,FE_2024_SeatMatrix.pdf,409,false,
2024-25,FE,06214,"K. E. Society's Rajarambapu Institute of Technology, Walwa, Sangli",Un-Aided Autonomous,Un-Aided,true,48,0621419110,Civil Engineering,60,39,0,9,12,0,6,0621419111,3,FE_2024_SeatMatrix.pdf,410,false,
2024-25,FE,06214,"K. E. Society's Rajarambapu Institute of Technology, Walwa, Sangli",Un-Aided Autonomous,Un-Aided,true,54,0621421910,Robotics and Automation,60,45,0,9,6,0,6,0621421911,3,FE_2024_SeatMatrix.pdf,411,false,
2024-25,FE,06214,"K. E. Society's Rajarambapu Institute of Technology, Walwa, Sangli",Un-Aided Autonomous,Un-Aided,true,144,0621424510,Computer Engineering,180,117,0,27,36,1,18,0621424511,9,FE_2024_SeatMatrix.pdf,412,false,
2024-25,FE,06214,"K. E. Society's Rajarambapu Institute of Technology, Walwa, Sangli",Un-Aided Autonomous,Un-Aided,true,48,0621429310,Electrical Engineering,60,39,0,9,12,0,6,0621429311,3,FE_2024_SeatMatrix.pdf,413,false,
2024-25,FE,06214,"K. E. Society's Rajarambapu Institute of Technology, Walwa, Sangli",Un-Aided Autonomous,Un-Aided,true,96,0621437210,Electronics and Telecommunication Engg,120,78,0,18,24,1,12,0621437211,6,FE_2024_SeatMatrix.pdf,414,false,
2024-25,FE,06214,"K. E. Society's Rajarambapu Institute of Technology, Walwa, Sangli",Un-Aided Autonomous,Un-Aided,true,48,0621456810,Computer Science and Information Technology,60,39,0,9,12,0,6,0621456811,3,FE_2024_SeatMatrix.pdf,415,false,
2024-25,FE,06214,"K. E. Society's Rajarambapu Institute of Technology, Walwa, Sangli",Un-Aided Autonomous,Un-Aided,true,96,0621461210,Mechanical Engineering,120,78,0,18,24,1,12,0621461211,6,FE_2024_SeatMatrix.pdf,416,false,
2024-25,FE,06214,"K. E. Society's Rajarambapu Institute of Technology, Walwa, Sangli",Un-Aided Autonomous,Un-Aided,true,48,0621462410,Mechatronics Engineering,60,39,0,9,12,0,6,0621462411,3,FE_2024_SeatMatrix.pdf,417,false,
2024-25,FE,06214,"K. E. Society's Rajarambapu Institute of Technology, Walwa, Sangli",Un-Aided Autonomous,Un-Aided,true,48,0621491110,Computer Science and Engineering(Artificial,60,39,0,9,12,0,6,0621491111,3,FE_2024_SeatMatrix.pdf,418,false,
2024-25,FE,06220,"Shri Vithal Education and Research Institute's College of Engineering, Pandharpur",Un-Aided Autonomous,Un-Aided,true,96,0622019110,Civil Engineering,120,78,0,18,24,1,12,0622019111,6,FE_2024_SeatMatrix.pdf,419,false,
2024-25,FE,06220,"Shri Vithal Education and Research Institute's College of Engineering, Pandharpur",Un-Aided Autonomous,Un-Aided,true,96,0622024210,Computer Science and Engineering,120,78,0,18,24,1,12,0622024211,6,FE_2024_SeatMatrix.pdf,420,false,
2024-25,FE,06220,"Shri Vithal Education and Research Institute's College of Engineering, Pandharpur",Un-Aided Autonomous,Un-Aided,true,48,0622029310,Electrical Engineering,60,39,0,9,12,0,6,0622029311,3,FE_2024_SeatMatrix.pdf,421,false,
2024-25,FE,06220,"Shri Vithal Education and Research Institute's College of Engineering, Pandharpur",Un-Aided Autonomous,Un-Aided,true,96,0622037210,Electronics and Telecommunication Engg,120,78,0,18,24,1,12,0622037211,6,FE_2024_SeatMatrix.pdf,422,false,
2024-25,FE,06220,"Shri Vithal Education and Research Institute's College of Engineering, Pandharpur",Un-Aided Autonomous,Un-Aided,true,96,0622061210,Mechanical Engineering,120,78,0,18,24,1,12,0622061211,6,FE_2024_SeatMatrix.pdf,423,false,
2024-25,FE,06222,"Dattajirao Kadam Technical Education Society's Textile & Engineering Institute, Ichalkaranji.",Un-Aided Autonomous,Un-Aided,true,57,0622219110,Civil Engineering,60,48,0,9,3,0,6,,0,FE_2024_SeatMatrix.pdf,424,false,
2024-25,FE,06222,"Dattajirao Kadam Technical Education Society's Textile & Engineering Institute, Ichalkaranji.",Un-Aided Autonomous,Un-Aided,true,96,0622224210,Computer Science and Engineering,120,78,0,18,24,1,12,0622224211,6,FE_2024_SeatMatrix.pdf,425,false,
2024-25,FE,06222,"Dattajirao Kadam Technical Education Society's Textile & Engineering Institute, Ichalkaranji.",Un-Aided Autonomous,Un-Aided,true,48,0622226310,Artificial Intelligence (AI) and Data Science,60,39,0,9,12,0,6,0622226311,3,FE_2024_SeatMatrix.pdf,426,false,
2024-25,FE,06222,"Dattajirao Kadam Technical Education Society's Textile & Engineering Institute, Ichalkaranji.",Un-Aided Autonomous,Un-Aided,true,50,0622229310,Electrical Engineering,60,41,0,9,10,0,6,0622229311,3,FE_2024_SeatMatrix.pdf,427,false,
2024-25,FE,06222,"Dattajirao Kadam Technical Education Society's Textile & Engineering Institute, Ichalkaranji.",Un-Aided Autonomous,Un-Aided,true,96,0622237210,Electronics and Telecommunication Engg,120,78,0,18,24,1,12,0622237211,6,FE_2024_SeatMatrix.pdf,428,false,
2024-25,FE,06222,"Dattajirao Kadam Technical Education Society's Textile & Engineering Institute, Ichalkaranji.",Un-Aided Autonomous,Un-Aided,true,24,0622246510,Technical Textiles,30,19,0,5,6,0,3,0622246511,2,FE_2024_SeatMatrix.pdf,429,false,
2024-25,FE,06222,"Dattajirao Kadam Technical Education Society's Textile & Engineering Institute, Ichalkaranji.",Un-Aided Autonomous,Un-Aided,true,24,0622257010,Fashion Technology,30,19,0,5,6,0,3,0622257011,2,FE_2024_SeatMatrix.pdf,430,false,
2024-25,FE,06222,"Dattajirao Kadam Technical Education Society's Textile & Engineering Institute, Ichalkaranji.",Un-Aided Autonomous,Un-Aided,true,50,0622261210,Mechanical Engineering,60,41,0,9,10,0,6,0622261211,3,FE_2024_SeatMatrix.pdf,431,false,
2024-25,FE,06222,"Dattajirao Kadam Technical Education Society's Textile & Engineering Institute, Ichalkaranji.",Un-Aided Autonomous,Un-Aided,true,24,0622288610,Man Made Textile Technology,30,19,0,5,6,0,3,0622288611,2,FE_2024_SeatMatrix.pdf,432,false,
2024-25,FE,06222,"Dattajirao Kadam Technical Education Society's Textile & Engineering Institute, Ichalkaranji.",Un-Aided Autonomous,Un-Aided,true,54,0622289010,Textile Chemistry,60,45,0,9,6,0,6,,0,FE_2024_SeatMatrix.pdf,433,false,
2024-25,FE,06222,"Dattajirao Kadam Technical Education Society's Textile & Engineering Institute, Ichalkaranji.",Un-Aided Autonomous,Un-Aided,true,48,0622289610,Textile Technology,60,39,0,9,12,0,6,0622289611,3,FE_2024_SeatMatrix.pdf,434,false,
2024-25,FE,06222,"Dattajirao Kadam Technical Education Society's Textile & Engineering Institute, Ichalkaranji.",Un-Aided Autonomous,Un-Aided,true,96,0622291110,Computer Science and Engineering(Artificial,120,78,0,18,24,1,12,0622291111,6,FE_2024_SeatMatrix.pdf,435,false,
2024-25,FE,06223,"Pradnya Niketan Education Society's Nagesh Karajagi Orchid College of Engineering & Technology, Solapur",Un-Aided Autonomous,Un-Aided,true,60,0622319110,Civil Engineering,60,51,0,9,0,1,6,,0,FE_2024_SeatMatrix.pdf,436,false,
2024-25,FE,06223,"Pradnya Niketan Education Society's Nagesh Karajagi Orchid College of Engineering & Technology, Solapur",Un-Aided Autonomous,Un-Aided,true,144,0622324210,Computer Science and Engineering,180,117,0,27,36,1,18,0622324211,9,FE_2024_SeatMatrix.pdf,437,false,
2024-25,FE,06223,"Pradnya Niketan Education Society's Nagesh Karajagi Orchid College of Engineering & Technology, Solapur",Un-Aided Autonomous,Un-Aided,true,60,0622329310,Electrical Engineering,60,51,0,9,0,1,6,0622329311,3,FE_2024_SeatMatrix.pdf,438,false,
2024-25,FE,06223,"Pradnya Niketan Education Society's Nagesh Karajagi Orchid College of Engineering & Technology, Solapur",Un-Aided Autonomous,Un-Aided,true,54,0622337210,Electronics and Telecommunication Engg,60,45,0,9,6,0,6,0622337211,3,FE_2024_SeatMatrix.pdf,439,false,
2024-25,FE,06223,"Pradnya Niketan Education Society's Nagesh Karajagi Orchid College of Engineering & Technology, Solapur",Un-Aided Autonomous,Un-Aided,true,120,0622361210,Mechanical Engineering,120,102,0,18,0,1,12,0622361211,6,FE_2024_SeatMatrix.pdf,440,false,
2024-25,FE,06223,"Pradnya Niketan Education Society's Nagesh Karajagi Orchid College of Engineering & Technology, Solapur",Un-Aided Autonomous,Un-Aided,true,48,0622399510,Artificial Intelligence and Data Science,60,39,0,9,12,0,6,0622399511,3,FE_2024_SeatMatrix.pdf,441,false,
2024-25,FE,06250,"D.Y. Patil College of Engineering and Technology, Kolhapur",Un-Aided Autonomous,Un-Aided,true,114,0625019110,Civil Engineering,120,96,0,18,6,1,12,0625019111,6,FE_2024_SeatMatrix.pdf,442,false,
2024-25,FE,06250,"D.Y. Patil College of Engineering and Technology, Kolhapur",Un-Aided Autonomous,Un-Aided,true,288,0625024210,Computer Science and Engineering,360,234,0,54,72,2,36,0625024211,18,FE_2024_SeatMatrix.pdf,443,false,
2024-25,FE,06250,"D.Y. Patil College of Engineering and Technology, Kolhapur",Un-Aided Autonomous,Un-Aided,true,96,0625037210,Electronics and Telecommunication Engg,120,78,0,18,24,1,12,0625037211,6,FE_2024_SeatMatrix.pdf,444,false,
2024-25,FE,06250,"D.Y. Patil College of Engineering and Technology, Kolhapur",Un-Aided Autonomous,Un-Aided,true,57,0625050710,Chemical Engineering,60,48,0,9,3,0,6,0625050711,3,FE_2024_SeatMatrix.pdf,445,false,
2024-25,FE,06250,"D.Y. Patil College of Engineering and Technology, Kolhapur",Un-Aided Autonomous,Un-Aided,true,114,0625061210,Mechanical Engineering,120,96,0,18,6,1,12,0625061211,6,FE_2024_SeatMatrix.pdf,446,false,
2024-25,FE,06250,"D.Y. Patil College of Engineering and Technology, Kolhapur",Un-Aided Autonomous,Un-Aided,true,144,0625091110,Computer Science and Engineering(Artificial,180,117,0,27,36,1,18,0625091111,9,FE_2024_SeatMatrix.pdf,447,false,
2024-25,FE,06250,"D.Y. Patil College of Engineering and Technology, Kolhapur",Un-Aided Autonomous,Un-Aided,true,144,0625091210,Computer Science and Engineering(Data Science),180,117,0,27,36,1,18,0625091211,9,FE_2024_SeatMatrix.pdf,448,false,
2024-25,FE,06265,"Walchand Institute of Technology, Solapur",Un-Aided Autonomous Religious Minority - Jain,Un-Aided  Religious Minority - Jain,true,60,0626519110,Civil Engineering,60,25,31,4,0,0,0,0626519111,3,FE_2024_SeatMatrix.pdf,449,false,
2024-25,FE,06265,"Walchand Institute of Technology, Solapur",Un-Aided Autonomous Religious Minority - Jain,Un-Aided  Religious Minority - Jain,true,166,0626524210,Computer Science and Engineering,180,63,92,11,14,0,0,0626524211,9,FE_2024_SeatMatrix.pdf,450,false,
2024-25,FE,06265,"Walchand Institute of Technology, Solapur",Un-Aided Autonomous Religious Minority - Jain,Un-Aided  Religious Minority - Jain,true,114,0626524610,Information Technology,120,45,61,8,6,0,0,0626524611,6,FE_2024_SeatMatrix.pdf,451,false,
2024-25,FE,06265,"Walchand Institute of Technology, Solapur",Un-Aided Autonomous Religious Minority - Jain,Un-Aided  Religious Minority - Jain,true,114,0626537210,Electronics and Telecommunication Engg,120,45,61,8,6,0,0,0626537211,6,FE_2024_SeatMatrix.pdf,452,false,
2024-25,FE,06265,"Walchand Institute of Technology, Solapur",Un-Aided Autonomous Religious Minority - Jain,Un-Aided  Religious Minority - Jain,true,60,0626561510,Mechanical & Automation Engineering,60,25,31,4,0,0,0,0626561511,3,FE_2024_SeatMatrix.pdf,453,false,
2024-25,FE,06265,"Walchand Institute of Technology, Solapur",Un-Aided Autonomous Religious Minority - Jain,Un-Aided  Religious Minority - Jain,true,57,0626584410,Electronics and Computer Engineering,60,22,31,4,3,0,0,0626584411,3,FE_2024_SeatMatrix.pdf,454,false,
2024-25,FE,06267,"Kolhapur Institute of Technology's College of Engineering(Autonomous), Kolhapur",Un-Aided Autonomous,Un-Aided,true,48,0626708210,Bio Technology,60,39,0,9,12,0,6,0626708211,3,FE_2024_SeatMatrix.pdf,455,false,
2024-25,FE,06267,"Kolhapur Institute of Technology's College of Engineering(Autonomous), Kolhapur",Un-Aided Autonomous,Un-Aided,true,108,0626719110,Civil Engineering,120,90,0,18,12,1,12,0626719111,6,FE_2024_SeatMatrix.pdf,456,false,
2024-25,FE,06267,"Kolhapur Institute of Technology's College of Engineering(Autonomous), Kolhapur",Un-Aided Autonomous,Un-Aided,true,144,0626724210,Computer Science and Engineering,180,117,0,27,36,1,18,0626724211,9,FE_2024_SeatMatrix.pdf,457,false,
2024-25,FE,06267,"Kolhapur Institute of Technology's College of Engineering(Autonomous), Kolhapur",Un-Aided Autonomous,Un-Aided,true,144,0626726210,Computer Science and Business Systems,180,117,0,27,36,1,18,0626726211,9,FE_2024_SeatMatrix.pdf,458,false,
2024-25,FE,06267,"Kolhapur Institute of Technology's College of Engineering(Autonomous), Kolhapur",Un-Aided Autonomous,Un-Aided,true,48,0626729310,Electrical Engineering,60,39,0,9,12,0,6,0626729311,3,FE_2024_SeatMatrix.pdf,459,false,
2024-25,FE,06267,"Kolhapur Institute of Technology's College of Engineering(Autonomous), Kolhapur",Un-Aided Autonomous,Un-Aided,true,96,0626737210,Electronics and Telecommunication Engg,120,78,0,18,24,1,12,0626737211,6,FE_2024_SeatMatrix.pdf,460,false,
2024-25,FE,06267,"Kolhapur Institute of Technology's College of Engineering(Autonomous), Kolhapur",Un-Aided Autonomous,Un-Aided,true,155,0626761210,Mechanical Engineering,180,128,0,27,25,1,18,0626761211,9,FE_2024_SeatMatrix.pdf,461,false,
2024-25,FE,06267,"Kolhapur Institute of Technology's College of Engineering(Autonomous), Kolhapur",Un-Aided Autonomous,Un-Aided,true,144,0626791110,Computer Science and Engineering(Artificial,180,117,0,27,36,1,18,0626791111,9,FE_2024_SeatMatrix.pdf,462,false,
2024-25,FE,06267,"Kolhapur Institute of Technology's College of Engineering(Autonomous), Kolhapur",Un-Aided Autonomous,Un-Aided,true,56,0626792210,Civil and Environmental Engineering,60,47,0,9,4,0,6,0626792211,3,FE_2024_SeatMatrix.pdf,463,false,
2024-25,FE,06268,"Tatyasaheb Kore Institute of Engineering and Technology, Warananagar",Un-Aided Autonomous,Un-Aided,true,120,0626819110,Civil Engineering,120,102,0,18,0,1,12,,0,FE_2024_SeatMatrix.pdf,464,false,
2024-25,FE,06268,"Tatyasaheb Kore Institute of Engineering and Technology, Warananagar",Un-Aided Autonomous,Un-Aided,true,144,0626824210,Computer Science and Engineering,180,117,0,27,36,1,18,0626824211,9,FE_2024_SeatMatrix.pdf,465,false,
2024-25,FE,06268,"Tatyasaheb Kore Institute of Engineering and Technology, Warananagar",Un-Aided Autonomous,Un-Aided,true,48,0626826210,Computer Science and Business Systems,60,39,0,9,12,0,6,0626826211,3,FE_2024_SeatMatrix.pdf,466,false,
2024-25,FE,06268,"Tatyasaheb Kore Institute of Engineering and Technology, Warananagar",Un-Aided Autonomous,Un-Aided,true,51,0626837210,Electronics and Telecommunication Engg,60,42,0,9,9,0,6,0626837211,3,FE_2024_SeatMatrix.pdf,467,false,
2024-25,FE,06268,"Tatyasaheb Kore Institute of Engineering and Technology, Warananagar",Un-Aided Autonomous,Un-Aided,true,51,0626850710,Chemical Engineering,60,42,0,9,9,0,6,0626850711,3,FE_2024_SeatMatrix.pdf,468,false,
2024-25,FE,06268,"Tatyasaheb Kore Institute of Engineering and Technology, Warananagar",Un-Aided Autonomous,Un-Aided,true,180,0626861210,Mechanical Engineering,180,153,0,27,0,2,18,0626861211,9,FE_2024_SeatMatrix.pdf,469,false,
2024-25,FE,06271,Pune Institute of Computer Technology,Un-Aided Autonomous,Un-Aided,true,192,0627124510,Computer Engineering,240,156,0,36,48,2,24,0627124511,12,FE_2024_SeatMatrix.pdf,470,false,
2024-25,FE,06271,Pune Institute of Computer Technology,Un-Aided Autonomous,Un-Aided,true,144,0627124610,Information Technology,180,117,0,27,36,1,18,0627124611,9,FE_2024_SeatMatrix.pdf,471,false,
2024-25,FE,06271,Pune Institute of Computer Technology,Un-Aided Autonomous,Un-Aided,true,48,0627126310,Artificial Intelligence (AI) and Data Science,60,39,0,9,12,0,6,0627126311,3,FE_2024_SeatMatrix.pdf,472,false,
2024-25,FE,06271,Pune Institute of Computer Technology,Un-Aided Autonomous,Un-Aided,true,192,0627137210,Electronics and Telecommunication Engg,240,156,0,36,48,2,24,0627137211,12,FE_2024_SeatMatrix.pdf,473,false,
2024-25,FE,06271,Pune Institute of Computer Technology,Un-Aided Autonomous,Un-Aided,true,48,0627184410,Electronics and Computer Engineering,60,39,0,9,12,0,6,0627184411,3,FE_2024_SeatMatrix.pdf,474,false,
2024-25,FE,06272,"Dr. D. Y. Patil Pratishthan's D.Y.Patil College of Engineering Akurdi, Pune",Un-Aided Autonomous,Un-Aided,true,96,0627219110,Civil Engineering,120,78,0,18,24,1,12,0627219111,6,FE_2024_SeatMatrix.pdf,475,false,
2024-25,FE,06272,"Dr. D. Y. Patil Pratishthan's D.Y.Patil College of Engineering Akurdi, Pune",Un-Aided Autonomous,Un-Aided,true,48,0627221910,Robotics and Automation,60,39,0,9,12,0,6,0627221911,3,FE_2024_SeatMatrix.pdf,476,false,
2024-25,FE,06272,"Dr. D. Y. Patil Pratishthan's D.Y.Patil College of Engineering Akurdi, Pune",Un-Aided Autonomous,Un-Aided,true,144,0627224510,Computer Engineering,180,117,0,27,36,1,18,0627224511,9,FE_2024_SeatMatrix.pdf,477,false,
2024-25,FE,06272,"Dr. D. Y. Patil Pratishthan's D.Y.Patil College of Engineering Akurdi, Pune",Un-Aided Autonomous,Un-Aided,true,144,0627224610,Information Technology,180,117,0,27,36,1,18,0627224611,9,FE_2024_SeatMatrix.pdf,478,false,
2024-25,FE,06272,"Dr. D. Y. Patil Pratishthan's D.Y.Patil College of Engineering Akurdi, Pune",Un-Aided Autonomous,Un-Aided,true,144,0627237210,Electronics and Telecommunication Engg,180,117,0,27,36,1,18,0627237211,9,FE_2024_SeatMatrix.pdf,479,false,
2024-25,FE,06272,"Dr. D. Y. Patil Pratishthan's D.Y.Patil College of Engineering Akurdi, Pune",Un-Aided Autonomous,Un-Aided,true,48,0627246610,Instrumentation Engineering,60,39,0,9,12,0,6,0627246611,3,FE_2024_SeatMatrix.pdf,480,false,
2024-25,FE,06272,"Dr. D. Y. Patil Pratishthan's D.Y.Patil College of Engineering Akurdi, Pune",Un-Aided Autonomous,Un-Aided,true,96,0627261210,Mechanical Engineering,120,78,0,18,24,1,12,0627261211,6,FE_2024_SeatMatrix.pdf,481,false,
2024-25,FE,06272,"Dr. D. Y. Patil Pratishthan's D.Y.Patil College of Engineering Akurdi, Pune",Un-Aided Autonomous,Un-Aided,true,144,0627299510,Artificial Intelligence and Data Science,180,117,0,27,36,1,18,0627299511,9,FE_2024_SeatMatrix.pdf,482,false,
2024-25,FE,06273,"Bansilal Ramnath Agarawal Charitable Trust's Vishwakarma Institute of Technology, Bibwewadi, Pune",Un-Aided Autonomous,Un-Aided,true,48,0627319110,Civil Engineering,60,39,0,9,12,0,6,0627319111,3,FE_2024_SeatMatrix.pdf,483,false,
2024-25,FE,06273,"Bansilal Ramnath Agarawal Charitable Trust's Vishwakarma Institute of Technology, Bibwewadi, Pune",Un-Aided Autonomous,Un-Aided,true,576,0627324510,Computer Engineering,720,468,0,108,144,5,72,0627324511,36,FE_2024_SeatMatrix.pdf,484,false,
2024-25,FE,06273,"Bansilal Ramnath Agarawal Charitable Trust's Vishwakarma Institute of Technology, Bibwewadi, Pune",Un-Aided Autonomous,Un-Aided,true,288,0627324610,Information Technology,360,234,0,54,72,2,36,0627324611,18,FE_2024_SeatMatrix.pdf,485,false,
2024-25,FE,06273,"Bansilal Ramnath Agarawal Charitable Trust's Vishwakarma Institute of Technology, Bibwewadi, Pune",Un-Aided Autonomous,Un-Aided,true,288,0627337210,Electronics and Telecommunication Engg,360,234,0,54,72,2,36,0627337211,18,FE_2024_SeatMatrix.pdf,486,false,
2024-25,FE,06273,"Bansilal Ramnath Agarawal Charitable Trust's Vishwakarma Institute of Technology, Bibwewadi, Pune",Un-Aided Autonomous,Un-Aided,true,162,0627346410,Instrumentation and Control Engineering,180,135,0,27,18,1,18,0627346411,9,FE_2024_SeatMatrix.pdf,487,false,
2024-25,FE,06273,"Bansilal Ramnath Agarawal Charitable Trust's Vishwakarma Institute of Technology, Bibwewadi, Pune",Un-Aided Autonomous,Un-Aided,true,299,0627361210,Mechanical Engineering,360,245,0,54,61,2,36,0627361211,18,FE_2024_SeatMatrix.pdf,488,false,
2024-25,FE,06273,"Bansilal Ramnath Agarawal Charitable Trust's Vishwakarma Institute of Technology, Bibwewadi, Pune",Un-Aided Autonomous,Un-Aided,true,288,0627391110,Computer Science and Engineering(Artificial,360,234,0,54,72,2,36,0627391111,18,FE_2024_SeatMatrix.pdf,489,false,
2024-25,FE,06273,"Bansilal Ramnath Agarawal Charitable Trust's Vishwakarma Institute of Technology, Bibwewadi, Pune",Un-Aided Autonomous,Un-Aided,true,144,0627391210,Computer Science and Engineering(Data Science),180,117,0,27,36,1,18,0627391211,9,FE_2024_SeatMatrix.pdf,490,false,
2024-25,FE,06273,"Bansilal Ramnath Agarawal Charitable Trust's Vishwakarma Institute of Technology, Bibwewadi, Pune",Un-Aided Autonomous,Un-Aided,true,288,0627391310,Computer Science and Engineering (Artificial,360,234,0,54,72,2,36,0627391311,18,FE_2024_SeatMatrix.pdf,491,false,
2024-25,FE,06273,"Bansilal Ramnath Agarawal Charitable Trust's Vishwakarma Institute of Technology, Bibwewadi, Pune",Un-Aided Autonomous,Un-Aided,true,144,0627392010,Computer Science and Engineering (Internet of,180,117,0,27,36,1,18,0627392011,9,FE_2024_SeatMatrix.pdf,492,false,
2024-25,FE,06273,"Bansilal Ramnath Agarawal Charitable Trust's Vishwakarma Institute of Technology, Bibwewadi, Pune",Un-Aided Autonomous,Un-Aided,true,144,0627392710,Computer Engineering (Software Engineering),180,117,0,27,36,1,18,0627392711,9,FE_2024_SeatMatrix.pdf,493,false,
2024-25,FE,06273,"Bansilal Ramnath Agarawal Charitable Trust's Vishwakarma Institute of Technology, Bibwewadi, Pune",Un-Aided Autonomous,Un-Aided,true,288,0627399510,Artificial Intelligence and Data Science,360,234,0,54,72,2,36,0627399511,18,FE_2024_SeatMatrix.pdf,494,false,
2024-25,FE,06277,"Dr. J. J. Magdum Charitable Trust's Dr. J.J. Magdum College of Engineering, Jaysingpur",Un-Aided Autonomous,Un-Aided,true,60,0627719110,Civil Engineering,60,51,0,9,0,1,6,,0,FE_2024_SeatMatrix.pdf,500,false,
2024-25,FE,06277,"Dr. J. J. Magdum Charitable Trust's Dr. J.J. Magdum College of Engineering, Jaysingpur",Un-Aided Autonomous,Un-Aided,true,51,0627724210,Computer Science and Engineering,60,42,0,9,9,0,6,0627724211,3,FE_2024_SeatMatrix.pdf,501,false,
2024-25,FE,06277,"Dr. J. J. Magdum Charitable Trust's Dr. J.J. Magdum College of Engineering, Jaysingpur",Un-Aided Autonomous,Un-Aided,true,57,0627724610,Information Technology,60,48,0,9,3,0,6,0627724611,3,FE_2024_SeatMatrix.pdf,502,false,
2024-25,FE,06277,"Dr. J. J. Magdum Charitable Trust's Dr. J.J. Magdum College of Engineering, Jaysingpur",Un-Aided Autonomous,Un-Aided,true,51,0627726310,Artificial Intelligence (AI) and Data Science,60,42,0,9,9,0,6,0627726311,3,FE_2024_SeatMatrix.pdf,503,false,
2024-25,FE,06277,"Dr. J. J. Magdum Charitable Trust's Dr. J.J. Magdum College of Engineering, Jaysingpur",Un-Aided Autonomous,Un-Aided,true,57,0627737210,Electronics and Telecommunication Engg,60,48,0,9,3,0,6,0627737211,3,FE_2024_SeatMatrix.pdf,504,false,
2024-25,FE,06277,"Dr. J. J. Magdum Charitable Trust's Dr. J.J. Magdum College of Engineering, Jaysingpur",Un-Aided Autonomous,Un-Aided,true,60,0627761210,Mechanical Engineering,60,51,0,9,0,1,6,,0,FE_2024_SeatMatrix.pdf,505,false,
2024-25,FE,06282,"All India Shri Shivaji Memorial Society's Institute of Information Technology,Pune",Un-Aided Autonomous,Un-Aided,true,96,0628224510,Computer Engineering,120,78,0,18,24,1,12,0628224511,6,FE_2024_SeatMatrix.pdf,506,false,
2024-25,FE,06282,"All India Shri Shivaji Memorial Society's Institute of Information Technology,Pune",Un-Aided Autonomous,Un-Aided,true,96,0628224610,Information Technology,120,78,0,18,24,1,12,0628224611,6,FE_2024_SeatMatrix.pdf,507,false,
2024-25,FE,06282,"All India Shri Shivaji Memorial Society's Institute of Information Technology,Pune",Un-Aided Autonomous,Un-Aided,true,54,0628229310,Electrical Engineering,60,45,0,9,6,0,6,0628229311,3,FE_2024_SeatMatrix.pdf,508,false,
2024-25,FE,06282,"All India Shri Shivaji Memorial Society's Institute of Information Technology,Pune",Un-Aided Autonomous,Un-Aided,true,96,0628237210,Electronics and Telecommunication Engg,120,78,0,18,24,1,12,0628237211,6,FE_2024_SeatMatrix.pdf,509,false,
2024-25,FE,06282,"All India Shri Shivaji Memorial Society's Institute of Information Technology,Pune",Un-Aided Autonomous,Un-Aided,true,54,0628246610,Instrumentation Engineering,60,45,0,9,6,0,6,0628246611,3,FE_2024_SeatMatrix.pdf,510,false,
2024-25,FE,06282,"All India Shri Shivaji Memorial Society's Institute of Information Technology,Pune",Un-Aided Autonomous,Un-Aided,true,96,0628299510,Artificial Intelligence and Data Science,120,78,0,18,24,1,12,0628299511,6,FE_2024_SeatMatrix.pdf,511,false,
2024-25,FE,06283,"Annasaheb Dange College of Engineering and Technology, Ashta, Sangli",Un-Aided Autonomous,Un-Aided,true,57,0628300210,Aeronautical Engineering,60,48,0,9,3,0,6,0628300211,3,FE_2024_SeatMatrix.pdf,512,false,
2024-25,FE,06283,"Annasaheb Dange College of Engineering and Technology, Ashta, Sangli",Un-Aided Autonomous,Un-Aided,true,60,0628319110,Civil Engineering,60,51,0,9,0,1,6,,0,FE_2024_SeatMatrix.pdf,513,false,
2024-25,FE,06283,"Annasaheb Dange College of Engineering and Technology, Ashta, Sangli",Un-Aided Autonomous,Un-Aided,true,144,0628324210,Computer Science and Engineering,180,117,0,27,36,1,18,0628324211,9,FE_2024_SeatMatrix.pdf,514,false,
2024-25,FE,06283,"Annasaheb Dange College of Engineering and Technology, Ashta, Sangli",Un-Aided Autonomous,Un-Aided,true,48,0628326310,Artificial Intelligence (AI) and Data Science,60,39,0,9,12,0,6,0628326311,3,FE_2024_SeatMatrix.pdf,515,false,
2024-25,FE,06283,"Annasaheb Dange College of Engineering and Technology, Ashta, Sangli",Un-Aided Autonomous,Un-Aided,true,118,0628329310,Electrical Engineering,120,100,0,18,2,1,12,0628329311,6,FE_2024_SeatMatrix.pdf,516,false,
2024-25,FE,06283,"Annasaheb Dange College of Engineering and Technology, Ashta, Sangli",Un-Aided Autonomous,Un-Aided,true,29,0628350310,Food Technology,30,24,0,5,1,0,3,,0,FE_2024_SeatMatrix.pdf,517,false,
2024-25,FE,06283,"Annasaheb Dange College of Engineering and Technology, Ashta, Sangli",Un-Aided Autonomous,Un-Aided,true,120,0628361210,Mechanical Engineering,120,102,0,18,0,1,12,0628361211,6,FE_2024_SeatMatrix.pdf,518,false,
2024-25,FE,06283,"Annasaheb Dange College of Engineering and Technology, Ashta, Sangli",Un-Aided Autonomous,Un-Aided,true,48,0628392010,Computer Science and Engineering (Internet of,60,39,0,9,12,0,6,0628392011,3,FE_2024_SeatMatrix.pdf,519,false,
2024-25,FE,06284,"Vidya Pratishthan's Kamalnayan Bajaj Institute of Engineering & Technology, Baramati Dist.Pune",Un-Aided Autonomous,Un-Aided,true,60,0628419110,Civil Engineering,60,51,0,9,0,1,6,0628419111,3,FE_2024_SeatMatrix.pdf,520,false,
2024-25,FE,06284,"Vidya Pratishthan's Kamalnayan Bajaj Institute of Engineering & Technology, Baramati Dist.Pune",Un-Aided Autonomous,Un-Aided,true,96,0628424510,Computer Engineering,120,78,0,18,24,1,12,0628424511,6,FE_2024_SeatMatrix.pdf,521,false,
2024-25,FE,06284,"Vidya Pratishthan's Kamalnayan Bajaj Institute of Engineering & Technology, Baramati Dist.Pune",Un-Aided Autonomous,Un-Aided,true,48,0628424610,Information Technology,60,39,0,9,12,0,6,0628424611,3,FE_2024_SeatMatrix.pdf,522,false,
2024-25,FE,06284,"Vidya Pratishthan's Kamalnayan Bajaj Institute of Engineering & Technology, Baramati Dist.Pune",Un-Aided Autonomous,Un-Aided,true,60,0628429310,Electrical Engineering,60,51,0,9,0,1,6,0628429311,3,FE_2024_SeatMatrix.pdf,523,false,
2024-25,FE,06284,"Vidya Pratishthan's Kamalnayan Bajaj Institute of Engineering & Technology, Baramati Dist.Pune",Un-Aided Autonomous,Un-Aided,true,60,0628437210,Electronics and Telecommunication Engg,60,51,0,9,0,1,6,0628437211,3,FE_2024_SeatMatrix.pdf,524,false,
2024-25,FE,06284,"Vidya Pratishthan's Kamalnayan Bajaj Institute of Engineering & Technology, Baramati Dist.Pune",Un-Aided Autonomous,Un-Aided,true,60,0628461210,Mechanical Engineering,60,51,0,9,0,1,6,0628461211,3,FE_2024_SeatMatrix.pdf,525,false,
2024-25,FE,06284,"Vidya Pratishthan's Kamalnayan Bajaj Institute of Engineering & Technology, Baramati Dist.Pune",Un-Aided Autonomous,Un-Aided,true,96,0628499510,Artificial Intelligence and Data Science,120,78,0,18,24,1,12,0628499511,6,FE_2024_SeatMatrix.pdf,526,false,
2024-25,FE,06298,"Zeal Education Society's Zeal College of Engineering & Reserch, Narhe, Pune",Un-Aided Autonomous,Un-Aided,true,60,0629819110,Civil Engineering,60,51,0,9,0,1,6,,0,FE_2024_SeatMatrix.pdf,527,false,
2024-25,FE,06298,"Zeal Education Society's Zeal College of Engineering & Reserch, Narhe, Pune",Un-Aided Autonomous,Un-Aided,true,180,0629821910,Robotics and Automation,180,153,0,27,0,2,18,0629821911,9,FE_2024_SeatMatrix.pdf,528,false,
2024-25,FE,06298,"Zeal Education Society's Zeal College of Engineering & Reserch, Narhe, Pune",Un-Aided Autonomous,Un-Aided,true,169,0629824510,Computer Engineering,180,142,0,27,11,1,18,0629824511,9,FE_2024_SeatMatrix.pdf,529,false,
2024-25,FE,06298,"Zeal Education Society's Zeal College of Engineering & Reserch, Narhe, Pune",Un-Aided Autonomous,Un-Aided,true,180,0629824610,Information Technology,180,153,0,27,0,2,18,0629824611,9,FE_2024_SeatMatrix.pdf,530,false,
2024-25,FE,06298,"Zeal Education Society's Zeal College of Engineering & Reserch, Narhe, Pune",Un-Aided Autonomous,Un-Aided,true,120,0629829310,Electrical Engineering,120,102,0,18,0,1,12,0629829311,6,FE_2024_SeatMatrix.pdf,531,false,
2024-25,FE,06298,"Zeal Education Society's Zeal College of Engineering & Reserch, Narhe, Pune",Un-Aided Autonomous,Un-Aided,true,120,0629837210,Electronics and Telecommunication Engg,120,102,0,18,0,1,12,0629837211,6,FE_2024_SeatMatrix.pdf,532,false,
2024-25,FE,06298,"Zeal Education Society's Zeal College of Engineering & Reserch, Narhe, Pune",Un-Aided Autonomous,Un-Aided,true,120,0629861210,Mechanical Engineering,120,102,0,18,0,1,12,0629861211,6,FE_2024_SeatMatrix.pdf,533,false,
2024-25,FE,06298,"Zeal Education Society's Zeal College of Engineering & Reserch, Narhe, Pune",Un-Aided Autonomous,Un-Aided,true,180,0629884410,Electronics and Computer Engineering,180,153,0,27,0,2,18,0629884411,9,FE_2024_SeatMatrix.pdf,534,false,
2024-25,FE,06298,"Zeal Education Society's Zeal College of Engineering & Reserch, Narhe, Pune",Un-Aided Autonomous,Un-Aided,true,176,0629892110,Artificial Intelligence and Machine Learning,180,149,0,27,4,1,18,0629892111,9,FE_2024_SeatMatrix.pdf,535,false,
2024-25,FE,06298,"Zeal Education Society's Zeal College of Engineering & Reserch, Narhe, Pune",Un-Aided Autonomous,Un-Aided,true,176,0629899510,Artificial Intelligence and Data Science,180,149,0,27,4,1,18,0629899511,9,FE_2024_SeatMatrix.pdf,536,false,
2024-25,FE,06317,"Sharad Institute of Technology College of Engineering, Yadrav(Ichalkaranji)",Un-Aided Autonomous,Un-Aided,true,27,0631719110,Civil Engineering,30,22,0,5,3,0,3,,0,FE_2024_SeatMatrix.pdf,537,false,
2024-25,FE,06317,"Sharad Institute of Technology College of Engineering, Yadrav(Ichalkaranji)",Un-Aided Autonomous,Un-Aided,true,155,0631724210,Computer Science and Engineering,180,128,0,27,25,1,18,0631724211,9,FE_2024_SeatMatrix.pdf,538,false,
2024-25,FE,06317,"Sharad Institute of Technology College of Engineering, Yadrav(Ichalkaranji)",Un-Aided Autonomous,Un-Aided,true,57,0631729310,Electrical Engineering,60,48,0,9,3,0,6,0631729311,3,FE_2024_SeatMatrix.pdf,539,false,
2024-25,FE,06317,"Sharad Institute of Technology College of Engineering, Yadrav(Ichalkaranji)",Un-Aided Autonomous,Un-Aided,true,60,0631761210,Mechanical Engineering,60,51,0,9,0,1,6,,0,FE_2024_SeatMatrix.pdf,540,false,
2024-25,FE,06317,"Sharad Institute of Technology College of Engineering, Yadrav(Ichalkaranji)",Un-Aided Autonomous,Un-Aided,true,60,0631762410,Mechatronics Engineering,60,51,0,9,0,1,6,0631762411,3,FE_2024_SeatMatrix.pdf,541,false,
2024-25,FE,06317,"Sharad Institute of Technology College of Engineering, Yadrav(Ichalkaranji)",Un-Aided Autonomous,Un-Aided,true,108,0631784410,Electronics and Computer Engineering,120,90,0,18,12,1,12,0631784411,6,FE_2024_SeatMatrix.pdf,542,false,
2024-25,FE,06317,"Sharad Institute of Technology College of Engineering, Yadrav(Ichalkaranji)",Un-Aided Autonomous,Un-Aided,true,112,0631791610,Automation and Robotics,120,94,0,18,8,1,12,0631791611,6,FE_2024_SeatMatrix.pdf,543,false,
2024-25,FE,06317,"Sharad Institute of Technology College of Engineering, Yadrav(Ichalkaranji)",Un-Aided Autonomous,Un-Aided,true,48,0631799510,Artificial Intelligence and Data Science,60,39,0,9,12,0,6,0631799511,3,FE_2024_SeatMatrix.pdf,544,false,
2024-25,FE,06780,"D.Y.Patil Education Society's,D.Y.Patil Technical Campus, Faculty of Engineering & Faculty of Management,Talsande,Kolhapur.",Un-Aided Autonomous,Un-Aided,true,54,0678091210,Computer Science and Engineering(Data Science),60,45,0,9,6,0,6,0678091211,3,FE_2024_SeatMatrix.pdf,545,false,
2024-25,FE,06780,"D.Y.Patil Education Society's,D.Y.Patil Technical Campus, Faculty of Engineering & Faculty of Management,Talsande,Kolhapur.",Un-Aided Autonomous,Un-Aided,true,30,0678019110,Civil Engineering,30,25,0,5,0,0,3,,0,FE_2024_SeatMatrix.pdf,546,false,
2024-25,FE,06780,"D.Y.Patil Education Society's,D.Y.Patil Technical Campus, Faculty of Engineering & Faculty of Management,Talsande,Kolhapur.",Un-Aided Autonomous,Un-Aided,true,144,0678024210,Computer Science and Engineering,180,117,0,27,36,1,18,0678024211,9,FE_2024_SeatMatrix.pdf,547,false,
2024-25,FE,06780,"D.Y.Patil Education Society's,D.Y.Patil Technical Campus, Faculty of Engineering & Faculty of Management,Talsande,Kolhapur.",Un-Aided Autonomous,Un-Aided,true,60,0678029310,Electrical Engineering,60,51,0,9,0,1,6,0678029311,3,FE_2024_SeatMatrix.pdf,548,false,
2024-25,FE,06780,"D.Y.Patil Education Society's,D.Y.Patil Technical Campus, Faculty of Engineering & Faculty of Management,Talsande,Kolhapur.",Un-Aided Autonomous,Un-Aided,true,30,0678061210,Mechanical Engineering,30,25,0,5,0,0,3,,0,FE_2024_SeatMatrix.pdf,549,false,
2024-25,FE,14005,"Laxminarayan Innovation Technological University, Nagpur",University Autonomous,University,true,12,1400550110,Plastic and Polymer Engineering,12,8,0,4,0,0,1,1400550111,1,FE_2024_SeatMatrix.pdf,550,false,
2024-25,FE,14005,"Laxminarayan Innovation Technological University, Nagpur",University Autonomous,University,true,12,1400550310,Food Technology,12,8,0,4,0,0,1,1400550311,1,FE_2024_SeatMatrix.pdf,551,false,
2024-25,FE,14005,"Laxminarayan Innovation Technological University, Nagpur",University Autonomous,University,true,75,1400550710,Chemical Engineering,75,52,0,23,0,1,8,1400550711,4,FE_2024_SeatMatrix.pdf,552,false,
2024-25,FE,14005,"Laxminarayan Innovation Technological University, Nagpur",University Autonomous,University,true,12,1400552410,Paper and Pulp Technology,12,8,0,4,0,0,1,1400552411,1,FE_2024_SeatMatrix.pdf,553,false,
2024-25,FE,14005,"Laxminarayan Innovation Technological University, Nagpur",University Autonomous,University,true,12,1400552710,Petro Chemical Engineering,12,8,0,4,0,0,1,1400552711,1,FE_2024_SeatMatrix.pdf,554,false,
2024-25,FE,14005,"Laxminarayan Innovation Technological University, Nagpur",University Autonomous,University,true,12,1400552910,Oil Technology,12,8,0,4,0,0,1,1400552911,1,FE_2024_SeatMatrix.pdf,555,false,
2024-25,FE,14005,"Laxminarayan Innovation Technological University, Nagpur",University Autonomous,University,true,15,1400572910,Surface Coating Technology,15,10,0,5,0,0,2,1400572911,1,FE_2024_SeatMatrix.pdf,556,false,
2024-25,FE,16006,COEP Technological University,University Autonomous,University,true,75,1600619110,Civil Engineering,75,60,0,15,0,1,8,1600619111,4,FE_2024_SeatMatrix.pdf,557,false,
2024-25,FE,16006,COEP Technological University,University Autonomous,University,true,150,1600624210,Computer Science and Engineering,150,120,0,30,0,1,15,1600624211,8,FE_2024_SeatMatrix.pdf,558,false,
2024-25,FE,16006,COEP Technological University,University Autonomous,University,true,75,1600626610,Robotics and Artificial Intelligence,75,60,0,15,0,1,8,1600626611,4,FE_2024_SeatMatrix.pdf,559,false,
2024-25,FE,16006,COEP Technological University,University Autonomous,University,true,75,1600629310,Electrical Engineering,75,60,0,15,0,1,8,1600629311,4,FE_2024_SeatMatrix.pdf,560,false,
2024-25,FE,16006,COEP Technological University,University Autonomous,University,true,150,1600637210,Electronics and Telecommunication Engg,150,120,0,30,0,1,15,1600637211,8,FE_2024_SeatMatrix.pdf,561,false,
2024-25,FE,16006,COEP Technological University,University Autonomous,University,true,38,1600646410,Instrumentation and Control Engineering,38,30,0,8,0,0,4,1600646411,2,FE_2024_SeatMatrix.pdf,562,false,
2024-25,FE,16006,COEP Technological University,University Autonomous,University,true,150,1600661210,Mechanical Engineering,150,120,0,30,0,1,15,1600661211,8,FE_2024_SeatMatrix.pdf,563,false,
2024-25,FE,16006,COEP Technological University,University Autonomous,University,true,75,1600662710,Manufacturing Science and Engineering,75,60,0,15,0,1,8,1600662711,4,FE_2024_SeatMatrix.pdf,564,false,
2024-25,FE,16006,COEP Technological University,University Autonomous,University,true,75,1600669410,Metallurgy and Material Technology,75,60,0,15,0,1,8,1600669411,4,FE_2024_SeatMatrix.pdf,565,false,
2024-25,FE,16126,"Tatyasaheb Kore Institute of Engineering and Technology, Yelur",Un-Aided Autonomous,Un-Aided,true,108,1612624210,Computer Science and Engineering,120,90,0,18,12,1,12,1612624211,6,FE_2024_SeatMatrix.pdf,566,false,
2024-25,FE,16126,"Tatyasaheb Kore Institute of Engineering and Technology, Yelur",Un-Aided Autonomous,Un-Aided,true,54,1612625210,Cyber Security,60,45,0,9,6,0,6,1612625211,3,FE_2024_SeatMatrix.pdf,567,false,
2024-25,FE,16126,"Tatyasaheb Kore Institute of Engineering and Technology, Yelur",Un-Aided Autonomous,Un-Aided,true,120,1612626210,Computer Science and Business Systems,120,102,0,18,0,1,12,1612626211,6,FE_2024_SeatMatrix.pdf,568,false,
2024-25,FE,16126,"Tatyasaheb Kore Institute of Engineering and Technology, Yelur",Un-Aided Autonomous,Un-Aided,true,60,1612629310,Electrical Engineering,60,51,0,9,0,1,6,1612629311,3,FE_2024_SeatMatrix.pdf,569,false,
2024-25,FE,02021,"University Department of Chemical Technology, Aurangabad",University Department,University Department,false,10,0202150310,Food Technology,10,10,0,0,0,0,1,0202150311,1,FE_2024_SeatMatrix.pdf,570,false,
2024-25,FE,02021,"University Department of Chemical Technology, Aurangabad",University Department,University Department,false,12,0202181610,Pharmaceutical and Fine Chemical Technology,12,12,0,0,0,0,1,,0,FE_2024_SeatMatrix.pdf,571,false,
2024-25,FE,02137,"Nagnathappa Halge Engineering College, Parli, Beed",Un-Aided,Un-Aided,false,90,0213719110,Civil Engineering,90,76,0,14,0,1,9,,0,FE_2024_SeatMatrix.pdf,572,false,
2024-25,FE,02137,"Nagnathappa Halge Engineering College, Parli, Beed",Un-Aided,Un-Aided,false,60,0213724210,Computer Science and Engineering,60,51,0,9,0,1,6,0213724211,3,FE_2024_SeatMatrix.pdf,573,false,
2024-25,FE,02137,"Nagnathappa Halge Engineering College, Parli, Beed",Un-Aided,Un-Aided,false,30,0213729710,Electrical and Electronics Engineering,30,25,0,5,0,0,3,0213729711,2,FE_2024_SeatMatrix.pdf,574,false,
2024-25,FE,02137,"Nagnathappa Halge Engineering College, Parli, Beed",Un-Aided,Un-Aided,false,60,0213761210,Mechanical Engineering,60,51,0,9,0,1,6,,0,FE_2024_SeatMatrix.pdf,575,false,
2024-25,FE,02146,"Adarsh Shikshan Prasarak Mandal's K. T. Patil College of Engineering and Technology, Osmanabad",Un-Aided,Un-Aided,false,30,0214619110,Civil Engineering,30,25,0,5,0,0,3,,0,FE_2024_SeatMatrix.pdf,576,false,
2024-25,FE,02146,"Adarsh Shikshan Prasarak Mandal's K. T. Patil College of Engineering and Technology, Osmanabad",Un-Aided,Un-Aided,false,30,0214624210,Computer Science and Engineering,30,25,0,5,0,0,3,0214624211,2,FE_2024_SeatMatrix.pdf,577,false,
2024-25,FE,02146,"Adarsh Shikshan Prasarak Mandal's K. T. Patil College of Engineering and Technology, Osmanabad",Un-Aided,Un-Aided,false,30,0214629710,Electrical and Electronics Engineering,30,25,0,5,0,0,3,,0,FE_2024_SeatMatrix.pdf,578,false,
2024-25,FE,02146,"Adarsh Shikshan Prasarak Mandal's K. T. Patil College of Engineering and Technology, Osmanabad",Un-Aided,Un-Aided,false,30,0214637210,Electronics and Telecommunication Engg,30,25,0,5,0,0,3,0214637211,2,FE_2024_SeatMatrix.pdf,579,false,
2024-25,FE,02146,"Adarsh Shikshan Prasarak Mandal's K. T. Patil College of Engineering and Technology, Osmanabad",Un-Aided,Un-Aided,false,30,0214661210,Mechanical Engineering,30,25,0,5,0,0,3,,0,FE_2024_SeatMatrix.pdf,580,false,
2024-25,FE,02516,International Centre Of Excellence In Engineering and Management (ICEEM),Un-Aided,Un-Aided,false,30,0251619110,Civil Engineering,30,25,0,5,0,0,3,,0,FE_2024_SeatMatrix.pdf,581,false,
2024-25,FE,02516,International Centre Of Excellence In Engineering and Management (ICEEM),Un-Aided,Un-Aided,false,96,0251624210,Computer Science and Engineering,120,78,0,18,24,1,12,0251624211,6,FE_2024_SeatMatrix.pdf,582,false,
2024-25,FE,02516,International Centre Of Excellence In Engineering and Management (ICEEM),Un-Aided,Un-Aided,false,30,0251629710,Electrical and Electronics Engineering,30,25,0,5,0,0,3,0251629711,2,FE_2024_SeatMatrix.pdf,583,false,
2024-25,FE,02516,International Centre Of Excellence In Engineering and Management (ICEEM),Un-Aided,Un-Aided,false,30,0251661210,Mechanical Engineering,30,25,0,5,0,0,3,,0,FE_2024_SeatMatrix.pdf,584,false,
2024-25,FE,02516,International Centre Of Excellence In Engineering and Management (ICEEM),Un-Aided,Un-Aided,false,54,0251692110,Artificial Intelligence and Machine Learning,60,45,0,9,6,0,6,0251692111,3,FE_2024_SeatMatrix.pdf,585,false,
2024-25,FE,02666,Mangaldeep College of Engineering,Un-Aided,Un-Aided,false,120,0266624210,Computer Science and Engineering,120,102,0,18,0,1,12,0266624211,6,FE_2024_SeatMatrix.pdf,586,false,
2024-25,FE,02666,Mangaldeep College of Engineering,Un-Aided,Un-Aided,false,30,0266624610,Information Technology,30,25,0,5,0,0,3,0266624611,2,FE_2024_SeatMatrix.pdf,587,false,
2024-25,FE,02666,Mangaldeep College of Engineering,Un-Aided,Un-Aided,false,120,0266656610,Computer Science,120,102,0,18,0,1,12,0266656611,6,FE_2024_SeatMatrix.pdf,588,false,
2024-25,FE,02666,Mangaldeep College of Engineering,Un-Aided,Un-Aided,false,30,0266692110,Artificial Intelligence and Machine Learning,30,25,0,5,0,0,3,0266692111,2,FE_2024_SeatMatrix.pdf,589,false,
2024-25,FE,01012,"Government College of Engineering,Yavatmal",Government,Government,false,60,0101219110,Civil Engineering,60,60,0,0,0,1,6,0101219111,3,FE_2024_SeatMatrix.pdf,590,false,
2024-25,FE,01012,"Government College of Engineering,Yavatmal",Government,Government,false,60,0101224510,Computer Engineering,60,60,0,0,0,1,6,0101224511,3,FE_2024_SeatMatrix.pdf,591,false,
2024-25,FE,01012,"Government College of Engineering,Yavatmal",Government,Government,false,60,0101229310,Electrical Engineering,60,60,0,0,0,1,6,0101229311,3,FE_2024_SeatMatrix.pdf,592,false,
2024-25,FE,01012,"Government College of Engineering,Yavatmal",Government,Government,false,60,0101237210,Electronics and Telecommunication Engg,60,60,0,0,0,1,6,0101237211,3,FE_2024_SeatMatrix.pdf,593,false,
2024-25,FE,01012,"Government College of Engineering,Yavatmal",Government,Government,false,60,0101261210,Mechanical Engineering,60,60,0,0,0,1,6,0101261211,3,FE_2024_SeatMatrix.pdf,594,false,
2024-25,FE,02111,"Everest Education Society, Group of Institutions (Integrated Campus), Ohar",Un-Aided Religious Minority - Muslim,Un-Aided Religious Minority - Muslim,false,24,0211119110,Civil Engineering,30,8,15,1,6,0,0,,0,FE_2024_SeatMatrix.pdf,595,false,
2024-25,FE,02111,"Everest Education Society, Group of Institutions (Integrated Campus), Ohar",Un-Aided Religious Minority - Muslim,Un-Aided Religious Minority - Muslim,false,72,0211124210,Computer Science and Engineering,90,22,46,4,18,0,0,0211124211,5,FE_2024_SeatMatrix.pdf,596,false,
2024-25,FE,02111,"Everest Education Society, Group of Institutions (Integrated Campus), Ohar",Un-Aided Religious Minority - Muslim,Un-Aided Religious Minority - Muslim,false,24,0211129310,Electrical Engineering,30,8,15,1,6,0,0,,0,FE_2024_SeatMatrix.pdf,597,false,
2024-25,FE,02111,"Everest Education Society, Group of Institutions (Integrated Campus), Ohar",Un-Aided Religious Minority - Muslim,Un-Aided Religious Minority - Muslim,false,48,0211161210,Mechanical Engineering,60,14,31,3,12,0,0,,0,FE_2024_SeatMatrix.pdf,598,false,
2024-25,FE,02111,"Everest Education Society, Group of Institutions (Integrated Campus), Ohar",Un-Aided Religious Minority - Muslim,Un-Aided Religious Minority - Muslim,false,48,0211192110,Artificial Intelligence and Machine Learning,60,14,31,3,12,0,0,0211192111,3,FE_2024_SeatMatrix.pdf,599,false,
2024-25,FE,02111,"Everest Education Society, Group of Institutions (Integrated Campus), Ohar",Un-Aided Religious Minority - Muslim,Un-Aided Religious Minority - Muslim,false,48,0211199510,Artificial Intelligence and Data Science,60,14,31,3,12,0,0,0211199511,3,FE_2024_SeatMatrix.pdf,600,false,
2024-25,FE,02112,"Shree Yash Pratishthan, Shreeyash College of Engineering and Technology, Aurangabad",Un-Aided,Un-Aided,false,60,0211219110,Civil Engineering,60,51,0,9,0,1,6,0211219111,3,FE_2024_SeatMatrix.pdf,601,false,
2024-25,FE,02112,"Shree Yash Pratishthan, Shreeyash College of Engineering and Technology, Aurangabad",Un-Aided,Un-Aided,false,162,0211224210,Computer Science and Engineering,180,135,0,27,18,1,18,0211224211,9,FE_2024_SeatMatrix.pdf,602,false,
2024-25,FE,02112,"Shree Yash Pratishthan, Shreeyash College of Engineering and Technology, Aurangabad",Un-Aided,Un-Aided,false,60,0211229310,Electrical Engineering,60,51,0,9,0,1,6,0211229311,3,FE_2024_SeatMatrix.pdf,603,false,
2024-25,FE,02112,"Shree Yash Pratishthan, Shreeyash College of Engineering and Technology, Aurangabad",Un-Aided,Un-Aided,false,60,0211261210,Mechanical Engineering,60,51,0,9,0,1,6,,0,FE_2024_SeatMatrix.pdf,604,false,
2024-25,FE,02112,"Shree Yash Pratishthan, Shreeyash College of Engineering and Technology, Aurangabad",Un-Aided,Un-Aided,false,60,0211284410,Electronics and Computer Engineering,60,51,0,9,0,1,6,0211284411,3,FE_2024_SeatMatrix.pdf,605,false,
2024-25,FE,02112,"Shree Yash Pratishthan, Shreeyash College of Engineering and Technology, Aurangabad",Un-Aided,Un-Aided,false,60,0211291110,Computer Science and Engineering(Artificial,60,51,0,9,0,1,6,0211291111,3,FE_2024_SeatMatrix.pdf,606,false,
2024-25,FE,02112,"Shree Yash Pratishthan, Shreeyash College of Engineering and Technology, Aurangabad",Un-Aided,Un-Aided,false,60,0211291210,Computer Science and Engineering(Data Science),60,51,0,9,0,1,6,0211291211,3,FE_2024_SeatMatrix.pdf,607,false,
2024-25,FE,02112,"Shree Yash Pratishthan, Shreeyash College of Engineering and Technology, Aurangabad",Un-Aided,Un-Aided,false,30,0211292910,VLSI,30,25,0,5,0,0,3,,0,FE_2024_SeatMatrix.pdf,608,false,
2024-25,FE,02112,"Shree Yash Pratishthan, Shreeyash College of Engineering and Technology, Aurangabad",Un-Aided,Un-Aided,false,30,0211293210,5G,30,25,0,5,0,0,3,0211293211,2,FE_2024_SeatMatrix.pdf,609,false,
2024-25,FE,02114,"Deogiri Institute of Engineering and Management Studies, Aurangabad",Un-Aided,Un-Aided,false,120,0211419110,Civil Engineering,120,102,0,18,0,1,12,0211419111,6,FE_2024_SeatMatrix.pdf,610,false,
2024-25,FE,02114,"Deogiri Institute of Engineering and Management Studies, Aurangabad",Un-Aided,Un-Aided,false,96,0211424210,Computer Science and Engineering,120,78,0,18,24,1,12,0211424211,6,FE_2024_SeatMatrix.pdf,611,false,
2024-25,FE,02114,"Deogiri Institute of Engineering and Management Studies, Aurangabad",Un-Aided,Un-Aided,false,108,0211437210,Electronics and Telecommunication Engg,120,90,0,18,12,1,12,0211437211,6,FE_2024_SeatMatrix.pdf,612,false,
2024-25,FE,02114,"Deogiri Institute of Engineering and Management Studies, Aurangabad",Un-Aided,Un-Aided,false,120,0211461210,Mechanical Engineering,120,102,0,18,0,1,12,0211461211,6,FE_2024_SeatMatrix.pdf,613,false,
2024-25,FE,02114,"Deogiri Institute of Engineering and Management Studies, Aurangabad",Un-Aided,Un-Aided,false,48,0211491110,Computer Science and Engineering(Artificial,60,39,0,9,12,0,6,0211491111,3,FE_2024_SeatMatrix.pdf,614,false,
2024-25,FE,02116,"Matoshri Pratishan's Group of Institutions (Integrated Campus), Kupsarwadi , Nanded",Un-Aided,Un-Aided,false,30,0211619110,Civil Engineering,30,25,0,5,0,0,3,,0,FE_2024_SeatMatrix.pdf,615,false,
2024-25,FE,02116,"Matoshri Pratishan's Group of Institutions (Integrated Campus), Kupsarwadi , Nanded",Un-Aided,Un-Aided,false,48,0211624210,Computer Science and Engineering,60,39,0,9,12,0,6,0211624211,3,FE_2024_SeatMatrix.pdf,616,false,
2024-25,FE,02116,"Matoshri Pratishan's Group of Institutions (Integrated Campus), Kupsarwadi , Nanded",Un-Aided,Un-Aided,false,24,0211626310,Artificial Intelligence (AI) and Data Science,30,19,0,5,6,0,3,0211626311,2,FE_2024_SeatMatrix.pdf,617,false,
2024-25,FE,02116,"Matoshri Pratishan's Group of Institutions (Integrated Campus), Kupsarwadi , Nanded",Un-Aided,Un-Aided,false,60,0211629310,Electrical Engineering,60,51,0,9,0,1,6,,0,FE_2024_SeatMatrix.pdf,618,false,
2024-25,FE,02116,"Matoshri Pratishan's Group of Institutions (Integrated Campus), Kupsarwadi , Nanded",Un-Aided,Un-Aided,false,27,0211637210,Electronics and Telecommunication Engg,30,22,0,5,3,0,3,0211637211,2,FE_2024_SeatMatrix.pdf,619,false,
2024-25,FE,02116,"Matoshri Pratishan's Group of Institutions (Integrated Campus), Kupsarwadi , Nanded",Un-Aided,Un-Aided,false,30,0211661510,Mechanical & Automation Engineering,30,25,0,5,0,0,3,,0,FE_2024_SeatMatrix.pdf,620,false,
2024-25,FE,02116,"Matoshri Pratishan's Group of Institutions (Integrated Campus), Kupsarwadi , Nanded",Un-Aided,Un-Aided,false,24,0211691110,Computer Science and Engineering(Artificial,30,19,0,5,6,0,3,0211691111,2,FE_2024_SeatMatrix.pdf,621,false,
2024-25,FE,02127,"Mahatma Gandhi Missions College of Engineering, Hingoli Rd, Nanded.",Un-Aided,Un-Aided,false,60,0212719110,Civil Engineering,60,51,0,9,0,1,6,0212719111,3,FE_2024_SeatMatrix.pdf,622,false,
2024-25,FE,02127,"Mahatma Gandhi Missions College of Engineering, Hingoli Rd, Nanded.",Un-Aided,Un-Aided,false,144,0212724210,Computer Science and Engineering,180,117,0,27,36,1,18,0212724211,9,FE_2024_SeatMatrix.pdf,623,false,
2024-25,FE,02127,"Mahatma Gandhi Missions College of Engineering, Hingoli Rd, Nanded.",Un-Aided,Un-Aided,false,96,0212724610,Information Technology,120,78,0,18,24,1,12,0212724611,6,FE_2024_SeatMatrix.pdf,624,false,
2024-25,FE,02127,"Mahatma Gandhi Missions College of Engineering, Hingoli Rd, Nanded.",Un-Aided,Un-Aided,false,57,0212737210,Electronics and Telecommunication Engg,60,48,0,9,3,0,6,0212737211,3,FE_2024_SeatMatrix.pdf,625,false,
2024-25,FE,02127,"Mahatma Gandhi Missions College of Engineering, Hingoli Rd, Nanded.",Un-Aided,Un-Aided,false,60,0212761210,Mechanical Engineering,60,51,0,9,0,1,6,,0,FE_2024_SeatMatrix.pdf,626,false,
2024-25,FE,02127,"Mahatma Gandhi Missions College of Engineering, Hingoli Rd, Nanded.",Un-Aided,Un-Aided,false,60,0212791610,Automation and Robotics,60,51,0,9,0,1,6,0212791611,3,FE_2024_SeatMatrix.pdf,627,false,
2024-25,FE,02127,"Mahatma Gandhi Missions College of Engineering, Hingoli Rd, Nanded.",Un-Aided,Un-Aided,false,57,0212792110,Artificial Intelligence and Machine Learning,60,48,0,9,3,0,6,0212792111,3,FE_2024_SeatMatrix.pdf,628,false,
2024-25,FE,02129,"M.S. Bidve Engineering College, Latur",Un-Aided,Un-Aided,false,60,0212919110,Civil Engineering,60,51,0,9,0,1,6,,0,FE_2024_SeatMatrix.pdf,629,false,
2024-25,FE,02129,"M.S. Bidve Engineering College, Latur",Un-Aided,Un-Aided,false,96,0212924210,Computer Science and Engineering,120,78,0,18,24,1,12,0212924211,6,FE_2024_SeatMatrix.pdf,630,false,
2024-25,FE,02129,"M.S. Bidve Engineering College, Latur",Un-Aided,Un-Aided,false,48,0212924610,Information Technology,60,39,0,9,12,0,6,0212924611,3,FE_2024_SeatMatrix.pdf,631,false,
2024-25,FE,02129,"M.S. Bidve Engineering College, Latur",Un-Aided,Un-Aided,false,54,0212929310,Electrical Engineering,60,45,0,9,6,0,6,0212929311,3,FE_2024_SeatMatrix.pdf,632,false,
2024-25,FE,02129,"M.S. Bidve Engineering College, Latur",Un-Aided,Un-Aided,false,48,0212937210,Electronics and Telecommunication Engg,60,39,0,9,12,0,6,0212937211,3,FE_2024_SeatMatrix.pdf,633,false,
2024-25,FE,02129,"M.S. Bidve Engineering College, Latur",Un-Aided,Un-Aided,false,60,0212946310,Architectural Assistantship,60,51,0,9,0,1,6,0212946311,3,FE_2024_SeatMatrix.pdf,634,false,
2024-25,FE,02129,"M.S. Bidve Engineering College, Latur",Un-Aided,Un-Aided,false,60,0212961210,Mechanical Engineering,60,51,0,9,0,1,6,,0,FE_2024_SeatMatrix.pdf,635,false,
2024-25,FE,02129,"M.S. Bidve Engineering College, Latur",Un-Aided,Un-Aided,false,48,0212991110,Computer Science and Engineering(Artificial,60,39,0,9,12,0,6,0212991111,3,FE_2024_SeatMatrix.pdf,636,false,
2024-25,FE,02130,"Terna Public Charitable Trust's College of Engineering, Osmanabad",Un-Aided,Un-Aided,false,60,0213019110,Civil Engineering,60,51,0,9,0,1,6,,0,FE_2024_SeatMatrix.pdf,637,false,
2024-25,FE,02130,"Terna Public Charitable Trust's College of Engineering, Osmanabad",Un-Aided,Un-Aided,false,48,0213024210,Computer Science and Engineering,60,39,0,9,12,0,6,0213024211,3,FE_2024_SeatMatrix.pdf,638,false,
2024-25,FE,02130,"Terna Public Charitable Trust's College of Engineering, Osmanabad",Un-Aided,Un-Aided,false,60,0213037210,Electronics and Telecommunication Engg,60,51,0,9,0,1,6,0213037211,3,FE_2024_SeatMatrix.pdf,639,false,
2024-25,FE,02130,"Terna Public Charitable Trust's College of Engineering, Osmanabad",Un-Aided,Un-Aided,false,60,0213061210,Mechanical Engineering,60,51,0,9,0,1,6,,0,FE_2024_SeatMatrix.pdf,640,false,
2024-25,FE,02130,"Terna Public Charitable Trust's College of Engineering, Osmanabad",Un-Aided,Un-Aided,false,60,0213099510,Artificial Intelligence and Data Science,60,51,0,9,0,1,6,0213099511,3,FE_2024_SeatMatrix.pdf,641,false,
2024-25,FE,02131,"Shree Tuljabhavani College of Engineering, Tuljapur",Un-Aided,Un-Aided,false,30,0213119110,Civil Engineering,30,25,0,5,0,0,3,,0,FE_2024_SeatMatrix.pdf,642,false,
2024-25,FE,02131,"Shree Tuljabhavani College of Engineering, Tuljapur",Un-Aided,Un-Aided,false,120,0213124210,Computer Science and Engineering,120,102,0,18,0,1,12,0213124211,6,FE_2024_SeatMatrix.pdf,643,false,
2024-25,FE,02131,"Shree Tuljabhavani College of Engineering, Tuljapur",Un-Aided,Un-Aided,false,60,0213137210,Electronics and Telecommunication Engg,60,51,0,9,0,1,6,,0,FE_2024_SeatMatrix.pdf,644,false,
2024-25,FE,02131,"Shree Tuljabhavani College of Engineering, Tuljapur",Un-Aided,Un-Aided,false,30,0213161210,Mechanical Engineering,30,25,0,5,0,0,3,,0,FE_2024_SeatMatrix.pdf,645,false,
2024-25,FE,02133,"Mahatma Basaweshwar Education Society's College of Engineering, Ambejogai",Un-Aided,Un-Aided,false,60,0213319110,Civil Engineering,60,51,0,9,0,1,6,,0,FE_2024_SeatMatrix.pdf,646,false,
2024-25,FE,02133,"Mahatma Basaweshwar Education Society's College of Engineering, Ambejogai",Un-Aided,Un-Aided,false,96,0213324210,Computer Science and Engineering,120,78,0,18,24,1,12,0213324211,6,FE_2024_SeatMatrix.pdf,647,false,
2024-25,FE,02133,"Mahatma Basaweshwar Education Society's College of Engineering, Ambejogai",Un-Aided,Un-Aided,false,60,0213329310,Electrical Engineering,60,51,0,9,0,1,6,,0,FE_2024_SeatMatrix.pdf,648,false,
2024-25,FE,02133,"Mahatma Basaweshwar Education Society's College of Engineering, Ambejogai",Un-Aided,Un-Aided,false,30,0213361210,Mechanical Engineering,30,25,0,5,0,0,3,,0,FE_2024_SeatMatrix.pdf,649,false,
2024-25,FE,02133,"Mahatma Basaweshwar Education Society's College of Engineering, Ambejogai",Un-Aided,Un-Aided,false,48,0213384410,Electronics and Computer Engineering,60,39,0,9,12,0,6,0213384411,3,FE_2024_SeatMatrix.pdf,650,false,
2024-25,FE,02134,"Peoples Education Society's College of Engineering, Aurangabad",Un-Aided,Un-Aided,false,60,0213419110,Civil Engineering,60,51,0,9,0,1,6,,0,FE_2024_SeatMatrix.pdf,651,false,
2024-25,FE,02134,"Peoples Education Society's College of Engineering, Aurangabad",Un-Aided,Un-Aided,false,48,0213424210,Computer Science and Engineering,60,39,0,9,12,0,6,0213424211,3,FE_2024_SeatMatrix.pdf,652,false,
2024-25,FE,02134,"Peoples Education Society's College of Engineering, Aurangabad",Un-Aided,Un-Aided,false,60,0213429310,Electrical Engineering,60,51,0,9,0,1,6,0213429311,3,FE_2024_SeatMatrix.pdf,653,false,
2024-25,FE,02134,"Peoples Education Society's College of Engineering, Aurangabad",Un-Aided,Un-Aided,false,60,0213437810,Electronics Engineering ( VLSI Design and,60,51,0,9,0,1,6,,0,FE_2024_SeatMatrix.pdf,654,false,
2024-25,FE,02134,"Peoples Education Society's College of Engineering, Aurangabad",Un-Aided,Un-Aided,false,60,0213461510,Mechanical & Automation Engineering,60,51,0,9,0,1,6,,0,FE_2024_SeatMatrix.pdf,655,false,
2024-25,FE,02134,"Peoples Education Society's College of Engineering, Aurangabad",Un-Aided,Un-Aided,false,54,0213484410,Electronics and Computer Engineering,60,45,0,9,6,0,6,0213484411,3,FE_2024_SeatMatrix.pdf,656,false,
2024-25,FE,02134,"Peoples Education Society's College of Engineering, Aurangabad",Un-Aided,Un-Aided,false,48,0213491210,Computer Science and Engineering(Data Science),60,39,0,9,12,0,6,0213491211,3,FE_2024_SeatMatrix.pdf,657,false,
2024-25,FE,02135,"Hi-Tech Institute of Technology, Aurangabad",Un-Aided,Un-Aided,false,60,0213519110,Civil Engineering,60,51,0,9,0,1,6,,0,FE_2024_SeatMatrix.pdf,658,false,
2024-25,FE,02135,"Hi-Tech Institute of Technology, Aurangabad",Un-Aided,Un-Aided,false,180,0213524210,Computer Science and Engineering,180,153,0,27,0,2,18,0213524211,9,FE_2024_SeatMatrix.pdf,659,false,
2024-25,FE,02135,"Hi-Tech Institute of Technology, Aurangabad",Un-Aided,Un-Aided,false,60,0213561210,Mechanical Engineering,60,51,0,9,0,1,6,0213561211,3,FE_2024_SeatMatrix.pdf,660,false,
2024-25,FE,02135,"Hi-Tech Institute of Technology, Aurangabad",Un-Aided,Un-Aided,false,60,0213591110,Computer Science and Engineering(Artificial,60,51,0,9,0,1,6,0213591111,3,FE_2024_SeatMatrix.pdf,661,false,
2024-25,FE,02136,"Aditya Engineering College , Beed",Un-Aided,Un-Aided,false,60,0213619110,Civil Engineering,60,51,0,9,0,1,6,0213619111,3,FE_2024_SeatMatrix.pdf,662,false,
2024-25,FE,02136,"Aditya Engineering College , Beed",Un-Aided,Un-Aided,false,60,0213624210,Computer Science and Engineering,60,51,0,9,0,1,6,0213624211,3,FE_2024_SeatMatrix.pdf,663,false,
2024-25,FE,02136,"Aditya Engineering College , Beed",Un-Aided,Un-Aided,false,60,0213624610,Information Technology,60,51,0,9,0,1,6,,0,FE_2024_SeatMatrix.pdf,664,false,
2024-25,FE,02136,"Aditya Engineering College , Beed",Un-Aided,Un-Aided,false,60,0213629310,Electrical Engineering,60,51,0,9,0,1,6,0213629311,3,FE_2024_SeatMatrix.pdf,665,false,
2024-25,FE,02136,"Aditya Engineering College , Beed",Un-Aided,Un-Aided,false,60,0213637210,Electronics and Telecommunication Engg,60,51,0,9,0,1,6,,0,FE_2024_SeatMatrix.pdf,666,false,
2024-25,FE,02136,"Aditya Engineering College , Beed",Un-Aided,Un-Aided,false,60,0213661210,Mechanical Engineering,60,51,0,9,0,1,6,,0,FE_2024_SeatMatrix.pdf,667,false,
2024-25,FE,02136,"Aditya Engineering College , Beed",Un-Aided,Un-Aided,false,30,0213691210,Computer Science and Engineering(Data Science),30,25,0,5,0,0,3,,0,FE_2024_SeatMatrix.pdf,668,false,
2024-25,FE,02136,"Aditya Engineering College , Beed",Un-Aided,Un-Aided,false,30,0213692110,Artificial Intelligence and Machine Learning,30,25,0,5,0,0,3,0213692111,2,FE_2024_SeatMatrix.pdf,669,false,
2024-25,FE,02138,"Matsyodari Shikshan Sansatha's College of Engineering and Technology, Jalna",Un-Aided,Un-Aided,false,60,0213819110,Civil Engineering,60,51,0,9,0,1,6,,0,FE_2024_SeatMatrix.pdf,670,false,
2024-25,FE,02138,"Matsyodari Shikshan Sansatha's College of Engineering and Technology, Jalna",Un-Aided,Un-Aided,false,51,0213824210,Computer Science and Engineering,60,42,0,9,9,0,6,0213824211,3,FE_2024_SeatMatrix.pdf,671,false,
2024-25,FE,02138,"Matsyodari Shikshan Sansatha's College of Engineering and Technology, Jalna",Un-Aided,Un-Aided,false,60,0213829310,Electrical Engineering,60,51,0,9,0,1,6,0213829311,3,FE_2024_SeatMatrix.pdf,672,false,
2024-25,FE,02138,"Matsyodari Shikshan Sansatha's College of Engineering and Technology, Jalna",Un-Aided,Un-Aided,false,60,0213861210,Mechanical Engineering,60,51,0,9,0,1,6,,0,FE_2024_SeatMatrix.pdf,673,false,
2024-25,FE,02250,"Aurangabad College of Engineering, Naygaon Savangi, Aurangabad",Un-Aided,Un-Aided,false,36,0225019110,Civil Engineering,36,31,0,5,0,0,4,,0,FE_2024_SeatMatrix.pdf,674,false,
2024-25,FE,02250,"Aurangabad College of Engineering, Naygaon Savangi, Aurangabad",Un-Aided,Un-Aided,false,15,0225024210,Computer Science and Engineering,15,13,0,2,0,0,2,0225024211,1,FE_2024_SeatMatrix.pdf,675,false,
2024-25,FE,02250,"Aurangabad College of Engineering, Naygaon Savangi, Aurangabad",Un-Aided,Un-Aided,false,54,0225029310,Electrical Engineering,54,46,0,8,0,0,5,,0,FE_2024_SeatMatrix.pdf,676,false,
2024-25,FE,02250,"Aurangabad College of Engineering, Naygaon Savangi, Aurangabad",Un-Aided,Un-Aided,false,15,0225037210,Electronics and Telecommunication Engg,15,13,0,2,0,0,2,,0,FE_2024_SeatMatrix.pdf,677,false,
2024-25,FE,02250,"Aurangabad College of Engineering, Naygaon Savangi, Aurangabad",Un-Aided,Un-Aided,false,54,0225061210,Mechanical Engineering,54,46,0,8,0,0,5,,0,FE_2024_SeatMatrix.pdf,678,false,
2024-25,FE,02252,"Marathwada Shikshan Prasarak Mandal's Shri Shivaji Institute of Engineering and Management Studies, Parbhani",Un-Aided,Un-Aided,false,60,0225219110,Civil Engineering,60,51,0,9,0,1,6,,0,FE_2024_SeatMatrix.pdf,679,false,
2024-25,FE,02252,"Marathwada Shikshan Prasarak Mandal's Shri Shivaji Institute of Engineering and Management Studies, Parbhani",Un-Aided,Un-Aided,false,60,0225224210,Computer Science and Engineering,60,51,0,9,0,1,6,0225224211,3,FE_2024_SeatMatrix.pdf,680,false,
2024-25,FE,02252,"Marathwada Shikshan Prasarak Mandal's Shri Shivaji Institute of Engineering and Management Studies, Parbhani",Un-Aided,Un-Aided,false,30,0225229710,Electrical and Electronics Engineering,30,25,0,5,0,0,3,0225229711,2,FE_2024_SeatMatrix.pdf,681,false,
2024-25,FE,02252,"Marathwada Shikshan Prasarak Mandal's Shri Shivaji Institute of Engineering and Management Studies, Parbhani",Un-Aided,Un-Aided,false,60,0225261210,Mechanical Engineering,60,51,0,9,0,1,6,,0,FE_2024_SeatMatrix.pdf,682,false,
2024-25,FE,02254,"Vilasrao Deshmukh Foundation Group of Institutions, Latur",Un-Aided,Un-Aided,false,60,0225419110,Civil Engineering,60,51,0,9,0,1,6,,0,FE_2024_SeatMatrix.pdf,683,false,
2024-25,FE,02254,"Vilasrao Deshmukh Foundation Group of Institutions, Latur",Un-Aided,Un-Aided,false,54,0225424510,Computer Engineering,60,45,0,9,6,0,6,0225424511,3,FE_2024_SeatMatrix.pdf,684,false,
2024-25,FE,02254,"Vilasrao Deshmukh Foundation Group of Institutions, Latur",Un-Aided,Un-Aided,false,54,0225424610,Information Technology,60,45,0,9,6,0,6,0225424611,3,FE_2024_SeatMatrix.pdf,685,false,
2024-25,FE,02254,"Vilasrao Deshmukh Foundation Group of Institutions, Latur",Un-Aided,Un-Aided,false,60,0225429310,Electrical Engineering,60,51,0,9,0,1,6,,0,FE_2024_SeatMatrix.pdf,686,false,
2024-25,FE,02254,"Vilasrao Deshmukh Foundation Group of Institutions, Latur",Un-Aided,Un-Aided,false,60,0225437210,Electronics and Telecommunication Engg,60,51,0,9,0,1,6,0225437211,3,FE_2024_SeatMatrix.pdf,687,false,
2024-25,FE,02254,"Vilasrao Deshmukh Foundation Group of Institutions, Latur",Un-Aided,Un-Aided,false,60,0225461210,Mechanical Engineering,60,51,0,9,0,1,6,,0,FE_2024_SeatMatrix.pdf,688,false,
2024-25,FE,02282,"Aditya Education Trust's Mitthulalji Sarada Polytechnic, Nalwandi Road, Beed",Un-Aided,Un-Aided,false,60,0228219110,Civil Engineering,60,51,0,9,0,1,6,,0,FE_2024_SeatMatrix.pdf,689,false,
2024-25,FE,02282,"Aditya Education Trust's Mitthulalji Sarada Polytechnic, Nalwandi Road, Beed",Un-Aided,Un-Aided,false,90,0228224510,Computer Engineering,90,76,0,14,0,1,9,,0,FE_2024_SeatMatrix.pdf,690,false,
2024-25,FE,02282,"Aditya Education Trust's Mitthulalji Sarada Polytechnic, Nalwandi Road, Beed",Un-Aided,Un-Aided,false,30,0228224610,Information Technology,30,25,0,5,0,0,3,,0,FE_2024_SeatMatrix.pdf,691,false,
2024-25,FE,02282,"Aditya Education Trust's Mitthulalji Sarada Polytechnic, Nalwandi Road, Beed",Un-Aided,Un-Aided,false,90,0228229310,Electrical Engineering,90,76,0,14,0,1,9,,0,FE_2024_SeatMatrix.pdf,692,false,
2024-25,FE,02282,"Aditya Education Trust's Mitthulalji Sarada Polytechnic, Nalwandi Road, Beed",Un-Aided,Un-Aided,false,30,0228261210,Mechanical Engineering,30,25,0,5,0,0,3,,0,FE_2024_SeatMatrix.pdf,693,false,
2024-25,FE,02282,"Aditya Education Trust's Mitthulalji Sarada Polytechnic, Nalwandi Road, Beed",Un-Aided,Un-Aided,false,60,0228290010,Electronics and Computer Science,60,51,0,9,0,1,6,,0,FE_2024_SeatMatrix.pdf,694,false,
2024-25,FE,02508,GRAMIN TECHNICAL AND MANAGEMENT CAMPUS NANDED.,Un-Aided,Un-Aided,false,30,0250819110,Civil Engineering,30,25,0,5,0,0,3,,0,FE_2024_SeatMatrix.pdf,695,false,
2024-25,FE,02508,GRAMIN TECHNICAL AND MANAGEMENT CAMPUS NANDED.,Un-Aided,Un-Aided,false,162,0250824510,Computer Engineering,180,135,0,27,18,1,18,0250824511,9,FE_2024_SeatMatrix.pdf,696,false,
2024-25,FE,02508,GRAMIN TECHNICAL AND MANAGEMENT CAMPUS NANDED.,Un-Aided,Un-Aided,false,60,0250829310,Electrical Engineering,60,51,0,9,0,1,6,,0,FE_2024_SeatMatrix.pdf,697,false,
2024-25,FE,02508,GRAMIN TECHNICAL AND MANAGEMENT CAMPUS NANDED.,Un-Aided,Un-Aided,false,58,0250837210,Electronics and Telecommunication Engg,60,49,0,9,2,0,6,0250837211,3,FE_2024_SeatMatrix.pdf,698,false,
2024-25,FE,02508,GRAMIN TECHNICAL AND MANAGEMENT CAMPUS NANDED.,Un-Aided,Un-Aided,false,30,0250850310,Food Technology,30,25,0,5,0,0,3,,0,FE_2024_SeatMatrix.pdf,699,false,
2024-25,FE,02508,GRAMIN TECHNICAL AND MANAGEMENT CAMPUS NANDED.,Un-Aided,Un-Aided,false,30,0250861210,Mechanical Engineering,30,25,0,5,0,0,3,,0,FE_2024_SeatMatrix.pdf,700,false,
2024-25,FE,02508,GRAMIN TECHNICAL AND MANAGEMENT CAMPUS NANDED.,Un-Aided,Un-Aided,false,60,0250891410,Safety and Fire Engineering,60,51,0,9,0,1,6,,0,FE_2024_SeatMatrix.pdf,701,false,
2024-25,FE,02522,"STMEI's Sandipani Technical Campus-Faculty of Engineering, Latur.",Un-Aided,Un-Aided,false,60,0252219110,Civil Engineering,60,51,0,9,0,1,6,,0,FE_2024_SeatMatrix.pdf,702,false,
2024-25,FE,02522,"STMEI's Sandipani Technical Campus-Faculty of Engineering, Latur.",Un-Aided,Un-Aided,false,54,0252224510,Computer Engineering,60,45,0,9,6,0,6,0252224511,3,FE_2024_SeatMatrix.pdf,703,false,
2024-25,FE,02522,"STMEI's Sandipani Technical Campus-Faculty of Engineering, Latur.",Un-Aided,Un-Aided,false,60,0252237210,Electronics and Telecommunication Engg,60,51,0,9,0,1,6,,0,FE_2024_SeatMatrix.pdf,704,false,
2024-25,FE,02522,"STMEI's Sandipani Technical Campus-Faculty of Engineering, Latur.",Un-Aided,Un-Aided,false,60,0252261210,Mechanical Engineering,60,51,0,9,0,1,6,,0,FE_2024_SeatMatrix.pdf,705,false,
2024-25,FE,02522,"STMEI's Sandipani Technical Campus-Faculty of Engineering, Latur.",Un-Aided,Un-Aided,false,54,0252299510,Artificial Intelligence and Data Science,60,45,0,9,6,0,6,0252299511,3,FE_2024_SeatMatrix.pdf,706,false,
2024-25,FE,02533,"CSMSS Chh. Shahu College of Engineering, Aurangabad",Un-Aided,Un-Aided,false,60,0253319110,Civil Engineering,60,51,0,9,0,1,6,0253319111,3,FE_2024_SeatMatrix.pdf,707,false,
2024-25,FE,02533,"CSMSS Chh. Shahu College of Engineering, Aurangabad",Un-Aided,Un-Aided,false,144,0253324210,Computer Science and Engineering,180,117,0,27,36,1,18,0253324211,9,FE_2024_SeatMatrix.pdf,708,false,
2024-25,FE,02533,"CSMSS Chh. Shahu College of Engineering, Aurangabad",Un-Aided,Un-Aided,false,60,0253329310,Electrical Engineering,60,51,0,9,0,1,6,0253329311,3,FE_2024_SeatMatrix.pdf,709,false,
2024-25,FE,02533,"CSMSS Chh. Shahu College of Engineering, Aurangabad",Un-Aided,Un-Aided,false,60,0253337810,Electronics Engineering ( VLSI Design and,60,51,0,9,0,1,6,0253337811,3,FE_2024_SeatMatrix.pdf,710,false,
2024-25,FE,02533,"CSMSS Chh. Shahu College of Engineering, Aurangabad",Un-Aided,Un-Aided,false,120,0253361210,Mechanical Engineering,120,102,0,18,0,1,12,0253361211,6,FE_2024_SeatMatrix.pdf,711,false,
2024-25,FE,02533,"CSMSS Chh. Shahu College of Engineering, Aurangabad",Un-Aided,Un-Aided,false,96,0253384410,Electronics and Computer Engineering,120,78,0,18,24,1,12,0253384411,6,FE_2024_SeatMatrix.pdf,712,false,
2024-25,FE,02533,"CSMSS Chh. Shahu College of Engineering, Aurangabad",Un-Aided,Un-Aided,false,54,0253392810,Electronics and Communication(Advanced,60,45,0,9,6,0,6,0253392811,3,FE_2024_SeatMatrix.pdf,713,false,
2024-25,FE,02533,"CSMSS Chh. Shahu College of Engineering, Aurangabad",Un-Aided,Un-Aided,false,144,0253399510,Artificial Intelligence and Data Science,180,117,0,27,36,1,18,0253399511,9,FE_2024_SeatMatrix.pdf,714,false,
2024-25,FE,02637,"Jijau Institute of Engineering Technology and Management, Khandgaon (Bendri), Taluka Naigaon, District Nanded",Un-Aided,Un-Aided,false,30,0263719110,Civil Engineering,30,25,0,5,0,0,3,0263719111,2,FE_2024_SeatMatrix.pdf,715,false,
2024-25,FE,02637,"Jijau Institute of Engineering Technology and Management, Khandgaon (Bendri), Taluka Naigaon, District Nanded",Un-Aided,Un-Aided,false,114,0263724510,Computer Engineering,120,96,0,18,6,1,12,0263724511,6,FE_2024_SeatMatrix.pdf,716,false,
2024-25,FE,02637,"Jijau Institute of Engineering Technology and Management, Khandgaon (Bendri), Taluka Naigaon, District Nanded",Un-Aided,Un-Aided,false,60,0263724610,Information Technology,60,51,0,9,0,1,6,0263724611,3,FE_2024_SeatMatrix.pdf,717,false,
2024-25,FE,02637,"Jijau Institute of Engineering Technology and Management, Khandgaon (Bendri), Taluka Naigaon, District Nanded",Un-Aided,Un-Aided,false,60,0263737210,Electronics and Telecommunication Engg,60,51,0,9,0,1,6,0263737211,3,FE_2024_SeatMatrix.pdf,718,false,
2024-25,FE,02637,"Jijau Institute of Engineering Technology and Management, Khandgaon (Bendri), Taluka Naigaon, District Nanded",Un-Aided,Un-Aided,false,60,0263799710,Artificial Intelligence,60,51,0,9,0,1,6,0263799711,3,FE_2024_SeatMatrix.pdf,719,false,
2024-25,FE,02641,Dr. V.K. Patil College of Engineering & Technology,Un-Aided,Un-Aided,false,60,0264119110,Civil Engineering,60,51,0,9,0,1,6,,0,FE_2024_SeatMatrix.pdf,720,false,
2024-25,FE,02641,Dr. V.K. Patil College of Engineering & Technology,Un-Aided,Un-Aided,false,60,0264124210,Computer Science and Engineering,60,51,0,9,0,1,6,,0,FE_2024_SeatMatrix.pdf,721,false,
2024-25,FE,02641,Dr. V.K. Patil College of Engineering & Technology,Un-Aided,Un-Aided,false,60,0264129310,Electrical Engineering,60,51,0,9,0,1,6,,0,FE_2024_SeatMatrix.pdf,722,false,
2024-25,FE,02641,Dr. V.K. Patil College of Engineering & Technology,Un-Aided,Un-Aided,false,30,0264161210,Mechanical Engineering,30,25,0,5,0,0,3,,0,FE_2024_SeatMatrix.pdf,723,false,
2024-25,FE,02641,Dr. V.K. Patil College of Engineering & Technology,Un-Aided,Un-Aided,false,30,0264199710,Artificial Intelligence,30,25,0,5,0,0,3,,0,FE_2024_SeatMatrix.pdf,724,false,
2024-25,FE,03033,"Dr. Babasaheb Ambedkar Technological University, Lonere",University,University,false,46,0303319110,Civil Engineering,46,46,0,0,0,0,5,,0,FE_2024_SeatMatrix.pdf,729,false,
2024-25,FE,03033,"Dr. Babasaheb Ambedkar Technological University, Lonere",University,University,false,46,0303324510,Computer Engineering,46,46,0,0,0,0,5,0303324511,3,FE_2024_SeatMatrix.pdf,731,false,
2024-25,FE,03033,"Dr. Babasaheb Ambedkar Technological University, Lonere",University,University,false,46,0303324610,Information Technology,46,46,0,0,0,0,5,0303324611,3,FE_2024_SeatMatrix.pdf,733,false,
2024-25,FE,03033,"Dr. Babasaheb Ambedkar Technological University, Lonere",University,University,false,46,0303329310,Electrical Engineering,46,46,0,0,0,0,5,0303329311,3,FE_2024_SeatMatrix.pdf,735,false,
2024-25,FE,03033,"Dr. Babasaheb Ambedkar Technological University, Lonere",University,University,false,51,0303337210,Electronics and Telecommunication Engg,51,51,0,0,0,1,5,0303337211,3,FE_2024_SeatMatrix.pdf,737,false,
2024-25,FE,03033,"Dr. Babasaheb Ambedkar Technological University, Lonere",University,University,false,25,0303337810,Electronics Engineering ( VLSI Design and,25,25,0,0,0,0,3,0303337811,2,FE_2024_SeatMatrix.pdf,741,false,
2024-25,FE,03033,"Dr. Babasaheb Ambedkar Technological University, Lonere",University,University,false,46,0303350710,Chemical Engineering,46,46,0,0,0,0,5,0303350711,3,FE_2024_SeatMatrix.pdf,743,false,
2024-25,FE,03033,"Dr. Babasaheb Ambedkar Technological University, Lonere",University,University,false,46,0303352710,Petro Chemical Engineering,46,46,0,0,0,0,5,,0,FE_2024_SeatMatrix.pdf,745,false,
2024-25,FE,03033,"Dr. Babasaheb Ambedkar Technological University, Lonere",University,University,false,46,0303361210,Mechanical Engineering,46,46,0,0,0,0,5,0303361211,3,FE_2024_SeatMatrix.pdf,747,false,
2024-25,FE,03033,"Dr. Babasaheb Ambedkar Technological University, Lonere",University,University,false,51,0303390510,Computer Science and Engineering,51,51,0,0,0,1,5,0303390511,3,FE_2024_SeatMatrix.pdf,749,false,
2024-25,FE,03042,"Loknete Shamrao Peje Government College of Engineering, Ratnagiri",Government,Government,false,60,0304229310,Electrical Engineering,60,60,0,0,0,1,6,0304229311,3,FE_2024_SeatMatrix.pdf,751,false,
2024-25,FE,03042,"Loknete Shamrao Peje Government College of Engineering, Ratnagiri",Government,Government,false,60,0304250410,Food Technology And Management,60,60,0,0,0,1,6,,0,FE_2024_SeatMatrix.pdf,752,false,
2024-25,FE,03042,"Loknete Shamrao Peje Government College of Engineering, Ratnagiri",Government,Government,false,60,0304262410,Mechatronics Engineering,60,60,0,0,0,1,6,,0,FE_2024_SeatMatrix.pdf,753,false,
2024-25,FE,03042,"Loknete Shamrao Peje Government College of Engineering, Ratnagiri",Government,Government,false,60,0304291810,Civil and infrastructure Engineering,60,60,0,0,0,1,6,,0,FE_2024_SeatMatrix.pdf,754,false,
2024-25,FE,03042,"Loknete Shamrao Peje Government College of Engineering, Ratnagiri",Government,Government,false,60,0304299510,Artificial Intelligence and Data Science,60,60,0,0,0,1,6,0304299511,3,FE_2024_SeatMatrix.pdf,755,false,
2024-25,FE,04135,"Amar Seva Mandal's Shree Govindrao Vanjari College of Engineering & Technology, Nagpur",Un-Aided,Un-Aided,false,60,0413519110,Civil Engineering,60,51,0,9,0,1,6,0413519111,3,FE_2024_SeatMatrix.pdf,756,false,
2024-25,FE,04135,"Amar Seva Mandal's Shree Govindrao Vanjari College of Engineering & Technology, Nagpur",Un-Aided,Un-Aided,false,90,0413524210,Computer Science and Engineering,90,76,0,14,0,1,9,0413524211,5,FE_2024_SeatMatrix.pdf,757,false,
2024-25,FE,04135,"Amar Seva Mandal's Shree Govindrao Vanjari College of Engineering & Technology, Nagpur",Un-Aided,Un-Aided,false,60,0413524610,Information Technology,60,51,0,9,0,1,6,0413524611,3,FE_2024_SeatMatrix.pdf,758,false,
2024-25,FE,04135,"Amar Seva Mandal's Shree Govindrao Vanjari College of Engineering & Technology, Nagpur",Un-Aided,Un-Aided,false,60,0413529310,Electrical Engineering,60,51,0,9,0,1,6,0413529311,3,FE_2024_SeatMatrix.pdf,759,false,
2024-25,FE,04135,"Amar Seva Mandal's Shree Govindrao Vanjari College of Engineering & Technology, Nagpur",Un-Aided,Un-Aided,false,30,0413537210,Electronics and Telecommunication Engg,30,25,0,5,0,0,3,0413537211,2,FE_2024_SeatMatrix.pdf,760,false,
2024-25,FE,04135,"Amar Seva Mandal's Shree Govindrao Vanjari College of Engineering & Technology, Nagpur",Un-Aided,Un-Aided,false,60,0413561210,Mechanical Engineering,60,51,0,9,0,1,6,0413561211,3,FE_2024_SeatMatrix.pdf,761,false,
2024-25,FE,04141,"Shriram Gram Vikas Shikshan Sanstha, Vilasrao Deshmukh College of Engineering and Technology, Nagpur",Un-Aided,Un-Aided,false,60,0414119110,Civil Engineering,60,51,0,9,0,1,6,,0,FE_2024_SeatMatrix.pdf,762,false,
2024-25,FE,04141,"Shriram Gram Vikas Shikshan Sanstha, Vilasrao Deshmukh College of Engineering and Technology, Nagpur",Un-Aided,Un-Aided,false,120,0414124510,Computer Engineering,120,102,0,18,0,1,12,,0,FE_2024_SeatMatrix.pdf,763,false,
2024-25,FE,04141,"Shriram Gram Vikas Shikshan Sanstha, Vilasrao Deshmukh College of Engineering and Technology, Nagpur",Un-Aided,Un-Aided,false,30,0414161210,Mechanical Engineering,30,25,0,5,0,0,3,,0,FE_2024_SeatMatrix.pdf,764,false,
2024-25,FE,04141,"Shriram Gram Vikas Shikshan Sanstha, Vilasrao Deshmukh College of Engineering and Technology, Nagpur",Un-Aided,Un-Aided,false,30,0414199510,Artificial Intelligence and Data Science,30,25,0,5,0,0,3,,0,FE_2024_SeatMatrix.pdf,765,false,
2024-25,FE,04163,Rajiv Gandhi College of Engineering Research & Technology Chandrapur,Un-Aided,Un-Aided,false,60,0416319110,Civil Engineering,60,51,0,9,0,1,6,0416319111,3,FE_2024_SeatMatrix.pdf,766,false,
2024-25,FE,04163,Rajiv Gandhi College of Engineering Research & Technology Chandrapur,Un-Aided,Un-Aided,false,135,0416324210,Computer Science and Engineering,150,112,0,23,15,1,15,0416324211,8,FE_2024_SeatMatrix.pdf,767,false,
2024-25,FE,04163,Rajiv Gandhi College of Engineering Research & Technology Chandrapur,Un-Aided,Un-Aided,false,60,0416329310,Electrical Engineering,60,51,0,9,0,1,6,0416329311,3,FE_2024_SeatMatrix.pdf,768,false,
2024-25,FE,04163,Rajiv Gandhi College of Engineering Research & Technology Chandrapur,Un-Aided,Un-Aided,false,60,0416337010,Electronics and Communication Engineering,60,51,0,9,0,1,6,0416337011,3,FE_2024_SeatMatrix.pdf,769,false,
2024-25,FE,04163,Rajiv Gandhi College of Engineering Research & Technology Chandrapur,Un-Aided,Un-Aided,false,60,0416361210,Mechanical Engineering,60,51,0,9,0,1,6,0416361211,3,FE_2024_SeatMatrix.pdf,770,false,
2024-25,FE,04163,Rajiv Gandhi College of Engineering Research & Technology Chandrapur,Un-Aided,Un-Aided,false,55,0416370110,Mining Engineering,60,46,0,9,5,0,6,0416370111,3,FE_2024_SeatMatrix.pdf,771,false,
2024-25,FE,04163,Rajiv Gandhi College of Engineering Research & Technology Chandrapur,Un-Aided,Un-Aided,false,60,0416391210,Computer Science and Engineering(Data Science),60,51,0,9,0,1,6,0416391211,3,FE_2024_SeatMatrix.pdf,772,false,
2024-25,FE,04181,"Swaminarayan Siddhanta Institute Of Technology, Nagpur",Un-Aided,Un-Aided,false,60,0418119110,Civil Engineering,60,51,0,9,0,1,6,0418119111,3,FE_2024_SeatMatrix.pdf,773,false,
2024-25,FE,04181,"Swaminarayan Siddhanta Institute Of Technology, Nagpur",Un-Aided,Un-Aided,false,150,0418124510,Computer Engineering,150,127,0,23,0,1,15,0418124511,8,FE_2024_SeatMatrix.pdf,774,false,
2024-25,FE,04181,"Swaminarayan Siddhanta Institute Of Technology, Nagpur",Un-Aided,Un-Aided,false,30,0418137210,Electronics and Telecommunication Engg,30,25,0,5,0,0,3,0418137211,2,FE_2024_SeatMatrix.pdf,775,false,
2024-25,FE,04181,"Swaminarayan Siddhanta Institute Of Technology, Nagpur",Un-Aided,Un-Aided,false,60,0418161210,Mechanical Engineering,60,51,0,9,0,1,6,0418161211,3,FE_2024_SeatMatrix.pdf,776,false,
2024-25,FE,04188,"Krushi Jivan Vikas Pratishthan, Ballarpur Institute of Technology, Mouza Bamni",Un-Aided,Un-Aided,false,60,0418819110,Civil Engineering,60,51,0,9,0,1,6,,0,FE_2024_SeatMatrix.pdf,777,false,
2024-25,FE,04188,"Krushi Jivan Vikas Pratishthan, Ballarpur Institute of Technology, Mouza Bamni",Un-Aided,Un-Aided,false,81,0418824210,Computer Science and Engineering,90,67,0,14,9,1,9,0418824211,5,FE_2024_SeatMatrix.pdf,778,false,
2024-25,FE,04188,"Krushi Jivan Vikas Pratishthan, Ballarpur Institute of Technology, Mouza Bamni",Un-Aided,Un-Aided,false,60,0418829310,Electrical Engineering,60,51,0,9,0,1,6,0418829311,3,FE_2024_SeatMatrix.pdf,779,false,
2024-25,FE,04188,"Krushi Jivan Vikas Pratishthan, Ballarpur Institute of Technology, Mouza Bamni",Un-Aided,Un-Aided,false,30,0418837210,Electronics and Telecommunication Engg,30,25,0,5,0,0,3,0418837211,2,FE_2024_SeatMatrix.pdf,780,false,
2024-25,FE,04188,"Krushi Jivan Vikas Pratishthan, Ballarpur Institute of Technology, Mouza Bamni",Un-Aided,Un-Aided,false,60,0418850310,Food Technology,60,51,0,9,0,1,6,,0,FE_2024_SeatMatrix.pdf,781,false,
2024-25,FE,04188,"Krushi Jivan Vikas Pratishthan, Ballarpur Institute of Technology, Mouza Bamni",Un-Aided,Un-Aided,false,30,0418861210,Mechanical Engineering,30,25,0,5,0,0,3,,0,FE_2024_SeatMatrix.pdf,782,false,
2024-25,FE,04188,"Krushi Jivan Vikas Pratishthan, Ballarpur Institute of Technology, Mouza Bamni",Un-Aided,Un-Aided,false,120,0418870110,Mining Engineering,120,102,0,18,0,1,12,0418870111,6,FE_2024_SeatMatrix.pdf,783,false,
2024-25,FE,04190,"M.D. Yergude Memorial Shikshan Prasarak Mandal's Shri Sai College of Engineering & Technology, Bhadrawati",Un-Aided,Un-Aided,false,60,0419019110,Civil Engineering,60,51,0,9,0,1,6,,0,FE_2024_SeatMatrix.pdf,784,false,
2024-25,FE,04190,"M.D. Yergude Memorial Shikshan Prasarak Mandal's Shri Sai College of Engineering & Technology, Bhadrawati",Un-Aided,Un-Aided,false,60,0419024210,Computer Science and Engineering,60,51,0,9,0,1,6,0419024211,3,FE_2024_SeatMatrix.pdf,785,false,
2024-25,FE,04190,"M.D. Yergude Memorial Shikshan Prasarak Mandal's Shri Sai College of Engineering & Technology, Bhadrawati",Un-Aided,Un-Aided,false,60,0419029310,Electrical Engineering,60,51,0,9,0,1,6,,0,FE_2024_SeatMatrix.pdf,786,false,
2024-25,FE,04190,"M.D. Yergude Memorial Shikshan Prasarak Mandal's Shri Sai College of Engineering & Technology, Bhadrawati",Un-Aided,Un-Aided,false,30,0419037010,Electronics and Communication Engineering,30,25,0,5,0,0,3,0419037011,2,FE_2024_SeatMatrix.pdf,787,false,
2024-25,FE,04190,"M.D. Yergude Memorial Shikshan Prasarak Mandal's Shri Sai College of Engineering & Technology, Bhadrawati",Un-Aided,Un-Aided,false,60,0419061210,Mechanical Engineering,60,51,0,9,0,1,6,,0,FE_2024_SeatMatrix.pdf,788,false,
2024-25,FE,04649,"Bajaj Institute of Technology, Wardha",Un-Aided Linguistic Minority - Hindi,Un-Aided Linguistic Minority - Hindi,false,60,0464919110,Civil Engineering,60,25,31,4,0,0,0,0464919111,3,FE_2024_SeatMatrix.pdf,789,false,
2024-25,FE,04649,"Bajaj Institute of Technology, Wardha",Un-Aided Linguistic Minority - Hindi,Un-Aided Linguistic Minority - Hindi,false,120,0464924510,Computer Engineering,120,50,61,9,0,0,0,0464924511,6,FE_2024_SeatMatrix.pdf,790,false,
2024-25,FE,04649,"Bajaj Institute of Technology, Wardha",Un-Aided Linguistic Minority - Hindi,Un-Aided Linguistic Minority - Hindi,false,60,0464929310,Electrical Engineering,60,25,31,4,0,0,0,0464929311,3,FE_2024_SeatMatrix.pdf,791,false,
2024-25,FE,04649,"Bajaj Institute of Technology, Wardha",Un-Aided Linguistic Minority - Hindi,Un-Aided Linguistic Minority - Hindi,false,60,0464961210,Mechanical Engineering,60,25,31,4,0,0,0,0464961211,3,FE_2024_SeatMatrix.pdf,792,false,
2024-25,FE,04679,"Karanjekar College of Engineering & Management, Sakoli",Un-Aided,Un-Aided,false,60,0467919110,Civil Engineering,60,51,0,9,0,1,6,,0,FE_2024_SeatMatrix.pdf,793,false,
2024-25,FE,04679,"Karanjekar College of Engineering & Management, Sakoli",Un-Aided,Un-Aided,false,120,0467924210,Computer Science and Engineering,120,102,0,18,0,1,12,0467924211,6,FE_2024_SeatMatrix.pdf,794,false,
2024-25,FE,04679,"Karanjekar College of Engineering & Management, Sakoli",Un-Aided,Un-Aided,false,60,0467929310,Electrical Engineering,60,51,0,9,0,1,6,,0,FE_2024_SeatMatrix.pdf,795,false,
2024-25,FE,04679,"Karanjekar College of Engineering & Management, Sakoli",Un-Aided,Un-Aided,false,60,0467993610,Fire Engineering,60,51,0,9,0,1,6,,0,FE_2024_SeatMatrix.pdf,796,false,
2024-25,FE,04679,"Karanjekar College of Engineering & Management, Sakoli",Un-Aided,Un-Aided,false,60,0467999710,Artificial Intelligence,60,51,0,9,0,1,6,,0,FE_2024_SeatMatrix.pdf,797,false,
2024-25,FE,05103,"Shri Shivaji Vidya Prasarak Sanstha's Late Bapusaheb Shivaji Rao Deore College of Engineering,Dhule",Un-Aided,Un-Aided,false,59,0510319110,Civil Engineering,60,50,0,9,1,1,6,0510319111,3,FE_2024_SeatMatrix.pdf,798,false,
2024-25,FE,05103,"Shri Shivaji Vidya Prasarak Sanstha's Late Bapusaheb Shivaji Rao Deore College of Engineering,Dhule",Un-Aided,Un-Aided,false,230,0510324510,Computer Engineering,240,194,0,36,10,2,24,0510324511,12,FE_2024_SeatMatrix.pdf,799,false,
2024-25,FE,05103,"Shri Shivaji Vidya Prasarak Sanstha's Late Bapusaheb Shivaji Rao Deore College of Engineering,Dhule",Un-Aided,Un-Aided,false,89,0510337210,Electronics and Telecommunication Engg,90,75,0,14,1,1,9,0510337211,5,FE_2024_SeatMatrix.pdf,800,false,
2024-25,FE,05103,"Shri Shivaji Vidya Prasarak Sanstha's Late Bapusaheb Shivaji Rao Deore College of Engineering,Dhule",Un-Aided,Un-Aided,false,60,0510337610,Electronics Engineering,60,51,0,9,0,1,6,0510337611,3,FE_2024_SeatMatrix.pdf,801,false,
2024-25,FE,05103,"Shri Shivaji Vidya Prasarak Sanstha's Late Bapusaheb Shivaji Rao Deore College of Engineering,Dhule",Un-Aided,Un-Aided,false,60,0510361210,Mechanical Engineering,60,51,0,9,0,1,6,0510361211,3,FE_2024_SeatMatrix.pdf,802,false,
2024-25,FE,05103,"Shri Shivaji Vidya Prasarak Sanstha's Late Bapusaheb Shivaji Rao Deore College of Engineering,Dhule",Un-Aided,Un-Aided,false,58,0510384410,Electronics and Computer Engineering,60,49,0,9,2,0,6,0510384411,3,FE_2024_SeatMatrix.pdf,803,false,
2024-25,FE,05106,"Khandesh College Education Society's College Of Engineering And Management, Jalgaon",Un-Aided,Un-Aided,false,106,0510624510,Computer Engineering,120,88,0,18,14,1,12,0510624511,6,FE_2024_SeatMatrix.pdf,804,false,
2024-25,FE,05106,"Khandesh College Education Society's College Of Engineering And Management, Jalgaon",Un-Aided,Un-Aided,false,60,0510629310,Electrical Engineering,60,51,0,9,0,1,6,,0,FE_2024_SeatMatrix.pdf,805,false,
2024-25,FE,05106,"Khandesh College Education Society's College Of Engineering And Management, Jalgaon",Un-Aided,Un-Aided,false,60,0510661210,Mechanical Engineering,60,51,0,9,0,1,6,,0,FE_2024_SeatMatrix.pdf,806,false,
2024-25,FE,05106,"Khandesh College Education Society's College Of Engineering And Management, Jalgaon",Un-Aided,Un-Aided,false,57,0510684410,Electronics and Computer Engineering,60,48,0,9,3,0,6,0510684411,3,FE_2024_SeatMatrix.pdf,807,false,
2024-25,FE,05106,"Khandesh College Education Society's College Of Engineering And Management, Jalgaon",Un-Aided,Un-Aided,false,48,0510691210,Computer Science and Engineering(Data Science),60,39,0,9,12,0,6,0510691211,3,FE_2024_SeatMatrix.pdf,808,false,
2024-25,FE,05164,"P.S.G.V.P. Mandal's D.N. Patel College of Engineering, Shahada, Dist. Nandurbar",Un-Aided Linguistic Minority - Gujar,Un-Aided Linguistic Minority - Gujar,false,60,0516419110,Civil Engineering,60,25,31,4,0,0,0,,0,FE_2024_SeatMatrix.pdf,809,false,
2024-25,FE,05164,"P.S.G.V.P. Mandal's D.N. Patel College of Engineering, Shahada, Dist. Nandurbar",Un-Aided Linguistic Minority - Gujar,Un-Aided Linguistic Minority - Gujar,false,57,0516424510,Computer Engineering,60,22,31,4,3,0,0,0516424511,3,FE_2024_SeatMatrix.pdf,810,false,
2024-25,FE,05164,"P.S.G.V.P. Mandal's D.N. Patel College of Engineering, Shahada, Dist. Nandurbar",Un-Aided Linguistic Minority - Gujar,Un-Aided Linguistic Minority - Gujar,false,60,0516429310,Electrical Engineering,60,25,31,4,0,0,0,,0,FE_2024_SeatMatrix.pdf,811,false,
2024-25,FE,05164,"P.S.G.V.P. Mandal's D.N. Patel College of Engineering, Shahada, Dist. Nandurbar",Un-Aided Linguistic Minority - Gujar,Un-Aided Linguistic Minority - Gujar,false,48,0516437210,Electronics and Telecommunication Engg,48,20,24,4,0,0,0,0516437211,2,FE_2024_SeatMatrix.pdf,812,false,
2024-25,FE,05164,"P.S.G.V.P. Mandal's D.N. Patel College of Engineering, Shahada, Dist. Nandurbar",Un-Aided Linguistic Minority - Gujar,Un-Aided Linguistic Minority - Gujar,false,48,0516446610,Instrumentation Engineering,48,20,24,4,0,0,0,,0,FE_2024_SeatMatrix.pdf,813,false,
2024-25,FE,05164,"P.S.G.V.P. Mandal's D.N. Patel College of Engineering, Shahada, Dist. Nandurbar",Un-Aided Linguistic Minority - Gujar,Un-Aided Linguistic Minority - Gujar,false,60,0516461210,Mechanical Engineering,60,25,31,4,0,0,0,,0,FE_2024_SeatMatrix.pdf,814,false,
2024-25,FE,05168,"T.M.E. Society's J.T.Mahajan College of Engineering, Faizpur",Un-Aided,Un-Aided,false,30,0516819110,Civil Engineering,30,25,0,5,0,0,3,,0,FE_2024_SeatMatrix.pdf,815,false,
2024-25,FE,05168,"T.M.E. Society's J.T.Mahajan College of Engineering, Faizpur",Un-Aided,Un-Aided,false,54,0516824510,Computer Engineering,60,45,0,9,6,0,6,0516824511,3,FE_2024_SeatMatrix.pdf,816,false,
2024-25,FE,05168,"T.M.E. Society's J.T.Mahajan College of Engineering, Faizpur",Un-Aided,Un-Aided,false,57,0516837210,Electronics and Telecommunication Engg,60,48,0,9,3,0,6,,0,FE_2024_SeatMatrix.pdf,817,false,
2024-25,FE,05168,"T.M.E. Society's J.T.Mahajan College of Engineering, Faizpur",Un-Aided,Un-Aided,false,60,0516861210,Mechanical Engineering,60,51,0,9,0,1,6,,0,FE_2024_SeatMatrix.pdf,818,false,
2024-25,FE,05170,"Hindi Seva Mandal's Shri Sant Gadgebaba College of Engineering & Technology, Bhusawal",Un-Aided Linguistic Minority - Hindi,Un-Aided Linguistic Minority - Hindi,false,30,0517019110,Civil Engineering,30,13,15,2,0,0,0,,0,FE_2024_SeatMatrix.pdf,819,false,
2024-25,FE,05170,"Hindi Seva Mandal's Shri Sant Gadgebaba College of Engineering & Technology, Bhusawal",Un-Aided Linguistic Minority - Hindi,Un-Aided Linguistic Minority - Hindi,false,120,0517024210,Computer Science and Engineering,120,50,61,9,0,0,0,0517024211,6,FE_2024_SeatMatrix.pdf,820,false,
2024-25,FE,05170,"Hindi Seva Mandal's Shri Sant Gadgebaba College of Engineering & Technology, Bhusawal",Un-Aided Linguistic Minority - Hindi,Un-Aided Linguistic Minority - Hindi,false,60,0517029310,Electrical Engineering,60,25,31,4,0,0,0,,0,FE_2024_SeatMatrix.pdf,821,false,
2024-25,FE,05170,"Hindi Seva Mandal's Shri Sant Gadgebaba College of Engineering & Technology, Bhusawal",Un-Aided Linguistic Minority - Hindi,Un-Aided Linguistic Minority - Hindi,false,30,0517037210,Electronics and Telecommunication Engg,30,13,15,2,0,0,0,,0,FE_2024_SeatMatrix.pdf,822,false,
2024-25,FE,05170,"Hindi Seva Mandal's Shri Sant Gadgebaba College of Engineering & Technology, Bhusawal",Un-Aided Linguistic Minority - Hindi,Un-Aided Linguistic Minority - Hindi,false,30,0517061210,Mechanical Engineering,30,13,15,2,0,0,0,,0,FE_2024_SeatMatrix.pdf,823,false,
2024-25,FE,05170,"Hindi Seva Mandal's Shri Sant Gadgebaba College of Engineering & Technology, Bhusawal",Un-Aided Linguistic Minority - Hindi,Un-Aided Linguistic Minority - Hindi,false,30,0517084410,Electronics and Computer Engineering,30,13,15,2,0,0,0,0517084411,2,FE_2024_SeatMatrix.pdf,824,false,
2024-25,FE,05170,"Hindi Seva Mandal's Shri Sant Gadgebaba College of Engineering & Technology, Bhusawal",Un-Aided Linguistic Minority - Hindi,Un-Aided Linguistic Minority - Hindi,false,60,0517091210,Computer Science and Engineering(Data Science),60,25,31,4,0,0,0,0517091211,3,FE_2024_SeatMatrix.pdf,825,false,
2024-25,FE,05171,"Godavari Foundation's Godavari College Of Engineering, Jalgaon",Un-Aided,Un-Aided,false,114,0517124510,Computer Engineering,120,96,0,18,6,1,12,0517124511,6,FE_2024_SeatMatrix.pdf,826,false,
2024-25,FE,05171,"Godavari Foundation's Godavari College Of Engineering, Jalgaon",Un-Aided,Un-Aided,false,57,0517126310,Artificial Intelligence (AI) and Data Science,60,48,0,9,3,0,6,0517126311,3,FE_2024_SeatMatrix.pdf,827,false,
2024-25,FE,05171,"Godavari Foundation's Godavari College Of Engineering, Jalgaon",Un-Aided,Un-Aided,false,60,0517129310,Electrical Engineering,60,51,0,9,0,1,6,,0,FE_2024_SeatMatrix.pdf,828,false,
2024-25,FE,05171,"Godavari Foundation's Godavari College Of Engineering, Jalgaon",Un-Aided,Un-Aided,false,60,0517137210,Electronics and Telecommunication Engg,60,51,0,9,0,1,6,0517137211,3,FE_2024_SeatMatrix.pdf,829,false,
2024-25,FE,05171,"Godavari Foundation's Godavari College Of Engineering, Jalgaon",Un-Aided,Un-Aided,false,60,0517161210,Mechanical Engineering,60,51,0,9,0,1,6,,0,FE_2024_SeatMatrix.pdf,830,false,
2024-25,FE,05244,"MET's Institute of Technology Polytechnic, Bhujbal Knowledge City, Adgaon Nashik",Un-Aided,Un-Aided,false,48,0524425710,Computer Science and Design,60,39,0,9,12,0,6,0524425711,3,FE_2024_SeatMatrix.pdf,831,false,
2024-25,FE,05244,"MET's Institute of Technology Polytechnic, Bhujbal Knowledge City, Adgaon Nashik",Un-Aided,Un-Aided,false,54,0524491610,Automation and Robotics,60,45,0,9,6,0,6,0524491611,3,FE_2024_SeatMatrix.pdf,832,false,
2024-25,FE,05244,"MET's Institute of Technology Polytechnic, Bhujbal Knowledge City, Adgaon Nashik",Un-Aided,Un-Aided,false,60,0524492210,Civil and Environmental Engineering,60,51,0,9,0,1,6,,0,FE_2024_SeatMatrix.pdf,833,false,
2024-25,FE,05256,"Matoshri Education Soceity, Matoshri Asarabai Polytechnic,Nashik",Un-Aided,Un-Aided,false,60,0525624510,Computer Engineering,60,51,0,9,0,1,6,0525624511,3,FE_2024_SeatMatrix.pdf,834,false,
2024-25,FE,05256,"Matoshri Education Soceity, Matoshri Asarabai Polytechnic,Nashik",Un-Aided,Un-Aided,false,60,0525624610,Information Technology,60,51,0,9,0,1,6,0525624611,3,FE_2024_SeatMatrix.pdf,835,false,
2024-25,FE,05263,"Matoshri Education Soceity, Matoshri Institute Of Technology, Dhanore, Nashik",Un-Aided,Un-Aided,false,60,0526324510,Computer Engineering,60,51,0,9,0,1,6,0526324511,3,FE_2024_SeatMatrix.pdf,836,false,
2024-25,FE,05263,"Matoshri Education Soceity, Matoshri Institute Of Technology, Dhanore, Nashik",Un-Aided,Un-Aided,false,60,0526329310,Electrical Engineering,60,51,0,9,0,1,6,0526329311,3,FE_2024_SeatMatrix.pdf,837,false,
2024-25,FE,05263,"Matoshri Education Soceity, Matoshri Institute Of Technology, Dhanore, Nashik",Un-Aided,Un-Aided,false,60,0526337210,Electronics and Telecommunication Engg,60,51,0,9,0,1,6,0526337211,3,FE_2024_SeatMatrix.pdf,838,false,
2024-25,FE,05365,"Vardhaman Education & Welfare Society, Ahinsa Institute of Technology, Post. Dondaicha, Dhule",Un-Aided Religious Minority - Jain,Un-Aided Religious Minority - Jain,false,60,0536525110,Computer Technology,60,25,31,4,0,0,0,0536525111,3,FE_2024_SeatMatrix.pdf,839,false,
2024-25,FE,05365,"Vardhaman Education & Welfare Society, Ahinsa Institute of Technology, Post. Dondaicha, Dhule",Un-Aided Religious Minority - Jain,Un-Aided Religious Minority - Jain,false,60,0536529310,Electrical Engineering,60,25,31,4,0,0,0,,0,FE_2024_SeatMatrix.pdf,840,false,
2024-25,FE,05365,"Vardhaman Education & Welfare Society, Ahinsa Institute of Technology, Post. Dondaicha, Dhule",Un-Aided Religious Minority - Jain,Un-Aided Religious Minority - Jain,false,60,0536561210,Mechanical Engineering,60,25,31,4,0,0,0,,0,FE_2024_SeatMatrix.pdf,841,false,
2024-25,FE,05370,"Kedareshwar Gramin Vikas Pratishthan, Samajbhushan Eknathrao Dhakane College, of Engineering, Shevgaon",Un-Aided,Un-Aided,false,60,0537019110,Civil Engineering,60,51,0,9,0,1,6,0537019111,3,FE_2024_SeatMatrix.pdf,842,false,
2024-25,FE,05370,"Kedareshwar Gramin Vikas Pratishthan, Samajbhushan Eknathrao Dhakane College, of Engineering, Shevgaon",Un-Aided,Un-Aided,false,60,0537024510,Computer Engineering,60,51,0,9,0,1,6,0537024511,3,FE_2024_SeatMatrix.pdf,843,false,
2024-25,FE,05370,"Kedareshwar Gramin Vikas Pratishthan, Samajbhushan Eknathrao Dhakane College, of Engineering, Shevgaon",Un-Aided,Un-Aided,false,60,0537029310,Electrical Engineering,60,51,0,9,0,1,6,0537029311,3,FE_2024_SeatMatrix.pdf,844,false,
2024-25,FE,05370,"Kedareshwar Gramin Vikas Pratishthan, Samajbhushan Eknathrao Dhakane College, of Engineering, Shevgaon",Un-Aided,Un-Aided,false,60,0537061210,Mechanical Engineering,60,51,0,9,0,1,6,0537061211,3,FE_2024_SeatMatrix.pdf,845,false,
2024-25,FE,05370,"Kedareshwar Gramin Vikas Pratishthan, Samajbhushan Eknathrao Dhakane College, of Engineering, Shevgaon",Un-Aided,Un-Aided,false,60,0537099510,Artificial Intelligence and Data Science,60,51,0,9,0,1,6,0537099511,3,FE_2024_SeatMatrix.pdf,846,false,
2024-25,FE,05396,"College of Engineering and Technology ,North Maharashtra Knowledge City, Jalgaon",Un-Aided,Un-Aided,false,30,0539619110,Civil Engineering,30,25,0,5,0,0,3,,0,FE_2024_SeatMatrix.pdf,847,false,
2024-25,FE,05396,"College of Engineering and Technology ,North Maharashtra Knowledge City, Jalgaon",Un-Aided,Un-Aided,false,30,0539624510,Computer Engineering,30,25,0,5,0,0,3,0539624511,2,FE_2024_SeatMatrix.pdf,848,false,
2024-25,FE,05396,"College of Engineering and Technology ,North Maharashtra Knowledge City, Jalgaon",Un-Aided,Un-Aided,false,30,0539629310,Electrical Engineering,30,25,0,5,0,0,3,,0,FE_2024_SeatMatrix.pdf,849,false,
2024-25,FE,05396,"College of Engineering and Technology ,North Maharashtra Knowledge City, Jalgaon",Un-Aided,Un-Aided,false,30,0539661210,Mechanical Engineering,30,25,0,5,0,0,3,,0,FE_2024_SeatMatrix.pdf,850,false,
2024-25,FE,05433,"R.C. Patel College of Engineering and Polytechnic, Shirpur",Un-Aided Linguistic Minority - Gujarathi,Un-Aided Linguistic Minority - Gujarathi,false,51,0543324510,Computer Engineering,60,17,31,3,9,0,0,0543324511,3,FE_2024_SeatMatrix.pdf,851,false,
2024-25,FE,05433,"R.C. Patel College of Engineering and Polytechnic, Shirpur",Un-Aided Linguistic Minority - Gujarathi,Un-Aided Linguistic Minority - Gujarathi,false,48,0543324610,Information Technology,60,14,31,3,12,0,0,0543324611,3,FE_2024_SeatMatrix.pdf,852,false,
2024-25,FE,05433,"R.C. Patel College of Engineering and Polytechnic, Shirpur",Un-Aided Linguistic Minority - Gujarathi,Un-Aided Linguistic Minority - Gujarathi,false,54,0543384410,Electronics and Computer Engineering,60,20,31,3,6,0,0,0543384411,3,FE_2024_SeatMatrix.pdf,853,false,
2024-25,FE,05433,"R.C. Patel College of Engineering and Polytechnic, Shirpur",Un-Aided Linguistic Minority - Gujarathi,Un-Aided Linguistic Minority - Gujarathi,false,51,0543392110,Artificial Intelligence and Machine Learning,60,17,31,3,9,0,0,0543392111,3,FE_2024_SeatMatrix.pdf,854,false,
2024-25,FE,05449,"Shri Vile Parle Kelavani Mandal's Institute of Technology, Dhule",Un-Aided Linguistic Minority - Gujarathi,Un-Aided Linguistic Minority - Gujarathi,false,60,0544919110,Civil Engineering,60,25,31,4,0,0,0,0544919111,3,FE_2024_SeatMatrix.pdf,855,false,
2024-25,FE,05449,"Shri Vile Parle Kelavani Mandal's Institute of Technology, Dhule",Un-Aided Linguistic Minority - Gujarathi,Un-Aided Linguistic Minority - Gujarathi,false,180,0544924510,Computer Engineering,180,75,92,13,0,0,0,0544924511,9,FE_2024_SeatMatrix.pdf,856,false,
2024-25,FE,05449,"Shri Vile Parle Kelavani Mandal's Institute of Technology, Dhule",Un-Aided Linguistic Minority - Gujarathi,Un-Aided Linguistic Minority - Gujarathi,false,60,0544924610,Information Technology,60,25,31,4,0,0,0,0544924611,3,FE_2024_SeatMatrix.pdf,857,false,
2024-25,FE,05449,"Shri Vile Parle Kelavani Mandal's Institute of Technology, Dhule",Un-Aided Linguistic Minority - Gujarathi,Un-Aided Linguistic Minority - Gujarathi,false,60,0544929310,Electrical Engineering,60,25,31,4,0,0,0,0544929311,3,FE_2024_SeatMatrix.pdf,858,false,
2024-25,FE,05449,"Shri Vile Parle Kelavani Mandal's Institute of Technology, Dhule",Un-Aided Linguistic Minority - Gujarathi,Un-Aided Linguistic Minority - Gujarathi,false,60,0544961210,Mechanical Engineering,60,25,31,4,0,0,0,0544961211,3,FE_2024_SeatMatrix.pdf,859,false,
2024-25,FE,05449,"Shri Vile Parle Kelavani Mandal's Institute of Technology, Dhule",Un-Aided Linguistic Minority - Gujarathi,Un-Aided Linguistic Minority - Gujarathi,false,120,0544991710,Data Science,120,50,61,9,0,0,0,0544991711,6,FE_2024_SeatMatrix.pdf,860,false,
2024-25,FE,05449,"Shri Vile Parle Kelavani Mandal's Institute of Technology, Dhule",Un-Aided Linguistic Minority - Gujarathi,Un-Aided Linguistic Minority - Gujarathi,false,60,0544992110,Artificial Intelligence and Machine Learning,60,25,31,4,0,0,0,0544992111,3,FE_2024_SeatMatrix.pdf,861,false,
2024-25,FE,05497,"P.G. College of Engineering & Technology, Nandurbar",Un-Aided,Un-Aided,false,60,0549719110,Civil Engineering,60,51,0,9,0,1,6,,0,FE_2024_SeatMatrix.pdf,862,false,
2024-25,FE,05497,"P.G. College of Engineering & Technology, Nandurbar",Un-Aided,Un-Aided,false,48,0549724510,Computer Engineering,60,39,0,9,12,0,6,,0,FE_2024_SeatMatrix.pdf,863,false,
2024-25,FE,05497,"P.G. College of Engineering & Technology, Nandurbar",Un-Aided,Un-Aided,false,60,0549761210,Mechanical Engineering,60,51,0,9,0,1,6,,0,FE_2024_SeatMatrix.pdf,864,false,
2024-25,FE,05497,"P.G. College of Engineering & Technology, Nandurbar",Un-Aided,Un-Aided,false,48,0549791710,Data Science,60,39,0,9,12,0,6,,0,FE_2024_SeatMatrix.pdf,865,false,
2024-25,FE,05509,"Shri Swami Samarth Institute of Management and Technology, Malwadi-Bota",Un-Aided,Un-Aided,false,60,0550924510,Computer Engineering,60,51,0,9,0,1,6,0550924511,3,FE_2024_SeatMatrix.pdf,866,false,
2024-25,FE,05509,"Shri Swami Samarth Institute of Management and Technology, Malwadi-Bota",Un-Aided,Un-Aided,false,60,0550924610,Information Technology,60,51,0,9,0,1,6,0550924611,3,FE_2024_SeatMatrix.pdf,867,false,
2024-25,FE,05509,"Shri Swami Samarth Institute of Management and Technology, Malwadi-Bota",Un-Aided,Un-Aided,false,60,0550937210,Electronics and Telecommunication Engg,60,51,0,9,0,1,6,0550937211,3,FE_2024_SeatMatrix.pdf,868,false,
2024-25,FE,05509,"Shri Swami Samarth Institute of Management and Technology, Malwadi-Bota",Un-Aided,Un-Aided,false,60,0550999510,Artificial Intelligence and Data Science,60,51,0,9,0,1,6,0550999511,3,FE_2024_SeatMatrix.pdf,869,false,
2024-25,FE,05513,"MKD Institute of Technology, Nadurbar",Un-Aided,Un-Aided,false,60,0551319110,Civil Engineering,60,51,0,9,0,1,6,0551319111,3,FE_2024_SeatMatrix.pdf,870,false,
2024-25,FE,05513,"MKD Institute of Technology, Nadurbar",Un-Aided,Un-Aided,false,60,0551324510,Computer Engineering,60,51,0,9,0,1,6,0551324511,3,FE_2024_SeatMatrix.pdf,871,false,
2024-25,FE,05513,"MKD Institute of Technology, Nadurbar",Un-Aided,Un-Aided,false,60,0551337210,Electronics and Telecommunication Engg,60,51,0,9,0,1,6,0551337211,3,FE_2024_SeatMatrix.pdf,872,false,
2024-25,FE,06036,"Government College of Engineering, Kolhapur",Government,Government,false,60,0603624210,Computer Science and Engineering,60,60,0,0,0,1,6,0603624211,3,FE_2024_SeatMatrix.pdf,873,false,
2024-25,FE,06036,"Government College of Engineering, Kolhapur",Government,Government,false,60,0603626310,Artificial Intelligence (AI) and Data Science,60,60,0,0,0,1,6,0603626311,3,FE_2024_SeatMatrix.pdf,874,false,
2024-25,FE,06036,"Government College of Engineering, Kolhapur",Government,Government,false,60,0603629310,Electrical Engineering,60,60,0,0,0,1,6,0603629311,3,FE_2024_SeatMatrix.pdf,875,false,
2024-25,FE,06036,"Government College of Engineering, Kolhapur",Government,Government,false,60,0603637210,Electronics and Telecommunication Engg,60,60,0,0,0,1,6,0603637211,3,FE_2024_SeatMatrix.pdf,876,false,
2024-25,FE,06036,"Government College of Engineering, Kolhapur",Government,Government,false,60,0603661510,Mechanical & Automation Engineering,60,60,0,0,0,1,6,0603661511,3,FE_2024_SeatMatrix.pdf,877,false,
2024-25,FE,06217,"Shri. Balasaheb Mane Shikshan Prasarak Mandal's, Ashokrao Mane Group of Institutions",Un-Aided,Un-Aided,false,30,0621719110,Civil Engineering,30,25,0,5,0,0,3,,0,FE_2024_SeatMatrix.pdf,878,false,
2024-25,FE,06217,"Shri. Balasaheb Mane Shikshan Prasarak Mandal's, Ashokrao Mane Group of Institutions",Un-Aided,Un-Aided,false,180,0621724210,Computer Science and Engineering,180,153,0,27,0,2,18,0621724211,9,FE_2024_SeatMatrix.pdf,879,false,
2024-25,FE,06217,"Shri. Balasaheb Mane Shikshan Prasarak Mandal's, Ashokrao Mane Group of Institutions",Un-Aided,Un-Aided,false,90,0621726310,Artificial Intelligence (AI) and Data Science,90,76,0,14,0,1,9,0621726311,5,FE_2024_SeatMatrix.pdf,880,false,
2024-25,FE,06217,"Shri. Balasaheb Mane Shikshan Prasarak Mandal's, Ashokrao Mane Group of Institutions",Un-Aided,Un-Aided,false,60,0621729310,Electrical Engineering,60,51,0,9,0,1,6,,0,FE_2024_SeatMatrix.pdf,881,false,
2024-25,FE,06217,"Shri. Balasaheb Mane Shikshan Prasarak Mandal's, Ashokrao Mane Group of Institutions",Un-Aided,Un-Aided,false,60,0621737210,Electronics and Telecommunication Engg,60,51,0,9,0,1,6,,0,FE_2024_SeatMatrix.pdf,882,false,
2024-25,FE,06217,"Shri. Balasaheb Mane Shikshan Prasarak Mandal's, Ashokrao Mane Group of Institutions",Un-Aided,Un-Aided,false,30,0621761210,Mechanical Engineering,30,25,0,5,0,0,3,,0,FE_2024_SeatMatrix.pdf,883,false,
2024-25,FE,06217,"Shri. Balasaheb Mane Shikshan Prasarak Mandal's, Ashokrao Mane Group of Institutions",Un-Aided,Un-Aided,false,60,0621784410,Electronics and Computer Engineering,60,51,0,9,0,1,6,0621784411,3,FE_2024_SeatMatrix.pdf,884,false,
2024-25,FE,06217,"Shri. Balasaheb Mane Shikshan Prasarak Mandal's, Ashokrao Mane Group of Institutions",Un-Aided,Un-Aided,false,90,0621792110,Artificial Intelligence and Machine Learning,90,76,0,14,0,1,9,0621792111,5,FE_2024_SeatMatrix.pdf,885,false,
2024-25,FE,06219,"KSGBS's Bharat- Ratna Indira Gandhi College of Engineering, Kegaon, Solapur",Un-Aided,Un-Aided,false,54,0621919110,Civil Engineering,54,46,0,8,0,0,5,,0,FE_2024_SeatMatrix.pdf,886,false,
2024-25,FE,06219,"KSGBS's Bharat- Ratna Indira Gandhi College of Engineering, Kegaon, Solapur",Un-Aided,Un-Aided,false,120,0621924210,Computer Science and Engineering,120,102,0,18,0,1,12,,0,FE_2024_SeatMatrix.pdf,887,false,
2024-25,FE,06219,"KSGBS's Bharat- Ratna Indira Gandhi College of Engineering, Kegaon, Solapur",Un-Aided,Un-Aided,false,30,0621929310,Electrical Engineering,30,25,0,5,0,0,3,,0,FE_2024_SeatMatrix.pdf,888,false,
2024-25,FE,06219,"KSGBS's Bharat- Ratna Indira Gandhi College of Engineering, Kegaon, Solapur",Un-Aided,Un-Aided,false,30,0621937210,Electronics and Telecommunication Engg,30,25,0,5,0,0,3,,0,FE_2024_SeatMatrix.pdf,889,false,
2024-25,FE,06219,"KSGBS's Bharat- Ratna Indira Gandhi College of Engineering, Kegaon, Solapur",Un-Aided,Un-Aided,false,54,0621946110,Bio Medical Engineering,54,46,0,8,0,0,5,,0,FE_2024_SeatMatrix.pdf,890,false,
2024-25,FE,06219,"KSGBS's Bharat- Ratna Indira Gandhi College of Engineering, Kegaon, Solapur",Un-Aided,Un-Aided,false,54,0621961210,Mechanical Engineering,54,46,0,8,0,0,5,,0,FE_2024_SeatMatrix.pdf,891,false,
2024-25,FE,06269,"Shetkari Shikshan Mandal's Pad. Vasantraodada Patil Institute of Technology, Budhgaon, Sangli",Un-Aided,Un-Aided,false,60,0626919110,Civil Engineering,60,51,0,9,0,1,6,,0,FE_2024_SeatMatrix.pdf,892,false,
2024-25,FE,06269,"Shetkari Shikshan Mandal's Pad. Vasantraodada Patil Institute of Technology, Budhgaon, Sangli",Un-Aided,Un-Aided,false,104,0626924210,Computer Science and Engineering,120,86,0,18,16,1,12,0626924211,6,FE_2024_SeatMatrix.pdf,893,false,
2024-25,FE,06269,"Shetkari Shikshan Mandal's Pad. Vasantraodada Patil Institute of Technology, Budhgaon, Sangli",Un-Aided,Un-Aided,false,60,0626937210,Electronics and Telecommunication Engg,60,51,0,9,0,1,6,0626937211,3,FE_2024_SeatMatrix.pdf,894,false,
2024-25,FE,06269,"Shetkari Shikshan Mandal's Pad. Vasantraodada Patil Institute of Technology, Budhgaon, Sangli",Un-Aided,Un-Aided,false,30,0626946410,Instrumentation and Control Engineering,30,25,0,5,0,0,3,,0,FE_2024_SeatMatrix.pdf,895,false,
2024-25,FE,06269,"Shetkari Shikshan Mandal's Pad. Vasantraodada Patil Institute of Technology, Budhgaon, Sangli",Un-Aided,Un-Aided,false,60,0626950710,Chemical Engineering,60,51,0,9,0,1,6,,0,FE_2024_SeatMatrix.pdf,896,false,
2024-25,FE,06269,"Shetkari Shikshan Mandal's Pad. Vasantraodada Patil Institute of Technology, Budhgaon, Sangli",Un-Aided,Un-Aided,false,60,0626961210,Mechanical Engineering,60,51,0,9,0,1,6,0626961211,3,FE_2024_SeatMatrix.pdf,897,false,
2024-25,FE,06269,"Shetkari Shikshan Mandal's Pad. Vasantraodada Patil Institute of Technology, Budhgaon, Sangli",Un-Aided,Un-Aided,false,119,0626990010,Electronics and Computer Science,120,101,0,18,1,1,12,0626990011,6,FE_2024_SeatMatrix.pdf,898,false,
2024-25,FE,06269,"Shetkari Shikshan Mandal's Pad. Vasantraodada Patil Institute of Technology, Budhgaon, Sangli",Un-Aided,Un-Aided,false,50,0626992510,Computer Science and Engineering (Artificial,60,41,0,9,10,0,6,0626992511,3,FE_2024_SeatMatrix.pdf,899,false,
2024-25,FE,06269,"Shetkari Shikshan Mandal's Pad. Vasantraodada Patil Institute of Technology, Budhgaon, Sangli",Un-Aided,Un-Aided,false,60,0626992610,Electrical and Computer Engineering,60,51,0,9,0,1,6,0626992611,3,FE_2024_SeatMatrix.pdf,900,false,
2024-25,FE,06270,"Rayat Shikshan Sanstha's Karmaveer Bhaurao Patil College of Engineering, Satara",Un-Aided,Un-Aided,false,60,0627019110,Civil Engineering,60,51,0,9,0,1,6,,0,FE_2024_SeatMatrix.pdf,901,false,
2024-25,FE,06270,"Rayat Shikshan Sanstha's Karmaveer Bhaurao Patil College of Engineering, Satara",Un-Aided,Un-Aided,false,180,0627024210,Computer Science and Engineering,180,153,0,27,0,2,18,0627024211,9,FE_2024_SeatMatrix.pdf,902,false,
2024-25,FE,06270,"Rayat Shikshan Sanstha's Karmaveer Bhaurao Patil College of Engineering, Satara",Un-Aided,Un-Aided,false,60,0627037210,Electronics and Telecommunication Engg,60,51,0,9,0,1,6,0627037211,3,FE_2024_SeatMatrix.pdf,903,false,
2024-25,FE,06270,"Rayat Shikshan Sanstha's Karmaveer Bhaurao Patil College of Engineering, Satara",Un-Aided,Un-Aided,false,60,0627061210,Mechanical Engineering,60,51,0,9,0,1,6,,0,FE_2024_SeatMatrix.pdf,904,false,
2024-25,FE,06270,"Rayat Shikshan Sanstha's Karmaveer Bhaurao Patil College of Engineering, Satara",Un-Aided,Un-Aided,false,60,0627099510,Artificial Intelligence and Data Science,60,51,0,9,0,1,6,0627099511,3,FE_2024_SeatMatrix.pdf,905,false,
2024-25,FE,06304,"Loknete Hanumantrao Charitable Trust's Adarsh Institute of Technology and Research Centre, Vita,Sangli",Un-Aided,Un-Aided,false,30,0630419110,Civil Engineering,30,25,0,5,0,0,3,,0,FE_2024_SeatMatrix.pdf,906,false,
2024-25,FE,06304,"Loknete Hanumantrao Charitable Trust's Adarsh Institute of Technology and Research Centre, Vita,Sangli",Un-Aided,Un-Aided,false,60,0630424210,Computer Science and Engineering,60,51,0,9,0,1,6,0630424211,3,FE_2024_SeatMatrix.pdf,907,false,
2024-25,FE,06304,"Loknete Hanumantrao Charitable Trust's Adarsh Institute of Technology and Research Centre, Vita,Sangli",Un-Aided,Un-Aided,false,30,0630429310,Electrical Engineering,30,25,0,5,0,0,3,0630429311,2,FE_2024_SeatMatrix.pdf,908,false,
2024-25,FE,06304,"Loknete Hanumantrao Charitable Trust's Adarsh Institute of Technology and Research Centre, Vita,Sangli",Un-Aided,Un-Aided,false,30,0630437210,Electronics and Telecommunication Engg,30,25,0,5,0,0,3,0630437211,2,FE_2024_SeatMatrix.pdf,909,false,
2024-25,FE,06304,"Loknete Hanumantrao Charitable Trust's Adarsh Institute of Technology and Research Centre, Vita,Sangli",Un-Aided,Un-Aided,false,30,0630461210,Mechanical Engineering,30,25,0,5,0,0,3,,0,FE_2024_SeatMatrix.pdf,910,false,
2024-25,FE,06304,"Loknete Hanumantrao Charitable Trust's Adarsh Institute of Technology and Research Centre, Vita,Sangli",Un-Aided,Un-Aided,false,90,0630492110,Artificial Intelligence and Machine Learning,90,76,0,14,0,1,9,0630492111,5,FE_2024_SeatMatrix.pdf,911,false,
2024-25,FE,06304,"Loknete Hanumantrao Charitable Trust's Adarsh Institute of Technology and Research Centre, Vita,Sangli",Un-Aided,Un-Aided,false,30,0630492610,Electrical and Computer Engineering,30,25,0,5,0,0,3,,0,FE_2024_SeatMatrix.pdf,912,false,
2024-25,FE,06305,"Late Narayandas Bhawandas Chhabada Institute of Engineering & Technology, Satara",Un-Aided,Un-Aided,false,14,0630519110,Civil Engineering,18,11,0,3,4,0,2,,0,FE_2024_SeatMatrix.pdf,913,false,
2024-25,FE,06305,"Late Narayandas Bhawandas Chhabada Institute of Engineering & Technology, Satara",Un-Aided,Un-Aided,false,48,0630524210,Computer Science and Engineering,60,39,0,9,12,0,6,,0,FE_2024_SeatMatrix.pdf,914,false,
2024-25,FE,06305,"Late Narayandas Bhawandas Chhabada Institute of Engineering & Technology, Satara",Un-Aided,Un-Aided,false,48,0630524610,Information Technology,60,39,0,9,12,0,6,,0,FE_2024_SeatMatrix.pdf,915,false,
2024-25,FE,06305,"Late Narayandas Bhawandas Chhabada Institute of Engineering & Technology, Satara",Un-Aided,Un-Aided,false,29,0630537210,Electronics and Telecommunication Engg,36,24,0,5,7,0,4,,0,FE_2024_SeatMatrix.pdf,916,false,
2024-25,FE,06305,"Late Narayandas Bhawandas Chhabada Institute of Engineering & Technology, Satara",Un-Aided,Un-Aided,false,29,0630561210,Mechanical Engineering,36,24,0,5,7,0,4,,0,FE_2024_SeatMatrix.pdf,917,false,
2024-25,FE,06308,"Shanti Education Society, A.G. Patil Institute of Technology, Soregaon, Solapur(North)",Un-Aided,Un-Aided,false,60,0630819110,Civil Engineering,60,51,0,9,0,1,6,,0,FE_2024_SeatMatrix.pdf,918,false,
2024-25,FE,06308,"Shanti Education Society, A.G. Patil Institute of Technology, Soregaon, Solapur(North)",Un-Aided,Un-Aided,false,54,0630824510,Computer Engineering,60,45,0,9,6,0,6,0630824511,3,FE_2024_SeatMatrix.pdf,919,false,
2024-25,FE,06308,"Shanti Education Society, A.G. Patil Institute of Technology, Soregaon, Solapur(North)",Un-Aided,Un-Aided,false,57,0630837210,Electronics and Telecommunication Engg,60,48,0,9,3,0,6,0630837211,3,FE_2024_SeatMatrix.pdf,920,false,
2024-25,FE,06308,"Shanti Education Society, A.G. Patil Institute of Technology, Soregaon, Solapur(North)",Un-Aided,Un-Aided,false,60,0630861210,Mechanical Engineering,60,51,0,9,0,1,6,,0,FE_2024_SeatMatrix.pdf,921,false,
2024-25,FE,06313,"Jaywant College of Engineering & Polytechnic , Kille Macchindragad Tal. Walva District- Sangali",Un-Aided,Un-Aided,false,60,0631319110,Civil Engineering,60,51,0,9,0,1,6,,0,FE_2024_SeatMatrix.pdf,922,false,
2024-25,FE,06313,"Jaywant College of Engineering & Polytechnic , Kille Macchindragad Tal. Walva District- Sangali",Un-Aided,Un-Aided,false,48,0631324510,Computer Engineering,60,39,0,9,12,0,6,,0,FE_2024_SeatMatrix.pdf,923,false,
2024-25,FE,06313,"Jaywant College of Engineering & Polytechnic , Kille Macchindragad Tal. Walva District- Sangali",Un-Aided,Un-Aided,false,60,0631329310,Electrical Engineering,60,51,0,9,0,1,6,,0,FE_2024_SeatMatrix.pdf,924,false,
2024-25,FE,06313,"Jaywant College of Engineering & Polytechnic , Kille Macchindragad Tal. Walva District- Sangali",Un-Aided,Un-Aided,false,24,0631337210,Electronics and Telecommunication Engg,30,19,0,5,6,0,3,,0,FE_2024_SeatMatrix.pdf,925,false,
2024-25,FE,06313,"Jaywant College of Engineering & Polytechnic , Kille Macchindragad Tal. Walva District- Sangali",Un-Aided,Un-Aided,false,60,0631361210,Mechanical Engineering,60,51,0,9,0,1,6,,0,FE_2024_SeatMatrix.pdf,926,false,
2024-25,FE,06315,Sanjeevan Group of Institutions,Un-Aided,Un-Aided,false,60,0631519110,Civil Engineering,60,51,0,9,0,1,6,,0,FE_2024_SeatMatrix.pdf,927,false,
2024-25,FE,06315,Sanjeevan Group of Institutions,Un-Aided,Un-Aided,false,120,0631524210,Computer Science and Engineering,120,102,0,18,0,1,12,0631524211,6,FE_2024_SeatMatrix.pdf,928,false,
2024-25,FE,06315,Sanjeevan Group of Institutions,Un-Aided,Un-Aided,false,60,0631529310,Electrical Engineering,60,51,0,9,0,1,6,,0,FE_2024_SeatMatrix.pdf,929,false,
2024-25,FE,06315,Sanjeevan Group of Institutions,Un-Aided,Un-Aided,false,60,0631561210,Mechanical Engineering,60,51,0,9,0,1,6,,0,FE_2024_SeatMatrix.pdf,930,false,
2024-25,FE,06315,Sanjeevan Group of Institutions,Un-Aided,Un-Aided,false,30,0631584410,Electronics and Computer Engineering,30,25,0,5,0,0,3,,0,FE_2024_SeatMatrix.pdf,931,false,
2024-25,FE,06315,Sanjeevan Group of Institutions,Un-Aided,Un-Aided,false,30,0631592110,Artificial Intelligence and Machine Learning,30,25,0,5,0,0,3,0631592111,2,FE_2024_SeatMatrix.pdf,932,false,
2024-25,FE,06318,"Abhinav Education Society's College of Engineering and Technology (Degree), Wadwadi",Un-Aided,Un-Aided,false,57,0631824210,Computer Science and Engineering,60,48,0,9,3,0,6,0631824211,3,FE_2024_SeatMatrix.pdf,933,false,
2024-25,FE,06318,"Abhinav Education Society's College of Engineering and Technology (Degree), Wadwadi",Un-Aided,Un-Aided,false,57,0631826310,Artificial Intelligence (AI) and Data Science,60,48,0,9,3,0,6,0631826311,3,FE_2024_SeatMatrix.pdf,934,false,
2024-25,FE,06318,"Abhinav Education Society's College of Engineering and Technology (Degree), Wadwadi",Un-Aided,Un-Aided,false,30,0631829310,Electrical Engineering,30,25,0,5,0,0,3,,0,FE_2024_SeatMatrix.pdf,935,false,
2024-25,FE,06318,"Abhinav Education Society's College of Engineering and Technology (Degree), Wadwadi",Un-Aided,Un-Aided,false,30,0631861210,Mechanical Engineering,30,25,0,5,0,0,3,,0,FE_2024_SeatMatrix.pdf,936,false,
2024-25,FE,06318,"Abhinav Education Society's College of Engineering and Technology (Degree), Wadwadi",Un-Aided,Un-Aided,false,60,0631884410,Electronics and Computer Engineering,60,51,0,9,0,1,6,0631884411,3,FE_2024_SeatMatrix.pdf,937,false,
2024-25,FE,06321,"Vidya Vikas Pratishthan Institute of Engineering and Technology, Solapur",Un-Aided,Un-Aided,false,30,0632119110,Civil Engineering,30,25,0,5,0,0,3,,0,FE_2024_SeatMatrix.pdf,938,false,
2024-25,FE,06321,"Vidya Vikas Pratishthan Institute of Engineering and Technology, Solapur",Un-Aided,Un-Aided,false,81,0632124210,Computer Science and Engineering,90,67,0,14,9,1,9,0632124211,5,FE_2024_SeatMatrix.pdf,939,false,
2024-25,FE,06321,"Vidya Vikas Pratishthan Institute of Engineering and Technology, Solapur",Un-Aided,Un-Aided,false,60,0632129310,Electrical Engineering,60,51,0,9,0,1,6,,0,FE_2024_SeatMatrix.pdf,940,false,
2024-25,FE,06321,"Vidya Vikas Pratishthan Institute of Engineering and Technology, Solapur",Un-Aided,Un-Aided,false,60,0632137210,Electronics and Telecommunication Engg,60,51,0,9,0,1,6,,0,FE_2024_SeatMatrix.pdf,941,false,
2024-25,FE,06321,"Vidya Vikas Pratishthan Institute of Engineering and Technology, Solapur",Un-Aided,Un-Aided,false,30,0632161210,Mechanical Engineering,30,25,0,5,0,0,3,,0,FE_2024_SeatMatrix.pdf,942,false,
2024-25,FE,06321,"Vidya Vikas Pratishthan Institute of Engineering and Technology, Solapur",Un-Aided,Un-Aided,false,30,0632199510,Artificial Intelligence and Data Science,30,25,0,5,0,0,3,,0,FE_2024_SeatMatrix.pdf,943,false,
2024-25,FE,06326,Karmayogi Institute of Technology,Un-Aided,Un-Aided,false,54,0632619110,Civil Engineering,60,45,0,9,6,0,6,0632619111,3,FE_2024_SeatMatrix.pdf,944,false,
2024-25,FE,06326,Karmayogi Institute of Technology,Un-Aided,Un-Aided,false,57,0632624210,Computer Science and Engineering,60,48,0,9,3,0,6,0632624211,3,FE_2024_SeatMatrix.pdf,945,false,
2024-25,FE,06326,Karmayogi Institute of Technology,Un-Aided,Un-Aided,false,57,0632637210,Electronics and Telecommunication Engg,60,48,0,9,3,0,6,0632637211,3,FE_2024_SeatMatrix.pdf,946,false,
2024-25,FE,06326,Karmayogi Institute of Technology,Un-Aided,Un-Aided,false,54,0632661210,Mechanical Engineering,60,45,0,9,6,0,6,0632661211,3,FE_2024_SeatMatrix.pdf,947,false,
2024-25,FE,06402,"NEW INSTITUTE OF TECHNOLOGY,KOLHAPUR",Un-Aided,Un-Aided,false,54,0640224210,Computer Science and Engineering,60,45,0,9,6,0,6,0640224211,3,FE_2024_SeatMatrix.pdf,948,false,
2024-25,FE,06402,"NEW INSTITUTE OF TECHNOLOGY,KOLHAPUR",Un-Aided,Un-Aided,false,60,0640225910,Mechanical and Mechatronics Engineering (Additive,60,51,0,9,0,1,6,0640225911,3,FE_2024_SeatMatrix.pdf,949,false,
2024-25,FE,06402,"NEW INSTITUTE OF TECHNOLOGY,KOLHAPUR",Un-Aided,Un-Aided,false,60,0640257310,"Electrical, Electronics and Power",60,51,0,9,0,1,6,0640257311,3,FE_2024_SeatMatrix.pdf,950,false,
2024-25,FE,06402,"NEW INSTITUTE OF TECHNOLOGY,KOLHAPUR",Un-Aided,Un-Aided,false,54,0640291110,Computer Science and Engineering(Artificial,60,45,0,9,6,0,6,0640291111,3,FE_2024_SeatMatrix.pdf,951,false,
2024-25,FE,06444,"Shriram Institute Of Engineering & Technology, (Poly), Paniv",Un-Aided,Un-Aided,false,30,0644419110,Civil Engineering,30,25,0,5,0,0,3,,0,FE_2024_SeatMatrix.pdf,952,false,
2024-25,FE,06444,"Shriram Institute Of Engineering & Technology, (Poly), Paniv",Un-Aided,Un-Aided,false,114,0644424510,Computer Engineering,120,96,0,18,6,1,12,,0,FE_2024_SeatMatrix.pdf,953,false,
2024-25,FE,06444,"Shriram Institute Of Engineering & Technology, (Poly), Paniv",Un-Aided,Un-Aided,false,30,0644461210,Mechanical Engineering,30,25,0,5,0,0,3,,0,FE_2024_SeatMatrix.pdf,954,false,
2024-25,FE,06466,"Shree Santkrupa Shikshan Sanstha, Shree Santkrupa Institute Of Engineering & Technology, Karad",Un-Aided,Un-Aided,false,30,0646619110,Civil Engineering,30,25,0,5,0,0,3,,0,FE_2024_SeatMatrix.pdf,955,false,
2024-25,FE,06466,"Shree Santkrupa Shikshan Sanstha, Shree Santkrupa Institute Of Engineering & Technology, Karad",Un-Aided,Un-Aided,false,60,0646624210,Computer Science and Engineering,60,51,0,9,0,1,6,0646624211,3,FE_2024_SeatMatrix.pdf,956,false,
2024-25,FE,06466,"Shree Santkrupa Shikshan Sanstha, Shree Santkrupa Institute Of Engineering & Technology, Karad",Un-Aided,Un-Aided,false,60,0646629310,Electrical Engineering,60,51,0,9,0,1,6,,0,FE_2024_SeatMatrix.pdf,957,false,
2024-25,FE,06466,"Shree Santkrupa Shikshan Sanstha, Shree Santkrupa Institute Of Engineering & Technology, Karad",Un-Aided,Un-Aided,false,30,0646661210,Mechanical Engineering,30,25,0,5,0,0,3,,0,FE_2024_SeatMatrix.pdf,958,false,
2024-25,FE,06468,"Swami Vivekananda Shikshan Sanstha, Dr. Bapuji Salunkhe Institute Of Engineering & Technology,Kolhapur",Un-Aided,Un-Aided,false,116,0646824210,Computer Science and Engineering,120,98,0,18,4,1,12,0646824211,6,FE_2024_SeatMatrix.pdf,959,false,
2024-25,FE,06468,"Swami Vivekananda Shikshan Sanstha, Dr. Bapuji Salunkhe Institute Of Engineering & Technology,Kolhapur",Un-Aided,Un-Aided,false,60,0646829310,Electrical Engineering,60,51,0,9,0,1,6,,0,FE_2024_SeatMatrix.pdf,960,false,
2024-25,FE,06468,"Swami Vivekananda Shikshan Sanstha, Dr. Bapuji Salunkhe Institute Of Engineering & Technology,Kolhapur",Un-Aided,Un-Aided,false,60,0646837210,Electronics and Telecommunication Engg,60,51,0,9,0,1,6,,0,FE_2024_SeatMatrix.pdf,961,false,
2024-25,FE,06468,"Swami Vivekananda Shikshan Sanstha, Dr. Bapuji Salunkhe Institute Of Engineering & Technology,Kolhapur",Un-Aided,Un-Aided,false,60,0646884410,Electronics and Computer Engineering,60,51,0,9,0,1,6,0646884411,3,FE_2024_SeatMatrix.pdf,962,false,
2024-25,FE,06468,"Swami Vivekananda Shikshan Sanstha, Dr. Bapuji Salunkhe Institute Of Engineering & Technology,Kolhapur",Un-Aided,Un-Aided,false,57,0646891110,Computer Science and Engineering(Artificial,60,48,0,9,3,0,6,0646891111,3,FE_2024_SeatMatrix.pdf,963,false,
2024-25,FE,06545,"Samarth Education Trust's Arvind Gavali College Of Engineering Panwalewadi, Varye,Satara.",Un-Aided,Un-Aided,false,30,0654519110,Civil Engineering,30,25,0,5,0,0,3,,0,FE_2024_SeatMatrix.pdf,964,false,
2024-25,FE,06545,"Samarth Education Trust's Arvind Gavali College Of Engineering Panwalewadi, Varye,Satara.",Un-Aided,Un-Aided,false,120,0654524210,Computer Science and Engineering,120,102,0,18,0,1,12,0654524211,6,FE_2024_SeatMatrix.pdf,965,false,
2024-25,FE,06545,"Samarth Education Trust's Arvind Gavali College Of Engineering Panwalewadi, Varye,Satara.",Un-Aided,Un-Aided,false,60,0654526310,Artificial Intelligence (AI) and Data Science,60,51,0,9,0,1,6,0654526311,3,FE_2024_SeatMatrix.pdf,966,false,
2024-25,FE,06545,"Samarth Education Trust's Arvind Gavali College Of Engineering Panwalewadi, Varye,Satara.",Un-Aided,Un-Aided,false,30,0654529310,Electrical Engineering,30,25,0,5,0,0,3,,0,FE_2024_SeatMatrix.pdf,967,false,
2024-25,FE,06545,"Samarth Education Trust's Arvind Gavali College Of Engineering Panwalewadi, Varye,Satara.",Un-Aided,Un-Aided,false,60,0654537210,Electronics and Telecommunication Engg,60,51,0,9,0,1,6,0654537211,3,FE_2024_SeatMatrix.pdf,968,false,
2024-25,FE,06545,"Samarth Education Trust's Arvind Gavali College Of Engineering Panwalewadi, Varye,Satara.",Un-Aided,Un-Aided,false,60,0654561210,Mechanical Engineering,60,51,0,9,0,1,6,,0,FE_2024_SeatMatrix.pdf,969,false,
2024-25,FE,06644,"Shri. Ambabai Talim Sanstha's Sanjay Bhokare Group of Institutes, Miraj",Un-Aided,Un-Aided,false,30,0664419110,Civil Engineering,30,25,0,5,0,0,3,,0,FE_2024_SeatMatrix.pdf,970,false,
2024-25,FE,06644,"Shri. Ambabai Talim Sanstha's Sanjay Bhokare Group of Institutes, Miraj",Un-Aided,Un-Aided,false,57,0664424510,Computer Engineering,60,48,0,9,3,0,6,0664424511,3,FE_2024_SeatMatrix.pdf,971,false,
2024-25,FE,06644,"Shri. Ambabai Talim Sanstha's Sanjay Bhokare Group of Institutes, Miraj",Un-Aided,Un-Aided,false,30,0664429310,Electrical Engineering,30,25,0,5,0,0,3,,0,FE_2024_SeatMatrix.pdf,972,false,
2024-25,FE,06644,"Shri. Ambabai Talim Sanstha's Sanjay Bhokare Group of Institutes, Miraj",Un-Aided,Un-Aided,false,30,0664437210,Electronics and Telecommunication Engg,30,25,0,5,0,0,3,,0,FE_2024_SeatMatrix.pdf,973,false,
2024-25,FE,06644,"Shri. Ambabai Talim Sanstha's Sanjay Bhokare Group of Institutes, Miraj",Un-Aided,Un-Aided,false,30,0664461210,Mechanical Engineering,30,25,0,5,0,0,3,,0,FE_2024_SeatMatrix.pdf,974,false,
2024-25,FE,06644,"Shri. Ambabai Talim Sanstha's Sanjay Bhokare Group of Institutes, Miraj",Un-Aided,Un-Aided,false,60,0664490010,Electronics and Computer Science,60,51,0,9,0,1,6,,0,FE_2024_SeatMatrix.pdf,975,false,
2024-25,FE,06644,"Shri. Ambabai Talim Sanstha's Sanjay Bhokare Group of Institutes, Miraj",Un-Aided,Un-Aided,false,57,0664491110,Computer Science and Engineering(Artificial,60,48,0,9,3,0,6,,0,FE_2024_SeatMatrix.pdf,976,false,
2024-25,FE,06714,"APPASAHEB ALIAS SA.RE.PATIL INSTITUTE OF TECHNOLOGY, Dattanagar Tal-Shirol, Dist Kolhapur",Un-Aided,Un-Aided,false,55,0671424210,Computer Science and Engineering,60,46,0,9,5,0,6,0671424211,3,FE_2024_SeatMatrix.pdf,977,false,
2024-25,FE,06714,"APPASAHEB ALIAS SA.RE.PATIL INSTITUTE OF TECHNOLOGY, Dattanagar Tal-Shirol, Dist Kolhapur",Un-Aided,Un-Aided,false,60,0671429310,Electrical Engineering,60,51,0,9,0,1,6,0671429311,3,FE_2024_SeatMatrix.pdf,978,false,
2024-25,FE,06714,"APPASAHEB ALIAS SA.RE.PATIL INSTITUTE OF TECHNOLOGY, Dattanagar Tal-Shirol, Dist Kolhapur",Un-Aided,Un-Aided,false,57,0671437210,Electronics and Telecommunication Engg,60,48,0,9,3,0,6,0671437211,3,FE_2024_SeatMatrix.pdf,979,false,
2024-25,FE,06714,"APPASAHEB ALIAS SA.RE.PATIL INSTITUTE OF TECHNOLOGY, Dattanagar Tal-Shirol, Dist Kolhapur",Un-Aided,Un-Aided,false,60,0671461210,Mechanical Engineering,60,51,0,9,0,1,6,0671461211,3,FE_2024_SeatMatrix.pdf,980,false,
2024-25,FE,06756,"Fabtech Technical Campus College of Engineering and Research, Sangola",Un-Aided,Un-Aided,false,60,0675619110,Civil Engineering,60,51,0,9,0,1,6,,0,FE_2024_SeatMatrix.pdf,981,false,
2024-25,FE,06756,"Fabtech Technical Campus College of Engineering and Research, Sangola",Un-Aided,Un-Aided,false,108,0675624210,Computer Science and Engineering,120,90,0,18,12,1,12,0675624211,6,FE_2024_SeatMatrix.pdf,982,false,
2024-25,FE,06756,"Fabtech Technical Campus College of Engineering and Research, Sangola",Un-Aided,Un-Aided,false,30,0675629310,Electrical Engineering,30,25,0,5,0,0,3,0675629311,2,FE_2024_SeatMatrix.pdf,983,false,
2024-25,FE,06756,"Fabtech Technical Campus College of Engineering and Research, Sangola",Un-Aided,Un-Aided,false,60,0675637210,Electronics and Telecommunication Engg,60,51,0,9,0,1,6,0675637211,3,FE_2024_SeatMatrix.pdf,984,false,
2024-25,FE,06756,"Fabtech Technical Campus College of Engineering and Research, Sangola",Un-Aided,Un-Aided,false,60,0675661210,Mechanical Engineering,60,51,0,9,0,1,6,,0,FE_2024_SeatMatrix.pdf,985,false,
2024-25,FE,06756,"Fabtech Technical Campus College of Engineering and Research, Sangola",Un-Aided,Un-Aided,false,30,0675699510,Artificial Intelligence and Data Science,30,25,0,5,0,0,3,0675699511,2,FE_2024_SeatMatrix.pdf,986,false,
2024-25,FE,06757,"Yashoda Technical Campus, Wadhe, Satara.",Un-Aided,Un-Aided,false,30,0675719110,Civil Engineering,30,25,0,5,0,0,3,,0,FE_2024_SeatMatrix.pdf,987,false,
2024-25,FE,06757,"Yashoda Technical Campus, Wadhe, Satara.",Un-Aided,Un-Aided,false,120,0675724210,Computer Science and Engineering,120,102,0,18,0,1,12,0675724211,6,FE_2024_SeatMatrix.pdf,988,false,
2024-25,FE,06757,"Yashoda Technical Campus, Wadhe, Satara.",Un-Aided,Un-Aided,false,60,0675726010,Computer Science and Engineering (Cyber Security),60,51,0,9,0,1,6,0675726011,3,FE_2024_SeatMatrix.pdf,989,false,
2024-25,FE,06757,"Yashoda Technical Campus, Wadhe, Satara.",Un-Aided,Un-Aided,false,120,0675726310,Artificial Intelligence (AI) and Data Science,120,102,0,18,0,1,12,0675726311,6,FE_2024_SeatMatrix.pdf,990,false,
2024-25,FE,06757,"Yashoda Technical Campus, Wadhe, Satara.",Un-Aided,Un-Aided,false,60,0675726610,Robotics and Artificial Intelligence,60,51,0,9,0,1,6,0675726611,3,FE_2024_SeatMatrix.pdf,991,false,
2024-25,FE,06757,"Yashoda Technical Campus, Wadhe, Satara.",Un-Aided,Un-Aided,false,30,0675729310,Electrical Engineering,30,25,0,5,0,0,3,,0,FE_2024_SeatMatrix.pdf,992,false,
2024-25,FE,06757,"Yashoda Technical Campus, Wadhe, Satara.",Un-Aided,Un-Aided,false,120,0675737210,Electronics and Telecommunication Engg,120,102,0,18,0,1,12,0675737211,6,FE_2024_SeatMatrix.pdf,993,false,
2024-25,FE,06757,"Yashoda Technical Campus, Wadhe, Satara.",Un-Aided,Un-Aided,false,30,0675761210,Mechanical Engineering,30,25,0,5,0,0,3,,0,FE_2024_SeatMatrix.pdf,994,false,
2024-25,FE,06757,"Yashoda Technical Campus, Wadhe, Satara.",Un-Aided,Un-Aided,false,60,0675762410,Mechatronics Engineering,60,51,0,9,0,1,6,0675762411,3,FE_2024_SeatMatrix.pdf,995,false,
2024-25,FE,06762,"Nanasaheb Mahadik College of Engineering,Walwa, Sangli.",Un-Aided,Un-Aided,false,45,0676219110,Civil Engineering,45,38,0,7,0,0,5,,0,FE_2024_SeatMatrix.pdf,996,false,
2024-25,FE,06762,"Nanasaheb Mahadik College of Engineering,Walwa, Sangli.",Un-Aided,Un-Aided,false,54,0676224210,Computer Science and Engineering,60,45,0,9,6,0,6,0676224211,3,FE_2024_SeatMatrix.pdf,997,false,
2024-25,FE,06762,"Nanasaheb Mahadik College of Engineering,Walwa, Sangli.",Un-Aided,Un-Aided,false,60,0676229310,Electrical Engineering,60,51,0,9,0,1,6,,0,FE_2024_SeatMatrix.pdf,998,false,
2024-25,FE,06762,"Nanasaheb Mahadik College of Engineering,Walwa, Sangli.",Un-Aided,Un-Aided,false,60,0676237210,Electronics and Telecommunication Engg,60,51,0,9,0,1,6,,0,FE_2024_SeatMatrix.pdf,999,false,
2024-25,FE,06762,"Nanasaheb Mahadik College of Engineering,Walwa, Sangli.",Un-Aided,Un-Aided,false,90,0676261210,Mechanical Engineering,90,76,0,14,0,1,9,,0,FE_2024_SeatMatrix.pdf,1000,false,
2024-25,FE,06766,Phaltan Education Society's College of Engineering Thakurki Tal- Phaltan Dist-Satara,Un-Aided,Un-Aided,false,30,0676619110,Civil Engineering,30,25,0,5,0,0,3,,0,FE_2024_SeatMatrix.pdf,1001,false,
2024-25,FE,06766,Phaltan Education Society's College of Engineering Thakurki Tal- Phaltan Dist-Satara,Un-Aided,Un-Aided,false,120,0676624510,Computer Engineering,120,102,0,18,0,1,12,0676624511,6,FE_2024_SeatMatrix.pdf,1002,false,
2024-25,FE,06766,Phaltan Education Society's College of Engineering Thakurki Tal- Phaltan Dist-Satara,Un-Aided,Un-Aided,false,60,0676637210,Electronics and Telecommunication Engg,60,51,0,9,0,1,6,,0,FE_2024_SeatMatrix.pdf,1003,false,
2024-25,FE,06766,Phaltan Education Society's College of Engineering Thakurki Tal- Phaltan Dist-Satara,Un-Aided,Un-Aided,false,60,0676661210,Mechanical Engineering,60,51,0,9,0,1,6,,0,FE_2024_SeatMatrix.pdf,1004,false,
2024-25,FE,06766,Phaltan Education Society's College of Engineering Thakurki Tal- Phaltan Dist-Satara,Un-Aided,Un-Aided,false,30,0676699510,Artificial Intelligence and Data Science,30,25,0,5,0,0,3,,0,FE_2024_SeatMatrix.pdf,1005,false,
2024-25,FE,06781,"Bhagwant Institute of Technology, Barshi",Un-Aided,Un-Aided,false,60,0678119110,Civil Engineering,60,51,0,9,0,1,6,,0,FE_2024_SeatMatrix.pdf,1006,false,
2024-25,FE,06781,"Bhagwant Institute of Technology, Barshi",Un-Aided,Un-Aided,false,120,0678124210,Computer Science and Engineering,120,102,0,18,0,1,12,0678124211,6,FE_2024_SeatMatrix.pdf,1007,false,
2024-25,FE,06781,"Bhagwant Institute of Technology, Barshi",Un-Aided,Un-Aided,false,60,0678137210,Electronics and Telecommunication Engg,60,51,0,9,0,1,6,0678137211,3,FE_2024_SeatMatrix.pdf,1008,false,
2024-25,FE,06781,"Bhagwant Institute of Technology, Barshi",Un-Aided,Un-Aided,false,60,0678161210,Mechanical Engineering,60,51,0,9,0,1,6,,0,FE_2024_SeatMatrix.pdf,1009,false,
2024-25,FE,06782,"Sahakar Maharshee Shankarrao Mohite Patil Institute of Technology & Research, Akluj",Un-Aided,Un-Aided,false,60,0678219110,Civil Engineering,60,51,0,9,0,1,6,,0,FE_2024_SeatMatrix.pdf,1010,false,
2024-25,FE,06782,"Sahakar Maharshee Shankarrao Mohite Patil Institute of Technology & Research, Akluj",Un-Aided,Un-Aided,false,57,0678224210,Computer Science and Engineering,60,48,0,9,3,0,6,0678224211,3,FE_2024_SeatMatrix.pdf,1011,false,
2024-25,FE,06782,"Sahakar Maharshee Shankarrao Mohite Patil Institute of Technology & Research, Akluj",Un-Aided,Un-Aided,false,60,0678229310,Electrical Engineering,60,51,0,9,0,1,6,,0,FE_2024_SeatMatrix.pdf,1012,false,
2024-25,FE,06782,"Sahakar Maharshee Shankarrao Mohite Patil Institute of Technology & Research, Akluj",Un-Aided,Un-Aided,false,60,0678237210,Electronics and Telecommunication Engg,60,51,0,9,0,1,6,,0,FE_2024_SeatMatrix.pdf,1013,false,
2024-25,FE,06782,"Sahakar Maharshee Shankarrao Mohite Patil Institute of Technology & Research, Akluj",Un-Aided,Un-Aided,false,60,0678261210,Mechanical Engineering,60,51,0,9,0,1,6,,0,FE_2024_SeatMatrix.pdf,1014,false,
2024-25,FE,06782,"Sahakar Maharshee Shankarrao Mohite Patil Institute of Technology & Research, Akluj",Un-Aided,Un-Aided,false,30,0678299510,Artificial Intelligence and Data Science,30,25,0,5,0,0,3,0678299511,2,FE_2024_SeatMatrix.pdf,1015,false,
2024-25,FE,06797,"Dnyanshree Institute Engineering and Technology, Satara",Un-Aided,Un-Aided,false,30,0679719110,Civil Engineering,30,25,0,5,0,0,3,,0,FE_2024_SeatMatrix.pdf,1016,false,
2024-25,FE,06797,"Dnyanshree Institute Engineering and Technology, Satara",Un-Aided,Un-Aided,false,87,0679724210,Computer Science and Engineering,90,73,0,14,3,1,9,0679724211,5,FE_2024_SeatMatrix.pdf,1017,false,
2024-25,FE,06797,"Dnyanshree Institute Engineering and Technology, Satara",Un-Aided,Un-Aided,false,30,0679725910,Mechanical and Mechatronics Engineering (Additive,30,25,0,5,0,0,3,0679725911,2,FE_2024_SeatMatrix.pdf,1018,false,
2024-25,FE,06797,"Dnyanshree Institute Engineering and Technology, Satara",Un-Aided,Un-Aided,false,30,0679729310,Electrical Engineering,30,25,0,5,0,0,3,,0,FE_2024_SeatMatrix.pdf,1019,false,
2024-25,FE,06797,"Dnyanshree Institute Engineering and Technology, Satara",Un-Aided,Un-Aided,false,60,0679737210,Electronics and Telecommunication Engg,60,51,0,9,0,1,6,0679737211,3,FE_2024_SeatMatrix.pdf,1020,false,
2024-25,FE,06799,"Shivganga Charitable Trust, Sangli Vishveshwarya Technical Campus, Faculty of Diploma Engineering, Patgaon, Miraj",Un-Aided,Un-Aided,false,60,0679924210,Computer Science and Engineering,60,51,0,9,0,1,6,,0,FE_2024_SeatMatrix.pdf,1021,false,
2024-25,FE,06799,"Shivganga Charitable Trust, Sangli Vishveshwarya Technical Campus, Faculty of Diploma Engineering, Patgaon, Miraj",Un-Aided,Un-Aided,false,54,0679924510,Computer Engineering,60,45,0,9,6,0,6,,0,FE_2024_SeatMatrix.pdf,1022,false,
2024-25,FE,06799,"Shivganga Charitable Trust, Sangli Vishveshwarya Technical Campus, Faculty of Diploma Engineering, Patgaon, Miraj",Un-Aided,Un-Aided,false,30,0679929310,Electrical Engineering,30,25,0,5,0,0,3,,0,FE_2024_SeatMatrix.pdf,1023,false,
2024-25,FE,06811,Sanjay Ghodawat Institute,Un-Aided,Un-Aided,false,60,0681119110,Civil Engineering,60,51,0,9,0,1,6,,0,FE_2024_SeatMatrix.pdf,1024,false,
2024-25,FE,06811,Sanjay Ghodawat Institute,Un-Aided,Un-Aided,false,48,0681124210,Computer Science and Engineering,60,39,0,9,12,0,6,0681124211,3,FE_2024_SeatMatrix.pdf,1025,false,
2024-25,FE,06811,Sanjay Ghodawat Institute,Un-Aided,Un-Aided,false,57,0681129310,Electrical Engineering,60,48,0,9,3,0,6,,0,FE_2024_SeatMatrix.pdf,1026,false,
2024-25,FE,06811,Sanjay Ghodawat Institute,Un-Aided,Un-Aided,false,57,0681137210,Electronics and Telecommunication Engg,60,48,0,9,3,0,6,0681137211,3,FE_2024_SeatMatrix.pdf,1027,false,
2024-25,FE,06811,Sanjay Ghodawat Institute,Un-Aided,Un-Aided,false,57,0681161210,Mechanical Engineering,60,48,0,9,3,0,6,,0,FE_2024_SeatMatrix.pdf,1028,false,
2024-25,FE,16121,"Shri. Anandrao Abitkar College of Engineering, Pal",Un-Aided,Un-Aided,false,60,1612119110,Civil Engineering,60,51,0,9,0,1,6,1612119111,3,FE_2024_SeatMatrix.pdf,1034,false,
2024-25,FE,16121,"Shri. Anandrao Abitkar College of Engineering, Pal",Un-Aided,Un-Aided,false,120,1612124510,Computer Engineering,120,102,0,18,0,1,12,1612124511,6,FE_2024_SeatMatrix.pdf,1035,false,
2024-25,FE,16121,"Shri. Anandrao Abitkar College of Engineering, Pal",Un-Aided,Un-Aided,false,60,1612126310,Artificial Intelligence (AI) and Data Science,60,51,0,9,0,1,6,1612126311,3,FE_2024_SeatMatrix.pdf,1036,false,
2024-25,FE,16121,"Shri. Anandrao Abitkar College of Engineering, Pal",Un-Aided,Un-Aided,false,60,1612129310,Electrical Engineering,60,51,0,9,0,1,6,1612129311,3,FE_2024_SeatMatrix.pdf,1037,false,
2024-25,FE,16121,"Shri. Anandrao Abitkar College of Engineering, Pal",Un-Aided,Un-Aided,false,60,1612161210,Mechanical Engineering,60,51,0,9,0,1,6,1612161211,3,FE_2024_SeatMatrix.pdf,1038,false,
2024-25,FE,04004,"Government College of Engineering, Chandrapur",Government,Government,false,60,0400419110,Civil Engineering,60,60,0,0,0,1,6,0400419111,3,FE_2024_SeatMatrix.pdf,1039,false,
2024-25,FE,04004,"Government College of Engineering, Chandrapur",Government,Government,false,60,0400424210,Computer Science and Engineering,60,60,0,0,0,1,6,0400424211,3,FE_2024_SeatMatrix.pdf,1040,false,
2024-25,FE,04004,"Government College of Engineering, Chandrapur",Government,Government,false,60,0400429310,Electrical Engineering,60,60,0,0,0,1,6,0400429311,3,FE_2024_SeatMatrix.pdf,1041,false,
2024-25,FE,04004,"Government College of Engineering, Chandrapur",Government,Government,false,60,0400437210,Electronics and Telecommunication Engg,60,60,0,0,0,1,6,0400437211,3,FE_2024_SeatMatrix.pdf,1042,false,
2024-25,FE,04004,"Government College of Engineering, Chandrapur",Government,Government,false,30,0400446610,Instrumentation Engineering,30,30,0,0,0,0,3,0400446611,2,FE_2024_SeatMatrix.pdf,1043,false,
2024-25,FE,04004,"Government College of Engineering, Chandrapur",Government,Government,false,60,0400461210,Mechanical Engineering,60,60,0,0,0,1,6,0400461211,3,FE_2024_SeatMatrix.pdf,1044,false,
2024-25,FE,05003,"University Institute of Chemical Technology, North Maharashtra University, Jalgaon",University Department,University Department,false,15,0500350310,Food Technology,15,15,0,0,0,0,2,0500350311,1,FE_2024_SeatMatrix.pdf,1045,false,
2024-25,FE,05003,"University Institute of Chemical Technology, North Maharashtra University, Jalgaon",University Department,University Department,false,60,0500350710,Chemical Engineering,60,60,0,0,0,1,6,0500350711,3,FE_2024_SeatMatrix.pdf,1046,false,
2024-25,FE,05003,"University Institute of Chemical Technology, North Maharashtra University, Jalgaon",University Department,University Department,false,15,0500350810,Plastic Technology,15,15,0,0,0,0,2,,0,FE_2024_SeatMatrix.pdf,1047,false,
2024-25,FE,05003,"University Institute of Chemical Technology, North Maharashtra University, Jalgaon",University Department,University Department,false,15,0500351810,Oil Fats and Waxes Technology,15,15,0,0,0,0,2,,0,FE_2024_SeatMatrix.pdf,1048,false,
2024-25,FE,05003,"University Institute of Chemical Technology, North Maharashtra University, Jalgaon",University Department,University Department,false,15,0500352310,Paints Technology,15,15,0,0,0,0,2,0500352311,1,FE_2024_SeatMatrix.pdf,1049,false,
2024-25,FE,05104,"Shramsadhana Bombay Trust, College of Engineering & Technology, Jalgaon",Un-Aided,Un-Aided,false,60,0510419110,Civil Engineering,60,51,0,9,0,1,6,,0,FE_2024_SeatMatrix.pdf,1050,false,
2024-25,FE,05104,"Shramsadhana Bombay Trust, College of Engineering & Technology, Jalgaon",Un-Aided,Un-Aided,false,144,0510424510,Computer Engineering,180,117,0,27,36,1,18,0510424511,9,FE_2024_SeatMatrix.pdf,1051,false,
2024-25,FE,05104,"Shramsadhana Bombay Trust, College of Engineering & Technology, Jalgaon",Un-Aided,Un-Aided,false,60,0510429310,Electrical Engineering,60,51,0,9,0,1,6,0510429311,3,FE_2024_SeatMatrix.pdf,1052,false,
2024-25,FE,05104,"Shramsadhana Bombay Trust, College of Engineering & Technology, Jalgaon",Un-Aided,Un-Aided,false,27,0510437210,Electronics and Telecommunication Engg,30,22,0,5,3,0,3,0510437211,2,FE_2024_SeatMatrix.pdf,1053,false,
2024-25,FE,05104,"Shramsadhana Bombay Trust, College of Engineering & Technology, Jalgaon",Un-Aided,Un-Aided,false,30,0510450710,Chemical Engineering,30,25,0,5,0,0,3,,0,FE_2024_SeatMatrix.pdf,1054,false,
2024-25,FE,05104,"Shramsadhana Bombay Trust, College of Engineering & Technology, Jalgaon",Un-Aided,Un-Aided,false,30,0510461210,Mechanical Engineering,30,25,0,5,0,0,3,0510461211,2,FE_2024_SeatMatrix.pdf,1055,false,
2024-25,FE,05169,"Nagaon Education Society's Gangamai College of Engineering, Nagaon, Tal Dist Dhule",Un-Aided,Un-Aided,false,30,0516919110,Civil Engineering,30,25,0,5,0,0,3,,0,FE_2024_SeatMatrix.pdf,1056,false,
2024-25,FE,05169,"Nagaon Education Society's Gangamai College of Engineering, Nagaon, Tal Dist Dhule",Un-Aided,Un-Aided,false,120,0516924510,Computer Engineering,120,102,0,18,0,1,12,0516924511,6,FE_2024_SeatMatrix.pdf,1057,false,
2024-25,FE,05169,"Nagaon Education Society's Gangamai College of Engineering, Nagaon, Tal Dist Dhule",Un-Aided,Un-Aided,false,60,0516929310,Electrical Engineering,60,51,0,9,0,1,6,,0,FE_2024_SeatMatrix.pdf,1058,false,
2024-25,FE,05169,"Nagaon Education Society's Gangamai College of Engineering, Nagaon, Tal Dist Dhule",Un-Aided,Un-Aided,false,60,0516937210,Electronics and Telecommunication Engg,60,51,0,9,0,1,6,0516937211,3,FE_2024_SeatMatrix.pdf,1059,false,
2024-25,FE,05169,"Nagaon Education Society's Gangamai College of Engineering, Nagaon, Tal Dist Dhule",Un-Aided,Un-Aided,false,60,0516961210,Mechanical Engineering,60,51,0,9,0,1,6,,0,FE_2024_SeatMatrix.pdf,1060,false,
2024-25,FE,05322,"Jamia Institute Of Engineering And Management Studies, Akkalkuwa",Un-Aided Religious Minority - Muslim,Un-Aided Religious Minority - Muslim,false,48,0532219110,Civil Engineering,60,14,31,3,12,0,0,,0,FE_2024_SeatMatrix.pdf,1061,false,
2024-25,FE,05322,"Jamia Institute Of Engineering And Management Studies, Akkalkuwa",Un-Aided Religious Minority - Muslim,Un-Aided Religious Minority - Muslim,false,24,0532229310,Electrical Engineering,30,8,15,1,6,0,0,,0,FE_2024_SeatMatrix.pdf,1062,false,
2024-25,FE,05322,"Jamia Institute Of Engineering And Management Studies, Akkalkuwa",Un-Aided Religious Minority - Muslim,Un-Aided Religious Minority - Muslim,false,24,0532261210,Mechanical Engineering,30,8,15,1,6,0,0,,0,FE_2024_SeatMatrix.pdf,1063,false,
2024-25,FE,05381,"Shri. Jaykumar Rawal Institute of Technology, Dondaicha.",Un-Aided,Un-Aided,false,60,0538119110,Civil Engineering,60,51,0,9,0,1,6,,0,FE_2024_SeatMatrix.pdf,1064,false,
2024-25,FE,05381,"Shri. Jaykumar Rawal Institute of Technology, Dondaicha.",Un-Aided,Un-Aided,false,60,0538124210,Computer Science and Engineering,60,51,0,9,0,1,6,0538124211,3,FE_2024_SeatMatrix.pdf,1065,false,
2024-25,FE,05381,"Shri. Jaykumar Rawal Institute of Technology, Dondaicha.",Un-Aided,Un-Aided,false,60,0538129310,Electrical Engineering,60,51,0,9,0,1,6,,0,FE_2024_SeatMatrix.pdf,1066,false,
2024-25,FE,05381,"Shri. Jaykumar Rawal Institute of Technology, Dondaicha.",Un-Aided,Un-Aided,false,60,0538161210,Mechanical Engineering,60,51,0,9,0,1,6,,0,FE_2024_SeatMatrix.pdf,1067,false,
2024-25,FE,05381,"Shri. Jaykumar Rawal Institute of Technology, Dondaicha.",Un-Aided,Un-Aided,false,60,0538199510,Artificial Intelligence and Data Science,60,51,0,9,0,1,6,0538199511,3,FE_2024_SeatMatrix.pdf,1068,false,
2024-25,FE,03135,"Manjara Charitable Trust's Rajiv Gandhi Institute of Technology, Mumbai",Un-Aided,Un-Aided,false,96,0313524510,Computer Engineering,120,78,0,18,24,1,12,0313524511,6,FE_2024_SeatMatrix.pdf,1069,false,
2024-25,FE,03135,"Manjara Charitable Trust's Rajiv Gandhi Institute of Technology, Mumbai",Un-Aided,Un-Aided,false,96,0313524610,Information Technology,120,78,0,18,24,1,12,0313524611,6,FE_2024_SeatMatrix.pdf,1070,false,
2024-25,FE,03135,"Manjara Charitable Trust's Rajiv Gandhi Institute of Technology, Mumbai",Un-Aided,Un-Aided,false,96,0313537210,Electronics and Telecommunication Engg,120,78,0,18,24,1,12,0313537211,6,FE_2024_SeatMatrix.pdf,1071,false,
2024-25,FE,03135,"Manjara Charitable Trust's Rajiv Gandhi Institute of Technology, Mumbai",Un-Aided,Un-Aided,false,48,0313561210,Mechanical Engineering,60,39,0,9,12,0,6,0313561211,3,FE_2024_SeatMatrix.pdf,1072,false,
2024-25,FE,03135,"Manjara Charitable Trust's Rajiv Gandhi Institute of Technology, Mumbai",Un-Aided,Un-Aided,false,48,0313599510,Artificial Intelligence and Data Science,60,39,0,9,12,0,6,0313599511,3,FE_2024_SeatMatrix.pdf,1073,false,
2024-25,FE,03143,"Thakur Shyamnarayan Engineering College, Mumbai",Un-Aided Linguistic Minority - Hindi,Un-Aided Linguistic Minority - Hindi,false,48,0314324510,Computer Engineering,60,14,31,3,12,0,0,0314324511,3,FE_2024_SeatMatrix.pdf,1074,false,
2024-25,FE,03143,"Thakur Shyamnarayan Engineering College, Mumbai",Un-Aided Linguistic Minority - Hindi,Un-Aided Linguistic Minority - Hindi,false,48,0314324610,Information Technology,60,14,31,3,12,0,0,0314324611,3,FE_2024_SeatMatrix.pdf,1075,false,
2024-25,FE,03143,"Thakur Shyamnarayan Engineering College, Mumbai",Un-Aided Linguistic Minority - Hindi,Un-Aided Linguistic Minority - Hindi,false,48,0314361210,Mechanical Engineering,60,14,31,3,12,0,0,0314361211,3,FE_2024_SeatMatrix.pdf,1076,false,
2024-25,FE,03143,"Thakur Shyamnarayan Engineering College, Mumbai",Un-Aided Linguistic Minority - Hindi,Un-Aided Linguistic Minority - Hindi,false,48,0314384410,Electronics and Computer Engineering,60,14,31,3,12,0,0,0314384411,3,FE_2024_SeatMatrix.pdf,1077,false,
2024-25,FE,03143,"Thakur Shyamnarayan Engineering College, Mumbai",Un-Aided Linguistic Minority - Hindi,Un-Aided Linguistic Minority - Hindi,false,48,0314391110,Computer Science and Engineering(Artificial,60,14,31,3,12,0,0,0314391111,3,FE_2024_SeatMatrix.pdf,1078,false,
2024-25,FE,03146,"Jawahar Education Society's Annasaheb Chudaman Patil College of Engineering,Kharghar, Navi Mumbai",Un-Aided,Un-Aided,false,96,0314624510,Computer Engineering,120,78,0,18,24,1,12,0314624511,6,FE_2024_SeatMatrix.pdf,1079,false,
2024-25,FE,03146,"Jawahar Education Society's Annasaheb Chudaman Patil College of Engineering,Kharghar, Navi Mumbai",Un-Aided,Un-Aided,false,48,0314624610,Information Technology,60,39,0,9,12,0,6,0314624611,3,FE_2024_SeatMatrix.pdf,1080,false,
2024-25,FE,03146,"Jawahar Education Society's Annasaheb Chudaman Patil College of Engineering,Kharghar, Navi Mumbai",Un-Aided,Un-Aided,false,57,0314629310,Electrical Engineering,60,48,0,9,3,0,6,,0,FE_2024_SeatMatrix.pdf,1081,false,
2024-25,FE,03146,"Jawahar Education Society's Annasaheb Chudaman Patil College of Engineering,Kharghar, Navi Mumbai",Un-Aided,Un-Aided,false,54,0314637210,Electronics and Telecommunication Engg,60,45,0,9,6,0,6,0314637211,3,FE_2024_SeatMatrix.pdf,1082,false,
2024-25,FE,03146,"Jawahar Education Society's Annasaheb Chudaman Patil College of Engineering,Kharghar, Navi Mumbai",Un-Aided,Un-Aided,false,30,0314661210,Mechanical Engineering,30,25,0,5,0,0,3,,0,FE_2024_SeatMatrix.pdf,1083,false,
2024-25,FE,03146,"Jawahar Education Society's Annasaheb Chudaman Patil College of Engineering,Kharghar, Navi Mumbai",Un-Aided,Un-Aided,false,48,0314692010,Computer Science and Engineering (Internet of,60,39,0,9,12,0,6,0314692011,3,FE_2024_SeatMatrix.pdf,1084,false,
2024-25,FE,03146,"Jawahar Education Society's Annasaheb Chudaman Patil College of Engineering,Kharghar, Navi Mumbai",Un-Aided,Un-Aided,false,96,0314699510,Artificial Intelligence and Data Science,120,78,0,18,24,1,12,0314699511,6,FE_2024_SeatMatrix.pdf,1085,false,
2024-25,FE,03147,"Saraswati Education Society, Yadavrao Tasgaonkar Institute of Engineering & Technology, Karjat",Un-Aided,Un-Aided,false,30,0314719110,Civil Engineering,30,25,0,5,0,0,3,,0,FE_2024_SeatMatrix.pdf,1086,false,
2024-25,FE,03147,"Saraswati Education Society, Yadavrao Tasgaonkar Institute of Engineering & Technology, Karjat",Un-Aided,Un-Aided,false,48,0314724510,Computer Engineering,60,39,0,9,12,0,6,,0,FE_2024_SeatMatrix.pdf,1087,false,
2024-25,FE,03147,"Saraswati Education Society, Yadavrao Tasgaonkar Institute of Engineering & Technology, Karjat",Un-Aided,Un-Aided,false,48,0314724610,Information Technology,60,39,0,9,12,0,6,,0,FE_2024_SeatMatrix.pdf,1088,false,
2024-25,FE,03147,"Saraswati Education Society, Yadavrao Tasgaonkar Institute of Engineering & Technology, Karjat",Un-Aided,Un-Aided,false,30,0314729310,Electrical Engineering,30,25,0,5,0,0,3,,0,FE_2024_SeatMatrix.pdf,1089,false,
2024-25,FE,03147,"Saraswati Education Society, Yadavrao Tasgaonkar Institute of Engineering & Technology, Karjat",Un-Aided,Un-Aided,false,60,0314761210,Mechanical Engineering,60,51,0,9,0,1,6,,0,FE_2024_SeatMatrix.pdf,1090,false,
2024-25,FE,03147,"Saraswati Education Society, Yadavrao Tasgaonkar Institute of Engineering & Technology, Karjat",Un-Aided,Un-Aided,false,30,0314791710,Data Science,30,25,0,5,0,0,3,,0,FE_2024_SeatMatrix.pdf,1091,false,
2024-25,FE,03147,"Saraswati Education Society, Yadavrao Tasgaonkar Institute of Engineering & Technology, Karjat",Un-Aided,Un-Aided,false,30,0314792110,Artificial Intelligence and Machine Learning,30,25,0,5,0,0,3,,0,FE_2024_SeatMatrix.pdf,1092,false,
2024-25,FE,03154,"Saraswati Education Society's Saraswati College of Engineering,Kharghar Navi Mumbai",Un-Aided,Un-Aided,false,72,0315419110,Civil Engineering,90,58,0,14,18,1,9,,0,FE_2024_SeatMatrix.pdf,1093,false,
2024-25,FE,03154,"Saraswati Education Society's Saraswati College of Engineering,Kharghar Navi Mumbai",Un-Aided,Un-Aided,false,96,0315424510,Computer Engineering,120,78,0,18,24,1,12,0315424511,6,FE_2024_SeatMatrix.pdf,1094,false,
2024-25,FE,03154,"Saraswati Education Society's Saraswati College of Engineering,Kharghar Navi Mumbai",Un-Aided,Un-Aided,false,96,0315424610,Information Technology,120,78,0,18,24,1,12,0315424611,6,FE_2024_SeatMatrix.pdf,1095,false,
2024-25,FE,03154,"Saraswati Education Society's Saraswati College of Engineering,Kharghar Navi Mumbai",Un-Aided,Un-Aided,false,24,0315460210,Automobile Engineering,30,19,0,5,6,0,3,,0,FE_2024_SeatMatrix.pdf,1096,false,
2024-25,FE,03154,"Saraswati Education Society's Saraswati College of Engineering,Kharghar Navi Mumbai",Un-Aided,Un-Aided,false,48,0315461210,Mechanical Engineering,60,39,0,9,12,0,6,,0,FE_2024_SeatMatrix.pdf,1097,false,
2024-25,FE,03154,"Saraswati Education Society's Saraswati College of Engineering,Kharghar Navi Mumbai",Un-Aided,Un-Aided,false,96,0315491110,Computer Science and Engineering(Artificial,120,78,0,18,24,1,12,0315491111,6,FE_2024_SeatMatrix.pdf,1098,false,
2024-25,FE,03154,"Saraswati Education Society's Saraswati College of Engineering,Kharghar Navi Mumbai",Un-Aided,Un-Aided,false,48,0315491210,Computer Science and Engineering(Data Science),60,39,0,9,12,0,6,0315491211,3,FE_2024_SeatMatrix.pdf,1099,false,
2024-25,FE,03175,"M.G.M.'s College of Engineering and Technology, Kamothe, Navi Mumbai",Un-Aided,Un-Aided,false,60,0317519110,Civil Engineering,60,51,0,9,0,1,6,,0,FE_2024_SeatMatrix.pdf,1100,false,
2024-25,FE,03175,"M.G.M.'s College of Engineering and Technology, Kamothe, Navi Mumbai",Un-Aided,Un-Aided,false,144,0317524510,Computer Engineering,180,117,0,27,36,1,18,0317524511,9,FE_2024_SeatMatrix.pdf,1101,false,
2024-25,FE,03175,"M.G.M.'s College of Engineering and Technology, Kamothe, Navi Mumbai",Un-Aided,Un-Aided,false,48,0317524610,Information Technology,60,39,0,9,12,0,6,0317524611,3,FE_2024_SeatMatrix.pdf,1102,false,
2024-25,FE,03175,"M.G.M.'s College of Engineering and Technology, Kamothe, Navi Mumbai",Un-Aided,Un-Aided,false,60,0317529310,Electrical Engineering,60,51,0,9,0,1,6,,0,FE_2024_SeatMatrix.pdf,1103,false,
2024-25,FE,03175,"M.G.M.'s College of Engineering and Technology, Kamothe, Navi Mumbai",Un-Aided,Un-Aided,false,54,0317537210,Electronics and Telecommunication Engg,60,45,0,9,6,0,6,0317537211,3,FE_2024_SeatMatrix.pdf,1104,false,
2024-25,FE,03175,"M.G.M.'s College of Engineering and Technology, Kamothe, Navi Mumbai",Un-Aided,Un-Aided,false,30,0317546110,Bio Medical Engineering,30,25,0,5,0,0,3,,0,FE_2024_SeatMatrix.pdf,1105,false,
2024-25,FE,03175,"M.G.M.'s College of Engineering and Technology, Kamothe, Navi Mumbai",Un-Aided,Un-Aided,false,60,0317550710,Chemical Engineering,60,51,0,9,0,1,6,,0,FE_2024_SeatMatrix.pdf,1106,false,
2024-25,FE,03175,"M.G.M.'s College of Engineering and Technology, Kamothe, Navi Mumbai",Un-Aided,Un-Aided,false,60,0317561210,Mechanical Engineering,60,51,0,9,0,1,6,,0,FE_2024_SeatMatrix.pdf,1107,false,
2024-25,FE,03175,"M.G.M.'s College of Engineering and Technology, Kamothe, Navi Mumbai",Un-Aided,Un-Aided,false,54,0317591110,Computer Science and Engineering(Artificial,60,45,0,9,6,0,6,0317591111,3,FE_2024_SeatMatrix.pdf,1108,false,
2024-25,FE,03175,"M.G.M.'s College of Engineering and Technology, Kamothe, Navi Mumbai",Un-Aided,Un-Aided,false,54,0317591210,Computer Science and Engineering(Data Science),60,45,0,9,6,0,6,0317591211,3,FE_2024_SeatMatrix.pdf,1109,false,
2024-25,FE,03175,"M.G.M.'s College of Engineering and Technology, Kamothe, Navi Mumbai",Un-Aided,Un-Aided,false,60,0317591610,Automation and Robotics,60,51,0,9,0,1,6,0317591611,3,FE_2024_SeatMatrix.pdf,1110,false,
2024-25,FE,03182,"Thadomal Shahani Engineering College, Bandra, Mumbai",Un-Aided Linguistic Minority - Sindhi,Un-Aided Linguistic Minority - Sindhi,false,144,0318224510,Computer Engineering,180,44,92,8,36,0,0,0318224511,9,FE_2024_SeatMatrix.pdf,1111,false,
2024-25,FE,03182,"Thadomal Shahani Engineering College, Bandra, Mumbai",Un-Aided Linguistic Minority - Sindhi,Un-Aided Linguistic Minority - Sindhi,false,96,0318224610,Information Technology,120,30,61,5,24,0,0,0318224611,6,FE_2024_SeatMatrix.pdf,1112,false,
2024-25,FE,03182,"Thadomal Shahani Engineering College, Bandra, Mumbai",Un-Aided Linguistic Minority - Sindhi,Un-Aided Linguistic Minority - Sindhi,false,48,0318237210,Electronics and Telecommunication Engg,60,14,31,3,12,0,0,0318237211,3,FE_2024_SeatMatrix.pdf,1113,false,
2024-25,FE,03182,"Thadomal Shahani Engineering College, Bandra, Mumbai",Un-Aided Linguistic Minority - Sindhi,Un-Aided Linguistic Minority - Sindhi,false,48,0318250710,Chemical Engineering,60,14,31,3,12,0,0,0318250711,3,FE_2024_SeatMatrix.pdf,1114,false,
2024-25,FE,03182,"Thadomal Shahani Engineering College, Bandra, Mumbai",Un-Aided Linguistic Minority - Sindhi,Un-Aided Linguistic Minority - Sindhi,false,96,0318299510,Artificial Intelligence and Data Science,120,30,61,5,24,0,0,0318299511,6,FE_2024_SeatMatrix.pdf,1115,false,
2024-25,FE,03183,"Anjuman-I-Islam's M.H. Saboo Siddik College of Engineering, Byculla, Mumbai",Un-Aided Religious Minority - Muslim,Un-Aided Religious Minority - Muslim,false,54,0318319110,Civil Engineering,60,20,31,3,6,0,0,,0,FE_2024_SeatMatrix.pdf,1116,false,
2024-25,FE,03183,"Anjuman-I-Islam's M.H. Saboo Siddik College of Engineering, Byculla, Mumbai",Un-Aided Religious Minority - Muslim,Un-Aided Religious Minority - Muslim,false,48,0318324510,Computer Engineering,60,14,31,3,12,0,0,0318324511,3,FE_2024_SeatMatrix.pdf,1117,false,
2024-25,FE,03183,"Anjuman-I-Islam's M.H. Saboo Siddik College of Engineering, Byculla, Mumbai",Un-Aided Religious Minority - Muslim,Un-Aided Religious Minority - Muslim,false,48,0318324610,Information Technology,60,14,31,3,12,0,0,0318324611,3,FE_2024_SeatMatrix.pdf,1118,false,
2024-25,FE,03183,"Anjuman-I-Islam's M.H. Saboo Siddik College of Engineering, Byculla, Mumbai",Un-Aided Religious Minority - Muslim,Un-Aided Religious Minority - Muslim,false,54,0318337210,Electronics and Telecommunication Engg,60,20,31,3,6,0,0,0318337211,3,FE_2024_SeatMatrix.pdf,1119,false,
2024-25,FE,03183,"Anjuman-I-Islam's M.H. Saboo Siddik College of Engineering, Byculla, Mumbai",Un-Aided Religious Minority - Muslim,Un-Aided Religious Minority - Muslim,false,27,0318361210,Mechanical Engineering,30,10,15,2,3,0,0,,0,FE_2024_SeatMatrix.pdf,1120,false,
2024-25,FE,03183,"Anjuman-I-Islam's M.H. Saboo Siddik College of Engineering, Byculla, Mumbai",Un-Aided Religious Minority - Muslim,Un-Aided Religious Minority - Muslim,false,27,0318361610,Mechanical Engineering Automobile,30,10,15,2,3,0,0,0318361611,2,FE_2024_SeatMatrix.pdf,1121,false,
2024-25,FE,03183,"Anjuman-I-Islam's M.H. Saboo Siddik College of Engineering, Byculla, Mumbai",Un-Aided Religious Minority - Muslim,Un-Aided Religious Minority - Muslim,false,48,0318391110,Computer Science and Engineering(Artificial,60,14,31,3,12,0,0,0318391111,3,FE_2024_SeatMatrix.pdf,1122,false,
2024-25,FE,03183,"Anjuman-I-Islam's M.H. Saboo Siddik College of Engineering, Byculla, Mumbai",Un-Aided Religious Minority - Muslim,Un-Aided Religious Minority - Muslim,false,48,0318392010,Computer Science and Engineering (Internet of,60,14,31,3,12,0,0,0318392011,3,FE_2024_SeatMatrix.pdf,1123,false,
2024-25,FE,03187,"N.Y.S.S.'s Datta Meghe College of Engineering, Airoli, Navi Mumbai",Un-Aided,Un-Aided,false,96,0318719110,Civil Engineering,120,78,0,18,24,1,12,0318719111,6,FE_2024_SeatMatrix.pdf,1124,false,
2024-25,FE,03187,"N.Y.S.S.'s Datta Meghe College of Engineering, Airoli, Navi Mumbai",Un-Aided,Un-Aided,false,144,0318724510,Computer Engineering,180,117,0,27,36,1,18,0318724511,9,FE_2024_SeatMatrix.pdf,1125,false,
2024-25,FE,03187,"N.Y.S.S.'s Datta Meghe College of Engineering, Airoli, Navi Mumbai",Un-Aided,Un-Aided,false,144,0318724610,Information Technology,180,117,0,27,36,1,18,0318724611,9,FE_2024_SeatMatrix.pdf,1126,false,
2024-25,FE,03187,"N.Y.S.S.'s Datta Meghe College of Engineering, Airoli, Navi Mumbai",Un-Aided,Un-Aided,false,96,0318737210,Electronics and Telecommunication Engg,120,78,0,18,24,1,12,0318737211,6,FE_2024_SeatMatrix.pdf,1127,false,
2024-25,FE,03187,"N.Y.S.S.'s Datta Meghe College of Engineering, Airoli, Navi Mumbai",Un-Aided,Un-Aided,false,48,0318750710,Chemical Engineering,60,39,0,9,12,0,6,,0,FE_2024_SeatMatrix.pdf,1128,false,
2024-25,FE,03187,"N.Y.S.S.'s Datta Meghe College of Engineering, Airoli, Navi Mumbai",Un-Aided,Un-Aided,false,48,0318761210,Mechanical Engineering,60,39,0,9,12,0,6,,0,FE_2024_SeatMatrix.pdf,1129,false,
2024-25,FE,03187,"N.Y.S.S.'s Datta Meghe College of Engineering, Airoli, Navi Mumbai",Un-Aided,Un-Aided,false,48,0318791810,Civil and infrastructure Engineering,60,39,0,9,12,0,6,,0,FE_2024_SeatMatrix.pdf,1130,false,
2024-25,FE,03187,"N.Y.S.S.'s Datta Meghe College of Engineering, Airoli, Navi Mumbai",Un-Aided,Un-Aided,false,144,0318799510,Artificial Intelligence and Data Science,180,117,0,27,36,1,18,0318799511,9,FE_2024_SeatMatrix.pdf,1131,false,
2024-25,FE,03188,"Vasantdada Patil Pratishthan's College Of Engineering and Visual Arts, Sion, Mumbai",Un-Aided,Un-Aided,false,96,0318824510,Computer Engineering,120,78,0,18,24,1,12,0318824511,6,FE_2024_SeatMatrix.pdf,1132,false,
2024-25,FE,03188,"Vasantdada Patil Pratishthan's College Of Engineering and Visual Arts, Sion, Mumbai",Un-Aided,Un-Aided,false,96,0318824610,Information Technology,120,78,0,18,24,1,12,0318824611,6,FE_2024_SeatMatrix.pdf,1133,false,
2024-25,FE,03188,"Vasantdada Patil Pratishthan's College Of Engineering and Visual Arts, Sion, Mumbai",Un-Aided,Un-Aided,false,54,0318862410,Mechatronics Engineering,60,45,0,9,6,0,6,0318862411,3,FE_2024_SeatMatrix.pdf,1134,false,
2024-25,FE,03188,"Vasantdada Patil Pratishthan's College Of Engineering and Visual Arts, Sion, Mumbai",Un-Aided,Un-Aided,false,48,0318890010,Electronics and Computer Science,60,39,0,9,12,0,6,0318890011,3,FE_2024_SeatMatrix.pdf,1135,false,
2024-25,FE,03188,"Vasantdada Patil Pratishthan's College Of Engineering and Visual Arts, Sion, Mumbai",Un-Aided,Un-Aided,false,48,0318891110,Computer Science and Engineering(Artificial,60,39,0,9,12,0,6,0318891111,3,FE_2024_SeatMatrix.pdf,1136,false,
2024-25,FE,03189,"Bharati Vidyapeeth College of Engineering, Navi Mumbai",Un-Aided,Un-Aided,false,96,0318924510,Computer Engineering,120,78,0,18,24,1,12,0318924511,6,FE_2024_SeatMatrix.pdf,1137,false,
2024-25,FE,03189,"Bharati Vidyapeeth College of Engineering, Navi Mumbai",Un-Aided,Un-Aided,false,48,0318924610,Information Technology,60,39,0,9,12,0,6,0318924611,3,FE_2024_SeatMatrix.pdf,1138,false,
2024-25,FE,03189,"Bharati Vidyapeeth College of Engineering, Navi Mumbai",Un-Aided,Un-Aided,false,114,0318937210,Electronics and Telecommunication Engg,120,96,0,18,6,1,12,0318937211,6,FE_2024_SeatMatrix.pdf,1139,false,
2024-25,FE,03189,"Bharati Vidyapeeth College of Engineering, Navi Mumbai",Un-Aided,Un-Aided,false,57,0318946610,Instrumentation Engineering,60,48,0,9,3,0,6,0318946611,3,FE_2024_SeatMatrix.pdf,1140,false,
2024-25,FE,03189,"Bharati Vidyapeeth College of Engineering, Navi Mumbai",Un-Aided,Un-Aided,false,60,0318950710,Chemical Engineering,60,51,0,9,0,1,6,0318950711,3,FE_2024_SeatMatrix.pdf,1141,false,
2024-25,FE,03189,"Bharati Vidyapeeth College of Engineering, Navi Mumbai",Un-Aided,Un-Aided,false,120,0318961210,Mechanical Engineering,120,102,0,18,0,1,12,0318961211,6,FE_2024_SeatMatrix.pdf,1142,false,
2024-25,FE,03190,"Terna Engineering College, Nerul, Navi Mumbai",Un-Aided,Un-Aided,false,48,0319019110,Civil Engineering,60,39,0,9,12,0,6,,0,FE_2024_SeatMatrix.pdf,1143,false,
2024-25,FE,03190,"Terna Engineering College, Nerul, Navi Mumbai",Un-Aided,Un-Aided,false,144,0319024510,Computer Engineering,180,117,0,27,36,1,18,0319024511,9,FE_2024_SeatMatrix.pdf,1144,false,
2024-25,FE,03190,"Terna Engineering College, Nerul, Navi Mumbai",Un-Aided,Un-Aided,false,48,0319024610,Information Technology,60,39,0,9,12,0,6,0319024611,3,FE_2024_SeatMatrix.pdf,1145,false,
2024-25,FE,03190,"Terna Engineering College, Nerul, Navi Mumbai",Un-Aided,Un-Aided,false,48,0319026310,Artificial Intelligence (AI) and Data Science,60,39,0,9,12,0,6,0319026311,3,FE_2024_SeatMatrix.pdf,1146,false,
2024-25,FE,03190,"Terna Engineering College, Nerul, Navi Mumbai",Un-Aided,Un-Aided,false,96,0319037210,Electronics and Telecommunication Engg,120,78,0,18,24,1,12,0319037211,6,FE_2024_SeatMatrix.pdf,1147,false,
2024-25,FE,03190,"Terna Engineering College, Nerul, Navi Mumbai",Un-Aided,Un-Aided,false,48,0319037610,Electronics Engineering,60,39,0,9,12,0,6,0319037611,3,FE_2024_SeatMatrix.pdf,1148,false,
2024-25,FE,03190,"Terna Engineering College, Nerul, Navi Mumbai",Un-Aided,Un-Aided,false,48,0319061210,Mechanical Engineering,60,39,0,9,12,0,6,,0,FE_2024_SeatMatrix.pdf,1149,false,
2024-25,FE,03190,"Terna Engineering College, Nerul, Navi Mumbai",Un-Aided,Un-Aided,false,48,0319062410,Mechatronics Engineering,60,39,0,9,12,0,6,0319062411,3,FE_2024_SeatMatrix.pdf,1150,false,
2024-25,FE,03192,"Smt. Indira Gandhi College of Engineering, Navi Mumbai",Un-Aided,Un-Aided,false,96,0319224510,Computer Engineering,120,78,0,18,24,1,12,0319224511,6,FE_2024_SeatMatrix.pdf,1151,false,
2024-25,FE,03192,"Smt. Indira Gandhi College of Engineering, Navi Mumbai",Un-Aided,Un-Aided,false,48,0319229310,Electrical Engineering,60,39,0,9,12,0,6,0319229311,3,FE_2024_SeatMatrix.pdf,1152,false,
2024-25,FE,03192,"Smt. Indira Gandhi College of Engineering, Navi Mumbai",Un-Aided,Un-Aided,false,48,0319261210,Mechanical Engineering,60,39,0,9,12,0,6,,0,FE_2024_SeatMatrix.pdf,1153,false,
2024-25,FE,03192,"Smt. Indira Gandhi College of Engineering, Navi Mumbai",Un-Aided,Un-Aided,false,48,0319291110,Computer Science and Engineering(Artificial,60,39,0,9,12,0,6,0319291111,3,FE_2024_SeatMatrix.pdf,1154,false,
2024-25,FE,03192,"Smt. Indira Gandhi College of Engineering, Navi Mumbai",Un-Aided,Un-Aided,false,48,0319292010,Computer Science and Engineering (Internet of,60,39,0,9,12,0,6,0319292011,3,FE_2024_SeatMatrix.pdf,1155,false,
2024-25,FE,03192,"Smt. Indira Gandhi College of Engineering, Navi Mumbai",Un-Aided,Un-Aided,false,48,0319299510,Artificial Intelligence and Data Science,60,39,0,9,12,0,6,0319299511,3,FE_2024_SeatMatrix.pdf,1156,false,
2024-25,FE,03193,"Shivajirao S. Jondhale College of Engineering, Dombivali,Mumbai",Un-Aided,Un-Aided,false,72,0319324510,Computer Engineering,90,58,0,14,18,1,9,0319324511,5,FE_2024_SeatMatrix.pdf,1157,false,
2024-25,FE,03193,"Shivajirao S. Jondhale College of Engineering, Dombivali,Mumbai",Un-Aided,Un-Aided,false,32,0319324610,Information Technology,40,26,0,6,8,0,4,0319324611,2,FE_2024_SeatMatrix.pdf,1158,false,
2024-25,FE,03193,"Shivajirao S. Jondhale College of Engineering, Dombivali,Mumbai",Un-Aided,Un-Aided,false,48,0319337210,Electronics and Telecommunication Engg,60,39,0,9,12,0,6,0319337211,3,FE_2024_SeatMatrix.pdf,1159,false,
2024-25,FE,03193,"Shivajirao S. Jondhale College of Engineering, Dombivali,Mumbai",Un-Aided,Un-Aided,false,48,0319350710,Chemical Engineering,60,39,0,9,12,0,6,,0,FE_2024_SeatMatrix.pdf,1160,false,
2024-25,FE,03193,"Shivajirao S. Jondhale College of Engineering, Dombivali,Mumbai",Un-Aided,Un-Aided,false,48,0319361210,Mechanical Engineering,60,39,0,9,12,0,6,,0,FE_2024_SeatMatrix.pdf,1161,false,
2024-25,FE,03193,"Shivajirao S. Jondhale College of Engineering, Dombivali,Mumbai",Un-Aided,Un-Aided,false,24,0319392110,Artificial Intelligence and Machine Learning,30,19,0,5,6,0,3,0319392111,2,FE_2024_SeatMatrix.pdf,1162,false,
2024-25,FE,03194,"Vidyavardhini's College of Engineering and Technology, Vasai",Un-Aided,Un-Aided,false,54,0319419110,Civil Engineering,60,45,0,9,6,0,6,,0,FE_2024_SeatMatrix.pdf,1163,false,
2024-25,FE,03194,"Vidyavardhini's College of Engineering and Technology, Vasai",Un-Aided,Un-Aided,false,144,0319424510,Computer Engineering,180,117,0,27,36,1,18,0319424511,9,FE_2024_SeatMatrix.pdf,1164,false,
2024-25,FE,03194,"Vidyavardhini's College of Engineering and Technology, Vasai",Un-Aided,Un-Aided,false,51,0319424610,Information Technology,60,42,0,9,9,0,6,0319424611,3,FE_2024_SeatMatrix.pdf,1165,false,
2024-25,FE,03194,"Vidyavardhini's College of Engineering and Technology, Vasai",Un-Aided,Un-Aided,false,54,0319437210,Electronics and Telecommunication Engg,60,45,0,9,6,0,6,0319437211,3,FE_2024_SeatMatrix.pdf,1166,false,
2024-25,FE,03194,"Vidyavardhini's College of Engineering and Technology, Vasai",Un-Aided,Un-Aided,false,57,0319437810,Electronics Engineering ( VLSI Design and,60,48,0,9,3,0,6,,0,FE_2024_SeatMatrix.pdf,1167,false,
2024-25,FE,03194,"Vidyavardhini's College of Engineering and Technology, Vasai",Un-Aided,Un-Aided,false,54,0319461210,Mechanical Engineering,60,45,0,9,6,0,6,0319461211,3,FE_2024_SeatMatrix.pdf,1168,false,
2024-25,FE,03194,"Vidyavardhini's College of Engineering and Technology, Vasai",Un-Aided,Un-Aided,false,153,0319491210,Computer Science and Engineering(Data Science),180,126,0,27,27,1,18,0319491211,9,FE_2024_SeatMatrix.pdf,1169,false,
2024-25,FE,03194,"Vidyavardhini's College of Engineering and Technology, Vasai",Un-Aided,Un-Aided,false,51,0319499510,Artificial Intelligence and Data Science,60,42,0,9,9,0,6,0319499511,3,FE_2024_SeatMatrix.pdf,1170,false,
2024-25,FE,03196,"Lokmanya Tilak College of Engineering, Kopar Khairane, Navi Mumbai",Un-Aided Linguistic Minority - Hindi,Un-Aided Linguistic Minority - Hindi,false,96,0319624510,Computer Engineering,120,30,61,5,24,0,0,0319624511,6,FE_2024_SeatMatrix.pdf,1171,false,
2024-25,FE,03196,"Lokmanya Tilak College of Engineering, Kopar Khairane, Navi Mumbai",Un-Aided Linguistic Minority - Hindi,Un-Aided Linguistic Minority - Hindi,false,57,0319629310,Electrical Engineering,60,22,31,4,3,0,0,0319629311,3,FE_2024_SeatMatrix.pdf,1172,false,
2024-25,FE,03196,"Lokmanya Tilak College of Engineering, Kopar Khairane, Navi Mumbai",Un-Aided Linguistic Minority - Hindi,Un-Aided Linguistic Minority - Hindi,false,57,0319637210,Electronics and Telecommunication Engg,60,22,31,4,3,0,0,0319637211,3,FE_2024_SeatMatrix.pdf,1173,false,
2024-25,FE,03196,"Lokmanya Tilak College of Engineering, Kopar Khairane, Navi Mumbai",Un-Aided Linguistic Minority - Hindi,Un-Aided Linguistic Minority - Hindi,false,57,0319661210,Mechanical Engineering,60,22,31,4,3,0,0,,0,FE_2024_SeatMatrix.pdf,1174,false,
2024-25,FE,03196,"Lokmanya Tilak College of Engineering, Kopar Khairane, Navi Mumbai",Un-Aided Linguistic Minority - Hindi,Un-Aided Linguistic Minority - Hindi,false,96,0319691110,Computer Science and Engineering(Artificial,120,30,61,5,24,0,0,0319691111,6,FE_2024_SeatMatrix.pdf,1175,false,
2024-25,FE,03196,"Lokmanya Tilak College of Engineering, Kopar Khairane, Navi Mumbai",Un-Aided Linguistic Minority - Hindi,Un-Aided Linguistic Minority - Hindi,false,48,0319691210,Computer Science and Engineering(Data Science),60,14,31,3,12,0,0,0319691211,3,FE_2024_SeatMatrix.pdf,1176,false,
2024-25,FE,03196,"Lokmanya Tilak College of Engineering, Kopar Khairane, Navi Mumbai",Un-Aided Linguistic Minority - Hindi,Un-Aided Linguistic Minority - Hindi,false,48,0319692010,Computer Science and Engineering (Internet of,60,14,31,3,12,0,0,0319692011,3,FE_2024_SeatMatrix.pdf,1177,false,
2024-25,FE,03198,"Konkan Gyanpeeth College of Engineering, Karjat",Un-Aided,Un-Aided,false,48,0319824210,Computer Science and Engineering,60,39,0,9,12,0,6,0319824211,3,FE_2024_SeatMatrix.pdf,1178,false,
2024-25,FE,03198,"Konkan Gyanpeeth College of Engineering, Karjat",Un-Aided,Un-Aided,false,54,0319824510,Computer Engineering,60,45,0,9,6,0,6,0319824511,3,FE_2024_SeatMatrix.pdf,1179,false,
2024-25,FE,03198,"Konkan Gyanpeeth College of Engineering, Karjat",Un-Aided,Un-Aided,false,54,0319824610,Information Technology,60,45,0,9,6,0,6,0319824611,3,FE_2024_SeatMatrix.pdf,1180,false,
2024-25,FE,03198,"Konkan Gyanpeeth College of Engineering, Karjat",Un-Aided,Un-Aided,false,60,0319861210,Mechanical Engineering,60,51,0,9,0,1,6,,0,FE_2024_SeatMatrix.pdf,1181,false,
2024-25,FE,03198,"Konkan Gyanpeeth College of Engineering, Karjat",Un-Aided,Un-Aided,false,54,0319899510,Artificial Intelligence and Data Science,60,45,0,9,6,0,6,0319899511,3,FE_2024_SeatMatrix.pdf,1182,false,
2024-25,FE,03200,"Hope Foundation and research center's Finolex Academy of Management and Technology, Ratnagiri",Un-Aided,Un-Aided,false,48,0320024610,Information Technology,60,39,0,9,12,0,6,0320024611,3,FE_2024_SeatMatrix.pdf,1183,false,
2024-25,FE,03200,"Hope Foundation and research center's Finolex Academy of Management and Technology, Ratnagiri",Un-Aided,Un-Aided,false,48,0320029310,Electrical Engineering,60,39,0,9,12,0,6,0320029311,3,FE_2024_SeatMatrix.pdf,1184,false,
2024-25,FE,03200,"Hope Foundation and research center's Finolex Academy of Management and Technology, Ratnagiri",Un-Aided,Un-Aided,false,48,0320037210,Electronics and Telecommunication Engg,60,39,0,9,12,0,6,0320037211,3,FE_2024_SeatMatrix.pdf,1185,false,
2024-25,FE,03200,"Hope Foundation and research center's Finolex Academy of Management and Technology, Ratnagiri",Un-Aided,Un-Aided,false,24,0320050710,Chemical Engineering,30,19,0,5,6,0,3,,0,FE_2024_SeatMatrix.pdf,1186,false,
2024-25,FE,03200,"Hope Foundation and research center's Finolex Academy of Management and Technology, Ratnagiri",Un-Aided,Un-Aided,false,72,0320061210,Mechanical Engineering,90,58,0,14,18,1,9,0320061211,5,FE_2024_SeatMatrix.pdf,1187,false,
2024-25,FE,03200,"Hope Foundation and research center's Finolex Academy of Management and Technology, Ratnagiri",Un-Aided,Un-Aided,false,48,0320091010,Computer Science and Engineering(Cyber Security),60,39,0,9,12,0,6,0320091011,3,FE_2024_SeatMatrix.pdf,1188,false,
2024-25,FE,03200,"Hope Foundation and research center's Finolex Academy of Management and Technology, Ratnagiri",Un-Aided,Un-Aided,false,48,0320091110,Computer Science and Engineering(Artificial,60,39,0,9,12,0,6,0320091111,3,FE_2024_SeatMatrix.pdf,1189,false,
2024-25,FE,03201,"Rizvi Education Society's Rizvi College of Engineering, Bandra,Mumbai",Un-Aided Religious Minority - Muslim,Un-Aided Religious Minority - Muslim,false,60,0320119110,Civil Engineering,60,25,31,4,0,0,0,,0,FE_2024_SeatMatrix.pdf,1190,false,
2024-25,FE,03201,"Rizvi Education Society's Rizvi College of Engineering, Bandra,Mumbai",Un-Aided Religious Minority - Muslim,Un-Aided Religious Minority - Muslim,false,96,0320124510,Computer Engineering,120,30,61,5,24,0,0,0320124511,6,FE_2024_SeatMatrix.pdf,1191,false,
2024-25,FE,03201,"Rizvi Education Society's Rizvi College of Engineering, Bandra,Mumbai",Un-Aided Religious Minority - Muslim,Un-Aided Religious Minority - Muslim,false,60,0320161210,Mechanical Engineering,60,25,31,4,0,0,0,,0,FE_2024_SeatMatrix.pdf,1192,false,
2024-25,FE,03201,"Rizvi Education Society's Rizvi College of Engineering, Bandra,Mumbai",Un-Aided Religious Minority - Muslim,Un-Aided Religious Minority - Muslim,false,48,0320190010,Electronics and Computer Science,60,14,31,3,12,0,0,0320190011,3,FE_2024_SeatMatrix.pdf,1193,false,
2024-25,FE,03201,"Rizvi Education Society's Rizvi College of Engineering, Bandra,Mumbai",Un-Aided Religious Minority - Muslim,Un-Aided Religious Minority - Muslim,false,48,0320199510,Artificial Intelligence and Data Science,60,14,31,3,12,0,0,0320199511,3,FE_2024_SeatMatrix.pdf,1194,false,
2024-25,FE,03202,Rajendra Mane College of Engineering & Technology Ambav Deorukh,Un-Aided,Un-Aided,false,48,0320224510,Computer Engineering,60,39,0,9,12,0,6,0320224511,3,FE_2024_SeatMatrix.pdf,1195,false,
2024-25,FE,03202,Rajendra Mane College of Engineering & Technology Ambav Deorukh,Un-Aided,Un-Aided,false,30,0320260210,Automobile Engineering,30,25,0,5,0,0,3,,0,FE_2024_SeatMatrix.pdf,1196,false,
2024-25,FE,03202,Rajendra Mane College of Engineering & Technology Ambav Deorukh,Un-Aided,Un-Aided,false,60,0320261210,Mechanical Engineering,60,51,0,9,0,1,6,,0,FE_2024_SeatMatrix.pdf,1197,false,
2024-25,FE,03202,Rajendra Mane College of Engineering & Technology Ambav Deorukh,Un-Aided,Un-Aided,false,24,0320290010,Electronics and Computer Science,30,19,0,5,6,0,3,0320290011,2,FE_2024_SeatMatrix.pdf,1198,false,
2024-25,FE,03203,"Atharva College of Engineering,Malad(West),Mumbai",Un-Aided,Un-Aided,false,96,0320324510,Computer Engineering,120,78,0,18,24,1,12,0320324511,6,FE_2024_SeatMatrix.pdf,1199,false,
2024-25,FE,03203,"Atharva College of Engineering,Malad(West),Mumbai",Un-Aided,Un-Aided,false,96,0320324610,Information Technology,120,78,0,18,24,1,12,0320324611,6,FE_2024_SeatMatrix.pdf,1200,false,
2024-25,FE,03203,"Atharva College of Engineering,Malad(West),Mumbai",Un-Aided,Un-Aided,false,48,0320329310,Electrical Engineering,60,39,0,9,12,0,6,,0,FE_2024_SeatMatrix.pdf,1201,false,
2024-25,FE,03203,"Atharva College of Engineering,Malad(West),Mumbai",Un-Aided,Un-Aided,false,96,0320337210,Electronics and Telecommunication Engg,120,78,0,18,24,1,12,0320337211,6,FE_2024_SeatMatrix.pdf,1202,false,
2024-25,FE,03203,"Atharva College of Engineering,Malad(West),Mumbai",Un-Aided,Un-Aided,false,48,0320390010,Electronics and Computer Science,60,39,0,9,12,0,6,0320390011,3,FE_2024_SeatMatrix.pdf,1203,false,
2024-25,FE,03204,"St. Francis Institute of Technology,Borivali, Mumbai",Un-Aided Religious Minority - Christian,Un-Aided Religious Minority - Christian,false,144,0320424510,Computer Engineering,180,44,92,8,36,0,0,0320424511,9,FE_2024_SeatMatrix.pdf,1204,false,
2024-25,FE,03204,"St. Francis Institute of Technology,Borivali, Mumbai",Un-Aided Religious Minority - Christian,Un-Aided Religious Minority - Christian,false,96,0320424610,Information Technology,120,30,61,5,24,0,0,0320424611,6,FE_2024_SeatMatrix.pdf,1205,false,
2024-25,FE,03204,"St. Francis Institute of Technology,Borivali, Mumbai",Un-Aided Religious Minority - Christian,Un-Aided Religious Minority - Christian,false,60,0320429310,Electrical Engineering,60,25,31,4,0,0,0,,0,FE_2024_SeatMatrix.pdf,1206,false,
2024-25,FE,03204,"St. Francis Institute of Technology,Borivali, Mumbai",Un-Aided Religious Minority - Christian,Un-Aided Religious Minority - Christian,false,96,0320437210,Electronics and Telecommunication Engg,120,30,61,5,24,0,0,0320437211,6,FE_2024_SeatMatrix.pdf,1207,false,
2024-25,FE,03204,"St. Francis Institute of Technology,Borivali, Mumbai",Un-Aided Religious Minority - Christian,Un-Aided Religious Minority - Christian,false,60,0320461210,Mechanical Engineering,60,25,31,4,0,0,0,0320461211,3,FE_2024_SeatMatrix.pdf,1208,false,
2024-25,FE,03204,"St. Francis Institute of Technology,Borivali, Mumbai",Un-Aided Religious Minority - Christian,Un-Aided Religious Minority - Christian,false,48,0320490010,Electronics and Computer Science,60,14,31,3,12,0,0,0320490011,3,FE_2024_SeatMatrix.pdf,1209,false,
2024-25,FE,03204,"St. Francis Institute of Technology,Borivali, Mumbai",Un-Aided Religious Minority - Christian,Un-Aided Religious Minority - Christian,false,48,0320492110,Artificial Intelligence and Machine Learning,60,14,31,3,12,0,0,0320492111,3,FE_2024_SeatMatrix.pdf,1210,false,
2024-25,FE,03206,"S.S.P.M.'s College of Engineering, Kankavli",Un-Aided,Un-Aided,false,48,0320624510,Computer Engineering,60,39,0,9,12,0,6,0320624511,3,FE_2024_SeatMatrix.pdf,1211,false,
2024-25,FE,03206,"S.S.P.M.'s College of Engineering, Kankavli",Un-Aided,Un-Aided,false,30,0320629310,Electrical Engineering,30,25,0,5,0,0,3,0320629311,2,FE_2024_SeatMatrix.pdf,1212,false,
2024-25,FE,03206,"S.S.P.M.'s College of Engineering, Kankavli",Un-Aided,Un-Aided,false,24,0320656610,Computer Science,30,19,0,5,6,0,3,,0,FE_2024_SeatMatrix.pdf,1213,false,
2024-25,FE,03206,"S.S.P.M.'s College of Engineering, Kankavli",Un-Aided,Un-Aided,false,60,0320661210,Mechanical Engineering,60,51,0,9,0,1,6,,0,FE_2024_SeatMatrix.pdf,1214,false,
2024-25,FE,03206,"S.S.P.M.'s College of Engineering, Kankavli",Un-Aided,Un-Aided,false,30,0320662410,Mechatronics Engineering,30,25,0,5,0,0,3,,0,FE_2024_SeatMatrix.pdf,1215,false,
2024-25,FE,03206,"S.S.P.M.'s College of Engineering, Kankavli",Un-Aided,Un-Aided,false,48,0320690010,Electronics and Computer Science,60,39,0,9,12,0,6,0320690011,3,FE_2024_SeatMatrix.pdf,1216,false,
2024-25,FE,03206,"S.S.P.M.'s College of Engineering, Kankavli",Un-Aided,Un-Aided,false,48,0320691110,Computer Science and Engineering(Artificial,60,39,0,9,12,0,6,0320691111,3,FE_2024_SeatMatrix.pdf,1217,false,
2024-25,FE,03208,"Don Bosco Institute of Technology, Mumbai",Un-Aided Religious Minority - Roman Catholics,Un-Aided Religious Minority - Roman Catholics,false,120,0320824510,Computer Engineering,120,50,61,9,0,0,0,0320824511,6,FE_2024_SeatMatrix.pdf,1218,false,
2024-25,FE,03208,"Don Bosco Institute of Technology, Mumbai",Un-Aided Religious Minority - Roman Catholics,Un-Aided Religious Minority - Roman Catholics,false,60,0320824610,Information Technology,60,25,31,4,0,0,0,0320824611,3,FE_2024_SeatMatrix.pdf,1219,false,
2024-25,FE,03208,"Don Bosco Institute of Technology, Mumbai",Un-Aided Religious Minority - Roman Catholics,Un-Aided Religious Minority - Roman Catholics,false,60,0320837210,Electronics and Telecommunication Engg,60,25,31,4,0,0,0,0320837211,3,FE_2024_SeatMatrix.pdf,1220,false,
2024-25,FE,03208,"Don Bosco Institute of Technology, Mumbai",Un-Aided Religious Minority - Roman Catholics,Un-Aided Religious Minority - Roman Catholics,false,60,0320861210,Mechanical Engineering,60,25,31,4,0,0,0,0320861211,3,FE_2024_SeatMatrix.pdf,1221,false,
2024-25,FE,03210,"Excelsior Education Society's K.C. College of Engineering and Management Studies and Research, Kopri, Thane (E)",Un-Aided Linguistic Minority - Punjabi,Un-Aided Linguistic Minority - Punjabi,false,144,0321024510,Computer Engineering,180,44,92,8,36,0,0,0321024511,9,FE_2024_SeatMatrix.pdf,1222,false,
2024-25,FE,03210,"Excelsior Education Society's K.C. College of Engineering and Management Studies and Research, Kopri, Thane (E)",Un-Aided Linguistic Minority - Punjabi,Un-Aided Linguistic Minority - Punjabi,false,144,0321024610,Information Technology,180,44,92,8,36,0,0,0321024611,9,FE_2024_SeatMatrix.pdf,1223,false,
2024-25,FE,03210,"Excelsior Education Society's K.C. College of Engineering and Management Studies and Research, Kopri, Thane (E)",Un-Aided Linguistic Minority - Punjabi,Un-Aided Linguistic Minority - Punjabi,false,48,0321037210,Electronics and Telecommunication Engg,60,14,31,3,12,0,0,0321037211,3,FE_2024_SeatMatrix.pdf,1224,false,
2024-25,FE,03212,"Watumull Institute of Engineering & Technology, Ulhasnagar",Un-Aided Linguistic Minority - Sindhi,Un-Aided Linguistic Minority - Sindhi,false,30,0321219110,Civil Engineering,30,13,15,2,0,0,0,,0,FE_2024_SeatMatrix.pdf,1225,false,
2024-25,FE,03212,"Watumull Institute of Engineering & Technology, Ulhasnagar",Un-Aided Linguistic Minority - Sindhi,Un-Aided Linguistic Minority - Sindhi,false,162,0321224510,Computer Engineering,180,59,92,11,18,0,0,0321224511,9,FE_2024_SeatMatrix.pdf,1226,false,
2024-25,FE,03214,"Xavier Institute Of Engineering C/O Xavier Technical Institute,Mahim,Mumbai",Un-Aided Religious Minority - Christian,Un-Aided Religious Minority - Christian,false,72,0321424510,Computer Engineering,90,22,46,4,18,0,0,0321424511,5,FE_2024_SeatMatrix.pdf,1227,false,
2024-25,FE,03214,"Xavier Institute Of Engineering C/O Xavier Technical Institute,Mahim,Mumbai",Un-Aided Religious Minority - Christian,Un-Aided Religious Minority - Christian,false,48,0321424610,Information Technology,60,14,31,3,12,0,0,0321424611,3,FE_2024_SeatMatrix.pdf,1228,false,
2024-25,FE,03214,"Xavier Institute Of Engineering C/O Xavier Technical Institute,Mahim,Mumbai",Un-Aided Religious Minority - Christian,Un-Aided Religious Minority - Christian,false,24,0321437210,Electronics and Telecommunication Engg,30,8,15,1,6,0,0,0321437211,2,FE_2024_SeatMatrix.pdf,1229,false,
2024-25,FE,03214,"Xavier Institute Of Engineering C/O Xavier Technical Institute,Mahim,Mumbai",Un-Aided Religious Minority - Christian,Un-Aided Religious Minority - Christian,false,48,0321492010,Computer Science and Engineering (Internet of,60,14,31,3,12,0,0,0321492011,3,FE_2024_SeatMatrix.pdf,1230,false,
2024-25,FE,03216,"Gharda Foundation's Gharda Institute of Technology,Khed, Ratnagiri",Un-Aided,Un-Aided,false,60,0321619110,Civil Engineering,60,51,0,9,0,1,6,,0,FE_2024_SeatMatrix.pdf,1231,false,
2024-25,FE,03216,"Gharda Foundation's Gharda Institute of Technology,Khed, Ratnagiri",Un-Aided,Un-Aided,false,48,0321624510,Computer Engineering,60,39,0,9,12,0,6,0321624511,3,FE_2024_SeatMatrix.pdf,1232,false,
2024-25,FE,03216,"Gharda Foundation's Gharda Institute of Technology,Khed, Ratnagiri",Un-Aided,Un-Aided,false,30,0321637210,Electronics and Telecommunication Engg,30,25,0,5,0,0,3,0321637211,2,FE_2024_SeatMatrix.pdf,1233,false,
2024-25,FE,03216,"Gharda Foundation's Gharda Institute of Technology,Khed, Ratnagiri",Un-Aided,Un-Aided,false,60,0321650710,Chemical Engineering,60,51,0,9,0,1,6,,0,FE_2024_SeatMatrix.pdf,1234,false,
2024-25,FE,03216,"Gharda Foundation's Gharda Institute of Technology,Khed, Ratnagiri",Un-Aided,Un-Aided,false,30,0321661210,Mechanical Engineering,30,25,0,5,0,0,3,0321661211,2,FE_2024_SeatMatrix.pdf,1235,false,
2024-25,FE,03216,"Gharda Foundation's Gharda Institute of Technology,Khed, Ratnagiri",Un-Aided,Un-Aided,false,48,0321691110,Computer Science and Engineering(Artificial,60,39,0,9,12,0,6,0321691111,3,FE_2024_SeatMatrix.pdf,1236,false,
2024-25,FE,03217,"Vighnaharata Trust's Shivajirao S. Jondhale College of Engineering & Technology, Shahapur, Asangaon, Dist Thane",Un-Aided,Un-Aided,false,60,0321719110,Civil Engineering,60,51,0,9,0,1,6,,0,FE_2024_SeatMatrix.pdf,1237,false,
2024-25,FE,03217,"Vighnaharata Trust's Shivajirao S. Jondhale College of Engineering & Technology, Shahapur, Asangaon, Dist Thane",Un-Aided,Un-Aided,false,48,0321724510,Computer Engineering,60,39,0,9,12,0,6,0321724511,3,FE_2024_SeatMatrix.pdf,1238,false,
2024-25,FE,03217,"Vighnaharata Trust's Shivajirao S. Jondhale College of Engineering & Technology, Shahapur, Asangaon, Dist Thane",Un-Aided,Un-Aided,false,48,0321737210,Electronics and Telecommunication Engg,60,39,0,9,12,0,6,,0,FE_2024_SeatMatrix.pdf,1239,false,
2024-25,FE,03217,"Vighnaharata Trust's Shivajirao S. Jondhale College of Engineering & Technology, Shahapur, Asangaon, Dist Thane",Un-Aided,Un-Aided,false,60,0321761210,Mechanical Engineering,60,51,0,9,0,1,6,,0,FE_2024_SeatMatrix.pdf,1240,false,
2024-25,FE,03217,"Vighnaharata Trust's Shivajirao S. Jondhale College of Engineering & Technology, Shahapur, Asangaon, Dist Thane",Un-Aided,Un-Aided,false,60,0321791610,Automation and Robotics,60,51,0,9,0,1,6,,0,FE_2024_SeatMatrix.pdf,1241,false,
2024-25,FE,03219,"Koti Vidya Charitable Trust's Smt. Alamuri Ratnamala Institute of Engineering and Technology, Sapgaon, Tal. Shahapur",Un-Aided Linguistic Minority - Hindi,Un-Aided Linguistic Minority - Hindi,false,60,0321919110,Civil Engineering,60,25,31,4,0,0,0,,0,FE_2024_SeatMatrix.pdf,1242,false,
2024-25,FE,03219,"Koti Vidya Charitable Trust's Smt. Alamuri Ratnamala Institute of Engineering and Technology, Sapgaon, Tal. Shahapur",Un-Aided Linguistic Minority - Hindi,Un-Aided Linguistic Minority - Hindi,false,120,0321924510,Computer Engineering,120,50,61,9,0,0,0,0321924511,6,FE_2024_SeatMatrix.pdf,1243,false,
2024-25,FE,03219,"Koti Vidya Charitable Trust's Smt. Alamuri Ratnamala Institute of Engineering and Technology, Sapgaon, Tal. Shahapur",Un-Aided Linguistic Minority - Hindi,Un-Aided Linguistic Minority - Hindi,false,30,0321924610,Information Technology,30,13,15,2,0,0,0,0321924611,2,FE_2024_SeatMatrix.pdf,1244,false,
2024-25,FE,03219,"Koti Vidya Charitable Trust's Smt. Alamuri Ratnamala Institute of Engineering and Technology, Sapgaon, Tal. Shahapur",Un-Aided Linguistic Minority - Hindi,Un-Aided Linguistic Minority - Hindi,false,60,0321929310,Electrical Engineering,60,25,31,4,0,0,0,,0,FE_2024_SeatMatrix.pdf,1245,false,
2024-25,FE,03219,"Koti Vidya Charitable Trust's Smt. Alamuri Ratnamala Institute of Engineering and Technology, Sapgaon, Tal. Shahapur",Un-Aided Linguistic Minority - Hindi,Un-Aided Linguistic Minority - Hindi,false,30,0321937210,Electronics and Telecommunication Engg,30,13,15,2,0,0,0,,0,FE_2024_SeatMatrix.pdf,1246,false,
2024-25,FE,03219,"Koti Vidya Charitable Trust's Smt. Alamuri Ratnamala Institute of Engineering and Technology, Sapgaon, Tal. Shahapur",Un-Aided Linguistic Minority - Hindi,Un-Aided Linguistic Minority - Hindi,false,60,0321961210,Mechanical Engineering,60,25,31,4,0,0,0,,0,FE_2024_SeatMatrix.pdf,1247,false,
2024-25,FE,03219,"Koti Vidya Charitable Trust's Smt. Alamuri Ratnamala Institute of Engineering and Technology, Sapgaon, Tal. Shahapur",Un-Aided Linguistic Minority - Hindi,Un-Aided Linguistic Minority - Hindi,false,60,0321991110,Computer Science and Engineering(Artificial,60,25,31,4,0,0,0,0321991111,3,FE_2024_SeatMatrix.pdf,1248,false,
2024-25,FE,03220,Yadavrao Tasgaonkar College of Engineering & Management,Un-Aided,Un-Aided,false,48,0322019110,Civil Engineering,60,39,0,9,12,0,6,,0,FE_2024_SeatMatrix.pdf,1249,false,
2024-25,FE,03220,Yadavrao Tasgaonkar College of Engineering & Management,Un-Aided,Un-Aided,false,34,0322024510,Computer Engineering,42,28,0,6,8,0,4,,0,FE_2024_SeatMatrix.pdf,1250,false,
2024-25,FE,03220,Yadavrao Tasgaonkar College of Engineering & Management,Un-Aided,Un-Aided,false,34,0322024610,Information Technology,42,28,0,6,8,0,4,,0,FE_2024_SeatMatrix.pdf,1251,false,
2024-25,FE,03220,Yadavrao Tasgaonkar College of Engineering & Management,Un-Aided,Un-Aided,false,24,0322025210,Cyber Security,30,19,0,5,6,0,3,,0,FE_2024_SeatMatrix.pdf,1252,false,
2024-25,FE,03220,Yadavrao Tasgaonkar College of Engineering & Management,Un-Aided,Un-Aided,false,24,0322037210,Electronics and Telecommunication Engg,30,19,0,5,6,0,3,,0,FE_2024_SeatMatrix.pdf,1253,false,
2024-25,FE,03220,Yadavrao Tasgaonkar College of Engineering & Management,Un-Aided,Un-Aided,false,48,0322061210,Mechanical Engineering,60,39,0,9,12,0,6,,0,FE_2024_SeatMatrix.pdf,1254,false,
2024-25,FE,03220,Yadavrao Tasgaonkar College of Engineering & Management,Un-Aided,Un-Aided,false,24,0322092110,Artificial Intelligence and Machine Learning,30,19,0,5,6,0,3,,0,FE_2024_SeatMatrix.pdf,1255,false,
2024-25,FE,03221,"Vishnu Waman Thakur Charitable Trust's VIVA Institute of Technology, Virar",Un-Aided,Un-Aided,false,48,0322119110,Civil Engineering,60,39,0,9,12,0,6,,0,FE_2024_SeatMatrix.pdf,1256,false,
2024-25,FE,03221,"Vishnu Waman Thakur Charitable Trust's VIVA Institute of Technology, Virar",Un-Aided,Un-Aided,false,48,0322124510,Computer Engineering,60,39,0,9,12,0,6,0322124511,3,FE_2024_SeatMatrix.pdf,1257,false,
2024-25,FE,03221,"Vishnu Waman Thakur Charitable Trust's VIVA Institute of Technology, Virar",Un-Aided,Un-Aided,false,48,0322137210,Electronics and Telecommunication Engg,60,39,0,9,12,0,6,,0,FE_2024_SeatMatrix.pdf,1258,false,
2024-25,FE,03221,"Vishnu Waman Thakur Charitable Trust's VIVA Institute of Technology, Virar",Un-Aided,Un-Aided,false,48,0322161210,Mechanical Engineering,60,39,0,9,12,0,6,,0,FE_2024_SeatMatrix.pdf,1259,false,
2024-25,FE,03221,"Vishnu Waman Thakur Charitable Trust's VIVA Institute of Technology, Virar",Un-Aided,Un-Aided,false,96,0322191110,Computer Science and Engineering(Artificial,120,78,0,18,24,1,12,0322191111,6,FE_2024_SeatMatrix.pdf,1260,false,
2024-25,FE,03221,"Vishnu Waman Thakur Charitable Trust's VIVA Institute of Technology, Virar",Un-Aided,Un-Aided,false,48,0322192610,Electrical and Computer Engineering,60,39,0,9,12,0,6,0322192611,3,FE_2024_SeatMatrix.pdf,1261,false,
2024-25,FE,03222,"Haji Jamaluddin Thim Trust's Theem College of Engineering, At. Villege Betegaon, Boisar",Un-Aided Religious Minority - Muslim,Un-Aided Religious Minority - Muslim,false,30,0322219110,Civil Engineering,30,13,15,2,0,0,0,,0,FE_2024_SeatMatrix.pdf,1262,false,
2024-25,FE,03222,"Haji Jamaluddin Thim Trust's Theem College of Engineering, At. Villege Betegaon, Boisar",Un-Aided Religious Minority - Muslim,Un-Aided Religious Minority - Muslim,false,51,0322224510,Computer Engineering,60,17,31,3,9,0,0,0322224511,3,FE_2024_SeatMatrix.pdf,1263,false,
2024-25,FE,03222,"Haji Jamaluddin Thim Trust's Theem College of Engineering, At. Villege Betegaon, Boisar",Un-Aided Religious Minority - Muslim,Un-Aided Religious Minority - Muslim,false,57,0322224610,Information Technology,60,22,31,4,3,0,0,0322224611,3,FE_2024_SeatMatrix.pdf,1264,false,
2024-25,FE,03222,"Haji Jamaluddin Thim Trust's Theem College of Engineering, At. Villege Betegaon, Boisar",Un-Aided Religious Minority - Muslim,Un-Aided Religious Minority - Muslim,false,30,0322229310,Electrical Engineering,30,13,15,2,0,0,0,,0,FE_2024_SeatMatrix.pdf,1265,false,
2024-25,FE,03222,"Haji Jamaluddin Thim Trust's Theem College of Engineering, At. Villege Betegaon, Boisar",Un-Aided Religious Minority - Muslim,Un-Aided Religious Minority - Muslim,false,30,0322260210,Automobile Engineering,30,13,15,2,0,0,0,,0,FE_2024_SeatMatrix.pdf,1266,false,
2024-25,FE,03222,"Haji Jamaluddin Thim Trust's Theem College of Engineering, At. Villege Betegaon, Boisar",Un-Aided Religious Minority - Muslim,Un-Aided Religious Minority - Muslim,false,30,0322261210,Mechanical Engineering,30,13,15,2,0,0,0,,0,FE_2024_SeatMatrix.pdf,1267,false,
2024-25,FE,03222,"Haji Jamaluddin Thim Trust's Theem College of Engineering, At. Villege Betegaon, Boisar",Un-Aided Religious Minority - Muslim,Un-Aided Religious Minority - Muslim,false,110,0322291110,Computer Science and Engineering(Artificial,120,42,61,7,10,0,0,0322291111,6,FE_2024_SeatMatrix.pdf,1268,false,
2024-25,FE,03223,"Mahatma Education Society's Pillai HOC College of Engineering & Technology, Tal. Khalapur. Dist. Raigad",Un-Aided Linguistic Minority - Malyalam,Un-Aided Linguistic Minority - Malyalam,false,48,0322319110,Civil Engineering,60,14,31,3,12,0,0,,0,FE_2024_SeatMatrix.pdf,1269,false,
2024-25,FE,03223,"Mahatma Education Society's Pillai HOC College of Engineering & Technology, Tal. Khalapur. Dist. Raigad",Un-Aided Linguistic Minority - Malyalam,Un-Aided Linguistic Minority - Malyalam,false,144,0322324510,Computer Engineering,180,44,92,8,36,0,0,0322324511,9,FE_2024_SeatMatrix.pdf,1270,false,
2024-25,FE,03223,"Mahatma Education Society's Pillai HOC College of Engineering & Technology, Tal. Khalapur. Dist. Raigad",Un-Aided Linguistic Minority - Malyalam,Un-Aided Linguistic Minority - Malyalam,false,96,0322324610,Information Technology,120,30,61,5,24,0,0,0322324611,6,FE_2024_SeatMatrix.pdf,1271,false,
2024-25,FE,03223,"Mahatma Education Society's Pillai HOC College of Engineering & Technology, Tal. Khalapur. Dist. Raigad",Un-Aided Linguistic Minority - Malyalam,Un-Aided Linguistic Minority - Malyalam,false,48,0322361210,Mechanical Engineering,60,14,31,3,12,0,0,,0,FE_2024_SeatMatrix.pdf,1272,false,
2024-25,FE,03223,"Mahatma Education Society's Pillai HOC College of Engineering & Technology, Tal. Khalapur. Dist. Raigad",Un-Aided Linguistic Minority - Malyalam,Un-Aided Linguistic Minority - Malyalam,false,48,0322390010,Electronics and Computer Science,60,14,31,3,12,0,0,0322390011,3,FE_2024_SeatMatrix.pdf,1273,false,
2024-25,FE,03223,"Mahatma Education Society's Pillai HOC College of Engineering & Technology, Tal. Khalapur. Dist. Raigad",Un-Aided Linguistic Minority - Malyalam,Un-Aided Linguistic Minority - Malyalam,false,48,0322392610,Electrical and Computer Engineering,60,14,31,3,12,0,0,0322392611,3,FE_2024_SeatMatrix.pdf,1274,false,
2024-25,FE,03224,"Leela Education Society, G.V. Acharya Institute of Engineering and Technology, Shelu, Karjat",Un-Aided,Un-Aided,false,30,0322419110,Civil Engineering,30,25,0,5,0,0,3,,0,FE_2024_SeatMatrix.pdf,1275,false,
2024-25,FE,03224,"Leela Education Society, G.V. Acharya Institute of Engineering and Technology, Shelu, Karjat",Un-Aided,Un-Aided,false,48,0322424510,Computer Engineering,60,39,0,9,12,0,6,0322424511,3,FE_2024_SeatMatrix.pdf,1276,false,
2024-25,FE,03224,"Leela Education Society, G.V. Acharya Institute of Engineering and Technology, Shelu, Karjat",Un-Aided,Un-Aided,false,60,0322461210,Mechanical Engineering,60,51,0,9,0,1,6,,0,FE_2024_SeatMatrix.pdf,1277,false,
2024-25,FE,03224,"Leela Education Society, G.V. Acharya Institute of Engineering and Technology, Shelu, Karjat",Un-Aided,Un-Aided,false,48,0322491110,Computer Science and Engineering(Artificial,60,39,0,9,12,0,6,0322491111,3,FE_2024_SeatMatrix.pdf,1278,false,
2024-25,FE,03224,"Leela Education Society, G.V. Acharya Institute of Engineering and Technology, Shelu, Karjat",Un-Aided,Un-Aided,false,60,0322492010,Computer Science and Engineering (Internet of,60,51,0,9,0,1,6,,0,FE_2024_SeatMatrix.pdf,1279,false,
2024-25,FE,03257,"Vidya Prasarak Mandal's College of Engineering, Thane",Un-Aided,Un-Aided,false,48,0325724510,Computer Engineering,60,39,0,9,12,0,6,0325724511,3,FE_2024_SeatMatrix.pdf,1280,false,
2024-25,FE,03257,"Vidya Prasarak Mandal's College of Engineering, Thane",Un-Aided,Un-Aided,false,48,0325724610,Information Technology,60,39,0,9,12,0,6,0325724611,3,FE_2024_SeatMatrix.pdf,1281,false,
2024-25,FE,03257,"Vidya Prasarak Mandal's College of Engineering, Thane",Un-Aided,Un-Aided,false,57,0325729310,Electrical Engineering,60,48,0,9,3,0,6,0325729311,3,FE_2024_SeatMatrix.pdf,1282,false,
2024-25,FE,03257,"Vidya Prasarak Mandal's College of Engineering, Thane",Un-Aided,Un-Aided,false,57,0325737210,Electronics and Telecommunication Engg,60,48,0,9,3,0,6,0325737211,3,FE_2024_SeatMatrix.pdf,1283,false,
2024-25,FE,03257,"Vidya Prasarak Mandal's College of Engineering, Thane",Un-Aided,Un-Aided,false,54,0325791610,Automation and Robotics,60,45,0,9,6,0,6,0325791611,3,FE_2024_SeatMatrix.pdf,1284,false,
2024-25,FE,03277,Pravin Rohidas Patil College of Engineering & Technology,Un-Aided,Un-Aided,false,48,0327724510,Computer Engineering,60,39,0,9,12,0,6,0327724511,3,FE_2024_SeatMatrix.pdf,1285,false,
2024-25,FE,03277,Pravin Rohidas Patil College of Engineering & Technology,Un-Aided,Un-Aided,false,48,0327724610,Information Technology,60,39,0,9,12,0,6,0327724611,3,FE_2024_SeatMatrix.pdf,1286,false,
2024-25,FE,03277,Pravin Rohidas Patil College of Engineering & Technology,Un-Aided,Un-Aided,false,48,0327735610,Electrical Engg[Electronics and Power],60,39,0,9,12,0,6,,0,FE_2024_SeatMatrix.pdf,1287,false,
2024-25,FE,03277,Pravin Rohidas Patil College of Engineering & Technology,Un-Aided,Un-Aided,false,48,0327761510,Mechanical & Automation Engineering,60,39,0,9,12,0,6,,0,FE_2024_SeatMatrix.pdf,1288,false,
2024-25,FE,03277,Pravin Rohidas Patil College of Engineering & Technology,Un-Aided,Un-Aided,false,48,0327793410,Civil Engineering and Planning,60,39,0,9,12,0,6,,0,FE_2024_SeatMatrix.pdf,1289,false,
2024-25,FE,03277,Pravin Rohidas Patil College of Engineering & Technology,Un-Aided,Un-Aided,false,48,0327793510,Electronics and Biomedical Engineering,60,39,0,9,12,0,6,,0,FE_2024_SeatMatrix.pdf,1290,false,
2024-25,FE,03351,"Bharat College of Engineering, Kanhor, Badlapur(W)",Un-Aided,Un-Aided,false,30,0335119110,Civil Engineering,30,25,0,5,0,0,3,,0,FE_2024_SeatMatrix.pdf,1291,false,
2024-25,FE,03351,"Bharat College of Engineering, Kanhor, Badlapur(W)",Un-Aided,Un-Aided,false,60,0335124510,Computer Engineering,60,51,0,9,0,1,6,0335124511,3,FE_2024_SeatMatrix.pdf,1292,false,
2024-25,FE,03351,"Bharat College of Engineering, Kanhor, Badlapur(W)",Un-Aided,Un-Aided,false,60,0335156810,Computer Science and Information Technology,60,51,0,9,0,1,6,0335156811,3,FE_2024_SeatMatrix.pdf,1293,false,
2024-25,FE,03351,"Bharat College of Engineering, Kanhor, Badlapur(W)",Un-Aided,Un-Aided,false,60,0335161210,Mechanical Engineering,60,51,0,9,0,1,6,,0,FE_2024_SeatMatrix.pdf,1294,false,
2024-25,FE,03351,"Bharat College of Engineering, Kanhor, Badlapur(W)",Un-Aided,Un-Aided,false,57,0335191110,Computer Science and Engineering(Artificial,60,48,0,9,3,0,6,0335191111,3,FE_2024_SeatMatrix.pdf,1295,false,
2024-25,FE,03351,"Bharat College of Engineering, Kanhor, Badlapur(W)",Un-Aided,Un-Aided,false,60,0335191210,Computer Science and Engineering(Data Science),60,51,0,9,0,1,6,0335191211,3,FE_2024_SeatMatrix.pdf,1296,false,
2024-25,FE,03353,"Dilkap Research Institute Of Engineering and Management Studies, At.Mamdapur, Post- Neral, Tal- Karjat, Mumbai",Un-Aided,Un-Aided,false,56,0335319110,Civil Engineering,60,47,0,9,4,0,6,,0,FE_2024_SeatMatrix.pdf,1297,false,
2024-25,FE,03353,"Dilkap Research Institute Of Engineering and Management Studies, At.Mamdapur, Post- Neral, Tal- Karjat, Mumbai",Un-Aided,Un-Aided,false,96,0335324510,Computer Engineering,120,78,0,18,24,1,12,0335324511,6,FE_2024_SeatMatrix.pdf,1298,false,
2024-25,FE,03353,"Dilkap Research Institute Of Engineering and Management Studies, At.Mamdapur, Post- Neral, Tal- Karjat, Mumbai",Un-Aided,Un-Aided,false,24,0335324610,Information Technology,30,19,0,5,6,0,3,0335324611,2,FE_2024_SeatMatrix.pdf,1299,false,
2024-25,FE,03353,"Dilkap Research Institute Of Engineering and Management Studies, At.Mamdapur, Post- Neral, Tal- Karjat, Mumbai",Un-Aided,Un-Aided,false,54,0335329310,Electrical Engineering,60,45,0,9,6,0,6,,0,FE_2024_SeatMatrix.pdf,1300,false,
2024-25,FE,03353,"Dilkap Research Institute Of Engineering and Management Studies, At.Mamdapur, Post- Neral, Tal- Karjat, Mumbai",Un-Aided,Un-Aided,false,24,0335361210,Mechanical Engineering,30,19,0,5,6,0,3,,0,FE_2024_SeatMatrix.pdf,1301,false,
2024-25,FE,03353,"Dilkap Research Institute Of Engineering and Management Studies, At.Mamdapur, Post- Neral, Tal- Karjat, Mumbai",Un-Aided,Un-Aided,false,24,0335392010,Computer Science and Engineering (Internet of,30,19,0,5,6,0,3,0335392011,2,FE_2024_SeatMatrix.pdf,1302,false,
2024-25,FE,03353,"Dilkap Research Institute Of Engineering and Management Studies, At.Mamdapur, Post- Neral, Tal- Karjat, Mumbai",Un-Aided,Un-Aided,false,48,0335392110,Artificial Intelligence and Machine Learning,60,39,0,9,12,0,6,,0,FE_2024_SeatMatrix.pdf,1303,false,
2024-25,FE,03423,"Shree L.R. Tiwari College of Engineering, Mira Road, Mumbai",Un-Aided Linguistic Minority - Hindi,Un-Aided Linguistic Minority - Hindi,false,24,0342319110,Civil Engineering,30,8,15,1,6,0,0,,0,FE_2024_SeatMatrix.pdf,1304,false,
2024-25,FE,03423,"Shree L.R. Tiwari College of Engineering, Mira Road, Mumbai",Un-Aided Linguistic Minority - Hindi,Un-Aided Linguistic Minority - Hindi,false,144,0342324510,Computer Engineering,180,44,92,8,36,0,0,0342324511,9,FE_2024_SeatMatrix.pdf,1305,false,
2024-25,FE,03423,"Shree L.R. Tiwari College of Engineering, Mira Road, Mumbai",Un-Aided Linguistic Minority - Hindi,Un-Aided Linguistic Minority - Hindi,false,144,0342324610,Information Technology,180,44,92,8,36,0,0,0342324611,9,FE_2024_SeatMatrix.pdf,1306,false,
2024-25,FE,03423,"Shree L.R. Tiwari College of Engineering, Mira Road, Mumbai",Un-Aided Linguistic Minority - Hindi,Un-Aided Linguistic Minority - Hindi,false,48,0342337210,Electronics and Telecommunication Engg,60,14,31,3,12,0,0,0342337211,3,FE_2024_SeatMatrix.pdf,1307,false,
2024-25,FE,03423,"Shree L.R. Tiwari College of Engineering, Mira Road, Mumbai",Un-Aided Linguistic Minority - Hindi,Un-Aided Linguistic Minority - Hindi,false,24,0342361210,Mechanical Engineering,30,8,15,1,6,0,0,,0,FE_2024_SeatMatrix.pdf,1308,false,
2024-25,FE,03423,"Shree L.R. Tiwari College of Engineering, Mira Road, Mumbai",Un-Aided Linguistic Minority - Hindi,Un-Aided Linguistic Minority - Hindi,false,48,0342390010,Electronics and Computer Science,60,14,31,3,12,0,0,0342390011,3,FE_2024_SeatMatrix.pdf,1309,false,
2024-25,FE,03436,"B.R. Harne College of Engineering & Technology, Karav, Tal-Ambernath.",Un-Aided,Un-Aided,false,30,0343619110,Civil Engineering,30,25,0,5,0,0,3,,0,FE_2024_SeatMatrix.pdf,1310,false,
2024-25,FE,03436,"B.R. Harne College of Engineering & Technology, Karav, Tal-Ambernath.",Un-Aided,Un-Aided,false,81,0343624510,Computer Engineering,90,67,0,14,9,1,9,0343624511,5,FE_2024_SeatMatrix.pdf,1311,false,
2024-25,FE,03436,"B.R. Harne College of Engineering & Technology, Karav, Tal-Ambernath.",Un-Aided,Un-Aided,false,54,0343624610,Information Technology,60,45,0,9,6,0,6,0343624611,3,FE_2024_SeatMatrix.pdf,1312,false,
2024-25,FE,03436,"B.R. Harne College of Engineering & Technology, Karav, Tal-Ambernath.",Un-Aided,Un-Aided,false,30,0343629310,Electrical Engineering,30,25,0,5,0,0,3,,0,FE_2024_SeatMatrix.pdf,1313,false,
2024-25,FE,03436,"B.R. Harne College of Engineering & Technology, Karav, Tal-Ambernath.",Un-Aided,Un-Aided,false,30,0343661210,Mechanical Engineering,30,25,0,5,0,0,3,,0,FE_2024_SeatMatrix.pdf,1314,false,
2024-25,FE,03436,"B.R. Harne College of Engineering & Technology, Karav, Tal-Ambernath.",Un-Aided,Un-Aided,false,28,0343690010,Electronics and Computer Science,30,23,0,5,2,0,3,0343690011,2,FE_2024_SeatMatrix.pdf,1315,false,
2024-25,FE,03436,"B.R. Harne College of Engineering & Technology, Karav, Tal-Ambernath.",Un-Aided,Un-Aided,false,57,0343691110,Computer Science and Engineering(Artificial,60,48,0,9,3,0,6,,0,FE_2024_SeatMatrix.pdf,1316,false,
2024-25,FE,03439,"Anjuman-I-Islam's Kalsekar Technical Campus, Panvel",Un-Aided Religious Minority - Muslim,Un-Aided Religious Minority - Muslim,false,48,0343919110,Civil Engineering,60,14,31,3,12,0,0,,0,FE_2024_SeatMatrix.pdf,1317,false,
2024-25,FE,03439,"Anjuman-I-Islam's Kalsekar Technical Campus, Panvel",Un-Aided Religious Minority - Muslim,Un-Aided Religious Minority - Muslim,false,96,0343924510,Computer Engineering,120,30,61,5,24,0,0,0343924511,6,FE_2024_SeatMatrix.pdf,1318,false,
2024-25,FE,03439,"Anjuman-I-Islam's Kalsekar Technical Campus, Panvel",Un-Aided Religious Minority - Muslim,Un-Aided Religious Minority - Muslim,false,48,0343961210,Mechanical Engineering,60,14,31,3,12,0,0,0343961211,3,FE_2024_SeatMatrix.pdf,1319,false,
2024-25,FE,03439,"Anjuman-I-Islam's Kalsekar Technical Campus, Panvel",Un-Aided Religious Minority - Muslim,Un-Aided Religious Minority - Muslim,false,48,0343990010,Electronics and Computer Science,60,14,31,3,12,0,0,0343990011,3,FE_2024_SeatMatrix.pdf,1320,false,
2024-25,FE,03439,"Anjuman-I-Islam's Kalsekar Technical Campus, Panvel",Un-Aided Religious Minority - Muslim,Un-Aided Religious Minority - Muslim,false,48,0343991110,Computer Science and Engineering(Artificial,60,14,31,3,12,0,0,0343991111,3,FE_2024_SeatMatrix.pdf,1321,false,
2024-25,FE,03439,"Anjuman-I-Islam's Kalsekar Technical Campus, Panvel",Un-Aided Religious Minority - Muslim,Un-Aided Religious Minority - Muslim,false,48,0343991210,Computer Science and Engineering(Data Science),60,14,31,3,12,0,0,0343991211,3,FE_2024_SeatMatrix.pdf,1322,false,
2024-25,FE,03439,"Anjuman-I-Islam's Kalsekar Technical Campus, Panvel",Un-Aided Religious Minority - Muslim,Un-Aided Religious Minority - Muslim,false,48,0343992610,Electrical and Computer Engineering,60,14,31,3,12,0,0,0343992611,3,FE_2024_SeatMatrix.pdf,1323,false,
2024-25,FE,03440,"Metropolitan Institute of Technology & Management, Sukhalwad, Sindhudurg.",Un-Aided,Un-Aided,false,90,0344019110,Civil Engineering,90,76,0,14,0,1,9,,0,FE_2024_SeatMatrix.pdf,1324,false,
2024-25,FE,03440,"Metropolitan Institute of Technology & Management, Sukhalwad, Sindhudurg.",Un-Aided,Un-Aided,false,45,0344024510,Computer Engineering,45,38,0,7,0,0,5,,0,FE_2024_SeatMatrix.pdf,1325,false,
2024-25,FE,03440,"Metropolitan Institute of Technology & Management, Sukhalwad, Sindhudurg.",Un-Aided,Un-Aided,false,45,0344037210,Electronics and Telecommunication Engg,45,38,0,7,0,0,5,,0,FE_2024_SeatMatrix.pdf,1326,false,
2024-25,FE,03440,"Metropolitan Institute of Technology & Management, Sukhalwad, Sindhudurg.",Un-Aided,Un-Aided,false,90,0344061210,Mechanical Engineering,90,76,0,14,0,1,9,,0,FE_2024_SeatMatrix.pdf,1327,false,
2024-25,FE,03445,"Vishwatmak Jangli Maharaj Ashram Trust (Kokamthan), Atma Malik Institute Of Technology & Research",Un-Aided,Un-Aided,false,30,0344519110,Civil Engineering,30,25,0,5,0,0,3,,0,FE_2024_SeatMatrix.pdf,1328,false,
2024-25,FE,03445,"Vishwatmak Jangli Maharaj Ashram Trust (Kokamthan), Atma Malik Institute Of Technology & Research",Un-Aided,Un-Aided,false,54,0344524510,Computer Engineering,60,45,0,9,6,0,6,0344524511,3,FE_2024_SeatMatrix.pdf,1329,false,
2024-25,FE,03445,"Vishwatmak Jangli Maharaj Ashram Trust (Kokamthan), Atma Malik Institute Of Technology & Research",Un-Aided,Un-Aided,false,30,0344537210,Electronics and Telecommunication Engg,30,25,0,5,0,0,3,,0,FE_2024_SeatMatrix.pdf,1330,false,
2024-25,FE,03445,"Vishwatmak Jangli Maharaj Ashram Trust (Kokamthan), Atma Malik Institute Of Technology & Research",Un-Aided,Un-Aided,false,30,0344561210,Mechanical Engineering,30,25,0,5,0,0,3,,0,FE_2024_SeatMatrix.pdf,1331,false,
2024-25,FE,03445,"Vishwatmak Jangli Maharaj Ashram Trust (Kokamthan), Atma Malik Institute Of Technology & Research",Un-Aided,Un-Aided,false,27,0344592010,Computer Science and Engineering (Internet of,30,22,0,5,3,0,3,0344592011,2,FE_2024_SeatMatrix.pdf,1332,false,
2024-25,FE,03445,"Vishwatmak Jangli Maharaj Ashram Trust (Kokamthan), Atma Malik Institute Of Technology & Research",Un-Aided,Un-Aided,false,27,0344592110,Artificial Intelligence and Machine Learning,30,22,0,5,3,0,3,0344592111,2,FE_2024_SeatMatrix.pdf,1333,false,
2024-25,FE,03447,"G.M.Vedak Institute of Technology, Tala, Raigad.",Un-Aided,Un-Aided,false,30,0344719110,Civil Engineering,30,25,0,5,0,0,3,,0,FE_2024_SeatMatrix.pdf,1334,false,
2024-25,FE,03447,"G.M.Vedak Institute of Technology, Tala, Raigad.",Un-Aided,Un-Aided,false,60,0344724510,Computer Engineering,60,51,0,9,0,1,6,,0,FE_2024_SeatMatrix.pdf,1335,false,
2024-25,FE,03447,"G.M.Vedak Institute of Technology, Tala, Raigad.",Un-Aided,Un-Aided,false,30,0344761210,Mechanical Engineering,30,25,0,5,0,0,3,,0,FE_2024_SeatMatrix.pdf,1336,false,
2024-25,FE,03460,"Universal College of Engineering,Kaman Dist. Palghar",Un-Aided Linguistic Minority - Gujarathi,Un-Aided Linguistic Minority - Gujarathi,false,48,0346019110,Civil Engineering,60,14,31,3,12,0,0,,0,FE_2024_SeatMatrix.pdf,1337,false,
2024-25,FE,03460,"Universal College of Engineering,Kaman Dist. Palghar",Un-Aided Linguistic Minority - Gujarathi,Un-Aided Linguistic Minority - Gujarathi,false,96,0346024510,Computer Engineering,120,30,61,5,24,0,0,0346024511,6,FE_2024_SeatMatrix.pdf,1338,false,
2024-25,FE,03460,"Universal College of Engineering,Kaman Dist. Palghar",Un-Aided Linguistic Minority - Gujarathi,Un-Aided Linguistic Minority - Gujarathi,false,48,0346024610,Information Technology,60,14,31,3,12,0,0,0346024611,3,FE_2024_SeatMatrix.pdf,1339,false,
2024-25,FE,03460,"Universal College of Engineering,Kaman Dist. Palghar",Un-Aided Linguistic Minority - Gujarathi,Un-Aided Linguistic Minority - Gujarathi,false,96,0346092110,Artificial Intelligence and Machine Learning,120,30,61,5,24,0,0,0346092111,6,FE_2024_SeatMatrix.pdf,1340,false,
2024-25,FE,03460,"Universal College of Engineering,Kaman Dist. Palghar",Un-Aided Linguistic Minority - Gujarathi,Un-Aided Linguistic Minority - Gujarathi,false,48,0346092410,Data Engineering,60,14,31,3,12,0,0,0346092411,3,FE_2024_SeatMatrix.pdf,1341,false,
2024-25,FE,03462,"VPM's Maharshi Parshuram College of Engineering, Velneshwar, Ratnagiri.",Un-Aided,Un-Aided,false,30,0346219110,Civil Engineering,30,25,0,5,0,0,3,,0,FE_2024_SeatMatrix.pdf,1342,false,
2024-25,FE,03462,"VPM's Maharshi Parshuram College of Engineering, Velneshwar, Ratnagiri.",Un-Aided,Un-Aided,false,24,0346224510,Computer Engineering,30,19,0,5,6,0,3,,0,FE_2024_SeatMatrix.pdf,1343,false,
2024-25,FE,03462,"VPM's Maharshi Parshuram College of Engineering, Velneshwar, Ratnagiri.",Un-Aided,Un-Aided,false,30,0346229310,Electrical Engineering,30,25,0,5,0,0,3,,0,FE_2024_SeatMatrix.pdf,1344,false,
2024-25,FE,03462,"VPM's Maharshi Parshuram College of Engineering, Velneshwar, Ratnagiri.",Un-Aided,Un-Aided,false,30,0346246610,Instrumentation Engineering,30,25,0,5,0,0,3,,0,FE_2024_SeatMatrix.pdf,1345,false,
2024-25,FE,03462,"VPM's Maharshi Parshuram College of Engineering, Velneshwar, Ratnagiri.",Un-Aided,Un-Aided,false,30,0346261210,Mechanical Engineering,30,25,0,5,0,0,3,,0,FE_2024_SeatMatrix.pdf,1346,false,
2024-25,FE,03462,"VPM's Maharshi Parshuram College of Engineering, Velneshwar, Ratnagiri.",Un-Aided,Un-Aided,false,24,0346284410,Electronics and Computer Engineering,30,19,0,5,6,0,3,,0,FE_2024_SeatMatrix.pdf,1347,false,
2024-25,FE,03465,"Ideal Institute of Technology, Wada, Dist.Thane",Un-Aided,Un-Aided,false,48,0346519110,Civil Engineering,60,39,0,9,12,0,6,,0,FE_2024_SeatMatrix.pdf,1348,false,
2024-25,FE,03465,"Ideal Institute of Technology, Wada, Dist.Thane",Un-Aided,Un-Aided,false,48,0346524210,Computer Science and Engineering,60,39,0,9,12,0,6,,0,FE_2024_SeatMatrix.pdf,1349,false,
2024-25,FE,03465,"Ideal Institute of Technology, Wada, Dist.Thane",Un-Aided,Un-Aided,false,24,0346529310,Electrical Engineering,30,19,0,5,6,0,3,,0,FE_2024_SeatMatrix.pdf,1350,false,
2024-25,FE,03465,"Ideal Institute of Technology, Wada, Dist.Thane",Un-Aided,Un-Aided,false,24,0346537210,Electronics and Telecommunication Engg,30,19,0,5,6,0,3,,0,FE_2024_SeatMatrix.pdf,1351,false,
2024-25,FE,03465,"Ideal Institute of Technology, Wada, Dist.Thane",Un-Aided,Un-Aided,false,48,0346561210,Mechanical Engineering,60,39,0,9,12,0,6,,0,FE_2024_SeatMatrix.pdf,1352,false,
2024-25,FE,03467,"Vishwaniketan's Institute of Management Entrepreneurship and Engineering Technology(i MEET), Khalapur Dist Raigad",Un-Aided,Un-Aided,false,60,0346719110,Civil Engineering,60,51,0,9,0,1,6,,0,FE_2024_SeatMatrix.pdf,1353,false,
2024-25,FE,03467,"Vishwaniketan's Institute of Management Entrepreneurship and Engineering Technology(i MEET), Khalapur Dist Raigad",Un-Aided,Un-Aided,false,48,0346724510,Computer Engineering,60,39,0,9,12,0,6,0346724511,3,FE_2024_SeatMatrix.pdf,1354,false,
2024-25,FE,03467,"Vishwaniketan's Institute of Management Entrepreneurship and Engineering Technology(i MEET), Khalapur Dist Raigad",Un-Aided,Un-Aided,false,60,0346729310,Electrical Engineering,60,51,0,9,0,1,6,,0,FE_2024_SeatMatrix.pdf,1355,false,
2024-25,FE,03467,"Vishwaniketan's Institute of Management Entrepreneurship and Engineering Technology(i MEET), Khalapur Dist Raigad",Un-Aided,Un-Aided,false,48,0346737210,Electronics and Telecommunication Engg,60,39,0,9,12,0,6,0346737211,3,FE_2024_SeatMatrix.pdf,1356,false,
2024-25,FE,03467,"Vishwaniketan's Institute of Management Entrepreneurship and Engineering Technology(i MEET), Khalapur Dist Raigad",Un-Aided,Un-Aided,false,60,0346761210,Mechanical Engineering,60,51,0,9,0,1,6,,0,FE_2024_SeatMatrix.pdf,1357,false,
2024-25,FE,03467,"Vishwaniketan's Institute of Management Entrepreneurship and Engineering Technology(i MEET), Khalapur Dist Raigad",Un-Aided,Un-Aided,false,96,0346791110,Computer Science and Engineering(Artificial,120,78,0,18,24,1,12,0346791111,6,FE_2024_SeatMatrix.pdf,1358,false,
2024-25,FE,03470,YASHWANTRAO BHONSALE INSTITUTE OF TECHNOLOGY,Un-Aided,Un-Aided,false,48,0347024210,Computer Science and Engineering,60,39,0,9,12,0,6,,0,FE_2024_SeatMatrix.pdf,1359,false,
2024-25,FE,03470,YASHWANTRAO BHONSALE INSTITUTE OF TECHNOLOGY,Un-Aided,Un-Aided,false,108,0347024510,Computer Engineering,120,90,0,18,12,1,12,,0,FE_2024_SeatMatrix.pdf,1360,false,
2024-25,FE,03470,YASHWANTRAO BHONSALE INSTITUTE OF TECHNOLOGY,Un-Aided,Un-Aided,false,60,0347029310,Electrical Engineering,60,51,0,9,0,1,6,,0,FE_2024_SeatMatrix.pdf,1361,false,
2024-25,FE,03470,YASHWANTRAO BHONSALE INSTITUTE OF TECHNOLOGY,Un-Aided,Un-Aided,false,60,0347061210,Mechanical Engineering,60,51,0,9,0,1,6,,0,FE_2024_SeatMatrix.pdf,1362,false,
2024-25,FE,03471,"New Horizon Institute of Technology & Management, Thane",Un-Aided,Un-Aided,false,48,0347119110,Civil Engineering,60,39,0,9,12,0,6,,0,FE_2024_SeatMatrix.pdf,1363,false,
2024-25,FE,03471,"New Horizon Institute of Technology & Management, Thane",Un-Aided,Un-Aided,false,96,0347124510,Computer Engineering,120,78,0,18,24,1,12,0347124511,6,FE_2024_SeatMatrix.pdf,1364,false,
2024-25,FE,03471,"New Horizon Institute of Technology & Management, Thane",Un-Aided,Un-Aided,false,48,0347125710,Computer Science and Design,60,39,0,9,12,0,6,0347125711,3,FE_2024_SeatMatrix.pdf,1365,false,
2024-25,FE,03471,"New Horizon Institute of Technology & Management, Thane",Un-Aided,Un-Aided,false,24,0347161210,Mechanical Engineering,30,19,0,5,6,0,3,,0,FE_2024_SeatMatrix.pdf,1366,false,
2024-25,FE,03471,"New Horizon Institute of Technology & Management, Thane",Un-Aided,Un-Aided,false,24,0347162410,Mechatronics Engineering,30,19,0,5,6,0,3,,0,FE_2024_SeatMatrix.pdf,1367,false,
2024-25,FE,03471,"New Horizon Institute of Technology & Management, Thane",Un-Aided,Un-Aided,false,48,0347199510,Artificial Intelligence and Data Science,60,39,0,9,12,0,6,0347199511,3,FE_2024_SeatMatrix.pdf,1368,false,
2024-25,FE,03475,"A. P. Shah Institute of Technology, Thane",Un-Aided Religious Minority - Jain,Un-Aided Religious Minority - Jain,false,24,0347519110,Civil Engineering,30,8,15,1,6,0,0,,0,FE_2024_SeatMatrix.pdf,1369,false,
2024-25,FE,03475,"A. P. Shah Institute of Technology, Thane",Un-Aided Religious Minority - Jain,Un-Aided Religious Minority - Jain,false,144,0347524510,Computer Engineering,180,44,92,8,36,0,0,0347524511,9,FE_2024_SeatMatrix.pdf,1370,false,
2024-25,FE,03475,"A. P. Shah Institute of Technology, Thane",Un-Aided Religious Minority - Jain,Un-Aided Religious Minority - Jain,false,144,0347524610,Information Technology,180,44,92,8,36,0,0,0347524611,9,FE_2024_SeatMatrix.pdf,1371,false,
2024-25,FE,03475,"A. P. Shah Institute of Technology, Thane",Un-Aided Religious Minority - Jain,Un-Aided Religious Minority - Jain,false,24,0347561210,Mechanical Engineering,30,8,15,1,6,0,0,0347561211,2,FE_2024_SeatMatrix.pdf,1372,false,
2024-25,FE,03475,"A. P. Shah Institute of Technology, Thane",Un-Aided Religious Minority - Jain,Un-Aided Religious Minority - Jain,false,144,0347591110,Computer Science and Engineering(Artificial,180,44,92,8,36,0,0,0347591111,9,FE_2024_SeatMatrix.pdf,1373,false,
2024-25,FE,03475,"A. P. Shah Institute of Technology, Thane",Un-Aided Religious Minority - Jain,Un-Aided Religious Minority - Jain,false,96,0347591210,Computer Science and Engineering(Data Science),120,30,61,5,24,0,0,0347591211,6,FE_2024_SeatMatrix.pdf,1374,false,
2024-25,FE,03477,"Chhartrapati Shivaji Maharaj Institute of Technology, Shedung, Panvel",Un-Aided,Un-Aided,false,120,0347719110,Civil Engineering,120,102,0,18,0,1,12,,0,FE_2024_SeatMatrix.pdf,1375,false,
2024-25,FE,03477,"Chhartrapati Shivaji Maharaj Institute of Technology, Shedung, Panvel",Un-Aided,Un-Aided,false,48,0347724510,Computer Engineering,60,39,0,9,12,0,6,0347724511,3,FE_2024_SeatMatrix.pdf,1376,false,
2024-25,FE,03477,"Chhartrapati Shivaji Maharaj Institute of Technology, Shedung, Panvel",Un-Aided,Un-Aided,false,120,0347761210,Mechanical Engineering,120,102,0,18,0,1,12,,0,FE_2024_SeatMatrix.pdf,1377,false,
2024-25,FE,03503,"Indala College Of Engineering, Bapsai Tal.Kalyan",Un-Aided,Un-Aided,false,60,0350319110,Civil Engineering,60,51,0,9,0,1,6,,0,FE_2024_SeatMatrix.pdf,1378,false,
2024-25,FE,03503,"Indala College Of Engineering, Bapsai Tal.Kalyan",Un-Aided,Un-Aided,false,60,0350324510,Computer Engineering,60,51,0,9,0,1,6,0350324511,3,FE_2024_SeatMatrix.pdf,1379,false,
2024-25,FE,03503,"Indala College Of Engineering, Bapsai Tal.Kalyan",Un-Aided,Un-Aided,false,60,0350324610,Information Technology,60,51,0,9,0,1,6,0350324611,3,FE_2024_SeatMatrix.pdf,1380,false,
2024-25,FE,03503,"Indala College Of Engineering, Bapsai Tal.Kalyan",Un-Aided,Un-Aided,false,60,0350326310,Artificial Intelligence (AI) and Data Science,60,51,0,9,0,1,6,0350326311,3,FE_2024_SeatMatrix.pdf,1381,false,
2024-25,FE,03503,"Indala College Of Engineering, Bapsai Tal.Kalyan",Un-Aided,Un-Aided,false,60,0350329310,Electrical Engineering,60,51,0,9,0,1,6,,0,FE_2024_SeatMatrix.pdf,1382,false,
2024-25,FE,03503,"Indala College Of Engineering, Bapsai Tal.Kalyan",Un-Aided,Un-Aided,false,60,0350361210,Mechanical Engineering,60,51,0,9,0,1,6,,0,FE_2024_SeatMatrix.pdf,1383,false,
2024-25,FE,03546,Devi Mahalaxmi College of Engineering and Technology,Un-Aided,Un-Aided,false,60,0354619110,Civil Engineering,60,51,0,9,0,1,6,0354619111,3,FE_2024_SeatMatrix.pdf,1384,false,
2024-25,FE,03546,Devi Mahalaxmi College of Engineering and Technology,Un-Aided,Un-Aided,false,60,0354624510,Computer Engineering,60,51,0,9,0,1,6,0354624511,3,FE_2024_SeatMatrix.pdf,1385,false,
2024-25,FE,03546,Devi Mahalaxmi College of Engineering and Technology,Un-Aided,Un-Aided,false,60,0354629310,Electrical Engineering,60,51,0,9,0,1,6,0354629311,3,FE_2024_SeatMatrix.pdf,1386,false,
2024-25,FE,03546,Devi Mahalaxmi College of Engineering and Technology,Un-Aided,Un-Aided,false,60,0354661210,Mechanical Engineering,60,51,0,9,0,1,6,0354661211,3,FE_2024_SeatMatrix.pdf,1387,false,
2024-25,FE,03546,Devi Mahalaxmi College of Engineering and Technology,Un-Aided,Un-Aided,false,60,0354691110,Computer Science and Engineering(Artificial,60,51,0,9,0,1,6,0354691111,3,FE_2024_SeatMatrix.pdf,1388,false,
2024-25,FE,06293,"Kai Amdar Bramhadevdada Mane Shikshan & Samajik Prathistan's Bramhadevdada Mane Institute of Technology, Solapur",Un-Aided,Un-Aided,false,118,0629324210,Computer Science and Engineering,120,100,0,18,2,1,12,0629324211,6,FE_2024_SeatMatrix.pdf,1389,false,
2024-25,FE,06293,"Kai Amdar Bramhadevdada Mane Shikshan & Samajik Prathistan's Bramhadevdada Mane Institute of Technology, Solapur",Un-Aided,Un-Aided,false,60,0629329310,Electrical Engineering,60,51,0,9,0,1,6,,0,FE_2024_SeatMatrix.pdf,1390,false,
2024-25,FE,06293,"Kai Amdar Bramhadevdada Mane Shikshan & Samajik Prathistan's Bramhadevdada Mane Institute of Technology, Solapur",Un-Aided,Un-Aided,false,90,0629337210,Electronics and Telecommunication Engg,90,76,0,14,0,1,9,0629337211,5,FE_2024_SeatMatrix.pdf,1391,false,
2024-25,FE,06293,"Kai Amdar Bramhadevdada Mane Shikshan & Samajik Prathistan's Bramhadevdada Mane Institute of Technology, Solapur",Un-Aided,Un-Aided,false,30,0629361210,Mechanical Engineering,30,25,0,5,0,0,3,,0,FE_2024_SeatMatrix.pdf,1392,false,
2024-25,FE,06640,"N. B. Navale Sinhgad College of Engineering, Kegaon, solapur",Un-Aided,Un-Aided,false,60,0664019110,Civil Engineering,60,51,0,9,0,1,6,,0,FE_2024_SeatMatrix.pdf,1393,false,
2024-25,FE,06640,"N. B. Navale Sinhgad College of Engineering, Kegaon, solapur",Un-Aided,Un-Aided,false,48,0664024210,Computer Science and Engineering,60,39,0,9,12,0,6,0664024211,3,FE_2024_SeatMatrix.pdf,1394,false,
2024-25,FE,06640,"N. B. Navale Sinhgad College of Engineering, Kegaon, solapur",Un-Aided,Un-Aided,false,57,0664029310,Electrical Engineering,60,48,0,9,3,0,6,0664029311,3,FE_2024_SeatMatrix.pdf,1395,false,
2024-25,FE,06640,"N. B. Navale Sinhgad College of Engineering, Kegaon, solapur",Un-Aided,Un-Aided,false,57,0664037210,Electronics and Telecommunication Engg,60,48,0,9,3,0,6,0664037211,3,FE_2024_SeatMatrix.pdf,1396,false,
2024-25,FE,06640,"N. B. Navale Sinhgad College of Engineering, Kegaon, solapur",Un-Aided,Un-Aided,false,120,0664061210,Mechanical Engineering,120,102,0,18,0,1,12,0664061211,6,FE_2024_SeatMatrix.pdf,1397,false,
2024-25,FE,06643,"S K N Sinhgad College of Engineering, Korti Tal. Pandharpur Dist Solapur",Un-Aided,Un-Aided,false,57,0664319110,Civil Engineering,60,48,0,9,3,0,6,0664319111,3,FE_2024_SeatMatrix.pdf,1398,false,
2024-25,FE,06643,"S K N Sinhgad College of Engineering, Korti Tal. Pandharpur Dist Solapur",Un-Aided,Un-Aided,false,48,0664324210,Computer Science and Engineering,60,39,0,9,12,0,6,0664324211,3,FE_2024_SeatMatrix.pdf,1399,false,
2024-25,FE,06643,"S K N Sinhgad College of Engineering, Korti Tal. Pandharpur Dist Solapur",Un-Aided,Un-Aided,false,57,0664329310,Electrical Engineering,60,48,0,9,3,0,6,0664329311,3,FE_2024_SeatMatrix.pdf,1400,false,
2024-25,FE,06643,"S K N Sinhgad College of Engineering, Korti Tal. Pandharpur Dist Solapur",Un-Aided,Un-Aided,false,48,0664337210,Electronics and Telecommunication Engg,60,39,0,9,12,0,6,0664337211,3,FE_2024_SeatMatrix.pdf,1401,false,
2024-25,FE,06643,"S K N Sinhgad College of Engineering, Korti Tal. Pandharpur Dist Solapur",Un-Aided,Un-Aided,false,114,0664361210,Mechanical Engineering,120,96,0,18,6,1,12,0664361211,6,FE_2024_SeatMatrix.pdf,1402,false,
2024-25,FE,06901,"MAEER's MIT College of Railway Engineering and Research, Jamgaon, Barshi",Un-Aided,Un-Aided,false,30,0690119110,Civil Engineering,30,25,0,5,0,0,3,,0,FE_2024_SeatMatrix.pdf,1403,false,
2024-25,FE,06901,"MAEER's MIT College of Railway Engineering and Research, Jamgaon, Barshi",Un-Aided,Un-Aided,false,72,0690124210,Computer Science and Engineering,90,58,0,14,18,1,9,0690124211,5,FE_2024_SeatMatrix.pdf,1404,false,
2024-25,FE,06901,"MAEER's MIT College of Railway Engineering and Research, Jamgaon, Barshi",Un-Aided,Un-Aided,false,60,0690137210,Electronics and Telecommunication Engg,60,51,0,9,0,1,6,0690137211,3,FE_2024_SeatMatrix.pdf,1405,false,
2024-25,FE,06901,"MAEER's MIT College of Railway Engineering and Research, Jamgaon, Barshi",Un-Aided,Un-Aided,false,60,0690161210,Mechanical Engineering,60,51,0,9,0,1,6,,0,FE_2024_SeatMatrix.pdf,1406,false,
2024-25,FE,06901,"MAEER's MIT College of Railway Engineering and Research, Jamgaon, Barshi",Un-Aided,Un-Aided,false,60,0690184410,Electronics and Computer Engineering,60,51,0,9,0,1,6,0690184411,3,FE_2024_SeatMatrix.pdf,1407,false,
2024-25,FE,04025,"Government College of Engineering, Nagpur",Government,Government,false,60,0402519110,Civil Engineering,60,60,0,0,0,1,6,0402519111,3,FE_2024_SeatMatrix.pdf,1408,false,
2024-25,FE,04025,"Government College of Engineering, Nagpur",Government,Government,false,60,0402524210,Computer Science and Engineering,60,60,0,0,0,1,6,0402524211,3,FE_2024_SeatMatrix.pdf,1409,false,
2024-25,FE,04025,"Government College of Engineering, Nagpur",Government,Government,false,60,0402529310,Electrical Engineering,60,60,0,0,0,1,6,0402529311,3,FE_2024_SeatMatrix.pdf,1410,false,
2024-25,FE,04025,"Government College of Engineering, Nagpur",Government,Government,false,60,0402537210,Electronics and Telecommunication Engg,60,60,0,0,0,1,6,0402537211,3,FE_2024_SeatMatrix.pdf,1411,false,
2024-25,FE,04025,"Government College of Engineering, Nagpur",Government,Government,false,60,0402561210,Mechanical Engineering,60,60,0,0,0,1,6,0402561211,3,FE_2024_SeatMatrix.pdf,1412,false,
2024-25,FE,04104,"Kavi Kulguru Institute of Technology & Science, Ramtek",Un-Aided,Un-Aided,false,58,0410419110,Civil Engineering,60,49,0,9,2,0,6,0410419111,3,FE_2024_SeatMatrix.pdf,1413,false,
2024-25,FE,04104,"Kavi Kulguru Institute of Technology & Science, Ramtek",Un-Aided,Un-Aided,false,48,0410424610,Information Technology,60,39,0,9,12,0,6,0410424611,3,FE_2024_SeatMatrix.pdf,1414,false,
2024-25,FE,04104,"Kavi Kulguru Institute of Technology & Science, Ramtek",Un-Aided,Un-Aided,false,72,0410425110,Computer Technology,90,58,0,14,18,1,9,0410425111,5,FE_2024_SeatMatrix.pdf,1415,false,
2024-25,FE,04104,"Kavi Kulguru Institute of Technology & Science, Ramtek",Un-Aided,Un-Aided,false,58,0410429310,Electrical Engineering,60,49,0,9,2,0,6,0410429311,3,FE_2024_SeatMatrix.pdf,1416,false,
2024-25,FE,04104,"Kavi Kulguru Institute of Technology & Science, Ramtek",Un-Aided,Un-Aided,false,54,0410437010,Electronics and Communication Engineering,60,45,0,9,6,0,6,0410437011,3,FE_2024_SeatMatrix.pdf,1417,false,
2024-25,FE,04104,"Kavi Kulguru Institute of Technology & Science, Ramtek",Un-Aided,Un-Aided,false,58,0410461210,Mechanical Engineering,60,49,0,9,2,0,6,0410461211,3,FE_2024_SeatMatrix.pdf,1418,false,
2024-25,FE,04118,"Bapurao Deshmukh College of Engineering, Sevagram",Un-Aided,Un-Aided,false,54,0411819110,Civil Engineering,54,46,0,8,0,0,5,,0,FE_2024_SeatMatrix.pdf,1419,false,
2024-25,FE,04118,"Bapurao Deshmukh College of Engineering, Sevagram",Un-Aided,Un-Aided,false,108,0411824510,Computer Engineering,108,92,0,16,0,1,11,0411824511,5,FE_2024_SeatMatrix.pdf,1420,false,
2024-25,FE,04118,"Bapurao Deshmukh College of Engineering, Sevagram",Un-Aided,Un-Aided,false,54,0411829310,Electrical Engineering,54,46,0,8,0,0,5,,0,FE_2024_SeatMatrix.pdf,1421,false,
2024-25,FE,04118,"Bapurao Deshmukh College of Engineering, Sevagram",Un-Aided,Un-Aided,false,27,0411837210,Electronics and Telecommunication Engg,27,23,0,4,0,0,3,,0,FE_2024_SeatMatrix.pdf,1422,false,
2024-25,FE,04118,"Bapurao Deshmukh College of Engineering, Sevagram",Un-Aided,Un-Aided,false,54,0411861210,Mechanical Engineering,54,46,0,8,0,0,5,,0,FE_2024_SeatMatrix.pdf,1423,false,
2024-25,FE,04133,"Sanmarg Shikshan Sanstha's Smt. Radhikatai Pandav College of Engineering, Nagpur",Un-Aided,Un-Aided,false,60,0413319110,Civil Engineering,60,51,0,9,0,1,6,,0,FE_2024_SeatMatrix.pdf,1424,false,
2024-25,FE,04133,"Sanmarg Shikshan Sanstha's Smt. Radhikatai Pandav College of Engineering, Nagpur",Un-Aided,Un-Aided,false,60,0413324210,Computer Science and Engineering,60,51,0,9,0,1,6,0413324211,3,FE_2024_SeatMatrix.pdf,1425,false,
2024-25,FE,04133,"Sanmarg Shikshan Sanstha's Smt. Radhikatai Pandav College of Engineering, Nagpur",Un-Aided,Un-Aided,false,60,0413324510,Computer Engineering,60,51,0,9,0,1,6,0413324511,3,FE_2024_SeatMatrix.pdf,1426,false,
2024-25,FE,04133,"Sanmarg Shikshan Sanstha's Smt. Radhikatai Pandav College of Engineering, Nagpur",Un-Aided,Un-Aided,false,60,0413329310,Electrical Engineering,60,51,0,9,0,1,6,0413329311,3,FE_2024_SeatMatrix.pdf,1427,false,
2024-25,FE,04133,"Sanmarg Shikshan Sanstha's Smt. Radhikatai Pandav College of Engineering, Nagpur",Un-Aided,Un-Aided,false,60,0413337210,Electronics and Telecommunication Engg,60,51,0,9,0,1,6,0413337211,3,FE_2024_SeatMatrix.pdf,1428,false,
2024-25,FE,04133,"Sanmarg Shikshan Sanstha's Smt. Radhikatai Pandav College of Engineering, Nagpur",Un-Aided,Un-Aided,false,60,0413361210,Mechanical Engineering,60,51,0,9,0,1,6,,0,FE_2024_SeatMatrix.pdf,1429,false,
2024-25,FE,04134,"Guru Nanak Institute of Engineering & Technology,Kalmeshwar, Nagpur",Un-Aided,Un-Aided,false,48,0413424210,Computer Science and Engineering,60,39,0,9,12,0,6,0413424211,3,FE_2024_SeatMatrix.pdf,1430,false,
2024-25,FE,04134,"Guru Nanak Institute of Engineering & Technology,Kalmeshwar, Nagpur",Un-Aided,Un-Aided,false,48,0413424610,Information Technology,60,39,0,9,12,0,6,0413424611,3,FE_2024_SeatMatrix.pdf,1431,false,
2024-25,FE,04134,"Guru Nanak Institute of Engineering & Technology,Kalmeshwar, Nagpur",Un-Aided,Un-Aided,false,60,0413429310,Electrical Engineering,60,51,0,9,0,1,6,,0,FE_2024_SeatMatrix.pdf,1432,false,
2024-25,FE,04134,"Guru Nanak Institute of Engineering & Technology,Kalmeshwar, Nagpur",Un-Aided,Un-Aided,false,60,0413437210,Electronics and Telecommunication Engg,60,51,0,9,0,1,6,0413437211,3,FE_2024_SeatMatrix.pdf,1433,false,
2024-25,FE,04134,"Guru Nanak Institute of Engineering & Technology,Kalmeshwar, Nagpur",Un-Aided,Un-Aided,false,48,0413491210,Computer Science and Engineering(Data Science),60,39,0,9,12,0,6,0413491211,3,FE_2024_SeatMatrix.pdf,1434,false,
2024-25,FE,04134,"Guru Nanak Institute of Engineering & Technology,Kalmeshwar, Nagpur",Un-Aided,Un-Aided,false,48,0413499710,Artificial Intelligence,60,39,0,9,12,0,6,0413499711,3,FE_2024_SeatMatrix.pdf,1435,false,
2024-25,FE,04143,"Sanmarg Shikshan Sanstha, Mandukarrao Pandav College of Engineering, Bhandara",Un-Aided,Un-Aided,false,54,0414319110,Civil Engineering,54,46,0,8,0,0,5,,0,FE_2024_SeatMatrix.pdf,1436,false,
2024-25,FE,04143,"Sanmarg Shikshan Sanstha, Mandukarrao Pandav College of Engineering, Bhandara",Un-Aided,Un-Aided,false,54,0414324510,Computer Engineering,54,46,0,8,0,0,5,0414324511,3,FE_2024_SeatMatrix.pdf,1437,false,
2024-25,FE,04143,"Sanmarg Shikshan Sanstha, Mandukarrao Pandav College of Engineering, Bhandara",Un-Aided,Un-Aided,false,54,0414329310,Electrical Engineering,54,46,0,8,0,0,5,,0,FE_2024_SeatMatrix.pdf,1438,false,
2024-25,FE,04143,"Sanmarg Shikshan Sanstha, Mandukarrao Pandav College of Engineering, Bhandara",Un-Aided,Un-Aided,false,54,0414337210,Electronics and Telecommunication Engg,54,46,0,8,0,0,5,,0,FE_2024_SeatMatrix.pdf,1439,false,
2024-25,FE,04143,"Sanmarg Shikshan Sanstha, Mandukarrao Pandav College of Engineering, Bhandara",Un-Aided,Un-Aided,false,54,0414361210,Mechanical Engineering,54,46,0,8,0,0,5,,0,FE_2024_SeatMatrix.pdf,1440,false,
2024-25,FE,04144,"Shri. Sai Shikshan Sanstha, Nagpur Institute of Technology, Nagpur",Un-Aided,Un-Aided,false,60,0414419110,Civil Engineering,60,51,0,9,0,1,6,0414419111,3,FE_2024_SeatMatrix.pdf,1441,false,
2024-25,FE,04144,"Shri. Sai Shikshan Sanstha, Nagpur Institute of Technology, Nagpur",Un-Aided,Un-Aided,false,120,0414424210,Computer Science and Engineering,120,102,0,18,0,1,12,0414424211,6,FE_2024_SeatMatrix.pdf,1442,false,
2024-25,FE,04144,"Shri. Sai Shikshan Sanstha, Nagpur Institute of Technology, Nagpur",Un-Aided,Un-Aided,false,60,0414424610,Information Technology,60,51,0,9,0,1,6,0414424611,3,FE_2024_SeatMatrix.pdf,1443,false,
2024-25,FE,04144,"Shri. Sai Shikshan Sanstha, Nagpur Institute of Technology, Nagpur",Un-Aided,Un-Aided,false,60,0414429310,Electrical Engineering,60,51,0,9,0,1,6,0414429311,3,FE_2024_SeatMatrix.pdf,1444,false,
2024-25,FE,04144,"Shri. Sai Shikshan Sanstha, Nagpur Institute of Technology, Nagpur",Un-Aided,Un-Aided,false,60,0414461210,Mechanical Engineering,60,51,0,9,0,1,6,0414461211,3,FE_2024_SeatMatrix.pdf,1445,false,
2024-25,FE,04147,"K.D.K. College of Engineering, Nagpur",Un-Aided,Un-Aided,false,60,0414719110,Civil Engineering,60,51,0,9,0,1,6,0414719111,3,FE_2024_SeatMatrix.pdf,1446,false,
2024-25,FE,04147,"K.D.K. College of Engineering, Nagpur",Un-Aided,Un-Aided,false,157,0414724210,Computer Science and Engineering,180,130,0,27,23,1,18,0414724211,9,FE_2024_SeatMatrix.pdf,1447,false,
2024-25,FE,04147,"K.D.K. College of Engineering, Nagpur",Un-Aided,Un-Aided,false,54,0414724610,Information Technology,60,45,0,9,6,0,6,0414724611,3,FE_2024_SeatMatrix.pdf,1448,false,
2024-25,FE,04147,"K.D.K. College of Engineering, Nagpur",Un-Aided,Un-Aided,false,90,0414729310,Electrical Engineering,90,76,0,14,0,1,9,0414729311,5,FE_2024_SeatMatrix.pdf,1449,false,
2024-25,FE,04147,"K.D.K. College of Engineering, Nagpur",Un-Aided,Un-Aided,false,85,0414737210,Electronics and Telecommunication Engg,90,71,0,14,5,1,9,0414737211,5,FE_2024_SeatMatrix.pdf,1450,false,
2024-25,FE,04147,"K.D.K. College of Engineering, Nagpur",Un-Aided,Un-Aided,false,60,0414761210,Mechanical Engineering,60,51,0,9,0,1,6,0414761211,3,FE_2024_SeatMatrix.pdf,1451,false,
2024-25,FE,04147,"K.D.K. College of Engineering, Nagpur",Un-Aided,Un-Aided,false,78,0414799510,Artificial Intelligence and Data Science,90,64,0,14,12,1,9,0414799511,5,FE_2024_SeatMatrix.pdf,1452,false,
2024-25,FE,04172,"Anjuman College of Engineering & Technology, Nagpur",Un-Aided Religious Minority - Muslim,Un-Aided Religious Minority - Muslim,false,60,0417219110,Civil Engineering,60,25,31,4,0,0,0,0417219111,3,FE_2024_SeatMatrix.pdf,1453,false,
2024-25,FE,04172,"Anjuman College of Engineering & Technology, Nagpur",Un-Aided Religious Minority - Muslim,Un-Aided Religious Minority - Muslim,false,120,0417224210,Computer Science and Engineering,120,50,61,9,0,0,0,0417224211,6,FE_2024_SeatMatrix.pdf,1454,false,
2024-25,FE,04172,"Anjuman College of Engineering & Technology, Nagpur",Un-Aided Religious Minority - Muslim,Un-Aided Religious Minority - Muslim,false,60,0417226310,Artificial Intelligence (AI) and Data Science,60,25,31,4,0,0,0,0417226311,3,FE_2024_SeatMatrix.pdf,1455,false,
2024-25,FE,04172,"Anjuman College of Engineering & Technology, Nagpur",Un-Aided Religious Minority - Muslim,Un-Aided Religious Minority - Muslim,false,60,0417229310,Electrical Engineering,60,25,31,4,0,0,0,0417229311,3,FE_2024_SeatMatrix.pdf,1456,false,
2024-25,FE,04172,"Anjuman College of Engineering & Technology, Nagpur",Un-Aided Religious Minority - Muslim,Un-Aided Religious Minority - Muslim,false,60,0417237210,Electronics and Telecommunication Engg,60,25,31,4,0,0,0,0417237211,3,FE_2024_SeatMatrix.pdf,1457,false,
2024-25,FE,04172,"Anjuman College of Engineering & Technology, Nagpur",Un-Aided Religious Minority - Muslim,Un-Aided Religious Minority - Muslim,false,60,0417261210,Mechanical Engineering,60,25,31,4,0,0,0,0417261211,3,FE_2024_SeatMatrix.pdf,1458,false,
2024-25,FE,04175,"JMSS Shri Shankarprasad Agnihotri College of Engineering, Wardha",Un-Aided,Un-Aided,false,60,0417519110,Civil Engineering,60,51,0,9,0,1,6,,0,FE_2024_SeatMatrix.pdf,1459,false,
2024-25,FE,04175,"JMSS Shri Shankarprasad Agnihotri College of Engineering, Wardha",Un-Aided,Un-Aided,false,60,0417524210,Computer Science and Engineering,60,51,0,9,0,1,6,0417524211,3,FE_2024_SeatMatrix.pdf,1460,false,
2024-25,FE,04175,"JMSS Shri Shankarprasad Agnihotri College of Engineering, Wardha",Un-Aided,Un-Aided,false,60,0417537210,Electronics and Telecommunication Engg,60,51,0,9,0,1,6,0417537211,3,FE_2024_SeatMatrix.pdf,1461,false,
2024-25,FE,04175,"JMSS Shri Shankarprasad Agnihotri College of Engineering, Wardha",Un-Aided,Un-Aided,false,30,0417561210,Mechanical Engineering,30,25,0,5,0,0,3,0417561211,2,FE_2024_SeatMatrix.pdf,1462,false,
2024-25,FE,04177,"Priyadarshini Bhagwati College of Engineering, Harpur Nagar, Umred Road,Nagpur",Un-Aided Linguistic Minority - Hindi,Un-Aided Linguistic Minority - Hindi,false,60,0417719110,Civil Engineering,60,25,31,4,0,0,0,0417719111,3,FE_2024_SeatMatrix.pdf,1463,false,
2024-25,FE,04177,"Priyadarshini Bhagwati College of Engineering, Harpur Nagar, Umred Road,Nagpur",Un-Aided Linguistic Minority - Hindi,Un-Aided Linguistic Minority - Hindi,false,96,0417724210,Computer Science and Engineering,120,30,61,5,24,0,0,0417724211,6,FE_2024_SeatMatrix.pdf,1464,false,
2024-25,FE,04177,"Priyadarshini Bhagwati College of Engineering, Harpur Nagar, Umred Road,Nagpur",Un-Aided Linguistic Minority - Hindi,Un-Aided Linguistic Minority - Hindi,false,48,0417724610,Information Technology,60,14,31,3,12,0,0,0417724611,3,FE_2024_SeatMatrix.pdf,1465,false,
2024-25,FE,04177,"Priyadarshini Bhagwati College of Engineering, Harpur Nagar, Umred Road,Nagpur",Un-Aided Linguistic Minority - Hindi,Un-Aided Linguistic Minority - Hindi,false,54,0417737010,Electronics and Communication Engineering,60,20,31,3,6,0,0,0417737011,3,FE_2024_SeatMatrix.pdf,1466,false,
2024-25,FE,04177,"Priyadarshini Bhagwati College of Engineering, Harpur Nagar, Umred Road,Nagpur",Un-Aided Linguistic Minority - Hindi,Un-Aided Linguistic Minority - Hindi,false,60,0417761210,Mechanical Engineering,60,25,31,4,0,0,0,0417761211,3,FE_2024_SeatMatrix.pdf,1467,false,
2024-25,FE,04192,"Maitraya Education Society, Nagarjuna Institute of Engineering Technology & Management, Nagpur",Un-Aided,Un-Aided,false,48,0419219110,Civil Engineering,60,39,0,9,12,0,6,,0,FE_2024_SeatMatrix.pdf,1468,false,
2024-25,FE,04192,"Maitraya Education Society, Nagarjuna Institute of Engineering Technology & Management, Nagpur",Un-Aided,Un-Aided,false,48,0419224210,Computer Science and Engineering,60,39,0,9,12,0,6,0419224211,3,FE_2024_SeatMatrix.pdf,1469,false,
2024-25,FE,04192,"Maitraya Education Society, Nagarjuna Institute of Engineering Technology & Management, Nagpur",Un-Aided,Un-Aided,false,48,0419235610,Electrical Engg[Electronics and Power],60,39,0,9,12,0,6,,0,FE_2024_SeatMatrix.pdf,1470,false,
2024-25,FE,04192,"Maitraya Education Society, Nagarjuna Institute of Engineering Technology & Management, Nagpur",Un-Aided,Un-Aided,false,48,0419261210,Mechanical Engineering,60,39,0,9,12,0,6,,0,FE_2024_SeatMatrix.pdf,1471,false,
2024-25,FE,04192,"Maitraya Education Society, Nagarjuna Institute of Engineering Technology & Management, Nagpur",Un-Aided,Un-Aided,false,48,0419291110,Computer Science and Engineering(Artificial,60,39,0,9,12,0,6,0419291111,3,FE_2024_SeatMatrix.pdf,1472,false,
2024-25,FE,04196,"Gurunanak Educational Society's Gurunanak Institute of Technology, Nagpur",Un-Aided,Un-Aided,false,30,0419619110,Civil Engineering,30,25,0,5,0,0,3,,0,FE_2024_SeatMatrix.pdf,1473,false,
2024-25,FE,04196,"Gurunanak Educational Society's Gurunanak Institute of Technology, Nagpur",Un-Aided,Un-Aided,false,48,0419624210,Computer Science and Engineering,60,39,0,9,12,0,6,0419624211,3,FE_2024_SeatMatrix.pdf,1474,false,
2024-25,FE,04196,"Gurunanak Educational Society's Gurunanak Institute of Technology, Nagpur",Un-Aided,Un-Aided,false,60,0419637210,Electronics and Telecommunication Engg,60,51,0,9,0,1,6,0419637211,3,FE_2024_SeatMatrix.pdf,1475,false,
2024-25,FE,04196,"Gurunanak Educational Society's Gurunanak Institute of Technology, Nagpur",Un-Aided,Un-Aided,false,30,0419661210,Mechanical Engineering,30,25,0,5,0,0,3,,0,FE_2024_SeatMatrix.pdf,1476,false,
2024-25,FE,04196,"Gurunanak Educational Society's Gurunanak Institute of Technology, Nagpur",Un-Aided,Un-Aided,false,48,0419691010,Computer Science and Engineering(Cyber Security),60,39,0,9,12,0,6,0419691011,3,FE_2024_SeatMatrix.pdf,1477,false,
2024-25,FE,04196,"Gurunanak Educational Society's Gurunanak Institute of Technology, Nagpur",Un-Aided,Un-Aided,false,48,0419691210,Computer Science and Engineering(Data Science),60,39,0,9,12,0,6,0419691211,3,FE_2024_SeatMatrix.pdf,1478,false,
2024-25,FE,04196,"Gurunanak Educational Society's Gurunanak Institute of Technology, Nagpur",Un-Aided,Un-Aided,false,48,0419692110,Artificial Intelligence and Machine Learning,60,39,0,9,12,0,6,0419692111,3,FE_2024_SeatMatrix.pdf,1479,false,
2024-25,FE,04197,"Jai Mahakali Shikshan Sanstha, Agnihotri College of Engineering, Sindhi(Meghe)",Un-Aided,Un-Aided,false,30,0419719110,Civil Engineering,30,25,0,5,0,0,3,,0,FE_2024_SeatMatrix.pdf,1480,false,
2024-25,FE,04197,"Jai Mahakali Shikshan Sanstha, Agnihotri College of Engineering, Sindhi(Meghe)",Un-Aided,Un-Aided,false,30,0419724210,Computer Science and Engineering,30,25,0,5,0,0,3,0419724211,2,FE_2024_SeatMatrix.pdf,1481,false,
2024-25,FE,04197,"Jai Mahakali Shikshan Sanstha, Agnihotri College of Engineering, Sindhi(Meghe)",Un-Aided,Un-Aided,false,30,0419729310,Electrical Engineering,30,25,0,5,0,0,3,0419729311,2,FE_2024_SeatMatrix.pdf,1482,false,
2024-25,FE,04197,"Jai Mahakali Shikshan Sanstha, Agnihotri College of Engineering, Sindhi(Meghe)",Un-Aided,Un-Aided,false,30,0419737010,Electronics and Communication Engineering,30,25,0,5,0,0,3,0419737011,2,FE_2024_SeatMatrix.pdf,1483,false,
2024-25,FE,04197,"Jai Mahakali Shikshan Sanstha, Agnihotri College of Engineering, Sindhi(Meghe)",Un-Aided,Un-Aided,false,15,0419761210,Mechanical Engineering,15,13,0,2,0,0,2,,0,FE_2024_SeatMatrix.pdf,1484,false,
2024-25,FE,04285,"V M Institute of Engineering and Technology, Dongargaon, Nagpur",Un-Aided,Un-Aided,false,60,0428519110,Civil Engineering,60,51,0,9,0,1,6,,0,FE_2024_SeatMatrix.pdf,1485,false,
2024-25,FE,04285,"V M Institute of Engineering and Technology, Dongargaon, Nagpur",Un-Aided,Un-Aided,false,60,0428524610,Information Technology,60,51,0,9,0,1,6,0428524611,3,FE_2024_SeatMatrix.pdf,1486,false,
2024-25,FE,04285,"V M Institute of Engineering and Technology, Dongargaon, Nagpur",Un-Aided,Un-Aided,false,60,0428529310,Electrical Engineering,60,51,0,9,0,1,6,,0,FE_2024_SeatMatrix.pdf,1487,false,
2024-25,FE,04285,"V M Institute of Engineering and Technology, Dongargaon, Nagpur",Un-Aided,Un-Aided,false,120,0428561210,Mechanical Engineering,120,102,0,18,0,1,12,,0,FE_2024_SeatMatrix.pdf,1488,false,
2024-25,FE,04302,"Gondia Education Society's Manoharbhai Patel Institute Of Engineering & Technology, Shahapur, Bhandara",Un-Aided,Un-Aided,false,30,0430219110,Civil Engineering,30,25,0,5,0,0,3,0430219111,2,FE_2024_SeatMatrix.pdf,1489,false,
2024-25,FE,04302,"Gondia Education Society's Manoharbhai Patel Institute Of Engineering & Technology, Shahapur, Bhandara",Un-Aided,Un-Aided,false,54,0430224510,Computer Engineering,54,46,0,8,0,0,5,0430224511,3,FE_2024_SeatMatrix.pdf,1490,false,
2024-25,FE,04302,"Gondia Education Society's Manoharbhai Patel Institute Of Engineering & Technology, Shahapur, Bhandara",Un-Aided,Un-Aided,false,30,0430261210,Mechanical Engineering,30,25,0,5,0,0,3,0430261211,2,FE_2024_SeatMatrix.pdf,1491,false,
2024-25,FE,04648,"R.V. Parankar College of Engineering & Technology, Arvi, Dist Wardha",Un-Aided,Un-Aided,false,30,0464819110,Civil Engineering,30,25,0,5,0,0,3,,0,FE_2024_SeatMatrix.pdf,1495,false,
2024-25,FE,04648,"R.V. Parankar College of Engineering & Technology, Arvi, Dist Wardha",Un-Aided,Un-Aided,false,48,0464824210,Computer Science and Engineering,60,39,0,9,12,0,6,0464824211,3,FE_2024_SeatMatrix.pdf,1496,false,
2024-25,FE,04648,"R.V. Parankar College of Engineering & Technology, Arvi, Dist Wardha",Un-Aided,Un-Aided,false,24,0464824610,Information Technology,30,19,0,5,6,0,3,0464824611,2,FE_2024_SeatMatrix.pdf,1497,false,
2024-25,FE,04648,"R.V. Parankar College of Engineering & Technology, Arvi, Dist Wardha",Un-Aided,Un-Aided,false,30,0464829310,Electrical Engineering,30,25,0,5,0,0,3,,0,FE_2024_SeatMatrix.pdf,1498,false,
2024-25,FE,04648,"R.V. Parankar College of Engineering & Technology, Arvi, Dist Wardha",Un-Aided,Un-Aided,false,30,0464861210,Mechanical Engineering,30,25,0,5,0,0,3,,0,FE_2024_SeatMatrix.pdf,1499,false,
2024-25,FE,01005,"Sant Gadge Baba Amravati University,Amravati",University Department,University Department,false,15,0100550310,Food Technology,15,15,0,0,0,0,2,,0,FE_2024_SeatMatrix.pdf,1500,false,
2024-25,FE,01005,"Sant Gadge Baba Amravati University,Amravati",University Department,University Department,false,15,0100551710,Oil and Paints Technology,15,15,0,0,0,0,2,0100551711,1,FE_2024_SeatMatrix.pdf,1501,false,
2024-25,FE,01005,"Sant Gadge Baba Amravati University,Amravati",University Department,University Department,false,15,0100552410,Paper and Pulp Technology,15,15,0,0,0,0,2,,0,FE_2024_SeatMatrix.pdf,1502,false,
2024-25,FE,01005,"Sant Gadge Baba Amravati University,Amravati",University Department,University Department,false,15,0100552710,Petro Chemical Engineering,15,15,0,0,0,0,2,0100552711,1,FE_2024_SeatMatrix.pdf,1503,false,
2024-25,FE,01101,"Shri Sant Gajanan Maharaj College of Engineering,Shegaon",Un-Aided,Un-Aided,false,48,0110124210,Computer Science and Engineering,60,39,0,9,12,0,6,0110124211,3,FE_2024_SeatMatrix.pdf,1504,false,
2024-25,FE,01101,"Shri Sant Gajanan Maharaj College of Engineering,Shegaon",Un-Aided,Un-Aided,false,48,0110124610,Information Technology,60,39,0,9,12,0,6,0110124611,3,FE_2024_SeatMatrix.pdf,1505,false,
2024-25,FE,01101,"Shri Sant Gajanan Maharaj College of Engineering,Shegaon",Un-Aided,Un-Aided,false,48,0110135610,Electrical Engg[Electronics and Power],60,39,0,9,12,0,6,0110135611,3,FE_2024_SeatMatrix.pdf,1506,false,
2024-25,FE,01101,"Shri Sant Gajanan Maharaj College of Engineering,Shegaon",Un-Aided,Un-Aided,false,96,0110137210,Electronics and Telecommunication Engg,120,78,0,18,24,1,12,0110137211,6,FE_2024_SeatMatrix.pdf,1507,false,
2024-25,FE,01101,"Shri Sant Gajanan Maharaj College of Engineering,Shegaon",Un-Aided,Un-Aided,false,48,0110161210,Mechanical Engineering,60,39,0,9,12,0,6,0110161211,3,FE_2024_SeatMatrix.pdf,1508,false,
2024-25,FE,01116,"Shri Shivaji Education Society's College of Engineering and Technology, Akola",Un-Aided,Un-Aided,false,60,0111619110,Civil Engineering,60,51,0,9,0,1,6,0111619111,3,FE_2024_SeatMatrix.pdf,1509,false,
2024-25,FE,01116,"Shri Shivaji Education Society's College of Engineering and Technology, Akola",Un-Aided,Un-Aided,false,108,0111624210,Computer Science and Engineering,120,90,0,18,12,1,12,0111624211,6,FE_2024_SeatMatrix.pdf,1510,false,
2024-25,FE,01116,"Shri Shivaji Education Society's College of Engineering and Technology, Akola",Un-Aided,Un-Aided,false,54,0111624610,Information Technology,60,45,0,9,6,0,6,0111624611,3,FE_2024_SeatMatrix.pdf,1511,false,
2024-25,FE,01116,"Shri Shivaji Education Society's College of Engineering and Technology, Akola",Un-Aided,Un-Aided,false,60,0111650710,Chemical Engineering,60,51,0,9,0,1,6,0111650711,3,FE_2024_SeatMatrix.pdf,1512,false,
2024-25,FE,01116,"Shri Shivaji Education Society's College of Engineering and Technology, Akola",Un-Aided,Un-Aided,false,60,0111661210,Mechanical Engineering,60,51,0,9,0,1,6,0111661211,3,FE_2024_SeatMatrix.pdf,1513,false,
2024-25,FE,01117,"Janata Shikshan Prasarak Mandal’s Babasaheb Naik College Of Engineering, Pusad",Un-Aided,Un-Aided,false,52,0111719110,Civil Engineering,60,43,0,9,8,0,6,0111719111,3,FE_2024_SeatMatrix.pdf,1514,false,
2024-25,FE,01117,"Janata Shikshan Prasarak Mandal’s Babasaheb Naik College Of Engineering, Pusad",Un-Aided,Un-Aided,false,144,0111724210,Computer Science and Engineering,180,117,0,27,36,1,18,0111724211,9,FE_2024_SeatMatrix.pdf,1515,false,
2024-25,FE,01117,"Janata Shikshan Prasarak Mandal’s Babasaheb Naik College Of Engineering, Pusad",Un-Aided,Un-Aided,false,54,0111735610,Electrical Engg[Electronics and Power],60,45,0,9,6,0,6,0111735611,3,FE_2024_SeatMatrix.pdf,1516,false,
2024-25,FE,01117,"Janata Shikshan Prasarak Mandal’s Babasaheb Naik College Of Engineering, Pusad",Un-Aided,Un-Aided,false,52,0111761210,Mechanical Engineering,60,43,0,9,8,0,6,0111761211,3,FE_2024_SeatMatrix.pdf,1517,false,
2024-25,FE,01117,"Janata Shikshan Prasarak Mandal’s Babasaheb Naik College Of Engineering, Pusad",Un-Aided,Un-Aided,false,48,0111799510,Artificial Intelligence and Data Science,60,39,0,9,12,0,6,0111799511,3,FE_2024_SeatMatrix.pdf,1518,false,
2024-25,FE,01119,"Paramhansa Ramkrishna Maunibaba Shikshan Santha's , Anuradha Engineering College, Chikhali",Un-Aided,Un-Aided,false,48,0111924210,Computer Science and Engineering,60,39,0,9,12,0,6,0111924211,3,FE_2024_SeatMatrix.pdf,1519,false,
2024-25,FE,01119,"Paramhansa Ramkrishna Maunibaba Shikshan Santha's , Anuradha Engineering College, Chikhali",Un-Aided,Un-Aided,false,48,0111924610,Information Technology,60,39,0,9,12,0,6,0111924611,3,FE_2024_SeatMatrix.pdf,1520,false,
2024-25,FE,01119,"Paramhansa Ramkrishna Maunibaba Shikshan Santha's , Anuradha Engineering College, Chikhali",Un-Aided,Un-Aided,false,48,0111937210,Electronics and Telecommunication Engg,60,39,0,9,12,0,6,0111937211,3,FE_2024_SeatMatrix.pdf,1521,false,
2024-25,FE,01119,"Paramhansa Ramkrishna Maunibaba Shikshan Santha's , Anuradha Engineering College, Chikhali",Un-Aided,Un-Aided,false,36,0111950710,Chemical Engineering,45,29,0,7,9,0,5,,0,FE_2024_SeatMatrix.pdf,1522,false,
2024-25,FE,01119,"Paramhansa Ramkrishna Maunibaba Shikshan Santha's , Anuradha Engineering College, Chikhali",Un-Aided,Un-Aided,false,48,0111961210,Mechanical Engineering,60,39,0,9,12,0,6,0111961211,3,FE_2024_SeatMatrix.pdf,1523,false,
2024-25,FE,01120,"Jawaharlal Darda Institute of Engineering and Technology, Yavatmal",Un-Aided Linguistic Minority - Hindi,Un-Aided Linguistic Minority - Hindi,false,60,0112019110,Civil Engineering,60,25,31,4,0,0,0,0112019111,3,FE_2024_SeatMatrix.pdf,1524,false,
2024-25,FE,01120,"Jawaharlal Darda Institute of Engineering and Technology, Yavatmal",Un-Aided Linguistic Minority - Hindi,Un-Aided Linguistic Minority - Hindi,false,48,0112024210,Computer Science and Engineering,60,14,31,3,12,0,0,0112024211,3,FE_2024_SeatMatrix.pdf,1525,false,
2024-25,FE,01120,"Jawaharlal Darda Institute of Engineering and Technology, Yavatmal",Un-Aided Linguistic Minority - Hindi,Un-Aided Linguistic Minority - Hindi,false,60,0112029310,Electrical Engineering,60,25,31,4,0,0,0,0112029311,3,FE_2024_SeatMatrix.pdf,1526,false,
2024-25,FE,01120,"Jawaharlal Darda Institute of Engineering and Technology, Yavatmal",Un-Aided Linguistic Minority - Hindi,Un-Aided Linguistic Minority - Hindi,false,24,0112037210,Electronics and Telecommunication Engg,30,8,15,1,6,0,0,0112037211,2,FE_2024_SeatMatrix.pdf,1527,false,
2024-25,FE,01120,"Jawaharlal Darda Institute of Engineering and Technology, Yavatmal",Un-Aided Linguistic Minority - Hindi,Un-Aided Linguistic Minority - Hindi,false,30,0112050710,Chemical Engineering,30,13,15,2,0,0,0,0112050711,2,FE_2024_SeatMatrix.pdf,1528,false,
2024-25,FE,01120,"Jawaharlal Darda Institute of Engineering and Technology, Yavatmal",Un-Aided Linguistic Minority - Hindi,Un-Aided Linguistic Minority - Hindi,false,60,0112061210,Mechanical Engineering,60,25,31,4,0,0,0,0112061211,3,FE_2024_SeatMatrix.pdf,1529,false,
2024-25,FE,01120,"Jawaharlal Darda Institute of Engineering and Technology, Yavatmal",Un-Aided Linguistic Minority - Hindi,Un-Aided Linguistic Minority - Hindi,false,30,0112089310,Textile Engineering / Technology,30,13,15,2,0,0,0,0112089311,2,FE_2024_SeatMatrix.pdf,1530,false,
2024-25,FE,01121,"Shri Hanuman Vyayam Prasarak Mandals College of Engineering & Technology, Amravati",Un-Aided,Un-Aided,false,54,0112124210,Computer Science and Engineering,60,45,0,9,6,0,6,0112124211,3,FE_2024_SeatMatrix.pdf,1531,false,
2024-25,FE,01121,"Shri Hanuman Vyayam Prasarak Mandals College of Engineering & Technology, Amravati",Un-Aided,Un-Aided,false,54,0112124610,Information Technology,60,45,0,9,6,0,6,0112124611,3,FE_2024_SeatMatrix.pdf,1532,false,
2024-25,FE,01121,"Shri Hanuman Vyayam Prasarak Mandals College of Engineering & Technology, Amravati",Un-Aided,Un-Aided,false,60,0112137210,Electronics and Telecommunication Engg,60,51,0,9,0,1,6,0112137211,3,FE_2024_SeatMatrix.pdf,1533,false,
2024-25,FE,01121,"Shri Hanuman Vyayam Prasarak Mandals College of Engineering & Technology, Amravati",Un-Aided,Un-Aided,false,60,0112161210,Mechanical Engineering,60,51,0,9,0,1,6,0112161211,3,FE_2024_SeatMatrix.pdf,1534,false,
2024-25,FE,01123,"Dr.Rajendra Gode Institute of Technology & Research, Amravati",Un-Aided,Un-Aided,false,60,0112319110,Civil Engineering,60,51,0,9,0,1,6,0112319111,3,FE_2024_SeatMatrix.pdf,1535,false,
2024-25,FE,01123,"Dr.Rajendra Gode Institute of Technology & Research, Amravati",Un-Aided,Un-Aided,false,60,0112324210,Computer Science and Engineering,60,51,0,9,0,1,6,0112324211,3,FE_2024_SeatMatrix.pdf,1536,false,
2024-25,FE,01123,"Dr.Rajendra Gode Institute of Technology & Research, Amravati",Un-Aided,Un-Aided,false,60,0112337210,Electronics and Telecommunication Engg,60,51,0,9,0,1,6,0112337211,3,FE_2024_SeatMatrix.pdf,1537,false,
2024-25,FE,01123,"Dr.Rajendra Gode Institute of Technology & Research, Amravati",Un-Aided,Un-Aided,false,60,0112361210,Mechanical Engineering,60,51,0,9,0,1,6,0112361211,3,FE_2024_SeatMatrix.pdf,1538,false,
2024-25,FE,01125,"Dwarka Bahu Uddeshiya Gramin Vikas Foundation, Rajarshi Shahu College of Engineering, Buldhana",Un-Aided,Un-Aided,false,60,0112519110,Civil Engineering,60,51,0,9,0,1,6,,0,FE_2024_SeatMatrix.pdf,1539,false,
2024-25,FE,01125,"Dwarka Bahu Uddeshiya Gramin Vikas Foundation, Rajarshi Shahu College of Engineering, Buldhana",Un-Aided,Un-Aided,false,60,0112524210,Computer Science and Engineering,60,51,0,9,0,1,6,0112524211,3,FE_2024_SeatMatrix.pdf,1540,false,
2024-25,FE,01125,"Dwarka Bahu Uddeshiya Gramin Vikas Foundation, Rajarshi Shahu College of Engineering, Buldhana",Un-Aided,Un-Aided,false,60,0112526310,Artificial Intelligence (AI) and Data Science,60,51,0,9,0,1,6,0112526311,3,FE_2024_SeatMatrix.pdf,1541,false,
2024-25,FE,01125,"Dwarka Bahu Uddeshiya Gramin Vikas Foundation, Rajarshi Shahu College of Engineering, Buldhana",Un-Aided,Un-Aided,false,30,0112529310,Electrical Engineering,30,25,0,5,0,0,3,0112529311,2,FE_2024_SeatMatrix.pdf,1542,false,
2024-25,FE,01125,"Dwarka Bahu Uddeshiya Gramin Vikas Foundation, Rajarshi Shahu College of Engineering, Buldhana",Un-Aided,Un-Aided,false,30,0112561210,Mechanical Engineering,30,25,0,5,0,0,3,,0,FE_2024_SeatMatrix.pdf,1543,false,
2024-25,FE,01126,"Takshashila Institute of Engineering & Technology, Darapur, Amravati",Un-Aided,Un-Aided,false,60,0112619110,Civil Engineering,60,51,0,9,0,1,6,,0,FE_2024_SeatMatrix.pdf,1544,false,
2024-25,FE,01126,"Takshashila Institute of Engineering & Technology, Darapur, Amravati",Un-Aided,Un-Aided,false,54,0112624210,Computer Science and Engineering,60,45,0,9,6,0,6,0112624211,3,FE_2024_SeatMatrix.pdf,1545,false,
2024-25,FE,01126,"Takshashila Institute of Engineering & Technology, Darapur, Amravati",Un-Aided,Un-Aided,false,60,0112629310,Electrical Engineering,60,51,0,9,0,1,6,0112629311,3,FE_2024_SeatMatrix.pdf,1546,false,
2024-25,FE,01126,"Takshashila Institute of Engineering & Technology, Darapur, Amravati",Un-Aided,Un-Aided,false,30,0112637210,Electronics and Telecommunication Engg,30,25,0,5,0,0,3,0112637211,2,FE_2024_SeatMatrix.pdf,1547,false,
2024-25,FE,01126,"Takshashila Institute of Engineering & Technology, Darapur, Amravati",Un-Aided,Un-Aided,false,30,0112661210,Mechanical Engineering,30,25,0,5,0,0,3,,0,FE_2024_SeatMatrix.pdf,1548,false,
2024-25,FE,01128,"Prof Ram Meghe College of Engineering and Management, Badnera",Un-Aided,Un-Aided,false,60,0112819110,Civil Engineering,60,51,0,9,0,1,6,0112819111,3,FE_2024_SeatMatrix.pdf,1549,false,
2024-25,FE,01128,"Prof Ram Meghe College of Engineering and Management, Badnera",Un-Aided,Un-Aided,false,96,0112824210,Computer Science and Engineering,120,78,0,18,24,1,12,0112824211,6,FE_2024_SeatMatrix.pdf,1550,false,
2024-25,FE,01128,"Prof Ram Meghe College of Engineering and Management, Badnera",Un-Aided,Un-Aided,false,96,0112824610,Information Technology,120,78,0,18,24,1,12,0112824611,6,FE_2024_SeatMatrix.pdf,1551,false,
2024-25,FE,01128,"Prof Ram Meghe College of Engineering and Management, Badnera",Un-Aided,Un-Aided,false,60,0112829310,Electrical Engineering,60,51,0,9,0,1,6,0112829311,3,FE_2024_SeatMatrix.pdf,1552,false,
2024-25,FE,01128,"Prof Ram Meghe College of Engineering and Management, Badnera",Un-Aided,Un-Aided,false,48,0112837210,Electronics and Telecommunication Engg,60,39,0,9,12,0,6,0112837211,3,FE_2024_SeatMatrix.pdf,1553,false,
2024-25,FE,01128,"Prof Ram Meghe College of Engineering and Management, Badnera",Un-Aided,Un-Aided,false,48,0112891210,Computer Science and Engineering(Data Science),60,39,0,9,12,0,6,0112891211,3,FE_2024_SeatMatrix.pdf,1554,false,
2024-25,FE,01130,"Vision Buldhana Educational & Welfare Society's Pankaj Laddhad Institute of Technology & Management Studies, Yelgaon",Un-Aided,Un-Aided,false,30,0113019110,Civil Engineering,30,25,0,5,0,0,3,0113019111,2,FE_2024_SeatMatrix.pdf,1555,false,
2024-25,FE,01130,"Vision Buldhana Educational & Welfare Society's Pankaj Laddhad Institute of Technology & Management Studies, Yelgaon",Un-Aided,Un-Aided,false,54,0113024210,Computer Science and Engineering,60,45,0,9,6,0,6,0113024211,3,FE_2024_SeatMatrix.pdf,1556,false,
2024-25,FE,01130,"Vision Buldhana Educational & Welfare Society's Pankaj Laddhad Institute of Technology & Management Studies, Yelgaon",Un-Aided,Un-Aided,false,30,0113035610,Electrical Engg[Electronics and Power],30,25,0,5,0,0,3,,0,FE_2024_SeatMatrix.pdf,1557,false,
2024-25,FE,01130,"Vision Buldhana Educational & Welfare Society's Pankaj Laddhad Institute of Technology & Management Studies, Yelgaon",Un-Aided,Un-Aided,false,30,0113037210,Electronics and Telecommunication Engg,30,25,0,5,0,0,3,0113037211,2,FE_2024_SeatMatrix.pdf,1558,false,
2024-25,FE,01130,"Vision Buldhana Educational & Welfare Society's Pankaj Laddhad Institute of Technology & Management Studies, Yelgaon",Un-Aided,Un-Aided,false,30,0113061210,Mechanical Engineering,30,25,0,5,0,0,3,,0,FE_2024_SeatMatrix.pdf,1559,false,
2024-25,FE,01180,"Sanmati Engineering College, Sawargaon Barde, Washim",Un-Aided,Un-Aided,false,60,0118019110,Civil Engineering,60,51,0,9,0,1,6,,0,FE_2024_SeatMatrix.pdf,1560,false,
2024-25,FE,01180,"Sanmati Engineering College, Sawargaon Barde, Washim",Un-Aided,Un-Aided,false,60,0118024210,Computer Science and Engineering,60,51,0,9,0,1,6,0118024211,3,FE_2024_SeatMatrix.pdf,1561,false,
2024-25,FE,01180,"Sanmati Engineering College, Sawargaon Barde, Washim",Un-Aided,Un-Aided,false,60,0118026310,Artificial Intelligence (AI) and Data Science,60,51,0,9,0,1,6,0118026311,3,FE_2024_SeatMatrix.pdf,1562,false,
2024-25,FE,01180,"Sanmati Engineering College, Sawargaon Barde, Washim",Un-Aided,Un-Aided,false,60,0118029310,Electrical Engineering,60,51,0,9,0,1,6,,0,FE_2024_SeatMatrix.pdf,1563,false,
2024-25,FE,01180,"Sanmati Engineering College, Sawargaon Barde, Washim",Un-Aided,Un-Aided,false,60,0118061210,Mechanical Engineering,60,51,0,9,0,1,6,,0,FE_2024_SeatMatrix.pdf,1564,false,
2024-25,FE,01182,"Padmashri Dr. V.B. Kolte College of Engineering, Malkapur, Buldhana",Un-Aided,Un-Aided,false,60,0118219110,Civil Engineering,60,51,0,9,0,1,6,0118219111,3,FE_2024_SeatMatrix.pdf,1565,false,
2024-25,FE,01182,"Padmashri Dr. V.B. Kolte College of Engineering, Malkapur, Buldhana",Un-Aided,Un-Aided,false,60,0118224210,Computer Science and Engineering,60,51,0,9,0,1,6,0118224211,3,FE_2024_SeatMatrix.pdf,1566,false,
2024-25,FE,01182,"Padmashri Dr. V.B. Kolte College of Engineering, Malkapur, Buldhana",Un-Aided,Un-Aided,false,60,0118229310,Electrical Engineering,60,51,0,9,0,1,6,0118229311,3,FE_2024_SeatMatrix.pdf,1567,false,
2024-25,FE,01182,"Padmashri Dr. V.B. Kolte College of Engineering, Malkapur, Buldhana",Un-Aided,Un-Aided,false,60,0118261210,Mechanical Engineering,60,51,0,9,0,1,6,0118261211,3,FE_2024_SeatMatrix.pdf,1568,false,
2024-25,FE,01265,"Mauli Group of Institutions, College of Engineering and Technology, Shegaon.",Un-Aided,Un-Aided,false,60,0126519110,Civil Engineering,60,51,0,9,0,1,6,0126519111,3,FE_2024_SeatMatrix.pdf,1569,false,
2024-25,FE,01265,"Mauli Group of Institutions, College of Engineering and Technology, Shegaon.",Un-Aided,Un-Aided,false,48,0126524210,Computer Science and Engineering,60,39,0,9,12,0,6,0126524211,3,FE_2024_SeatMatrix.pdf,1570,false,
2024-25,FE,01265,"Mauli Group of Institutions, College of Engineering and Technology, Shegaon.",Un-Aided,Un-Aided,false,48,0126524610,Information Technology,60,39,0,9,12,0,6,0126524611,3,FE_2024_SeatMatrix.pdf,1571,false,
2024-25,FE,01265,"Mauli Group of Institutions, College of Engineering and Technology, Shegaon.",Un-Aided,Un-Aided,false,54,0126535610,Electrical Engg[Electronics and Power],60,45,0,9,6,0,6,0126535611,3,FE_2024_SeatMatrix.pdf,1572,false,
2024-25,FE,01265,"Mauli Group of Institutions, College of Engineering and Technology, Shegaon.",Un-Aided,Un-Aided,false,54,0126537210,Electronics and Telecommunication Engg,60,45,0,9,6,0,6,0126537211,3,FE_2024_SeatMatrix.pdf,1573,false,
2024-25,FE,01265,"Mauli Group of Institutions, College of Engineering and Technology, Shegaon.",Un-Aided,Un-Aided,false,60,0126561210,Mechanical Engineering,60,51,0,9,0,1,6,0126561211,3,FE_2024_SeatMatrix.pdf,1574,false,
2024-25,FE,01268,"Siddhivinayak Technical Campus, School of Engineering & Research Technology, Shirasgon, Nile",Un-Aided,Un-Aided,false,30,0126819110,Civil Engineering,30,25,0,5,0,0,3,,0,FE_2024_SeatMatrix.pdf,1575,false,
2024-25,FE,01268,"Siddhivinayak Technical Campus, School of Engineering & Research Technology, Shirasgon, Nile",Un-Aided,Un-Aided,false,48,0126824210,Computer Science and Engineering,60,39,0,9,12,0,6,0126824211,3,FE_2024_SeatMatrix.pdf,1576,false,
2024-25,FE,01268,"Siddhivinayak Technical Campus, School of Engineering & Research Technology, Shirasgon, Nile",Un-Aided,Un-Aided,false,30,0126835610,Electrical Engg[Electronics and Power],30,25,0,5,0,0,3,,0,FE_2024_SeatMatrix.pdf,1577,false,
2024-25,FE,01268,"Siddhivinayak Technical Campus, School of Engineering & Research Technology, Shirasgon, Nile",Un-Aided,Un-Aided,false,30,0126837210,Electronics and Telecommunication Engg,30,25,0,5,0,0,3,,0,FE_2024_SeatMatrix.pdf,1578,false,
2024-25,FE,01268,"Siddhivinayak Technical Campus, School of Engineering & Research Technology, Shirasgon, Nile",Un-Aided,Un-Aided,false,30,0126861210,Mechanical Engineering,30,25,0,5,0,0,3,,0,FE_2024_SeatMatrix.pdf,1579,false,
2024-25,FE,01268,"Siddhivinayak Technical Campus, School of Engineering & Research Technology, Shirasgon, Nile",Un-Aided,Un-Aided,false,30,0126899510,Artificial Intelligence and Data Science,30,25,0,5,0,0,3,0126899511,2,FE_2024_SeatMatrix.pdf,1580,false,
2024-25,FE,01276,"Manav School of Engineering & Technology, Gut No. 1035 Nagpur Surat Highway, NH No. 6 Tal.Vyala, Balapur, Akola, 444302",Un-Aided,Un-Aided,false,27,0127619110,Civil Engineering,27,23,0,4,0,0,3,,0,FE_2024_SeatMatrix.pdf,1581,false,
2024-25,FE,01276,"Manav School of Engineering & Technology, Gut No. 1035 Nagpur Surat Highway, NH No. 6 Tal.Vyala, Balapur, Akola, 444302",Un-Aided,Un-Aided,false,24,0127624510,Computer Engineering,27,20,0,4,3,0,3,0127624511,1,FE_2024_SeatMatrix.pdf,1582,false,
2024-25,FE,01276,"Manav School of Engineering & Technology, Gut No. 1035 Nagpur Surat Highway, NH No. 6 Tal.Vyala, Balapur, Akola, 444302",Un-Aided,Un-Aided,false,27,0127629310,Electrical Engineering,27,23,0,4,0,0,3,,0,FE_2024_SeatMatrix.pdf,1583,false,
2024-25,FE,01276,"Manav School of Engineering & Technology, Gut No. 1035 Nagpur Surat Highway, NH No. 6 Tal.Vyala, Balapur, Akola, 444302",Un-Aided,Un-Aided,false,27,0127661210,Mechanical Engineering,27,23,0,4,0,0,3,,0,FE_2024_SeatMatrix.pdf,1584,false,
2024-25,FE,05124,"Jagadamba Education Soc. Nashik's S.N.D. College of Engineering & Reserch, Babulgaon",Un-Aided,Un-Aided,false,60,0512419110,Civil Engineering,60,51,0,9,0,1,6,,0,FE_2024_SeatMatrix.pdf,1585,false,
2024-25,FE,05124,"Jagadamba Education Soc. Nashik's S.N.D. College of Engineering & Reserch, Babulgaon",Un-Aided,Un-Aided,false,48,0512424510,Computer Engineering,60,39,0,9,12,0,6,0512424511,3,FE_2024_SeatMatrix.pdf,1586,false,
2024-25,FE,05124,"Jagadamba Education Soc. Nashik's S.N.D. College of Engineering & Reserch, Babulgaon",Un-Aided,Un-Aided,false,48,0512424610,Information Technology,60,39,0,9,12,0,6,0512424611,3,FE_2024_SeatMatrix.pdf,1587,false,
2024-25,FE,05124,"Jagadamba Education Soc. Nashik's S.N.D. College of Engineering & Reserch, Babulgaon",Un-Aided,Un-Aided,false,120,0512429310,Electrical Engineering,120,102,0,18,0,1,12,0512429311,6,FE_2024_SeatMatrix.pdf,1588,false,
2024-25,FE,05124,"Jagadamba Education Soc. Nashik's S.N.D. College of Engineering & Reserch, Babulgaon",Un-Aided,Un-Aided,false,60,0512461210,Mechanical Engineering,60,51,0,9,0,1,6,0512461211,3,FE_2024_SeatMatrix.pdf,1589,false,
2024-25,FE,05124,"Jagadamba Education Soc. Nashik's S.N.D. College of Engineering & Reserch, Babulgaon",Un-Aided,Un-Aided,false,60,0512462410,Mechatronics Engineering,60,51,0,9,0,1,6,0512462411,3,FE_2024_SeatMatrix.pdf,1590,false,
2024-25,FE,05124,"Jagadamba Education Soc. Nashik's S.N.D. College of Engineering & Reserch, Babulgaon",Un-Aided,Un-Aided,false,60,0512484410,Electronics and Computer Engineering,60,51,0,9,0,1,6,0512484411,3,FE_2024_SeatMatrix.pdf,1591,false,
2024-25,FE,05125,"Pravara Rural Education Society's Sir Visvesvaraya Institute of Technology, Chincholi Dist. Nashik",Un-Aided,Un-Aided,false,60,0512524510,Computer Engineering,60,51,0,9,0,1,6,0512524511,3,FE_2024_SeatMatrix.pdf,1592,false,
2024-25,FE,05125,"Pravara Rural Education Society's Sir Visvesvaraya Institute of Technology, Chincholi Dist. Nashik",Un-Aided,Un-Aided,false,60,0512524610,Information Technology,60,51,0,9,0,1,6,0512524611,3,FE_2024_SeatMatrix.pdf,1593,false,
2024-25,FE,05125,"Pravara Rural Education Society's Sir Visvesvaraya Institute of Technology, Chincholi Dist. Nashik",Un-Aided,Un-Aided,false,60,0512550710,Chemical Engineering,60,51,0,9,0,1,6,0512550711,3,FE_2024_SeatMatrix.pdf,1594,false,
2024-25,FE,05125,"Pravara Rural Education Society's Sir Visvesvaraya Institute of Technology, Chincholi Dist. Nashik",Un-Aided,Un-Aided,false,60,0512584410,Electronics and Computer Engineering,60,51,0,9,0,1,6,0512584411,3,FE_2024_SeatMatrix.pdf,1595,false,
2024-25,FE,05130,"Brahma Valley College of Engineering & Research, Trimbakeshwar, Nashik",Un-Aided,Un-Aided,false,60,0513019110,Civil Engineering,60,51,0,9,0,1,6,,0,FE_2024_SeatMatrix.pdf,1596,false,
2024-25,FE,05130,"Brahma Valley College of Engineering & Research, Trimbakeshwar, Nashik",Un-Aided,Un-Aided,false,50,0513024510,Computer Engineering,60,41,0,9,10,0,6,0513024511,3,FE_2024_SeatMatrix.pdf,1597,false,
2024-25,FE,05130,"Brahma Valley College of Engineering & Research, Trimbakeshwar, Nashik",Un-Aided,Un-Aided,false,60,0513029310,Electrical Engineering,60,51,0,9,0,1,6,,0,FE_2024_SeatMatrix.pdf,1598,false,
2024-25,FE,05130,"Brahma Valley College of Engineering & Research, Trimbakeshwar, Nashik",Un-Aided,Un-Aided,false,120,0513061210,Mechanical Engineering,120,102,0,18,0,1,12,,0,FE_2024_SeatMatrix.pdf,1599,false,
2024-25,FE,05139,"Pravara Rural College of Engineering, Loni, Pravaranagar, Ahmednagar.",Un-Aided,Un-Aided,false,60,0513919110,Civil Engineering,60,51,0,9,0,1,6,0513919111,3,FE_2024_SeatMatrix.pdf,1600,false,
2024-25,FE,05139,"Pravara Rural College of Engineering, Loni, Pravaranagar, Ahmednagar.",Un-Aided,Un-Aided,false,96,0513924510,Computer Engineering,120,78,0,18,24,1,12,0513924511,6,FE_2024_SeatMatrix.pdf,1601,false,
2024-25,FE,05139,"Pravara Rural College of Engineering, Loni, Pravaranagar, Ahmednagar.",Un-Aided,Un-Aided,false,96,0513924610,Information Technology,120,78,0,18,24,1,12,0513924611,6,FE_2024_SeatMatrix.pdf,1602,false,
2024-25,FE,05139,"Pravara Rural College of Engineering, Loni, Pravaranagar, Ahmednagar.",Un-Aided,Un-Aided,false,48,0513937210,Electronics and Telecommunication Engg,60,39,0,9,12,0,6,0513937211,3,FE_2024_SeatMatrix.pdf,1603,false,
2024-25,FE,05139,"Pravara Rural College of Engineering, Loni, Pravaranagar, Ahmednagar.",Un-Aided,Un-Aided,false,59,0513946410,Instrumentation and Control Engineering,60,50,0,9,1,1,6,0513946411,3,FE_2024_SeatMatrix.pdf,1604,false,
2024-25,FE,05139,"Pravara Rural College of Engineering, Loni, Pravaranagar, Ahmednagar.",Un-Aided,Un-Aided,false,58,0513950710,Chemical Engineering,60,49,0,9,2,0,6,0513950711,3,FE_2024_SeatMatrix.pdf,1605,false,
2024-25,FE,05139,"Pravara Rural College of Engineering, Loni, Pravaranagar, Ahmednagar.",Un-Aided,Un-Aided,false,59,0513961210,Mechanical Engineering,60,50,0,9,1,1,6,0513961211,3,FE_2024_SeatMatrix.pdf,1606,false,
2024-25,FE,05139,"Pravara Rural College of Engineering, Loni, Pravaranagar, Ahmednagar.",Un-Aided,Un-Aided,false,48,0513984410,Electronics and Computer Engineering,60,39,0,9,12,0,6,0513984411,3,FE_2024_SeatMatrix.pdf,1607,false,
2024-25,FE,05139,"Pravara Rural College of Engineering, Loni, Pravaranagar, Ahmednagar.",Un-Aided,Un-Aided,false,59,0513991610,Automation and Robotics,60,50,0,9,1,1,6,0513991611,3,FE_2024_SeatMatrix.pdf,1608,false,
2024-25,FE,05139,"Pravara Rural College of Engineering, Loni, Pravaranagar, Ahmednagar.",Un-Aided,Un-Aided,false,48,0513999510,Artificial Intelligence and Data Science,60,39,0,9,12,0,6,0513999511,3,FE_2024_SeatMatrix.pdf,1609,false,
2024-25,FE,05151,"MET Bhujbal Knowledge City MET League's Engineering College, Adgaon, Nashik.",Un-Aided,Un-Aided,false,54,0515119110,Civil Engineering,60,45,0,9,6,0,6,0515119111,3,FE_2024_SeatMatrix.pdf,1610,false,
2024-25,FE,05151,"MET Bhujbal Knowledge City MET League's Engineering College, Adgaon, Nashik.",Un-Aided,Un-Aided,false,96,0515124510,Computer Engineering,120,78,0,18,24,1,12,0515124511,6,FE_2024_SeatMatrix.pdf,1611,false,
2024-25,FE,05151,"MET Bhujbal Knowledge City MET League's Engineering College, Adgaon, Nashik.",Un-Aided,Un-Aided,false,48,0515124610,Information Technology,60,39,0,9,12,0,6,0515124611,3,FE_2024_SeatMatrix.pdf,1612,false,
2024-25,FE,05151,"MET Bhujbal Knowledge City MET League's Engineering College, Adgaon, Nashik.",Un-Aided,Un-Aided,false,54,0515129310,Electrical Engineering,60,45,0,9,6,0,6,0515129311,3,FE_2024_SeatMatrix.pdf,1613,false,
2024-25,FE,05151,"MET Bhujbal Knowledge City MET League's Engineering College, Adgaon, Nashik.",Un-Aided,Un-Aided,false,48,0515137210,Electronics and Telecommunication Engg,60,39,0,9,12,0,6,0515137211,3,FE_2024_SeatMatrix.pdf,1614,false,
2024-25,FE,05151,"MET Bhujbal Knowledge City MET League's Engineering College, Adgaon, Nashik.",Un-Aided,Un-Aided,false,116,0515161210,Mechanical Engineering,120,98,0,18,4,1,12,0515161211,6,FE_2024_SeatMatrix.pdf,1615,false,
2024-25,FE,05151,"MET Bhujbal Knowledge City MET League's Engineering College, Adgaon, Nashik.",Un-Aided,Un-Aided,false,48,0515199510,Artificial Intelligence and Data Science,60,39,0,9,12,0,6,0515199511,3,FE_2024_SeatMatrix.pdf,1616,false,
2024-25,FE,05161,"Dr. Vithalrao Vikhe Patil College of Engineering, Ahmednagar",Un-Aided,Un-Aided,false,60,0516119110,Civil Engineering,60,51,0,9,0,1,6,,0,FE_2024_SeatMatrix.pdf,1617,false,
2024-25,FE,05161,"Dr. Vithalrao Vikhe Patil College of Engineering, Ahmednagar",Un-Aided,Un-Aided,false,72,0516124510,Computer Engineering,90,58,0,14,18,1,9,0516124511,5,FE_2024_SeatMatrix.pdf,1618,false,
2024-25,FE,05161,"Dr. Vithalrao Vikhe Patil College of Engineering, Ahmednagar",Un-Aided,Un-Aided,false,84,0516124610,Information Technology,90,70,0,14,6,1,9,0516124611,5,FE_2024_SeatMatrix.pdf,1619,false,
2024-25,FE,05161,"Dr. Vithalrao Vikhe Patil College of Engineering, Ahmednagar",Un-Aided,Un-Aided,false,54,0516125710,Computer Science and Design,60,45,0,9,6,0,6,0516125711,3,FE_2024_SeatMatrix.pdf,1620,false,
2024-25,FE,05161,"Dr. Vithalrao Vikhe Patil College of Engineering, Ahmednagar",Un-Aided,Un-Aided,false,60,0516129310,Electrical Engineering,60,51,0,9,0,1,6,0516129311,3,FE_2024_SeatMatrix.pdf,1621,false,
2024-25,FE,05161,"Dr. Vithalrao Vikhe Patil College of Engineering, Ahmednagar",Un-Aided,Un-Aided,false,60,0516137210,Electronics and Telecommunication Engg,60,51,0,9,0,1,6,0516137211,3,FE_2024_SeatMatrix.pdf,1622,false,
2024-25,FE,05161,"Dr. Vithalrao Vikhe Patil College of Engineering, Ahmednagar",Un-Aided,Un-Aided,false,60,0516137810,Electronics Engineering ( VLSI Design and,60,51,0,9,0,1,6,,0,FE_2024_SeatMatrix.pdf,1623,false,
2024-25,FE,05161,"Dr. Vithalrao Vikhe Patil College of Engineering, Ahmednagar",Un-Aided,Un-Aided,false,60,0516161210,Mechanical Engineering,60,51,0,9,0,1,6,0516161211,3,FE_2024_SeatMatrix.pdf,1624,false,
2024-25,FE,05161,"Dr. Vithalrao Vikhe Patil College of Engineering, Ahmednagar",Un-Aided,Un-Aided,false,54,0516199510,Artificial Intelligence and Data Science,60,45,0,9,6,0,6,0516199511,3,FE_2024_SeatMatrix.pdf,1625,false,
2024-25,FE,05162,"Amrutvahini Sheti & Shikshan Vikas Sanstha's Amrutvahini College of Engineering, Sangamner",Un-Aided,Un-Aided,false,120,0516219110,Civil Engineering,120,102,0,18,0,1,12,0516219111,6,FE_2024_SeatMatrix.pdf,1626,false,
2024-25,FE,05162,"Amrutvahini Sheti & Shikshan Vikas Sanstha's Amrutvahini College of Engineering, Sangamner",Un-Aided,Un-Aided,false,96,0516224510,Computer Engineering,120,78,0,18,24,1,12,0516224511,6,FE_2024_SeatMatrix.pdf,1627,false,
2024-25,FE,05162,"Amrutvahini Sheti & Shikshan Vikas Sanstha's Amrutvahini College of Engineering, Sangamner",Un-Aided,Un-Aided,false,96,0516224610,Information Technology,120,78,0,18,24,1,12,0516224611,6,FE_2024_SeatMatrix.pdf,1628,false,
2024-25,FE,05162,"Amrutvahini Sheti & Shikshan Vikas Sanstha's Amrutvahini College of Engineering, Sangamner",Un-Aided,Un-Aided,false,116,0516229310,Electrical Engineering,120,98,0,18,4,1,12,0516229311,6,FE_2024_SeatMatrix.pdf,1629,false,
2024-25,FE,05162,"Amrutvahini Sheti & Shikshan Vikas Sanstha's Amrutvahini College of Engineering, Sangamner",Un-Aided,Un-Aided,false,106,0516237210,Electronics and Telecommunication Engg,120,88,0,18,14,1,12,0516237211,6,FE_2024_SeatMatrix.pdf,1630,false,
2024-25,FE,05162,"Amrutvahini Sheti & Shikshan Vikas Sanstha's Amrutvahini College of Engineering, Sangamner",Un-Aided,Un-Aided,false,110,0516261210,Mechanical Engineering,120,92,0,18,10,1,12,0516261211,6,FE_2024_SeatMatrix.pdf,1631,false,
2024-25,FE,05162,"Amrutvahini Sheti & Shikshan Vikas Sanstha's Amrutvahini College of Engineering, Sangamner",Un-Aided,Un-Aided,false,54,0516284410,Electronics and Computer Engineering,60,45,0,9,6,0,6,0516284411,3,FE_2024_SeatMatrix.pdf,1632,false,
2024-25,FE,05162,"Amrutvahini Sheti & Shikshan Vikas Sanstha's Amrutvahini College of Engineering, Sangamner",Un-Aided,Un-Aided,false,58,0516291610,Automation and Robotics,60,49,0,9,2,0,6,0516291611,3,FE_2024_SeatMatrix.pdf,1633,false,
2024-25,FE,05162,"Amrutvahini Sheti & Shikshan Vikas Sanstha's Amrutvahini College of Engineering, Sangamner",Un-Aided,Un-Aided,false,96,0516299510,Artificial Intelligence and Data Science,120,78,0,18,24,1,12,0516299511,6,FE_2024_SeatMatrix.pdf,1634,false,
2024-25,FE,05179,"Vishwabharati Academy's College of Engineering, Ahmednagar",Un-Aided,Un-Aided,false,60,0517919110,Civil Engineering,60,51,0,9,0,1,6,,0,FE_2024_SeatMatrix.pdf,1635,false,
2024-25,FE,05179,"Vishwabharati Academy's College of Engineering, Ahmednagar",Un-Aided,Un-Aided,false,78,0517924510,Computer Engineering,90,64,0,14,12,1,9,0517924511,5,FE_2024_SeatMatrix.pdf,1636,false,
2024-25,FE,05179,"Vishwabharati Academy's College of Engineering, Ahmednagar",Un-Aided,Un-Aided,false,54,0517926310,Artificial Intelligence (AI) and Data Science,60,45,0,9,6,0,6,0517926311,3,FE_2024_SeatMatrix.pdf,1637,false,
2024-25,FE,05179,"Vishwabharati Academy's College of Engineering, Ahmednagar",Un-Aided,Un-Aided,false,60,0517961210,Mechanical Engineering,60,51,0,9,0,1,6,,0,FE_2024_SeatMatrix.pdf,1638,false,
2024-25,FE,05179,"Vishwabharati Academy's College of Engineering, Ahmednagar",Un-Aided,Un-Aided,false,60,0517984410,Electronics and Computer Engineering,60,51,0,9,0,1,6,,0,FE_2024_SeatMatrix.pdf,1639,false,
2024-25,FE,05181,"Gokhale Education Society's, R.H. Sapat College of Engineering, Management Studies and Research, Nashik",Un-Aided,Un-Aided,false,60,0518119110,Civil Engineering,60,51,0,9,0,1,6,,0,FE_2024_SeatMatrix.pdf,1640,false,
2024-25,FE,05181,"Gokhale Education Society's, R.H. Sapat College of Engineering, Management Studies and Research, Nashik",Un-Aided,Un-Aided,false,96,0518124510,Computer Engineering,120,78,0,18,24,1,12,0518124511,6,FE_2024_SeatMatrix.pdf,1641,false,
2024-25,FE,05181,"Gokhale Education Society's, R.H. Sapat College of Engineering, Management Studies and Research, Nashik",Un-Aided,Un-Aided,false,112,0518129310,Electrical Engineering,120,94,0,18,8,1,12,0518129311,6,FE_2024_SeatMatrix.pdf,1642,false,
2024-25,FE,05181,"Gokhale Education Society's, R.H. Sapat College of Engineering, Management Studies and Research, Nashik",Un-Aided,Un-Aided,false,48,0518137210,Electronics and Telecommunication Engg,60,39,0,9,12,0,6,0518137211,3,FE_2024_SeatMatrix.pdf,1643,false,
2024-25,FE,05181,"Gokhale Education Society's, R.H. Sapat College of Engineering, Management Studies and Research, Nashik",Un-Aided,Un-Aided,false,118,0518161210,Mechanical Engineering,120,100,0,18,2,1,12,0518161211,6,FE_2024_SeatMatrix.pdf,1644,false,
2024-25,FE,05181,"Gokhale Education Society's, R.H. Sapat College of Engineering, Management Studies and Research, Nashik",Un-Aided,Un-Aided,false,48,0518199510,Artificial Intelligence and Data Science,60,39,0,9,12,0,6,0518199511,3,FE_2024_SeatMatrix.pdf,1645,false,
2024-25,FE,05182,"Kalyani Charitable Trust, Late Gambhirrao Natuba Sapkal College of Engineering, Anjaneri, Trimbakeshwar Road, Nashik",Un-Aided,Un-Aided,false,60,0518219110,Civil Engineering,60,51,0,9,0,1,6,,0,FE_2024_SeatMatrix.pdf,1646,false,
2024-25,FE,05182,"Kalyani Charitable Trust, Late Gambhirrao Natuba Sapkal College of Engineering, Anjaneri, Trimbakeshwar Road, Nashik",Un-Aided,Un-Aided,false,96,0518224510,Computer Engineering,120,78,0,18,24,1,12,0518224511,6,FE_2024_SeatMatrix.pdf,1647,false,
2024-25,FE,05182,"Kalyani Charitable Trust, Late Gambhirrao Natuba Sapkal College of Engineering, Anjaneri, Trimbakeshwar Road, Nashik",Un-Aided,Un-Aided,false,48,0518226310,Artificial Intelligence (AI) and Data Science,60,39,0,9,12,0,6,0518226311,3,FE_2024_SeatMatrix.pdf,1648,false,
2024-25,FE,05182,"Kalyani Charitable Trust, Late Gambhirrao Natuba Sapkal College of Engineering, Anjaneri, Trimbakeshwar Road, Nashik",Un-Aided,Un-Aided,false,30,0518229310,Electrical Engineering,30,25,0,5,0,0,3,,0,FE_2024_SeatMatrix.pdf,1649,false,
2024-25,FE,05182,"Kalyani Charitable Trust, Late Gambhirrao Natuba Sapkal College of Engineering, Anjaneri, Trimbakeshwar Road, Nashik",Un-Aided,Un-Aided,false,60,0518237210,Electronics and Telecommunication Engg,60,51,0,9,0,1,6,0518237211,3,FE_2024_SeatMatrix.pdf,1650,false,
2024-25,FE,05182,"Kalyani Charitable Trust, Late Gambhirrao Natuba Sapkal College of Engineering, Anjaneri, Trimbakeshwar Road, Nashik",Un-Aided,Un-Aided,false,60,0518261210,Mechanical Engineering,60,51,0,9,0,1,6,,0,FE_2024_SeatMatrix.pdf,1651,false,
2024-25,FE,05184,"Amruta Vaishnavi Education & Welfare Trust's Shatabdi Institute of Engineering & Research, Agaskhind Tal. Sinnar",Un-Aided Religious Minority - Christian,Un-Aided Religious Minority - Christian,false,27,0518419110,Civil Engineering,27,11,14,2,0,0,0,,0,FE_2024_SeatMatrix.pdf,1652,false,
2024-25,FE,05184,"Amruta Vaishnavi Education & Welfare Trust's Shatabdi Institute of Engineering & Research, Agaskhind Tal. Sinnar",Un-Aided Religious Minority - Christian,Un-Aided Religious Minority - Christian,false,27,0518424510,Computer Engineering,27,11,14,2,0,0,0,,0,FE_2024_SeatMatrix.pdf,1653,false,
2024-25,FE,05184,"Amruta Vaishnavi Education & Welfare Trust's Shatabdi Institute of Engineering & Research, Agaskhind Tal. Sinnar",Un-Aided Religious Minority - Christian,Un-Aided Religious Minority - Christian,false,30,0518429310,Electrical Engineering,30,13,15,2,0,0,0,,0,FE_2024_SeatMatrix.pdf,1654,false,
2024-25,FE,05184,"Amruta Vaishnavi Education & Welfare Trust's Shatabdi Institute of Engineering & Research, Agaskhind Tal. Sinnar",Un-Aided Religious Minority - Christian,Un-Aided Religious Minority - Christian,false,27,0518437210,Electronics and Telecommunication Engg,27,11,14,2,0,0,0,,0,FE_2024_SeatMatrix.pdf,1655,false,
2024-25,FE,05184,"Amruta Vaishnavi Education & Welfare Trust's Shatabdi Institute of Engineering & Research, Agaskhind Tal. Sinnar",Un-Aided Religious Minority - Christian,Un-Aided Religious Minority - Christian,false,27,0518461210,Mechanical Engineering,27,11,14,2,0,0,0,,0,FE_2024_SeatMatrix.pdf,1656,false,
2024-25,FE,05303,"Hon. Shri. Babanrao Pachpute Vichardhara Trust, Group of Institutions (Integrated Campus)-Parikrama, Kashti Shrigondha,",Un-Aided,Un-Aided,false,60,0530319110,Civil Engineering,60,51,0,9,0,1,6,,0,FE_2024_SeatMatrix.pdf,1657,false,
2024-25,FE,05303,"Hon. Shri. Babanrao Pachpute Vichardhara Trust, Group of Institutions (Integrated Campus)-Parikrama, Kashti Shrigondha,",Un-Aided,Un-Aided,false,115,0530324510,Computer Engineering,120,97,0,18,5,1,12,0530324511,6,FE_2024_SeatMatrix.pdf,1658,false,
2024-25,FE,05303,"Hon. Shri. Babanrao Pachpute Vichardhara Trust, Group of Institutions (Integrated Campus)-Parikrama, Kashti Shrigondha,",Un-Aided,Un-Aided,false,60,0530329310,Electrical Engineering,60,51,0,9,0,1,6,,0,FE_2024_SeatMatrix.pdf,1659,false,
2024-25,FE,05303,"Hon. Shri. Babanrao Pachpute Vichardhara Trust, Group of Institutions (Integrated Campus)-Parikrama, Kashti Shrigondha,",Un-Aided,Un-Aided,false,60,0530361210,Mechanical Engineering,60,51,0,9,0,1,6,,0,FE_2024_SeatMatrix.pdf,1660,false,
2024-25,FE,05303,"Hon. Shri. Babanrao Pachpute Vichardhara Trust, Group of Institutions (Integrated Campus)-Parikrama, Kashti Shrigondha,",Un-Aided,Un-Aided,false,58,0530384410,Electronics and Computer Engineering,60,49,0,9,2,0,6,0530384411,3,FE_2024_SeatMatrix.pdf,1661,false,
2024-25,FE,05330,"PUNE VIDYARTHI GRIHA’S COLLEGE OF ENGINEERING & SHRIKRUSHNA S. DHAMANKAR INSTITUTE OF MANAGEMENT, NASHIK",Un-Aided,Un-Aided,false,48,0533024510,Computer Engineering,60,39,0,9,12,0,6,0533024511,3,FE_2024_SeatMatrix.pdf,1662,false,
2024-25,FE,05330,"PUNE VIDYARTHI GRIHA’S COLLEGE OF ENGINEERING & SHRIKRUSHNA S. DHAMANKAR INSTITUTE OF MANAGEMENT, NASHIK",Un-Aided,Un-Aided,false,48,0533024610,Information Technology,60,39,0,9,12,0,6,0533024611,3,FE_2024_SeatMatrix.pdf,1663,false,
2024-25,FE,05330,"PUNE VIDYARTHI GRIHA’S COLLEGE OF ENGINEERING & SHRIKRUSHNA S. DHAMANKAR INSTITUTE OF MANAGEMENT, NASHIK",Un-Aided,Un-Aided,false,48,0533037210,Electronics and Telecommunication Engg,60,39,0,9,12,0,6,0533037211,3,FE_2024_SeatMatrix.pdf,1664,false,
2024-25,FE,05330,"PUNE VIDYARTHI GRIHA’S COLLEGE OF ENGINEERING & SHRIKRUSHNA S. DHAMANKAR INSTITUTE OF MANAGEMENT, NASHIK",Un-Aided,Un-Aided,false,60,0533061210,Mechanical Engineering,60,51,0,9,0,1,6,0533061211,3,FE_2024_SeatMatrix.pdf,1665,false,
2024-25,FE,05330,"PUNE VIDYARTHI GRIHA’S COLLEGE OF ENGINEERING & SHRIKRUSHNA S. DHAMANKAR INSTITUTE OF MANAGEMENT, NASHIK",Un-Aided,Un-Aided,false,48,0533099510,Artificial Intelligence and Data Science,60,39,0,9,12,0,6,0533099511,3,FE_2024_SeatMatrix.pdf,1666,false,
2024-25,FE,05331,"Sandip Foundation's, Sandip Institute of Engineering & Management, Nashik",Un-Aided,Un-Aided,false,60,0533119110,Civil Engineering,60,51,0,9,0,1,6,,0,FE_2024_SeatMatrix.pdf,1667,false,
2024-25,FE,05331,"Sandip Foundation's, Sandip Institute of Engineering & Management, Nashik",Un-Aided,Un-Aided,false,108,0533124510,Computer Engineering,120,90,0,18,12,1,12,0533124511,6,FE_2024_SeatMatrix.pdf,1668,false,
2024-25,FE,05331,"Sandip Foundation's, Sandip Institute of Engineering & Management, Nashik",Un-Aided,Un-Aided,false,60,0533129310,Electrical Engineering,60,51,0,9,0,1,6,0533129311,3,FE_2024_SeatMatrix.pdf,1669,false,
2024-25,FE,05331,"Sandip Foundation's, Sandip Institute of Engineering & Management, Nashik",Un-Aided,Un-Aided,false,60,0533137210,Electronics and Telecommunication Engg,60,51,0,9,0,1,6,0533137211,3,FE_2024_SeatMatrix.pdf,1670,false,
2024-25,FE,05331,"Sandip Foundation's, Sandip Institute of Engineering & Management, Nashik",Un-Aided,Un-Aided,false,60,0533161210,Mechanical Engineering,60,51,0,9,0,1,6,0533161211,3,FE_2024_SeatMatrix.pdf,1671,false,
2024-25,FE,05380,"Adsul's Technical Campus, Chas Dist. Ahmednagar",Un-Aided,Un-Aided,false,60,0538019110,Civil Engineering,60,51,0,9,0,1,6,0538019111,3,FE_2024_SeatMatrix.pdf,1672,false,
2024-25,FE,05380,"Adsul's Technical Campus, Chas Dist. Ahmednagar",Un-Aided,Un-Aided,false,180,0538024510,Computer Engineering,180,153,0,27,0,2,18,0538024511,9,FE_2024_SeatMatrix.pdf,1673,false,
2024-25,FE,05380,"Adsul's Technical Campus, Chas Dist. Ahmednagar",Un-Aided,Un-Aided,false,60,0538024610,Information Technology,60,51,0,9,0,1,6,0538024611,3,FE_2024_SeatMatrix.pdf,1674,false,
2024-25,FE,05380,"Adsul's Technical Campus, Chas Dist. Ahmednagar",Un-Aided,Un-Aided,false,60,0538029310,Electrical Engineering,60,51,0,9,0,1,6,0538029311,3,FE_2024_SeatMatrix.pdf,1675,false,
2024-25,FE,05380,"Adsul's Technical Campus, Chas Dist. Ahmednagar",Un-Aided,Un-Aided,false,60,0538037210,Electronics and Telecommunication Engg,60,51,0,9,0,1,6,0538037211,3,FE_2024_SeatMatrix.pdf,1676,false,
2024-25,FE,05380,"Adsul's Technical Campus, Chas Dist. Ahmednagar",Un-Aided,Un-Aided,false,60,0538061210,Mechanical Engineering,60,51,0,9,0,1,6,0538061211,3,FE_2024_SeatMatrix.pdf,1677,false,
2024-25,FE,05380,"Adsul's Technical Campus, Chas Dist. Ahmednagar",Un-Aided,Un-Aided,false,60,0538099510,Artificial Intelligence and Data Science,60,51,0,9,0,1,6,0538099511,3,FE_2024_SeatMatrix.pdf,1678,false,
2024-25,FE,05382,"Ahmednagar Jilha Maratha Vidya Prasarak Samajache, Shri. Chhatrapati Shivaji Maharaj College of Engineering, Nepti",Un-Aided,Un-Aided,false,60,0538219110,Civil Engineering,60,51,0,9,0,1,6,,0,FE_2024_SeatMatrix.pdf,1679,false,
2024-25,FE,05382,"Ahmednagar Jilha Maratha Vidya Prasarak Samajache, Shri. Chhatrapati Shivaji Maharaj College of Engineering, Nepti",Un-Aided,Un-Aided,false,48,0538224510,Computer Engineering,60,39,0,9,12,0,6,0538224511,3,FE_2024_SeatMatrix.pdf,1680,false,
2024-25,FE,05382,"Ahmednagar Jilha Maratha Vidya Prasarak Samajache, Shri. Chhatrapati Shivaji Maharaj College of Engineering, Nepti",Un-Aided,Un-Aided,false,54,0538226310,Artificial Intelligence (AI) and Data Science,60,45,0,9,6,0,6,0538226311,3,FE_2024_SeatMatrix.pdf,1681,false,
2024-25,FE,05382,"Ahmednagar Jilha Maratha Vidya Prasarak Samajache, Shri. Chhatrapati Shivaji Maharaj College of Engineering, Nepti",Un-Aided,Un-Aided,false,60,0538237210,Electronics and Telecommunication Engg,60,51,0,9,0,1,6,0538237211,3,FE_2024_SeatMatrix.pdf,1682,false,
2024-25,FE,05382,"Ahmednagar Jilha Maratha Vidya Prasarak Samajache, Shri. Chhatrapati Shivaji Maharaj College of Engineering, Nepti",Un-Aided,Un-Aided,false,60,0538261210,Mechanical Engineering,60,51,0,9,0,1,6,0538261211,3,FE_2024_SeatMatrix.pdf,1683,false,
2024-25,FE,05390,"K.V.N. Naik S. P. Sansth's Loknete Gopinathji Munde Institute of Engineering Education & Research, Nashik.",Un-Aided,Un-Aided,false,60,0539019110,Civil Engineering,60,51,0,9,0,1,6,,0,FE_2024_SeatMatrix.pdf,1684,false,
2024-25,FE,05390,"K.V.N. Naik S. P. Sansth's Loknete Gopinathji Munde Institute of Engineering Education & Research, Nashik.",Un-Aided,Un-Aided,false,48,0539024510,Computer Engineering,60,39,0,9,12,0,6,0539024511,3,FE_2024_SeatMatrix.pdf,1685,false,
2024-25,FE,05390,"K.V.N. Naik S. P. Sansth's Loknete Gopinathji Munde Institute of Engineering Education & Research, Nashik.",Un-Aided,Un-Aided,false,24,0539024610,Information Technology,30,19,0,5,6,0,3,0539024611,2,FE_2024_SeatMatrix.pdf,1686,false,
2024-25,FE,05390,"K.V.N. Naik S. P. Sansth's Loknete Gopinathji Munde Institute of Engineering Education & Research, Nashik.",Un-Aided,Un-Aided,false,60,0539029310,Electrical Engineering,60,51,0,9,0,1,6,0539029311,3,FE_2024_SeatMatrix.pdf,1687,false,
2024-25,FE,05390,"K.V.N. Naik S. P. Sansth's Loknete Gopinathji Munde Institute of Engineering Education & Research, Nashik.",Un-Aided,Un-Aided,false,60,0539061210,Mechanical Engineering,60,51,0,9,0,1,6,,0,FE_2024_SeatMatrix.pdf,1688,false,
2024-25,FE,05390,"K.V.N. Naik S. P. Sansth's Loknete Gopinathji Munde Institute of Engineering Education & Research, Nashik.",Un-Aided,Un-Aided,false,48,0539092110,Artificial Intelligence and Machine Learning,60,39,0,9,12,0,6,0539092111,3,FE_2024_SeatMatrix.pdf,1689,false,
2024-25,FE,05399,"Sanghavi College of Engineering, Varvandi, Nashik.",Un-Aided,Un-Aided,false,60,0539919110,Civil Engineering,60,51,0,9,0,1,6,,0,FE_2024_SeatMatrix.pdf,1690,false,
2024-25,FE,05399,"Sanghavi College of Engineering, Varvandi, Nashik.",Un-Aided,Un-Aided,false,60,0539924510,Computer Engineering,60,51,0,9,0,1,6,0539924511,3,FE_2024_SeatMatrix.pdf,1691,false,
2024-25,FE,05399,"Sanghavi College of Engineering, Varvandi, Nashik.",Un-Aided,Un-Aided,false,60,0539924610,Information Technology,60,51,0,9,0,1,6,0539924611,3,FE_2024_SeatMatrix.pdf,1692,false,
2024-25,FE,05399,"Sanghavi College of Engineering, Varvandi, Nashik.",Un-Aided,Un-Aided,false,60,0539929310,Electrical Engineering,60,51,0,9,0,1,6,,0,FE_2024_SeatMatrix.pdf,1693,false,
2024-25,FE,05399,"Sanghavi College of Engineering, Varvandi, Nashik.",Un-Aided,Un-Aided,false,60,0539961210,Mechanical Engineering,60,51,0,9,0,1,6,,0,FE_2024_SeatMatrix.pdf,1694,false,
2024-25,FE,05399,"Sanghavi College of Engineering, Varvandi, Nashik.",Un-Aided,Un-Aided,false,60,0539992110,Artificial Intelligence and Machine Learning,60,51,0,9,0,1,6,0539992111,3,FE_2024_SeatMatrix.pdf,1695,false,
2024-25,FE,05401,"Jawahar Education Society's Institute of Technology, Management & Research, Nashik.",Un-Aided,Un-Aided,false,23,0540119110,Civil Engineering,23,20,0,3,0,0,2,,0,FE_2024_SeatMatrix.pdf,1696,false,
2024-25,FE,05401,"Jawahar Education Society's Institute of Technology, Management & Research, Nashik.",Un-Aided,Un-Aided,false,96,0540124510,Computer Engineering,120,78,0,18,24,1,12,0540124511,6,FE_2024_SeatMatrix.pdf,1697,false,
2024-25,FE,05401,"Jawahar Education Society's Institute of Technology, Management & Research, Nashik.",Un-Aided,Un-Aided,false,81,0540124610,Information Technology,90,67,0,14,9,1,9,0540124611,5,FE_2024_SeatMatrix.pdf,1698,false,
2024-25,FE,05401,"Jawahar Education Society's Institute of Technology, Management & Research, Nashik.",Un-Aided,Un-Aided,false,72,0540126310,Artificial Intelligence (AI) and Data Science,90,58,0,14,18,1,9,0540126311,5,FE_2024_SeatMatrix.pdf,1699,false,
2024-25,FE,05401,"Jawahar Education Society's Institute of Technology, Management & Research, Nashik.",Un-Aided,Un-Aided,false,60,0540129310,Electrical Engineering,60,51,0,9,0,1,6,,0,FE_2024_SeatMatrix.pdf,1700,false,
2024-25,FE,05401,"Jawahar Education Society's Institute of Technology, Management & Research, Nashik.",Un-Aided,Un-Aided,false,23,0540161210,Mechanical Engineering,23,20,0,3,0,0,2,,0,FE_2024_SeatMatrix.pdf,1701,false,
2024-25,FE,05401,"Jawahar Education Society's Institute of Technology, Management & Research, Nashik.",Un-Aided,Un-Aided,false,60,0540184410,Electronics and Computer Engineering,60,51,0,9,0,1,6,0540184411,3,FE_2024_SeatMatrix.pdf,1702,false,
2024-25,FE,05408,"Vidya Niketan College of Engineering, Bota Sangamner",Un-Aided,Un-Aided,false,60,0540819110,Civil Engineering,60,51,0,9,0,1,6,,0,FE_2024_SeatMatrix.pdf,1703,false,
2024-25,FE,05408,"Vidya Niketan College of Engineering, Bota Sangamner",Un-Aided,Un-Aided,false,60,0540824510,Computer Engineering,60,51,0,9,0,1,6,,0,FE_2024_SeatMatrix.pdf,1704,false,
2024-25,FE,05408,"Vidya Niketan College of Engineering, Bota Sangamner",Un-Aided,Un-Aided,false,30,0540829310,Electrical Engineering,30,25,0,5,0,0,3,,0,FE_2024_SeatMatrix.pdf,1705,false,
2024-25,FE,05408,"Vidya Niketan College of Engineering, Bota Sangamner",Un-Aided,Un-Aided,false,60,0540837210,Electronics and Telecommunication Engg,60,51,0,9,0,1,6,,0,FE_2024_SeatMatrix.pdf,1706,false,
2024-25,FE,05408,"Vidya Niketan College of Engineering, Bota Sangamner",Un-Aided,Un-Aided,false,60,0540861210,Mechanical Engineering,60,51,0,9,0,1,6,,0,FE_2024_SeatMatrix.pdf,1707,false,
2024-25,FE,05409,"Rajiv Gandhi College of Engineering, At Post Karjule Hariya Tal.Parner, Dist.Ahmednagar",Un-Aided,Un-Aided,false,120,0540924510,Computer Engineering,120,102,0,18,0,1,12,0540924511,6,FE_2024_SeatMatrix.pdf,1708,false,
2024-25,FE,05409,"Rajiv Gandhi College of Engineering, At Post Karjule Hariya Tal.Parner, Dist.Ahmednagar",Un-Aided,Un-Aided,false,60,0540929310,Electrical Engineering,60,51,0,9,0,1,6,,0,FE_2024_SeatMatrix.pdf,1709,false,
2024-25,FE,05409,"Rajiv Gandhi College of Engineering, At Post Karjule Hariya Tal.Parner, Dist.Ahmednagar",Un-Aided,Un-Aided,false,60,0540937210,Electronics and Telecommunication Engg,60,51,0,9,0,1,6,,0,FE_2024_SeatMatrix.pdf,1710,false,
2024-25,FE,05409,"Rajiv Gandhi College of Engineering, At Post Karjule Hariya Tal.Parner, Dist.Ahmednagar",Un-Aided,Un-Aided,false,120,0540961210,Mechanical Engineering,120,102,0,18,0,1,12,,0,FE_2024_SeatMatrix.pdf,1711,false,
2024-25,FE,05411,"Maulana Mukhtar Ahmad Nadvi Technical Campus, Malegaon.",Un-Aided Religious Minority - Muslim,Un-Aided Religious Minority - Muslim,false,60,0541119110,Civil Engineering,60,25,31,4,0,0,0,,0,FE_2024_SeatMatrix.pdf,1712,false,
2024-25,FE,05411,"Maulana Mukhtar Ahmad Nadvi Technical Campus, Malegaon.",Un-Aided Religious Minority - Muslim,Un-Aided Religious Minority - Muslim,false,110,0541124510,Computer Engineering,120,42,61,7,10,0,0,0541124511,6,FE_2024_SeatMatrix.pdf,1713,false,
2024-25,FE,05411,"Maulana Mukhtar Ahmad Nadvi Technical Campus, Malegaon.",Un-Aided Religious Minority - Muslim,Un-Aided Religious Minority - Muslim,false,30,0541129310,Electrical Engineering,30,13,15,2,0,0,0,,0,FE_2024_SeatMatrix.pdf,1714,false,
2024-25,FE,05411,"Maulana Mukhtar Ahmad Nadvi Technical Campus, Malegaon.",Un-Aided Religious Minority - Muslim,Un-Aided Religious Minority - Muslim,false,30,0541137210,Electronics and Telecommunication Engg,30,13,15,2,0,0,0,,0,FE_2024_SeatMatrix.pdf,1715,false,
2024-25,FE,05411,"Maulana Mukhtar Ahmad Nadvi Technical Campus, Malegaon.",Un-Aided Religious Minority - Muslim,Un-Aided Religious Minority - Muslim,false,60,0541161210,Mechanical Engineering,60,25,31,4,0,0,0,,0,FE_2024_SeatMatrix.pdf,1716,false,
2024-25,FE,05418,"Guru Gobind Singh College of Engineering & Research Centre, Nashik.",Un-Aided,Un-Aided,false,60,0541819110,Civil Engineering,60,51,0,9,0,1,6,0541819111,3,FE_2024_SeatMatrix.pdf,1717,false,
2024-25,FE,05418,"Guru Gobind Singh College of Engineering & Research Centre, Nashik.",Un-Aided,Un-Aided,false,96,0541824510,Computer Engineering,120,78,0,18,24,1,12,0541824511,6,FE_2024_SeatMatrix.pdf,1718,false,
2024-25,FE,05418,"Guru Gobind Singh College of Engineering & Research Centre, Nashik.",Un-Aided,Un-Aided,false,48,0541826310,Artificial Intelligence (AI) and Data Science,60,39,0,9,12,0,6,0541826311,3,FE_2024_SeatMatrix.pdf,1719,false,
2024-25,FE,05418,"Guru Gobind Singh College of Engineering & Research Centre, Nashik.",Un-Aided,Un-Aided,false,60,0541829310,Electrical Engineering,60,51,0,9,0,1,6,0541829311,3,FE_2024_SeatMatrix.pdf,1720,false,
2024-25,FE,05418,"Guru Gobind Singh College of Engineering & Research Centre, Nashik.",Un-Aided,Un-Aided,false,60,0541861210,Mechanical Engineering,60,51,0,9,0,1,6,0541861211,3,FE_2024_SeatMatrix.pdf,1721,false,
2024-25,FE,05418,"Guru Gobind Singh College of Engineering & Research Centre, Nashik.",Un-Aided,Un-Aided,false,60,0541891610,Automation and Robotics,60,51,0,9,0,1,6,0541891611,3,FE_2024_SeatMatrix.pdf,1722,false,
2024-25,FE,06004,"Government College of Engineering & Research, Avasari Khurd",Government,Government,false,60,0600419110,Civil Engineering,60,60,0,0,0,1,6,0600419111,3,FE_2024_SeatMatrix.pdf,1723,false,
2024-25,FE,06004,"Government College of Engineering & Research, Avasari Khurd",Government,Government,false,60,0600424510,Computer Engineering,60,60,0,0,0,1,6,0600424511,3,FE_2024_SeatMatrix.pdf,1724,false,
2024-25,FE,06004,"Government College of Engineering & Research, Avasari Khurd",Government,Government,false,60,0600437210,Electronics and Telecommunication Engg,60,60,0,0,0,1,6,0600437211,3,FE_2024_SeatMatrix.pdf,1725,false,
2024-25,FE,06004,"Government College of Engineering & Research, Avasari Khurd",Government,Government,false,60,0600446410,Instrumentation and Control Engineering,60,60,0,0,0,1,6,0600446411,3,FE_2024_SeatMatrix.pdf,1726,false,
2024-25,FE,06004,"Government College of Engineering & Research, Avasari Khurd",Government,Government,false,60,0600460210,Automobile Engineering,60,60,0,0,0,1,6,0600460211,3,FE_2024_SeatMatrix.pdf,1727,false,
2024-25,FE,06004,"Government College of Engineering & Research, Avasari Khurd",Government,Government,false,60,0600461210,Mechanical Engineering,60,60,0,0,0,1,6,0600461211,3,FE_2024_SeatMatrix.pdf,1728,false,
2024-25,FE,06122,"TSSMS's Pd. Vasantdada Patil Institute of Technology, Bavdhan, Pune",Un-Aided,Un-Aided,false,60,0612219110,Civil Engineering,60,51,0,9,0,1,6,,0,FE_2024_SeatMatrix.pdf,1729,false,
2024-25,FE,06122,"TSSMS's Pd. Vasantdada Patil Institute of Technology, Bavdhan, Pune",Un-Aided,Un-Aided,false,144,0612224510,Computer Engineering,180,117,0,27,36,1,18,0612224511,9,FE_2024_SeatMatrix.pdf,1730,false,
2024-25,FE,06122,"TSSMS's Pd. Vasantdada Patil Institute of Technology, Bavdhan, Pune",Un-Aided,Un-Aided,false,57,0612237210,Electronics and Telecommunication Engg,60,48,0,9,3,0,6,0612237211,3,FE_2024_SeatMatrix.pdf,1731,false,
2024-25,FE,06122,"TSSMS's Pd. Vasantdada Patil Institute of Technology, Bavdhan, Pune",Un-Aided,Un-Aided,false,120,0612261210,Mechanical Engineering,120,102,0,18,0,1,12,,0,FE_2024_SeatMatrix.pdf,1732,false,
2024-25,FE,06122,"TSSMS's Pd. Vasantdada Patil Institute of Technology, Bavdhan, Pune",Un-Aided,Un-Aided,false,48,0612291210,Computer Science and Engineering(Data Science),60,39,0,9,12,0,6,0612291211,3,FE_2024_SeatMatrix.pdf,1733,false,
2024-25,FE,06138,"Genba Sopanrao Moze Trust Parvatibai Genba Moze College of Engineering,Wagholi, Pune",Un-Aided,Un-Aided,false,30,0613819110,Civil Engineering,30,25,0,5,0,0,3,,0,FE_2024_SeatMatrix.pdf,1734,false,
2024-25,FE,06138,"Genba Sopanrao Moze Trust Parvatibai Genba Moze College of Engineering,Wagholi, Pune",Un-Aided,Un-Aided,false,96,0613824510,Computer Engineering,120,78,0,18,24,1,12,0613824511,6,FE_2024_SeatMatrix.pdf,1735,false,
2024-25,FE,06138,"Genba Sopanrao Moze Trust Parvatibai Genba Moze College of Engineering,Wagholi, Pune",Un-Aided,Un-Aided,false,72,0613824610,Information Technology,90,58,0,14,18,1,9,0613824611,5,FE_2024_SeatMatrix.pdf,1736,false,
2024-25,FE,06138,"Genba Sopanrao Moze Trust Parvatibai Genba Moze College of Engineering,Wagholi, Pune",Un-Aided,Un-Aided,false,72,0613826310,Artificial Intelligence (AI) and Data Science,90,58,0,14,18,1,9,0613826311,5,FE_2024_SeatMatrix.pdf,1737,false,
2024-25,FE,06138,"Genba Sopanrao Moze Trust Parvatibai Genba Moze College of Engineering,Wagholi, Pune",Un-Aided,Un-Aided,false,54,0613837210,Electronics and Telecommunication Engg,60,45,0,9,6,0,6,0613837211,3,FE_2024_SeatMatrix.pdf,1738,false,
2024-25,FE,06138,"Genba Sopanrao Moze Trust Parvatibai Genba Moze College of Engineering,Wagholi, Pune",Un-Aided,Un-Aided,false,30,0613861210,Mechanical Engineering,30,25,0,5,0,0,3,,0,FE_2024_SeatMatrix.pdf,1739,false,
2024-25,FE,06144,"Genba Sopanrao Moze College of Engineering, Baner-Balewadi, Pune",Un-Aided,Un-Aided,false,30,0614419110,Civil Engineering,30,25,0,5,0,0,3,,0,FE_2024_SeatMatrix.pdf,1740,false,
2024-25,FE,06144,"Genba Sopanrao Moze College of Engineering, Baner-Balewadi, Pune",Un-Aided,Un-Aided,false,120,0614424510,Computer Engineering,150,97,0,23,30,1,15,0614424511,8,FE_2024_SeatMatrix.pdf,1741,false,
2024-25,FE,06144,"Genba Sopanrao Moze College of Engineering, Baner-Balewadi, Pune",Un-Aided,Un-Aided,false,72,0614424610,Information Technology,90,58,0,14,18,1,9,0614424611,5,FE_2024_SeatMatrix.pdf,1742,false,
2024-25,FE,06144,"Genba Sopanrao Moze College of Engineering, Baner-Balewadi, Pune",Un-Aided,Un-Aided,false,24,0614437210,Electronics and Telecommunication Engg,30,19,0,5,6,0,3,0614437211,2,FE_2024_SeatMatrix.pdf,1743,false,
2024-25,FE,06144,"Genba Sopanrao Moze College of Engineering, Baner-Balewadi, Pune",Un-Aided,Un-Aided,false,30,0614461210,Mechanical Engineering,30,25,0,5,0,0,3,0614461211,2,FE_2024_SeatMatrix.pdf,1744,false,
2024-25,FE,06144,"Genba Sopanrao Moze College of Engineering, Baner-Balewadi, Pune",Un-Aided,Un-Aided,false,48,0614492110,Artificial Intelligence and Machine Learning,60,39,0,9,12,0,6,0614492111,3,FE_2024_SeatMatrix.pdf,1745,false,
2024-25,FE,06144,"Genba Sopanrao Moze College of Engineering, Baner-Balewadi, Pune",Un-Aided,Un-Aided,false,72,0614499510,Artificial Intelligence and Data Science,90,58,0,14,18,1,9,0614499511,5,FE_2024_SeatMatrix.pdf,1746,false,
2024-25,FE,06145,"JSPM'S Jaywantrao Sawant College of Engineering,Pune",Un-Aided,Un-Aided,false,96,0614524510,Computer Engineering,120,78,0,18,24,1,12,0614524511,6,FE_2024_SeatMatrix.pdf,1747,false,
2024-25,FE,06145,"JSPM'S Jaywantrao Sawant College of Engineering,Pune",Un-Aided,Un-Aided,false,96,0614524610,Information Technology,120,78,0,18,24,1,12,0614524611,6,FE_2024_SeatMatrix.pdf,1748,false,
2024-25,FE,06145,"JSPM'S Jaywantrao Sawant College of Engineering,Pune",Un-Aided,Un-Aided,false,48,0614526310,Artificial Intelligence (AI) and Data Science,60,39,0,9,12,0,6,0614526311,3,FE_2024_SeatMatrix.pdf,1749,false,
2024-25,FE,06145,"JSPM'S Jaywantrao Sawant College of Engineering,Pune",Un-Aided,Un-Aided,false,60,0614529310,Electrical Engineering,60,51,0,9,0,1,6,0614529311,3,FE_2024_SeatMatrix.pdf,1750,false,
2024-25,FE,06145,"JSPM'S Jaywantrao Sawant College of Engineering,Pune",Un-Aided,Un-Aided,false,96,0614537210,Electronics and Telecommunication Engg,120,78,0,18,24,1,12,0614537211,6,FE_2024_SeatMatrix.pdf,1751,false,
2024-25,FE,06145,"JSPM'S Jaywantrao Sawant College of Engineering,Pune",Un-Aided,Un-Aided,false,120,0614561210,Mechanical Engineering,120,102,0,18,0,1,12,0614561211,6,FE_2024_SeatMatrix.pdf,1752,false,
2024-25,FE,06149,"Siddhant College of Engineering, A/p Sudumbare, Tal.Maval, Dist-Pune",Un-Aided Linguistic Minority - Hindi,Un-Aided Linguistic Minority - Hindi,false,60,0614919110,Civil Engineering,60,25,31,4,0,0,0,,0,FE_2024_SeatMatrix.pdf,1753,false,
2024-25,FE,06149,"Siddhant College of Engineering, A/p Sudumbare, Tal.Maval, Dist-Pune",Un-Aided Linguistic Minority - Hindi,Un-Aided Linguistic Minority - Hindi,false,108,0614924510,Computer Engineering,120,40,61,7,12,0,0,0614924511,6,FE_2024_SeatMatrix.pdf,1754,false,
2024-25,FE,06149,"Siddhant College of Engineering, A/p Sudumbare, Tal.Maval, Dist-Pune",Un-Aided Linguistic Minority - Hindi,Un-Aided Linguistic Minority - Hindi,false,54,0614924610,Information Technology,60,20,31,3,6,0,0,0614924611,3,FE_2024_SeatMatrix.pdf,1755,false,
2024-25,FE,06149,"Siddhant College of Engineering, A/p Sudumbare, Tal.Maval, Dist-Pune",Un-Aided Linguistic Minority - Hindi,Un-Aided Linguistic Minority - Hindi,false,60,0614925310,Internet of Things (IoT),60,25,31,4,0,0,0,0614925311,3,FE_2024_SeatMatrix.pdf,1756,false,
2024-25,FE,06149,"Siddhant College of Engineering, A/p Sudumbare, Tal.Maval, Dist-Pune",Un-Aided Linguistic Minority - Hindi,Un-Aided Linguistic Minority - Hindi,false,60,0614937210,Electronics and Telecommunication Engg,60,25,31,4,0,0,0,0614937211,3,FE_2024_SeatMatrix.pdf,1757,false,
2024-25,FE,06149,"Siddhant College of Engineering, A/p Sudumbare, Tal.Maval, Dist-Pune",Un-Aided Linguistic Minority - Hindi,Un-Aided Linguistic Minority - Hindi,false,60,0614961210,Mechanical Engineering,60,25,31,4,0,0,0,,0,FE_2024_SeatMatrix.pdf,1758,false,
2024-25,FE,06149,"Siddhant College of Engineering, A/p Sudumbare, Tal.Maval, Dist-Pune",Un-Aided Linguistic Minority - Hindi,Un-Aided Linguistic Minority - Hindi,false,60,0614984410,Electronics and Computer Engineering,60,25,31,4,0,0,0,0614984411,3,FE_2024_SeatMatrix.pdf,1759,false,
2024-25,FE,06149,"Siddhant College of Engineering, A/p Sudumbare, Tal.Maval, Dist-Pune",Un-Aided Linguistic Minority - Hindi,Un-Aided Linguistic Minority - Hindi,false,54,0614992110,Artificial Intelligence and Machine Learning,60,20,31,3,6,0,0,0614992111,3,FE_2024_SeatMatrix.pdf,1760,false,
2024-25,FE,06149,"Siddhant College of Engineering, A/p Sudumbare, Tal.Maval, Dist-Pune",Un-Aided Linguistic Minority - Hindi,Un-Aided Linguistic Minority - Hindi,false,54,0614999510,Artificial Intelligence and Data Science,60,20,31,3,6,0,0,0614999511,3,FE_2024_SeatMatrix.pdf,1761,false,
2024-25,FE,06177,"Sinhgad College of Engineering, Vadgaon (BK), Pune",Un-Aided,Un-Aided,false,60,0617708210,Bio Technology,60,51,0,9,0,1,6,0617708211,3,FE_2024_SeatMatrix.pdf,1762,false,
2024-25,FE,06177,"Sinhgad College of Engineering, Vadgaon (BK), Pune",Un-Aided,Un-Aided,false,180,0617719110,Civil Engineering,180,153,0,27,0,2,18,0617719111,9,FE_2024_SeatMatrix.pdf,1763,false,
2024-25,FE,06177,"Sinhgad College of Engineering, Vadgaon (BK), Pune",Un-Aided,Un-Aided,false,144,0617724510,Computer Engineering,180,117,0,27,36,1,18,0617724511,9,FE_2024_SeatMatrix.pdf,1764,false,
2024-25,FE,06177,"Sinhgad College of Engineering, Vadgaon (BK), Pune",Un-Aided,Un-Aided,false,96,0617724610,Information Technology,120,78,0,18,24,1,12,0617724611,6,FE_2024_SeatMatrix.pdf,1765,false,
2024-25,FE,06177,"Sinhgad College of Engineering, Vadgaon (BK), Pune",Un-Aided,Un-Aided,false,240,0617737210,Electronics and Telecommunication Engg,240,204,0,36,0,2,24,0617737211,12,FE_2024_SeatMatrix.pdf,1766,false,
2024-25,FE,06177,"Sinhgad College of Engineering, Vadgaon (BK), Pune",Un-Aided,Un-Aided,false,60,0617750710,Chemical Engineering,60,51,0,9,0,1,6,0617750711,3,FE_2024_SeatMatrix.pdf,1767,false,
2024-25,FE,06177,"Sinhgad College of Engineering, Vadgaon (BK), Pune",Un-Aided,Un-Aided,false,300,0617761210,Mechanical Engineering,300,255,0,45,0,3,30,0617761211,15,FE_2024_SeatMatrix.pdf,1768,false,
2024-25,FE,06178,"Sinhgad Technical Education Society's Smt. Kashibai Navale College of Engineering,Vadgaon,Pune",Un-Aided,Un-Aided,false,240,0617824510,Computer Engineering,300,195,0,45,60,2,30,0617824511,15,FE_2024_SeatMatrix.pdf,1769,false,
2024-25,FE,06178,"Sinhgad Technical Education Society's Smt. Kashibai Navale College of Engineering,Vadgaon,Pune",Un-Aided,Un-Aided,false,96,0617824610,Information Technology,120,78,0,18,24,1,12,0617824611,6,FE_2024_SeatMatrix.pdf,1770,false,
2024-25,FE,06178,"Sinhgad Technical Education Society's Smt. Kashibai Navale College of Engineering,Vadgaon,Pune",Un-Aided,Un-Aided,false,300,0617837210,Electronics and Telecommunication Engg,300,255,0,45,0,3,30,0617837211,15,FE_2024_SeatMatrix.pdf,1771,false,
2024-25,FE,06178,"Sinhgad Technical Education Society's Smt. Kashibai Navale College of Engineering,Vadgaon,Pune",Un-Aided,Un-Aided,false,330,0617861210,Mechanical Engineering,330,280,0,50,0,3,33,0617861211,17,FE_2024_SeatMatrix.pdf,1772,false,
2024-25,FE,06182,"Sinhgad Technical Education Society, Sinhgad Institute of Technology and Science, Narhe (Ambegaon)",Un-Aided,Un-Aided,false,60,0618219110,Civil Engineering,60,51,0,9,0,1,6,,0,FE_2024_SeatMatrix.pdf,1773,false,
2024-25,FE,06182,"Sinhgad Technical Education Society, Sinhgad Institute of Technology and Science, Narhe (Ambegaon)",Un-Aided,Un-Aided,false,96,0618224510,Computer Engineering,120,78,0,18,24,1,12,0618224511,6,FE_2024_SeatMatrix.pdf,1774,false,
2024-25,FE,06182,"Sinhgad Technical Education Society, Sinhgad Institute of Technology and Science, Narhe (Ambegaon)",Un-Aided,Un-Aided,false,48,0618224610,Information Technology,60,39,0,9,12,0,6,0618224611,3,FE_2024_SeatMatrix.pdf,1775,false,
2024-25,FE,06182,"Sinhgad Technical Education Society, Sinhgad Institute of Technology and Science, Narhe (Ambegaon)",Un-Aided,Un-Aided,false,120,0618237210,Electronics and Telecommunication Engg,120,102,0,18,0,1,12,0618237211,6,FE_2024_SeatMatrix.pdf,1776,false,
2024-25,FE,06182,"Sinhgad Technical Education Society, Sinhgad Institute of Technology and Science, Narhe (Ambegaon)",Un-Aided,Un-Aided,false,90,0618261210,Mechanical Engineering,90,76,0,14,0,1,9,,0,FE_2024_SeatMatrix.pdf,1777,false,
2024-25,FE,06183,"Al-Ameen Educational and Medical Foundation, College of Engineering, Koregaon, Bhima",Un-Aided Religious Minority - Muslim,Un-Aided Religious Minority - Muslim,false,43,0618324510,Computer Engineering,54,13,28,2,11,0,0,,0,FE_2024_SeatMatrix.pdf,1778,false,
2024-25,FE,06183,"Al-Ameen Educational and Medical Foundation, College of Engineering, Koregaon, Bhima",Un-Aided Religious Minority - Muslim,Un-Aided Religious Minority - Muslim,false,24,0618337210,Electronics and Telecommunication Engg,30,8,15,1,6,0,0,,0,FE_2024_SeatMatrix.pdf,1779,false,
2024-25,FE,06183,"Al-Ameen Educational and Medical Foundation, College of Engineering, Koregaon, Bhima",Un-Aided Religious Minority - Muslim,Un-Aided Religious Minority - Muslim,false,43,0618361210,Mechanical Engineering,54,13,28,2,11,0,0,,0,FE_2024_SeatMatrix.pdf,1780,false,
2024-25,FE,06184,"K. J.'s Educational Institut Trinity College of Engineering and Research, Pisoli, Haveli",Un-Aided,Un-Aided,false,30,0618419110,Civil Engineering,30,25,0,5,0,0,3,,0,FE_2024_SeatMatrix.pdf,1781,false,
2024-25,FE,06184,"K. J.'s Educational Institut Trinity College of Engineering and Research, Pisoli, Haveli",Un-Aided,Un-Aided,false,135,0618424510,Computer Engineering,150,112,0,23,15,1,15,0618424511,8,FE_2024_SeatMatrix.pdf,1782,false,
2024-25,FE,06184,"K. J.'s Educational Institut Trinity College of Engineering and Research, Pisoli, Haveli",Un-Aided,Un-Aided,false,54,0618424610,Information Technology,60,45,0,9,6,0,6,0618424611,3,FE_2024_SeatMatrix.pdf,1783,false,
2024-25,FE,06184,"K. J.'s Educational Institut Trinity College of Engineering and Research, Pisoli, Haveli",Un-Aided,Un-Aided,false,60,0618429310,Electrical Engineering,60,51,0,9,0,1,6,0618429311,3,FE_2024_SeatMatrix.pdf,1784,false,
2024-25,FE,06184,"K. J.'s Educational Institut Trinity College of Engineering and Research, Pisoli, Haveli",Un-Aided,Un-Aided,false,60,0618437210,Electronics and Telecommunication Engg,60,51,0,9,0,1,6,0618437211,3,FE_2024_SeatMatrix.pdf,1785,false,
2024-25,FE,06184,"K. J.'s Educational Institut Trinity College of Engineering and Research, Pisoli, Haveli",Un-Aided,Un-Aided,false,60,0618461210,Mechanical Engineering,60,51,0,9,0,1,6,,0,FE_2024_SeatMatrix.pdf,1786,false,
2024-25,FE,06185,Sinhgad Institute of Technology,Un-Aided,Un-Aided,false,180,0618524510,Computer Engineering,180,153,0,27,0,2,18,0618524511,9,FE_2024_SeatMatrix.pdf,1787,false,
2024-25,FE,06185,Sinhgad Institute of Technology,Un-Aided,Un-Aided,false,60,0618524610,Information Technology,60,51,0,9,0,1,6,0618524611,3,FE_2024_SeatMatrix.pdf,1788,false,
2024-25,FE,06185,Sinhgad Institute of Technology,Un-Aided,Un-Aided,false,60,0618529310,Electrical Engineering,60,51,0,9,0,1,6,0618529311,3,FE_2024_SeatMatrix.pdf,1789,false,
2024-25,FE,06185,Sinhgad Institute of Technology,Un-Aided,Un-Aided,false,120,0618537210,Electronics and Telecommunication Engg,120,102,0,18,0,1,12,0618537211,6,FE_2024_SeatMatrix.pdf,1790,false,
2024-25,FE,06185,Sinhgad Institute of Technology,Un-Aided,Un-Aided,false,210,0618561210,Mechanical Engineering,210,178,0,32,0,2,21,,0,FE_2024_SeatMatrix.pdf,1791,false,
2024-25,FE,06187,"Sinhgad Academy of Engineering, Kondhwa (BK) Kondhwa-Saswad Road, Pune",Un-Aided,Un-Aided,false,90,0618719110,Civil Engineering,90,76,0,14,0,1,9,,0,FE_2024_SeatMatrix.pdf,1792,false,
2024-25,FE,06187,"Sinhgad Academy of Engineering, Kondhwa (BK) Kondhwa-Saswad Road, Pune",Un-Aided,Un-Aided,false,144,0618724510,Computer Engineering,180,117,0,27,36,1,18,0618724511,9,FE_2024_SeatMatrix.pdf,1793,false,
2024-25,FE,06187,"Sinhgad Academy of Engineering, Kondhwa (BK) Kondhwa-Saswad Road, Pune",Un-Aided,Un-Aided,false,48,0618724610,Information Technology,60,39,0,9,12,0,6,0618724611,3,FE_2024_SeatMatrix.pdf,1794,false,
2024-25,FE,06187,"Sinhgad Academy of Engineering, Kondhwa (BK) Kondhwa-Saswad Road, Pune",Un-Aided,Un-Aided,false,108,0618737210,Electronics and Telecommunication Engg,120,90,0,18,12,1,12,0618737211,6,FE_2024_SeatMatrix.pdf,1795,false,
2024-25,FE,06187,"Sinhgad Academy of Engineering, Kondhwa (BK) Kondhwa-Saswad Road, Pune",Un-Aided,Un-Aided,false,150,0618761210,Mechanical Engineering,150,127,0,23,0,1,15,,0,FE_2024_SeatMatrix.pdf,1796,false,
2024-25,FE,06203,"Marathwada Mitra Mandal's Institute of Technology, Lohgaon, Pune",Un-Aided,Un-Aided,false,60,0620319110,Civil Engineering,60,51,0,9,0,1,6,,0,FE_2024_SeatMatrix.pdf,1797,false,
2024-25,FE,06203,"Marathwada Mitra Mandal's Institute of Technology, Lohgaon, Pune",Un-Aided,Un-Aided,false,96,0620324510,Computer Engineering,120,78,0,18,24,1,12,0620324511,6,FE_2024_SeatMatrix.pdf,1798,false,
2024-25,FE,06203,"Marathwada Mitra Mandal's Institute of Technology, Lohgaon, Pune",Un-Aided,Un-Aided,false,60,0620326610,Robotics and Artificial Intelligence,60,51,0,9,0,1,6,0620326611,3,FE_2024_SeatMatrix.pdf,1799,false,
2024-25,FE,06203,"Marathwada Mitra Mandal's Institute of Technology, Lohgaon, Pune",Un-Aided,Un-Aided,false,60,0620361210,Mechanical Engineering,60,51,0,9,0,1,6,0620361211,3,FE_2024_SeatMatrix.pdf,1800,false,
2024-25,FE,06203,"Marathwada Mitra Mandal's Institute of Technology, Lohgaon, Pune",Un-Aided,Un-Aided,false,60,0620362410,Mechatronics Engineering,60,51,0,9,0,1,6,0620362411,3,FE_2024_SeatMatrix.pdf,1801,false,
2024-25,FE,06203,"Marathwada Mitra Mandal's Institute of Technology, Lohgaon, Pune",Un-Aided,Un-Aided,false,96,0620399510,Artificial Intelligence and Data Science,120,78,0,18,24,1,12,0620399511,6,FE_2024_SeatMatrix.pdf,1802,false,
2024-25,FE,06206,"Pune District Education Association's College of Engineering, Manjari(Bk), Hadapsar, Pune",Un-Aided,Un-Aided,false,144,0620624510,Computer Engineering,180,117,0,27,36,1,18,0620624511,9,FE_2024_SeatMatrix.pdf,1803,false,
2024-25,FE,06206,"Pune District Education Association's College of Engineering, Manjari(Bk), Hadapsar, Pune",Un-Aided,Un-Aided,false,48,0620624610,Information Technology,60,39,0,9,12,0,6,0620624611,3,FE_2024_SeatMatrix.pdf,1804,false,
2024-25,FE,06206,"Pune District Education Association's College of Engineering, Manjari(Bk), Hadapsar, Pune",Un-Aided,Un-Aided,false,60,0620637210,Electronics and Telecommunication Engg,60,51,0,9,0,1,6,0620637211,3,FE_2024_SeatMatrix.pdf,1805,false,
2024-25,FE,06206,"Pune District Education Association's College of Engineering, Manjari(Bk), Hadapsar, Pune",Un-Aided,Un-Aided,false,60,0620661210,Mechanical Engineering,60,51,0,9,0,1,6,,0,FE_2024_SeatMatrix.pdf,1806,false,
2024-25,FE,06206,"Pune District Education Association's College of Engineering, Manjari(Bk), Hadapsar, Pune",Un-Aided,Un-Aided,false,48,0620699510,Artificial Intelligence and Data Science,60,39,0,9,12,0,6,0620699511,3,FE_2024_SeatMatrix.pdf,1807,false,
2024-25,FE,06207,"Dr. D. Y. Patil Unitech Society's Dr. D. Y. Patil Institute of Technology, Pimpri, Pune",Un-Aided,Un-Aided,false,114,0620719110,Civil Engineering,120,96,0,18,6,1,12,0620719111,6,FE_2024_SeatMatrix.pdf,1808,false,
2024-25,FE,06207,"Dr. D. Y. Patil Unitech Society's Dr. D. Y. Patil Institute of Technology, Pimpri, Pune",Un-Aided,Un-Aided,false,192,0620724510,Computer Engineering,240,156,0,36,48,2,24,0620724511,12,FE_2024_SeatMatrix.pdf,1809,false,
2024-25,FE,06207,"Dr. D. Y. Patil Unitech Society's Dr. D. Y. Patil Institute of Technology, Pimpri, Pune",Un-Aided,Un-Aided,false,48,0620724610,Information Technology,60,39,0,9,12,0,6,0620724611,3,FE_2024_SeatMatrix.pdf,1810,false,
2024-25,FE,06207,"Dr. D. Y. Patil Unitech Society's Dr. D. Y. Patil Institute of Technology, Pimpri, Pune",Un-Aided,Un-Aided,false,48,0620729310,Electrical Engineering,60,39,0,9,12,0,6,0620729311,3,FE_2024_SeatMatrix.pdf,1811,false,
2024-25,FE,06207,"Dr. D. Y. Patil Unitech Society's Dr. D. Y. Patil Institute of Technology, Pimpri, Pune",Un-Aided,Un-Aided,false,144,0620737210,Electronics and Telecommunication Engg,180,117,0,27,36,1,18,0620737211,9,FE_2024_SeatMatrix.pdf,1812,false,
2024-25,FE,06207,"Dr. D. Y. Patil Unitech Society's Dr. D. Y. Patil Institute of Technology, Pimpri, Pune",Un-Aided,Un-Aided,false,24,0620746610,Instrumentation Engineering,30,19,0,5,6,0,3,0620746611,2,FE_2024_SeatMatrix.pdf,1813,false,
2024-25,FE,06207,"Dr. D. Y. Patil Unitech Society's Dr. D. Y. Patil Institute of Technology, Pimpri, Pune",Un-Aided,Un-Aided,false,144,0620761210,Mechanical Engineering,180,117,0,27,36,1,18,0620761211,9,FE_2024_SeatMatrix.pdf,1814,false,
2024-25,FE,06207,"Dr. D. Y. Patil Unitech Society's Dr. D. Y. Patil Institute of Technology, Pimpri, Pune",Un-Aided,Un-Aided,false,48,0620791610,Automation and Robotics,60,39,0,9,12,0,6,0620791611,3,FE_2024_SeatMatrix.pdf,1815,false,
2024-25,FE,06207,"Dr. D. Y. Patil Unitech Society's Dr. D. Y. Patil Institute of Technology, Pimpri, Pune",Un-Aided,Un-Aided,false,144,0620799510,Artificial Intelligence and Data Science,180,117,0,27,36,1,18,0620799511,9,FE_2024_SeatMatrix.pdf,1816,false,
2024-25,FE,06274,"Pune Vidyarthi Griha's College of Engineering and Technology and G K Pate(Wani) Institute of Management, Pune",Un-Aided,Un-Aided,false,48,0627424510,Computer Engineering,60,39,0,9,12,0,6,0627424511,3,FE_2024_SeatMatrix.pdf,1817,false,
2024-25,FE,06274,"Pune Vidyarthi Griha's College of Engineering and Technology and G K Pate(Wani) Institute of Management, Pune",Un-Aided,Un-Aided,false,48,0627424610,Information Technology,60,39,0,9,12,0,6,0627424611,3,FE_2024_SeatMatrix.pdf,1818,false,
2024-25,FE,06274,"Pune Vidyarthi Griha's College of Engineering and Technology and G K Pate(Wani) Institute of Management, Pune",Un-Aided,Un-Aided,false,60,0627429310,Electrical Engineering,60,51,0,9,0,1,6,0627429311,3,FE_2024_SeatMatrix.pdf,1819,false,
2024-25,FE,06274,"Pune Vidyarthi Griha's College of Engineering and Technology and G K Pate(Wani) Institute of Management, Pune",Un-Aided,Un-Aided,false,96,0627437210,Electronics and Telecommunication Engg,120,78,0,18,24,1,12,0627437211,6,FE_2024_SeatMatrix.pdf,1820,false,
2024-25,FE,06274,"Pune Vidyarthi Griha's College of Engineering and Technology and G K Pate(Wani) Institute of Management, Pune",Un-Aided,Un-Aided,false,96,0627461210,Mechanical Engineering,120,78,0,18,24,1,12,0627461211,6,FE_2024_SeatMatrix.pdf,1821,false,
2024-25,FE,06274,"Pune Vidyarthi Griha's College of Engineering and Technology and G K Pate(Wani) Institute of Management, Pune",Un-Aided,Un-Aided,false,60,0627484110,Printing and Packing Technology,60,51,0,9,0,1,6,0627484111,3,FE_2024_SeatMatrix.pdf,1822,false,
2024-25,FE,06274,"Pune Vidyarthi Griha's College of Engineering and Technology and G K Pate(Wani) Institute of Management, Pune",Un-Aided,Un-Aided,false,48,0627499510,Artificial Intelligence and Data Science,60,39,0,9,12,0,6,0627499511,3,FE_2024_SeatMatrix.pdf,1823,false,
2024-25,FE,06275,"Shivnagar Vidya Prasarak Mandal's College of Engineering, Malegaon-Baramati",Un-Aided,Un-Aided,false,60,0627519110,Civil Engineering,60,51,0,9,0,1,6,0627519111,3,FE_2024_SeatMatrix.pdf,1824,false,
2024-25,FE,06275,"Shivnagar Vidya Prasarak Mandal's College of Engineering, Malegaon-Baramati",Un-Aided,Un-Aided,false,72,0627524510,Computer Engineering,90,58,0,14,18,1,9,0627524511,5,FE_2024_SeatMatrix.pdf,1825,false,
2024-25,FE,06275,"Shivnagar Vidya Prasarak Mandal's College of Engineering, Malegaon-Baramati",Un-Aided,Un-Aided,false,48,0627524610,Information Technology,60,39,0,9,12,0,6,0627524611,3,FE_2024_SeatMatrix.pdf,1826,false,
2024-25,FE,06275,"Shivnagar Vidya Prasarak Mandal's College of Engineering, Malegaon-Baramati",Un-Aided,Un-Aided,false,54,0627529310,Electrical Engineering,60,45,0,9,6,0,6,0627529311,3,FE_2024_SeatMatrix.pdf,1827,false,
2024-25,FE,06275,"Shivnagar Vidya Prasarak Mandal's College of Engineering, Malegaon-Baramati",Un-Aided,Un-Aided,false,48,0627537210,Electronics and Telecommunication Engg,60,39,0,9,12,0,6,0627537211,3,FE_2024_SeatMatrix.pdf,1828,false,
2024-25,FE,06275,"Shivnagar Vidya Prasarak Mandal's College of Engineering, Malegaon-Baramati",Un-Aided,Un-Aided,false,60,0627561210,Mechanical Engineering,60,51,0,9,0,1,6,0627561211,3,FE_2024_SeatMatrix.pdf,1829,false,
2024-25,FE,06275,"Shivnagar Vidya Prasarak Mandal's College of Engineering, Malegaon-Baramati",Un-Aided,Un-Aided,false,60,0627562410,Mechatronics Engineering,60,51,0,9,0,1,6,0627562411,3,FE_2024_SeatMatrix.pdf,1830,false,
2024-25,FE,06278,"All India Shri Shivaji Memorial Society's College of Engineering, Pune",Un-Aided,Un-Aided,false,108,0627819110,Civil Engineering,120,90,0,18,12,1,12,0627819111,6,FE_2024_SeatMatrix.pdf,1831,false,
2024-25,FE,06278,"All India Shri Shivaji Memorial Society's College of Engineering, Pune",Un-Aided,Un-Aided,false,48,0627821910,Robotics and Automation,60,39,0,9,12,0,6,0627821911,3,FE_2024_SeatMatrix.pdf,1832,false,
2024-25,FE,06278,"All India Shri Shivaji Memorial Society's College of Engineering, Pune",Un-Aided,Un-Aided,false,96,0627824510,Computer Engineering,120,78,0,18,24,1,12,0627824511,6,FE_2024_SeatMatrix.pdf,1833,false,
2024-25,FE,06278,"All India Shri Shivaji Memorial Society's College of Engineering, Pune",Un-Aided,Un-Aided,false,52,0627829310,Electrical Engineering,60,43,0,9,8,0,6,0627829311,3,FE_2024_SeatMatrix.pdf,1834,false,
2024-25,FE,06278,"All India Shri Shivaji Memorial Society's College of Engineering, Pune",Un-Aided,Un-Aided,false,48,0627837210,Electronics and Telecommunication Engg,60,39,0,9,12,0,6,0627837211,3,FE_2024_SeatMatrix.pdf,1835,false,
2024-25,FE,06278,"All India Shri Shivaji Memorial Society's College of Engineering, Pune",Un-Aided,Un-Aided,false,48,0627837810,Electronics Engineering ( VLSI Design and,60,39,0,9,12,0,6,0627837811,3,FE_2024_SeatMatrix.pdf,1836,false,
2024-25,FE,06278,"All India Shri Shivaji Memorial Society's College of Engineering, Pune",Un-Aided,Un-Aided,false,56,0627850710,Chemical Engineering,60,47,0,9,4,0,6,0627850711,3,FE_2024_SeatMatrix.pdf,1837,false,
2024-25,FE,06278,"All India Shri Shivaji Memorial Society's College of Engineering, Pune",Un-Aided,Un-Aided,false,108,0627861210,Mechanical Engineering,120,90,0,18,12,1,12,0627861211,6,FE_2024_SeatMatrix.pdf,1838,false,
2024-25,FE,06278,"All India Shri Shivaji Memorial Society's College of Engineering, Pune",Un-Aided,Un-Aided,false,54,0627862510,Mechanical Engineering[Sandwich],60,45,0,9,6,0,6,0627862511,3,FE_2024_SeatMatrix.pdf,1839,false,
2024-25,FE,06278,"All India Shri Shivaji Memorial Society's College of Engineering, Pune",Un-Aided,Un-Aided,false,96,0627892110,Artificial Intelligence and Machine Learning,120,78,0,18,24,1,12,0627892111,6,FE_2024_SeatMatrix.pdf,1840,false,
2024-25,FE,06281,"Modern Education Society's Wadia College of Engineering, Pune",Un-Aided,Un-Aided,false,240,0628124510,Computer Engineering,240,204,0,36,0,2,24,0628124511,12,FE_2024_SeatMatrix.pdf,1841,false,
2024-25,FE,06281,"Modern Education Society's Wadia College of Engineering, Pune",Un-Aided,Un-Aided,false,120,0628137210,Electronics and Telecommunication Engg,120,102,0,18,0,1,12,0628137211,6,FE_2024_SeatMatrix.pdf,1842,false,
2024-25,FE,06281,"Modern Education Society's Wadia College of Engineering, Pune",Un-Aided,Un-Aided,false,120,0628161210,Mechanical Engineering,120,102,0,18,0,1,12,0628161211,6,FE_2024_SeatMatrix.pdf,1843,false,
2024-25,FE,06281,"Modern Education Society's Wadia College of Engineering, Pune",Un-Aided,Un-Aided,false,60,0628191610,Automation and Robotics,60,51,0,9,0,1,6,0628191611,3,FE_2024_SeatMatrix.pdf,1844,false,
2024-25,FE,06307,"Dhole Patil Education Society, Dhole Patil College of Engineering, Wagholi, Tal. Haveli",Un-Aided,Un-Aided,false,72,0630724510,Computer Engineering,90,58,0,14,18,1,9,0630724511,5,FE_2024_SeatMatrix.pdf,1848,false,
2024-25,FE,06307,"Dhole Patil Education Society, Dhole Patil College of Engineering, Wagholi, Tal. Haveli",Un-Aided,Un-Aided,false,36,0630724610,Information Technology,45,29,0,7,9,0,5,0630724611,2,FE_2024_SeatMatrix.pdf,1849,false,
2024-25,FE,06307,"Dhole Patil Education Society, Dhole Patil College of Engineering, Wagholi, Tal. Haveli",Un-Aided,Un-Aided,false,48,0630737210,Electronics and Telecommunication Engg,60,39,0,9,12,0,6,0630737211,3,FE_2024_SeatMatrix.pdf,1850,false,
2024-25,FE,06307,"Dhole Patil Education Society, Dhole Patil College of Engineering, Wagholi, Tal. Haveli",Un-Aided,Un-Aided,false,48,0630760210,Automobile Engineering,60,39,0,9,12,0,6,,0,FE_2024_SeatMatrix.pdf,1851,false,
2024-25,FE,06310,"Nutan Maharashtra Vidya Prasarak Mandal, Nutan Maharashtra Institute of Engineering &Technology, Talegaon station, Pune",Un-Aided,Un-Aided,false,144,0631024210,Computer Science and Engineering,180,117,0,27,36,1,18,0631024211,9,FE_2024_SeatMatrix.pdf,1852,false,
2024-25,FE,06310,"Nutan Maharashtra Vidya Prasarak Mandal, Nutan Maharashtra Institute of Engineering &Technology, Talegaon station, Pune",Un-Aided,Un-Aided,false,192,0631024510,Computer Engineering,240,156,0,36,48,2,24,0631024511,12,FE_2024_SeatMatrix.pdf,1853,false,
2024-25,FE,06310,"Nutan Maharashtra Vidya Prasarak Mandal, Nutan Maharashtra Institute of Engineering &Technology, Talegaon station, Pune",Un-Aided,Un-Aided,false,96,0631024610,Information Technology,120,78,0,18,24,1,12,0631024611,6,FE_2024_SeatMatrix.pdf,1854,false,
2024-25,FE,06310,"Nutan Maharashtra Vidya Prasarak Mandal, Nutan Maharashtra Institute of Engineering &Technology, Talegaon station, Pune",Un-Aided,Un-Aided,false,96,0631037210,Electronics and Telecommunication Engg,120,78,0,18,24,1,12,0631037211,6,FE_2024_SeatMatrix.pdf,1855,false,
2024-25,FE,06310,"Nutan Maharashtra Vidya Prasarak Mandal, Nutan Maharashtra Institute of Engineering &Technology, Talegaon station, Pune",Un-Aided,Un-Aided,false,96,0631061210,Mechanical Engineering,120,78,0,18,24,1,12,0631061211,6,FE_2024_SeatMatrix.pdf,1856,false,
2024-25,FE,06310,"Nutan Maharashtra Vidya Prasarak Mandal, Nutan Maharashtra Institute of Engineering &Technology, Talegaon station, Pune",Un-Aided,Un-Aided,false,48,0631091310,Computer Science and Engineering (Artificial,60,39,0,9,12,0,6,0631091311,3,FE_2024_SeatMatrix.pdf,1857,false,
2024-25,FE,06310,"Nutan Maharashtra Vidya Prasarak Mandal, Nutan Maharashtra Institute of Engineering &Technology, Talegaon station, Pune",Un-Aided,Un-Aided,false,96,0631099510,Artificial Intelligence and Data Science,120,78,0,18,24,1,12,0631099511,6,FE_2024_SeatMatrix.pdf,1858,false,
2024-25,FE,06311,"Jayawant Shikshan Prasarak Mandal, Bhivarabai Sawant Institute of Technology & Research, Wagholi",Un-Aided,Un-Aided,false,144,0631124510,Computer Engineering,180,117,0,27,36,1,18,0631124511,9,FE_2024_SeatMatrix.pdf,1859,false,
2024-25,FE,06311,"Jayawant Shikshan Prasarak Mandal, Bhivarabai Sawant Institute of Technology & Research, Wagholi",Un-Aided,Un-Aided,false,96,0631124610,Information Technology,120,78,0,18,24,1,12,0631124611,6,FE_2024_SeatMatrix.pdf,1860,false,
2024-25,FE,06311,"Jayawant Shikshan Prasarak Mandal, Bhivarabai Sawant Institute of Technology & Research, Wagholi",Un-Aided,Un-Aided,false,60,0631129310,Electrical Engineering,60,51,0,9,0,1,6,0631129311,3,FE_2024_SeatMatrix.pdf,1861,false,
2024-25,FE,06311,"Jayawant Shikshan Prasarak Mandal, Bhivarabai Sawant Institute of Technology & Research, Wagholi",Un-Aided,Un-Aided,false,57,0631137210,Electronics and Telecommunication Engg,60,48,0,9,3,0,6,0631137211,3,FE_2024_SeatMatrix.pdf,1862,false,
2024-25,FE,06311,"Jayawant Shikshan Prasarak Mandal, Bhivarabai Sawant Institute of Technology & Research, Wagholi",Un-Aided,Un-Aided,false,120,0631161210,Mechanical Engineering,120,102,0,18,0,1,12,,0,FE_2024_SeatMatrix.pdf,1863,false,
2024-25,FE,06319,"Shahajirao Patil Vikas Pratishthan, S.B.Patil College of Engineering, Vangali, Tal. Indapur",Un-Aided,Un-Aided,false,60,0631919110,Civil Engineering,60,51,0,9,0,1,6,0631919111,3,FE_2024_SeatMatrix.pdf,1864,false,
2024-25,FE,06319,"Shahajirao Patil Vikas Pratishthan, S.B.Patil College of Engineering, Vangali, Tal. Indapur",Un-Aided,Un-Aided,false,108,0631924510,Computer Engineering,120,90,0,18,12,1,12,0631924511,6,FE_2024_SeatMatrix.pdf,1865,false,
2024-25,FE,06319,"Shahajirao Patil Vikas Pratishthan, S.B.Patil College of Engineering, Vangali, Tal. Indapur",Un-Aided,Un-Aided,false,30,0631924610,Information Technology,30,25,0,5,0,0,3,0631924611,2,FE_2024_SeatMatrix.pdf,1866,false,
2024-25,FE,06319,"Shahajirao Patil Vikas Pratishthan, S.B.Patil College of Engineering, Vangali, Tal. Indapur",Un-Aided,Un-Aided,false,27,0631926310,Artificial Intelligence (AI) and Data Science,30,22,0,5,3,0,3,0631926311,2,FE_2024_SeatMatrix.pdf,1867,false,
2024-25,FE,06319,"Shahajirao Patil Vikas Pratishthan, S.B.Patil College of Engineering, Vangali, Tal. Indapur",Un-Aided,Un-Aided,false,60,0631929310,Electrical Engineering,60,51,0,9,0,1,6,0631929311,3,FE_2024_SeatMatrix.pdf,1868,false,
2024-25,FE,06319,"Shahajirao Patil Vikas Pratishthan, S.B.Patil College of Engineering, Vangali, Tal. Indapur",Un-Aided,Un-Aided,false,60,0631937210,Electronics and Telecommunication Engg,60,51,0,9,0,1,6,0631937211,3,FE_2024_SeatMatrix.pdf,1869,false,
2024-25,FE,06319,"Shahajirao Patil Vikas Pratishthan, S.B.Patil College of Engineering, Vangali, Tal. Indapur",Un-Aided,Un-Aided,false,30,0631961210,Mechanical Engineering,30,25,0,5,0,0,3,0631961211,2,FE_2024_SeatMatrix.pdf,1870,false,
2024-25,FE,06320,"K.J.'s Educational Institute's K.J.College of Engineering & Management Research, Pisoli",Un-Aided,Un-Aided,false,60,0632019110,Civil Engineering,60,51,0,9,0,1,6,,0,FE_2024_SeatMatrix.pdf,1871,false,
2024-25,FE,06320,"K.J.'s Educational Institute's K.J.College of Engineering & Management Research, Pisoli",Un-Aided,Un-Aided,false,162,0632024510,Computer Engineering,180,135,0,27,18,1,18,0632024511,9,FE_2024_SeatMatrix.pdf,1872,false,
2024-25,FE,06320,"K.J.'s Educational Institute's K.J.College of Engineering & Management Research, Pisoli",Un-Aided,Un-Aided,false,60,0632029310,Electrical Engineering,60,51,0,9,0,1,6,,0,FE_2024_SeatMatrix.pdf,1873,false,
2024-25,FE,06320,"K.J.'s Educational Institute's K.J.College of Engineering & Management Research, Pisoli",Un-Aided,Un-Aided,false,60,0632037210,Electronics and Telecommunication Engg,60,51,0,9,0,1,6,0632037211,3,FE_2024_SeatMatrix.pdf,1874,false,
2024-25,FE,06320,"K.J.'s Educational Institute's K.J.College of Engineering & Management Research, Pisoli",Un-Aided,Un-Aided,false,60,0632037810,Electronics Engineering ( VLSI Design and,60,51,0,9,0,1,6,,0,FE_2024_SeatMatrix.pdf,1875,false,
2024-25,FE,06320,"K.J.'s Educational Institute's K.J.College of Engineering & Management Research, Pisoli",Un-Aided,Un-Aided,false,90,0632061210,Mechanical Engineering,90,76,0,14,0,1,9,,0,FE_2024_SeatMatrix.pdf,1876,false,
2024-25,FE,06320,"K.J.'s Educational Institute's K.J.College of Engineering & Management Research, Pisoli",Un-Aided,Un-Aided,false,60,0632092810,Electronics and Communication(Advanced,60,51,0,9,0,1,6,0632092811,3,FE_2024_SeatMatrix.pdf,1877,false,
2024-25,FE,06322,"Shree Gajanan Maharaj Shikshan Prasarak Manda'l Sharadchandra Pawar College of Engineering, Dumbarwadi",Un-Aided,Un-Aided,false,30,0632224510,Computer Engineering,30,25,0,5,0,0,3,0632224511,2,FE_2024_SeatMatrix.pdf,1878,false,
2024-25,FE,06322,"Shree Gajanan Maharaj Shikshan Prasarak Manda'l Sharadchandra Pawar College of Engineering, Dumbarwadi",Un-Aided,Un-Aided,false,30,0632237210,Electronics and Telecommunication Engg,30,25,0,5,0,0,3,,0,FE_2024_SeatMatrix.pdf,1879,false,
2024-25,FE,06322,"Shree Gajanan Maharaj Shikshan Prasarak Manda'l Sharadchandra Pawar College of Engineering, Dumbarwadi",Un-Aided,Un-Aided,false,30,0632261210,Mechanical Engineering,30,25,0,5,0,0,3,,0,FE_2024_SeatMatrix.pdf,1880,false,
2024-25,FE,06322,"Shree Gajanan Maharaj Shikshan Prasarak Manda'l Sharadchandra Pawar College of Engineering, Dumbarwadi",Un-Aided,Un-Aided,false,60,0632292110,Artificial Intelligence and Machine Learning,60,51,0,9,0,1,6,0632292111,3,FE_2024_SeatMatrix.pdf,1881,false,
2024-25,FE,06324,"Rajgad Dnyanpeeth's Shri Chhatrapati Shivajiraje College of Engineering, Bhor",Un-Aided,Un-Aided,false,60,0632419110,Civil Engineering,60,51,0,9,0,1,6,,0,FE_2024_SeatMatrix.pdf,1882,false,
2024-25,FE,06324,"Rajgad Dnyanpeeth's Shri Chhatrapati Shivajiraje College of Engineering, Bhor",Un-Aided,Un-Aided,false,83,0632424510,Computer Engineering,90,69,0,14,7,1,9,0632424511,5,FE_2024_SeatMatrix.pdf,1883,false,
2024-25,FE,06324,"Rajgad Dnyanpeeth's Shri Chhatrapati Shivajiraje College of Engineering, Bhor",Un-Aided,Un-Aided,false,83,0632426310,Artificial Intelligence (AI) and Data Science,90,69,0,14,7,1,9,0632426311,5,FE_2024_SeatMatrix.pdf,1884,false,
2024-25,FE,06324,"Rajgad Dnyanpeeth's Shri Chhatrapati Shivajiraje College of Engineering, Bhor",Un-Aided,Un-Aided,false,60,0632437210,Electronics and Telecommunication Engg,60,51,0,9,0,1,6,0632437211,3,FE_2024_SeatMatrix.pdf,1885,false,
2024-25,FE,06324,"Rajgad Dnyanpeeth's Shri Chhatrapati Shivajiraje College of Engineering, Bhor",Un-Aided,Un-Aided,false,60,0632461210,Mechanical Engineering,60,51,0,9,0,1,6,,0,FE_2024_SeatMatrix.pdf,1886,false,
2024-25,FE,06325,"Alard Charitable Trust's Alard College of Engineering and Management, Pune",Un-Aided Linguistic Minority - Hindi,Un-Aided Linguistic Minority - Hindi,false,30,0632519110,Civil Engineering,30,13,15,2,0,0,0,,0,FE_2024_SeatMatrix.pdf,1887,false,
2024-25,FE,06325,"Alard Charitable Trust's Alard College of Engineering and Management, Pune",Un-Aided Linguistic Minority - Hindi,Un-Aided Linguistic Minority - Hindi,false,54,0632524510,Computer Engineering,60,20,31,3,6,0,0,0632524511,3,FE_2024_SeatMatrix.pdf,1888,false,
2024-25,FE,06325,"Alard Charitable Trust's Alard College of Engineering and Management, Pune",Un-Aided Linguistic Minority - Hindi,Un-Aided Linguistic Minority - Hindi,false,60,0632525710,Computer Science and Design,60,25,31,4,0,0,0,0632525711,3,FE_2024_SeatMatrix.pdf,1889,false,
2024-25,FE,06325,"Alard Charitable Trust's Alard College of Engineering and Management, Pune",Un-Aided Linguistic Minority - Hindi,Un-Aided Linguistic Minority - Hindi,false,30,0632529310,Electrical Engineering,30,13,15,2,0,0,0,0632529311,2,FE_2024_SeatMatrix.pdf,1890,false,
2024-25,FE,06325,"Alard Charitable Trust's Alard College of Engineering and Management, Pune",Un-Aided Linguistic Minority - Hindi,Un-Aided Linguistic Minority - Hindi,false,60,0632537210,Electronics and Telecommunication Engg,60,25,31,4,0,0,0,0632537211,3,FE_2024_SeatMatrix.pdf,1891,false,
2024-25,FE,06325,"Alard Charitable Trust's Alard College of Engineering and Management, Pune",Un-Aided Linguistic Minority - Hindi,Un-Aided Linguistic Minority - Hindi,false,60,0632537810,Electronics Engineering ( VLSI Design and,60,25,31,4,0,0,0,,0,FE_2024_SeatMatrix.pdf,1892,false,
2024-25,FE,06325,"Alard Charitable Trust's Alard College of Engineering and Management, Pune",Un-Aided Linguistic Minority - Hindi,Un-Aided Linguistic Minority - Hindi,false,60,0632561210,Mechanical Engineering,60,25,31,4,0,0,0,,0,FE_2024_SeatMatrix.pdf,1893,false,
2024-25,FE,06325,"Alard Charitable Trust's Alard College of Engineering and Management, Pune",Un-Aided Linguistic Minority - Hindi,Un-Aided Linguistic Minority - Hindi,false,54,0632592110,Artificial Intelligence and Machine Learning,60,20,31,3,6,0,0,0632592111,3,FE_2024_SeatMatrix.pdf,1894,false,
2024-25,FE,06325,"Alard Charitable Trust's Alard College of Engineering and Management, Pune",Un-Aided Linguistic Minority - Hindi,Un-Aided Linguistic Minority - Hindi,false,60,0632593310,Electronics and Communication (Advanced,60,25,31,4,0,0,0,0632593311,3,FE_2024_SeatMatrix.pdf,1895,false,
2024-25,FE,06609,"Jaihind College Of Engineering,Kuran",Un-Aided,Un-Aided,false,30,0660919110,Civil Engineering,30,25,0,5,0,0,3,,0,FE_2024_SeatMatrix.pdf,1896,false,
2024-25,FE,06609,"Jaihind College Of Engineering,Kuran",Un-Aided,Un-Aided,false,96,0660924510,Computer Engineering,120,78,0,18,24,1,12,0660924511,6,FE_2024_SeatMatrix.pdf,1897,false,
2024-25,FE,06609,"Jaihind College Of Engineering,Kuran",Un-Aided,Un-Aided,false,81,0660926310,Artificial Intelligence (AI) and Data Science,90,67,0,14,9,1,9,0660926311,5,FE_2024_SeatMatrix.pdf,1898,false,
2024-25,FE,06609,"Jaihind College Of Engineering,Kuran",Un-Aided,Un-Aided,false,57,0660937210,Electronics and Telecommunication Engg,60,48,0,9,3,0,6,0660937211,3,FE_2024_SeatMatrix.pdf,1899,false,
2024-25,FE,06609,"Jaihind College Of Engineering,Kuran",Un-Aided,Un-Aided,false,60,0660961210,Mechanical Engineering,60,51,0,9,0,1,6,0660961211,3,FE_2024_SeatMatrix.pdf,1900,false,
2024-25,FE,06622,ISBM College Of Engineering Pune,Un-Aided Linguistic Minority - Hindi,Un-Aided Linguistic Minority - Hindi,false,180,0662224510,Computer Engineering,180,75,92,13,0,0,0,0662224511,9,FE_2024_SeatMatrix.pdf,1901,false,
2024-25,FE,06622,ISBM College Of Engineering Pune,Un-Aided Linguistic Minority - Hindi,Un-Aided Linguistic Minority - Hindi,false,30,0662237210,Electronics and Telecommunication Engg,30,13,15,2,0,0,0,0662237211,2,FE_2024_SeatMatrix.pdf,1902,false,
2024-25,FE,06622,ISBM College Of Engineering Pune,Un-Aided Linguistic Minority - Hindi,Un-Aided Linguistic Minority - Hindi,false,60,0662237810,Electronics Engineering ( VLSI Design and,60,25,31,4,0,0,0,0662237811,3,FE_2024_SeatMatrix.pdf,1903,false,
2024-25,FE,06622,ISBM College Of Engineering Pune,Un-Aided Linguistic Minority - Hindi,Un-Aided Linguistic Minority - Hindi,false,60,0662256610,Computer Science,60,25,31,4,0,0,0,0662256611,3,FE_2024_SeatMatrix.pdf,1904,false,
2024-25,FE,06622,ISBM College Of Engineering Pune,Un-Aided Linguistic Minority - Hindi,Un-Aided Linguistic Minority - Hindi,false,60,0662261210,Mechanical Engineering,60,25,31,4,0,0,0,,0,FE_2024_SeatMatrix.pdf,1905,false,
2024-25,FE,06622,ISBM College Of Engineering Pune,Un-Aided Linguistic Minority - Hindi,Un-Aided Linguistic Minority - Hindi,false,120,0662292110,Artificial Intelligence and Machine Learning,120,50,61,9,0,0,0,0662292111,6,FE_2024_SeatMatrix.pdf,1906,false,
2024-25,FE,06622,ISBM College Of Engineering Pune,Un-Aided Linguistic Minority - Hindi,Un-Aided Linguistic Minority - Hindi,false,120,0662299510,Artificial Intelligence and Data Science,120,50,61,9,0,0,0,0662299511,6,FE_2024_SeatMatrix.pdf,1907,false,
2024-25,FE,06628,"Dattakala Group Of Institutions, Swami - Chincholi Tal. Daund Dist. Pune",Un-Aided,Un-Aided,false,30,0662819110,Civil Engineering,30,25,0,5,0,0,3,,0,FE_2024_SeatMatrix.pdf,1908,false,
2024-25,FE,06628,"Dattakala Group Of Institutions, Swami - Chincholi Tal. Daund Dist. Pune",Un-Aided,Un-Aided,false,120,0662824510,Computer Engineering,120,102,0,18,0,1,12,0662824511,6,FE_2024_SeatMatrix.pdf,1909,false,
2024-25,FE,06628,"Dattakala Group Of Institutions, Swami - Chincholi Tal. Daund Dist. Pune",Un-Aided,Un-Aided,false,60,0662824610,Information Technology,60,51,0,9,0,1,6,0662824611,3,FE_2024_SeatMatrix.pdf,1910,false,
2024-25,FE,06628,"Dattakala Group Of Institutions, Swami - Chincholi Tal. Daund Dist. Pune",Un-Aided,Un-Aided,false,60,0662829310,Electrical Engineering,60,51,0,9,0,1,6,,0,FE_2024_SeatMatrix.pdf,1911,false,
2024-25,FE,06628,"Dattakala Group Of Institutions, Swami - Chincholi Tal. Daund Dist. Pune",Un-Aided,Un-Aided,false,30,0662861210,Mechanical Engineering,30,25,0,5,0,0,3,,0,FE_2024_SeatMatrix.pdf,1912,false,
2024-25,FE,06628,"Dattakala Group Of Institutions, Swami - Chincholi Tal. Daund Dist. Pune",Un-Aided,Un-Aided,false,60,0662884410,Electronics and Computer Engineering,60,51,0,9,0,1,6,,0,FE_2024_SeatMatrix.pdf,1913,false,
2024-25,FE,06632,Navsahyadri Education Society's Group of Institutions,Un-Aided,Un-Aided,false,30,0663219110,Civil Engineering,30,25,0,5,0,0,3,,0,FE_2024_SeatMatrix.pdf,1914,false,
2024-25,FE,06632,Navsahyadri Education Society's Group of Institutions,Un-Aided,Un-Aided,false,153,0663224510,Computer Engineering,180,126,0,27,27,1,18,0663224511,9,FE_2024_SeatMatrix.pdf,1915,false,
2024-25,FE,06632,Navsahyadri Education Society's Group of Institutions,Un-Aided,Un-Aided,false,60,0663229310,Electrical Engineering,60,51,0,9,0,1,6,0663229311,3,FE_2024_SeatMatrix.pdf,1916,false,
2024-25,FE,06632,Navsahyadri Education Society's Group of Institutions,Un-Aided,Un-Aided,false,60,0663237210,Electronics and Telecommunication Engg,60,51,0,9,0,1,6,0663237211,3,FE_2024_SeatMatrix.pdf,1917,false,
2024-25,FE,06632,Navsahyadri Education Society's Group of Institutions,Un-Aided,Un-Aided,false,30,0663261210,Mechanical Engineering,30,25,0,5,0,0,3,0663261211,2,FE_2024_SeatMatrix.pdf,1918,false,
2024-25,FE,06632,Navsahyadri Education Society's Group of Institutions,Un-Aided,Un-Aided,false,120,0663292110,Artificial Intelligence and Machine Learning,120,102,0,18,0,1,12,0663292111,6,FE_2024_SeatMatrix.pdf,1919,false,
2024-25,FE,06634,"KJEI's Trinity Academy of Engineering, Yewalewadi, Pune",Un-Aided,Un-Aided,false,30,0663419110,Civil Engineering,30,25,0,5,0,0,3,,0,FE_2024_SeatMatrix.pdf,1920,false,
2024-25,FE,06634,"KJEI's Trinity Academy of Engineering, Yewalewadi, Pune",Un-Aided,Un-Aided,false,72,0663424510,Computer Engineering,90,58,0,14,18,1,9,0663424511,5,FE_2024_SeatMatrix.pdf,1921,false,
2024-25,FE,06634,"KJEI's Trinity Academy of Engineering, Yewalewadi, Pune",Un-Aided,Un-Aided,false,81,0663424610,Information Technology,90,67,0,14,9,1,9,0663424611,5,FE_2024_SeatMatrix.pdf,1922,false,
2024-25,FE,06634,"KJEI's Trinity Academy of Engineering, Yewalewadi, Pune",Un-Aided,Un-Aided,false,120,0663437210,Electronics and Telecommunication Engg,120,102,0,18,0,1,12,0663437211,6,FE_2024_SeatMatrix.pdf,1923,false,
2024-25,FE,06634,"KJEI's Trinity Academy of Engineering, Yewalewadi, Pune",Un-Aided,Un-Aided,false,30,0663461210,Mechanical Engineering,30,25,0,5,0,0,3,,0,FE_2024_SeatMatrix.pdf,1924,false,
2024-25,FE,06635,Samarth College of Engineering and Management,Un-Aided,Un-Aided,false,30,0663519110,Civil Engineering,30,25,0,5,0,0,3,,0,FE_2024_SeatMatrix.pdf,1925,false,
2024-25,FE,06635,Samarth College of Engineering and Management,Un-Aided,Un-Aided,false,96,0663524510,Computer Engineering,120,78,0,18,24,1,12,0663524511,6,FE_2024_SeatMatrix.pdf,1926,false,
2024-25,FE,06635,Samarth College of Engineering and Management,Un-Aided,Un-Aided,false,30,0663529310,Electrical Engineering,30,25,0,5,0,0,3,,0,FE_2024_SeatMatrix.pdf,1927,false,
2024-25,FE,06635,Samarth College of Engineering and Management,Un-Aided,Un-Aided,false,60,0663537210,Electronics and Telecommunication Engg,60,51,0,9,0,1,6,0663537211,3,FE_2024_SeatMatrix.pdf,1928,false,
2024-25,FE,06635,Samarth College of Engineering and Management,Un-Aided,Un-Aided,false,60,0663561210,Mechanical Engineering,60,51,0,9,0,1,6,,0,FE_2024_SeatMatrix.pdf,1929,false,
2024-25,FE,06635,Samarth College of Engineering and Management,Un-Aided,Un-Aided,false,27,0663591210,Computer Science and Engineering(Data Science),30,22,0,5,3,0,3,0663591211,2,FE_2024_SeatMatrix.pdf,1930,false,
2024-25,FE,06635,Samarth College of Engineering and Management,Un-Aided,Un-Aided,false,54,0663592110,Artificial Intelligence and Machine Learning,60,45,0,9,6,0,6,0663592111,3,FE_2024_SeatMatrix.pdf,1931,false,
2024-25,FE,06649,"TSSM's Bhivarabai Sawant College of Engineering and Research, Narhe, Pune",Un-Aided,Un-Aided,false,60,0664919110,Civil Engineering,60,51,0,9,0,1,6,,0,FE_2024_SeatMatrix.pdf,1932,false,
2024-25,FE,06649,"TSSM's Bhivarabai Sawant College of Engineering and Research, Narhe, Pune",Un-Aided,Un-Aided,false,144,0664924510,Computer Engineering,180,117,0,27,36,1,18,0664924511,9,FE_2024_SeatMatrix.pdf,1933,false,
2024-25,FE,06649,"TSSM's Bhivarabai Sawant College of Engineering and Research, Narhe, Pune",Un-Aided,Un-Aided,false,60,0664929310,Electrical Engineering,60,51,0,9,0,1,6,0664929311,3,FE_2024_SeatMatrix.pdf,1934,false,
2024-25,FE,06649,"TSSM's Bhivarabai Sawant College of Engineering and Research, Narhe, Pune",Un-Aided,Un-Aided,false,54,0664937210,Electronics and Telecommunication Engg,60,45,0,9,6,0,6,0664937211,3,FE_2024_SeatMatrix.pdf,1935,false,
2024-25,FE,06649,"TSSM's Bhivarabai Sawant College of Engineering and Research, Narhe, Pune",Un-Aided,Un-Aided,false,60,0664961210,Mechanical Engineering,60,51,0,9,0,1,6,,0,FE_2024_SeatMatrix.pdf,1936,false,
2024-25,FE,06732,"Ajeenkya DY Patil School of Engineering, Lohegaon, Pune",Un-Aided,Un-Aided,false,120,0673219110,Civil Engineering,120,102,0,18,0,1,12,,0,FE_2024_SeatMatrix.pdf,1937,false,
2024-25,FE,06732,"Ajeenkya DY Patil School of Engineering, Lohegaon, Pune",Un-Aided,Un-Aided,false,144,0673224510,Computer Engineering,180,117,0,27,36,1,18,0673224511,9,FE_2024_SeatMatrix.pdf,1938,false,
2024-25,FE,06732,"Ajeenkya DY Patil School of Engineering, Lohegaon, Pune",Un-Aided,Un-Aided,false,144,0673237210,Electronics and Telecommunication Engg,180,117,0,27,36,1,18,0673237211,9,FE_2024_SeatMatrix.pdf,1939,false,
2024-25,FE,06732,"Ajeenkya DY Patil School of Engineering, Lohegaon, Pune",Un-Aided,Un-Aided,false,180,0673261210,Mechanical Engineering,180,153,0,27,0,2,18,0673261211,9,FE_2024_SeatMatrix.pdf,1940,false,
2024-25,FE,06732,"Ajeenkya DY Patil School of Engineering, Lohegaon, Pune",Un-Aided,Un-Aided,false,144,0673299510,Artificial Intelligence and Data Science,180,117,0,27,36,1,18,0673299511,9,FE_2024_SeatMatrix.pdf,1941,false,
2024-25,FE,06754,"International Institute of Information Technology (I²IT), Pune.",Un-Aided,Un-Aided,false,144,0675424510,Computer Engineering,180,117,0,27,36,1,18,0675424511,9,FE_2024_SeatMatrix.pdf,1942,false,
2024-25,FE,06754,"International Institute of Information Technology (I²IT), Pune.",Un-Aided,Un-Aided,false,96,0675424610,Information Technology,120,78,0,18,24,1,12,0675424611,6,FE_2024_SeatMatrix.pdf,1943,false,
2024-25,FE,06754,"International Institute of Information Technology (I²IT), Pune.",Un-Aided,Un-Aided,false,48,0675437210,Electronics and Telecommunication Engg,60,39,0,9,12,0,6,0675437211,3,FE_2024_SeatMatrix.pdf,1944,false,
2024-25,FE,06755,"JSPM Narhe Technical Campus, Pune.",Un-Aided,Un-Aided,false,120,0675519110,Civil Engineering,120,102,0,18,0,1,12,,0,FE_2024_SeatMatrix.pdf,1945,false,
2024-25,FE,06755,"JSPM Narhe Technical Campus, Pune.",Un-Aided,Un-Aided,false,96,0675524510,Computer Engineering,120,78,0,18,24,1,12,0675524511,6,FE_2024_SeatMatrix.pdf,1946,false,
2024-25,FE,06755,"JSPM Narhe Technical Campus, Pune.",Un-Aided,Un-Aided,false,48,0675526310,Artificial Intelligence (AI) and Data Science,60,39,0,9,12,0,6,0675526311,3,FE_2024_SeatMatrix.pdf,1947,false,
2024-25,FE,06755,"JSPM Narhe Technical Campus, Pune.",Un-Aided,Un-Aided,false,48,0675537210,Electronics and Telecommunication Engg,60,39,0,9,12,0,6,0675537211,3,FE_2024_SeatMatrix.pdf,1948,false,
2024-25,FE,06755,"JSPM Narhe Technical Campus, Pune.",Un-Aided,Un-Aided,false,120,0675561210,Mechanical Engineering,120,102,0,18,0,1,12,,0,FE_2024_SeatMatrix.pdf,1949,false,
2024-25,FE,06758,"Sahyadri Valley College of Engineering & Technology, Rajuri, Pune.",Un-Aided,Un-Aided,false,30,0675819110,Civil Engineering,30,25,0,5,0,0,3,,0,FE_2024_SeatMatrix.pdf,1950,false,
2024-25,FE,06758,"Sahyadri Valley College of Engineering & Technology, Rajuri, Pune.",Un-Aided,Un-Aided,false,60,0675824510,Computer Engineering,60,51,0,9,0,1,6,0675824511,3,FE_2024_SeatMatrix.pdf,1951,false,
2024-25,FE,06758,"Sahyadri Valley College of Engineering & Technology, Rajuri, Pune.",Un-Aided,Un-Aided,false,30,0675837210,Electronics and Telecommunication Engg,30,25,0,5,0,0,3,,0,FE_2024_SeatMatrix.pdf,1952,false,
2024-25,FE,06758,"Sahyadri Valley College of Engineering & Technology, Rajuri, Pune.",Un-Aided,Un-Aided,false,30,0675861210,Mechanical Engineering,30,25,0,5,0,0,3,,0,FE_2024_SeatMatrix.pdf,1953,false,
2024-25,FE,06758,"Sahyadri Valley College of Engineering & Technology, Rajuri, Pune.",Un-Aided,Un-Aided,false,30,0675892110,Artificial Intelligence and Machine Learning,30,25,0,5,0,0,3,,0,FE_2024_SeatMatrix.pdf,1954,false,
2024-25,FE,06758,"Sahyadri Valley College of Engineering & Technology, Rajuri, Pune.",Un-Aided,Un-Aided,false,60,0675899510,Artificial Intelligence and Data Science,60,51,0,9,0,1,6,0675899511,3,FE_2024_SeatMatrix.pdf,1955,false,
2024-25,FE,06759,"Shree Ramchandra College of Engineering, Lonikand,Pune",Un-Aided,Un-Aided,false,30,0675919110,Civil Engineering,30,25,0,5,0,0,3,,0,FE_2024_SeatMatrix.pdf,1956,false,
2024-25,FE,06759,"Shree Ramchandra College of Engineering, Lonikand,Pune",Un-Aided,Un-Aided,false,48,0675924510,Computer Engineering,60,39,0,9,12,0,6,0675924511,3,FE_2024_SeatMatrix.pdf,1957,false,
2024-25,FE,06759,"Shree Ramchandra College of Engineering, Lonikand,Pune",Un-Aided,Un-Aided,false,30,0675929310,Electrical Engineering,30,25,0,5,0,0,3,,0,FE_2024_SeatMatrix.pdf,1958,false,
2024-25,FE,06759,"Shree Ramchandra College of Engineering, Lonikand,Pune",Un-Aided,Un-Aided,false,30,0675961210,Mechanical Engineering,30,25,0,5,0,0,3,,0,FE_2024_SeatMatrix.pdf,1959,false,
2024-25,FE,06759,"Shree Ramchandra College of Engineering, Lonikand,Pune",Un-Aided,Un-Aided,false,48,0675999510,Artificial Intelligence and Data Science,60,39,0,9,12,0,6,0675999511,3,FE_2024_SeatMatrix.pdf,1960,false,
2024-25,FE,06767,"Suman Ramesh Tulsiani Technical Campus: Faculty of Engineering, Kamshet,Pune.",Un-Aided,Un-Aided,false,24,0676719110,Civil Engineering,30,19,0,5,6,0,3,,0,FE_2024_SeatMatrix.pdf,1961,false,
2024-25,FE,06767,"Suman Ramesh Tulsiani Technical Campus: Faculty of Engineering, Kamshet,Pune.",Un-Aided,Un-Aided,false,144,0676724510,Computer Engineering,180,117,0,27,36,1,18,0676724511,9,FE_2024_SeatMatrix.pdf,1962,false,
2024-25,FE,06767,"Suman Ramesh Tulsiani Technical Campus: Faculty of Engineering, Kamshet,Pune.",Un-Aided,Un-Aided,false,24,0676761210,Mechanical Engineering,30,19,0,5,6,0,3,,0,FE_2024_SeatMatrix.pdf,1963,false,
2024-25,FE,06767,"Suman Ramesh Tulsiani Technical Campus: Faculty of Engineering, Kamshet,Pune.",Un-Aided,Un-Aided,false,48,0676791210,Computer Science and Engineering(Data Science),60,39,0,9,12,0,6,0676791211,3,FE_2024_SeatMatrix.pdf,1964,false,
2024-25,FE,06767,"Suman Ramesh Tulsiani Technical Campus: Faculty of Engineering, Kamshet,Pune.",Un-Aided,Un-Aided,false,48,0676799510,Artificial Intelligence and Data Science,60,39,0,9,12,0,6,0676799511,3,FE_2024_SeatMatrix.pdf,1965,false,
2024-25,FE,06768,"P.K. Technical Campus, Pune.",Un-Aided,Un-Aided,false,48,0676824510,Computer Engineering,60,39,0,9,12,0,6,0676824511,3,FE_2024_SeatMatrix.pdf,1966,false,
2024-25,FE,06768,"P.K. Technical Campus, Pune.",Un-Aided,Un-Aided,false,60,0676861210,Mechanical Engineering,60,51,0,9,0,1,6,,0,FE_2024_SeatMatrix.pdf,1967,false,
2024-25,FE,06769,"Rasiklal M. Dhariwal Sinhgad Technical Institutes Campus, Warje, Pune.",Un-Aided,Un-Aided,false,90,0676919110,Civil Engineering,90,76,0,14,0,1,9,,0,FE_2024_SeatMatrix.pdf,1968,false,
2024-25,FE,06769,"Rasiklal M. Dhariwal Sinhgad Technical Institutes Campus, Warje, Pune.",Un-Aided,Un-Aided,false,96,0676924510,Computer Engineering,120,78,0,18,24,1,12,0676924511,6,FE_2024_SeatMatrix.pdf,1969,false,
2024-25,FE,06769,"Rasiklal M. Dhariwal Sinhgad Technical Institutes Campus, Warje, Pune.",Un-Aided,Un-Aided,false,48,0676924610,Information Technology,60,39,0,9,12,0,6,0676924611,3,FE_2024_SeatMatrix.pdf,1970,false,
2024-25,FE,06769,"Rasiklal M. Dhariwal Sinhgad Technical Institutes Campus, Warje, Pune.",Un-Aided,Un-Aided,false,60,0676937210,Electronics and Telecommunication Engg,60,51,0,9,0,1,6,0676937211,3,FE_2024_SeatMatrix.pdf,1971,false,
2024-25,FE,06769,"Rasiklal M. Dhariwal Sinhgad Technical Institutes Campus, Warje, Pune.",Un-Aided,Un-Aided,false,150,0676961210,Mechanical Engineering,150,127,0,23,0,1,15,,0,FE_2024_SeatMatrix.pdf,1972,false,
2024-25,FE,06770,"SKN Sinhgad Institute of Technology & Science, Kusgaon(BK),Pune.",Un-Aided,Un-Aided,false,120,0677024510,Computer Engineering,120,102,0,18,0,1,12,0677024511,6,FE_2024_SeatMatrix.pdf,1973,false,
2024-25,FE,06770,"SKN Sinhgad Institute of Technology & Science, Kusgaon(BK),Pune.",Un-Aided,Un-Aided,false,60,0677024610,Information Technology,60,51,0,9,0,1,6,0677024611,3,FE_2024_SeatMatrix.pdf,1974,false,
2024-25,FE,06770,"SKN Sinhgad Institute of Technology & Science, Kusgaon(BK),Pune.",Un-Aided,Un-Aided,false,30,0677061210,Mechanical Engineering,30,25,0,5,0,0,3,,0,FE_2024_SeatMatrix.pdf,1975,false,
2024-25,FE,06771,"Flora Institute of Technology, Khopi, Near Khed Shivapur Toll Plaza, Pune",Un-Aided,Un-Aided,false,24,0677119110,Civil Engineering,30,19,0,5,6,0,3,0677119111,2,FE_2024_SeatMatrix.pdf,1976,false,
2024-25,FE,06771,"Flora Institute of Technology, Khopi, Near Khed Shivapur Toll Plaza, Pune",Un-Aided,Un-Aided,false,48,0677124510,Computer Engineering,60,39,0,9,12,0,6,0677124511,3,FE_2024_SeatMatrix.pdf,1977,false,
2024-25,FE,06771,"Flora Institute of Technology, Khopi, Near Khed Shivapur Toll Plaza, Pune",Un-Aided,Un-Aided,false,48,0677161210,Mechanical Engineering,60,39,0,9,12,0,6,0677161211,3,FE_2024_SeatMatrix.pdf,1978,false,
2024-25,FE,06772,"NBN Sinhgad Technical Institutes Campus, Pune",Un-Aided,Un-Aided,false,96,0677224510,Computer Engineering,120,78,0,18,24,1,12,0677224511,6,FE_2024_SeatMatrix.pdf,1979,false,
2024-25,FE,06772,"NBN Sinhgad Technical Institutes Campus, Pune",Un-Aided,Un-Aided,false,48,0677224610,Information Technology,60,39,0,9,12,0,6,0677224611,3,FE_2024_SeatMatrix.pdf,1980,false,
2024-25,FE,06772,"NBN Sinhgad Technical Institutes Campus, Pune",Un-Aided,Un-Aided,false,60,0677229310,Electrical Engineering,60,51,0,9,0,1,6,0677229311,3,FE_2024_SeatMatrix.pdf,1981,false,
2024-25,FE,06772,"NBN Sinhgad Technical Institutes Campus, Pune",Un-Aided,Un-Aided,false,60,0677237210,Electronics and Telecommunication Engg,60,51,0,9,0,1,6,0677237211,3,FE_2024_SeatMatrix.pdf,1982,false,
2024-25,FE,06772,"NBN Sinhgad Technical Institutes Campus, Pune",Un-Aided,Un-Aided,false,150,0677261210,Mechanical Engineering,150,127,0,23,0,1,15,,0,FE_2024_SeatMatrix.pdf,1983,false,
2024-25,FE,06794,"Anantrao Pawar College of Engineering & Research, Pune",Un-Aided,Un-Aided,false,60,0679419110,Civil Engineering,60,51,0,9,0,1,6,,0,FE_2024_SeatMatrix.pdf,1984,false,
2024-25,FE,06794,"Anantrao Pawar College of Engineering & Research, Pune",Un-Aided,Un-Aided,false,48,0679424510,Computer Engineering,60,39,0,9,12,0,6,0679424511,3,FE_2024_SeatMatrix.pdf,1985,false,
2024-25,FE,06794,"Anantrao Pawar College of Engineering & Research, Pune",Un-Aided,Un-Aided,false,48,0679424610,Information Technology,60,39,0,9,12,0,6,0679424611,3,FE_2024_SeatMatrix.pdf,1986,false,
2024-25,FE,06794,"Anantrao Pawar College of Engineering & Research, Pune",Un-Aided,Un-Aided,false,54,0679437210,Electronics and Telecommunication Engg,60,45,0,9,6,0,6,0679437211,3,FE_2024_SeatMatrix.pdf,1987,false,
2024-25,FE,06794,"Anantrao Pawar College of Engineering & Research, Pune",Un-Aided,Un-Aided,false,60,0679437810,Electronics Engineering ( VLSI Design and,60,51,0,9,0,1,6,0679437811,3,FE_2024_SeatMatrix.pdf,1988,false,
2024-25,FE,06794,"Anantrao Pawar College of Engineering & Research, Pune",Un-Aided,Un-Aided,false,60,0679461210,Mechanical Engineering,60,51,0,9,0,1,6,,0,FE_2024_SeatMatrix.pdf,1989,false,
2024-25,FE,06794,"Anantrao Pawar College of Engineering & Research, Pune",Un-Aided,Un-Aided,false,60,0679492810,Electronics and Communication(Advanced,60,51,0,9,0,1,6,0679492811,3,FE_2024_SeatMatrix.pdf,1990,false,
2024-25,FE,06794,"Anantrao Pawar College of Engineering & Research, Pune",Un-Aided,Un-Aided,false,48,0679499510,Artificial Intelligence and Data Science,60,39,0,9,12,0,6,0679499511,3,FE_2024_SeatMatrix.pdf,1991,false,
2024-25,FE,06795,"Shri.Someshwar Shikshan Prasarak Mandal, Sharadchandra Pawar College of Engineering & Technology, Someshwar Nagar",Un-Aided,Un-Aided,false,30,0679519110,Civil Engineering,30,25,0,5,0,0,3,,0,FE_2024_SeatMatrix.pdf,1992,false,
2024-25,FE,06795,"Shri.Someshwar Shikshan Prasarak Mandal, Sharadchandra Pawar College of Engineering & Technology, Someshwar Nagar",Un-Aided,Un-Aided,false,96,0679524510,Computer Engineering,120,78,0,18,24,1,12,0679524511,6,FE_2024_SeatMatrix.pdf,1993,false,
2024-25,FE,06795,"Shri.Someshwar Shikshan Prasarak Mandal, Sharadchandra Pawar College of Engineering & Technology, Someshwar Nagar",Un-Aided,Un-Aided,false,30,0679529310,Electrical Engineering,30,25,0,5,0,0,3,0679529311,2,FE_2024_SeatMatrix.pdf,1994,false,
2024-25,FE,06795,"Shri.Someshwar Shikshan Prasarak Mandal, Sharadchandra Pawar College of Engineering & Technology, Someshwar Nagar",Un-Aided,Un-Aided,false,30,0679561210,Mechanical Engineering,30,25,0,5,0,0,3,,0,FE_2024_SeatMatrix.pdf,1995,false,
2024-25,FE,06796,"Bharati Vidyapeeth's College of Engineering,Lavale, Pune",Un-Aided,Un-Aided,false,60,0679619110,Civil Engineering,60,51,0,9,0,1,6,,0,FE_2024_SeatMatrix.pdf,1996,false,
2024-25,FE,06796,"Bharati Vidyapeeth's College of Engineering,Lavale, Pune",Un-Aided,Un-Aided,false,96,0679624510,Computer Engineering,120,78,0,18,24,1,12,0679624511,6,FE_2024_SeatMatrix.pdf,1997,false,
2024-25,FE,06796,"Bharati Vidyapeeth's College of Engineering,Lavale, Pune",Un-Aided,Un-Aided,false,60,0679637210,Electronics and Telecommunication Engg,60,51,0,9,0,1,6,0679637211,3,FE_2024_SeatMatrix.pdf,1998,false,
2024-25,FE,06796,"Bharati Vidyapeeth's College of Engineering,Lavale, Pune",Un-Aided,Un-Aided,false,60,0679661210,Mechanical Engineering,60,51,0,9,0,1,6,,0,FE_2024_SeatMatrix.pdf,1999,false,
2024-25,FE,06808,"Keystone School of Engineering, Pune",Un-Aided,Un-Aided,false,144,0680824510,Computer Engineering,180,117,0,27,36,1,18,0680824511,9,FE_2024_SeatMatrix.pdf,2000,false,
2024-25,FE,06808,"Keystone School of Engineering, Pune",Un-Aided,Un-Aided,false,48,0680826310,Artificial Intelligence (AI) and Data Science,60,39,0,9,12,0,6,0680826311,3,FE_2024_SeatMatrix.pdf,2001,false,
2024-25,FE,06808,"Keystone School of Engineering, Pune",Un-Aided,Un-Aided,false,43,0680837210,Electronics and Telecommunication Engg,54,35,0,8,11,0,5,0680837211,3,FE_2024_SeatMatrix.pdf,2002,false,
2024-25,FE,06808,"Keystone School of Engineering, Pune",Un-Aided,Un-Aided,false,48,0680861210,Mechanical Engineering,60,39,0,9,12,0,6,,0,FE_2024_SeatMatrix.pdf,2003,false,
2024-25,FE,06815,"Vidya Prasarini Sabha's College of Engineering & Technology, Lonavala",Un-Aided,Un-Aided,false,30,0681519110,Civil Engineering,30,25,0,5,0,0,3,,0,FE_2024_SeatMatrix.pdf,2004,false,
2024-25,FE,06815,"Vidya Prasarini Sabha's College of Engineering & Technology, Lonavala",Un-Aided,Un-Aided,false,30,0681524510,Computer Engineering,30,25,0,5,0,0,3,0681524511,2,FE_2024_SeatMatrix.pdf,2005,false,
2024-25,FE,06815,"Vidya Prasarini Sabha's College of Engineering & Technology, Lonavala",Un-Aided,Un-Aided,false,60,0681561210,Mechanical Engineering,60,51,0,9,0,1,6,,0,FE_2024_SeatMatrix.pdf,2006,false,
2024-25,FE,06822,"Pimpri Chinchwad Education Trust's Pimpri Chinchwad College Of Engineering And Research, Ravet",Un-Aided,Un-Aided,false,60,0682219110,Civil Engineering,60,51,0,9,0,1,6,0682219111,3,FE_2024_SeatMatrix.pdf,2007,false,
2024-25,FE,06822,"Pimpri Chinchwad Education Trust's Pimpri Chinchwad College Of Engineering And Research, Ravet",Un-Aided,Un-Aided,false,288,0682224510,Computer Engineering,360,234,0,54,72,2,36,0682224511,18,FE_2024_SeatMatrix.pdf,2008,false,
2024-25,FE,06822,"Pimpri Chinchwad Education Trust's Pimpri Chinchwad College Of Engineering And Research, Ravet",Un-Aided,Un-Aided,false,48,0682224610,Information Technology,60,39,0,9,12,0,6,0682224611,3,FE_2024_SeatMatrix.pdf,2009,false,
2024-25,FE,06822,"Pimpri Chinchwad Education Trust's Pimpri Chinchwad College Of Engineering And Research, Ravet",Un-Aided,Un-Aided,false,48,0682237210,Electronics and Telecommunication Engg,60,39,0,9,12,0,6,0682237211,3,FE_2024_SeatMatrix.pdf,2010,false,
2024-25,FE,06822,"Pimpri Chinchwad Education Trust's Pimpri Chinchwad College Of Engineering And Research, Ravet",Un-Aided,Un-Aided,false,51,0682261210,Mechanical Engineering,60,42,0,9,9,0,6,0682261211,3,FE_2024_SeatMatrix.pdf,2011,false,
2024-25,FE,06834,"Dr.D.Y.Patil College Of Engineering & Innovation,Talegaon",Un-Aided,Un-Aided,false,180,0683424510,Computer Engineering,180,153,0,27,0,2,18,0683424511,9,FE_2024_SeatMatrix.pdf,2012,false,
2024-25,FE,06834,"Dr.D.Y.Patil College Of Engineering & Innovation,Talegaon",Un-Aided,Un-Aided,false,48,0683426310,Artificial Intelligence (AI) and Data Science,60,39,0,9,12,0,6,0683426311,3,FE_2024_SeatMatrix.pdf,2013,false,
2024-25,FE,06991,"Dr. D.Y. Patil Technical Campus, Varale, Talegaon, Pune",Un-Aided,Un-Aided,false,180,0699124510,Computer Engineering,180,153,0,27,0,2,18,0699124511,9,FE_2024_SeatMatrix.pdf,2014,false,
2024-25,FE,06991,"Dr. D.Y. Patil Technical Campus, Varale, Talegaon, Pune",Un-Aided,Un-Aided,false,180,0699156610,Computer Science,180,153,0,27,0,2,18,0699156611,9,FE_2024_SeatMatrix.pdf,2015,false,
2024-25,FE,06991,"Dr. D.Y. Patil Technical Campus, Varale, Talegaon, Pune",Un-Aided,Un-Aided,false,120,0699184410,Electronics and Computer Engineering,120,102,0,18,0,1,12,0699184411,6,FE_2024_SeatMatrix.pdf,2016,false,
2024-25,FE,06991,"Dr. D.Y. Patil Technical Campus, Varale, Talegaon, Pune",Un-Aided,Un-Aided,false,120,0699199510,Artificial Intelligence and Data Science,120,102,0,18,0,1,12,0699199511,6,FE_2024_SeatMatrix.pdf,2017,false,
2024-25,FE,06028,"Department of Technology, Shivaji University, Kolhapur",University Department,University Department,false,60,0602819110,Civil Engineering,60,60,0,0,0,1,6,,0,FE_2024_SeatMatrix.pdf,2018,false,
2024-25,FE,06028,"Department of Technology, Shivaji University, Kolhapur",University Department,University Department,false,60,0602825410,Computer Science and Technology,60,60,0,0,0,1,6,0602825411,3,FE_2024_SeatMatrix.pdf,2019,false,
2024-25,FE,06028,"Department of Technology, Shivaji University, Kolhapur",University Department,University Department,false,60,0602837210,Electronics and Telecommunication Engg,60,60,0,0,0,1,6,0602837211,3,FE_2024_SeatMatrix.pdf,2020,false,
2024-25,FE,06028,"Department of Technology, Shivaji University, Kolhapur",University Department,University Department,false,60,0602850310,Food Technology,60,60,0,0,0,1,6,0602850311,3,FE_2024_SeatMatrix.pdf,2021,false,
2024-25,FE,06028,"Department of Technology, Shivaji University, Kolhapur",University Department,University Department,false,60,0602850710,Chemical Engineering,60,60,0,0,0,1,6,0602850711,3,FE_2024_SeatMatrix.pdf,2022,false,
2024-25,FE,06028,"Department of Technology, Shivaji University, Kolhapur",University Managed (Un-Aided),University Managed (Un-Aided),false,60,0602861210,Mechanical Engineering,60,60,0,0,0,1,6,,0,FE_2024_SeatMatrix.pdf,2023,false,
2024-25,FE,06288,"Bharati Vidyapeeth's College of Engineering, Kolhapur",Un-Aided,Un-Aided,false,60,0628819110,Civil Engineering,60,51,0,9,0,1,6,,0,FE_2024_SeatMatrix.pdf,2024,false,
2024-25,FE,06288,"Bharati Vidyapeeth's College of Engineering, Kolhapur",Un-Aided,Un-Aided,false,108,0628824210,Computer Science and Engineering,120,90,0,18,12,1,12,0628824211,6,FE_2024_SeatMatrix.pdf,2025,false,
2024-25,FE,06288,"Bharati Vidyapeeth's College of Engineering, Kolhapur",Un-Aided,Un-Aided,false,60,0628837210,Electronics and Telecommunication Engg,60,51,0,9,0,1,6,0628837211,3,FE_2024_SeatMatrix.pdf,2026,false,
2024-25,FE,06288,"Bharati Vidyapeeth's College of Engineering, Kolhapur",Un-Aided,Un-Aided,false,60,0628861210,Mechanical Engineering,60,51,0,9,0,1,6,,0,FE_2024_SeatMatrix.pdf,2027,false,
2024-25,FE,06288,"Bharati Vidyapeeth's College of Engineering, Kolhapur",Un-Aided,Un-Aided,false,48,0628891110,Computer Science and Engineering(Artificial,60,39,0,9,12,0,6,0628891111,3,FE_2024_SeatMatrix.pdf,2028,false,
2024-25,FE,06303,"Dr. Ashok Gujar Technical Institute's Dr. Daulatrao Aher College of Engineering, Karad",Un-Aided,Un-Aided,false,54,0630399510,Artificial Intelligence and Data Science,60,45,0,9,6,0,6,0630399511,3,FE_2024_SeatMatrix.pdf,2029,false,
2024-25,FE,06303,"Dr. Ashok Gujar Technical Institute's Dr. Daulatrao Aher College of Engineering, Karad",Un-Aided,Un-Aided,false,60,0630319110,Civil Engineering,60,51,0,9,0,1,6,,0,FE_2024_SeatMatrix.pdf,2030,false,
2024-25,FE,06303,"Dr. Ashok Gujar Technical Institute's Dr. Daulatrao Aher College of Engineering, Karad",Un-Aided,Un-Aided,false,48,0630324210,Computer Science and Engineering,60,39,0,9,12,0,6,0630324211,3,FE_2024_SeatMatrix.pdf,2031,false,
2024-25,FE,06303,"Dr. Ashok Gujar Technical Institute's Dr. Daulatrao Aher College of Engineering, Karad",Un-Aided,Un-Aided,false,60,0630337210,Electronics and Telecommunication Engg,60,51,0,9,0,1,6,0630337211,3,FE_2024_SeatMatrix.pdf,2032,false,
2024-25,FE,06303,"Dr. Ashok Gujar Technical Institute's Dr. Daulatrao Aher College of Engineering, Karad",Un-Aided,Un-Aided,false,60,0630361210,Mechanical Engineering,60,51,0,9,0,1,6,,0,FE_2024_SeatMatrix.pdf,2033,false,
2024-25,FE,06803,"Sant Gajanan Maharaj College of Engineering, Gadhinglaj",Un-Aided,Un-Aided,false,60,0680319110,Civil Engineering,60,51,0,9,0,1,6,,0,FE_2024_SeatMatrix.pdf,2034,false,
2024-25,FE,06803,"Sant Gajanan Maharaj College of Engineering, Gadhinglaj",Un-Aided,Un-Aided,false,48,0680324210,Computer Science and Engineering,60,39,0,9,12,0,6,0680324211,3,FE_2024_SeatMatrix.pdf,2035,false,
2024-25,FE,06803,"Sant Gajanan Maharaj College of Engineering, Gadhinglaj",Un-Aided,Un-Aided,false,60,0680329310,Electrical Engineering,60,51,0,9,0,1,6,0680329311,3,FE_2024_SeatMatrix.pdf,2036,false,
2024-25,FE,06803,"Sant Gajanan Maharaj College of Engineering, Gadhinglaj",Un-Aided,Un-Aided,false,48,0680337210,Electronics and Telecommunication Engg,60,39,0,9,12,0,6,0680337211,3,FE_2024_SeatMatrix.pdf,2037,false,
2024-25,FE,06803,"Sant Gajanan Maharaj College of Engineering, Gadhinglaj",Un-Aided,Un-Aided,false,60,0680361210,Mechanical Engineering,60,51,0,9,0,1,6,,0,FE_2024_SeatMatrix.pdf,2038,false,
2024-25,FE,06839,"Dr. D Y Patil Pratishthan's College of Engineering, Kolhapur",Un-Aided,Un-Aided,false,60,0683919110,Civil Engineering,60,51,0,9,0,1,6,,0,FE_2024_SeatMatrix.pdf,2039,false,
2024-25,FE,06839,"Dr. D Y Patil Pratishthan's College of Engineering, Kolhapur",Un-Aided,Un-Aided,false,144,0683924210,Computer Science and Engineering,180,117,0,27,36,1,18,0683924211,9,FE_2024_SeatMatrix.pdf,2040,false,
2024-25,FE,06839,"Dr. D Y Patil Pratishthan's College of Engineering, Kolhapur",Un-Aided,Un-Aided,false,60,0683929310,Electrical Engineering,60,51,0,9,0,1,6,0683929311,3,FE_2024_SeatMatrix.pdf,2041,false,
2024-25,FE,06839,"Dr. D Y Patil Pratishthan's College of Engineering, Kolhapur",Un-Aided,Un-Aided,false,48,0683991210,Computer Science and Engineering(Data Science),60,39,0,9,12,0,6,0683991211,3,FE_2024_SeatMatrix.pdf,2042,false,
2024-25,FE,06878,"Dr. A. D. Shinde College Of Engineering, Tal.Gadhinglaj, Kolhapur",Un-Aided,Un-Aided,false,30,0687819110,Civil Engineering,30,25,0,5,0,0,3,,0,FE_2024_SeatMatrix.pdf,2043,false,
2024-25,FE,06878,"Dr. A. D. Shinde College Of Engineering, Tal.Gadhinglaj, Kolhapur",Un-Aided,Un-Aided,false,54,0687824210,Computer Science and Engineering,60,45,0,9,6,0,6,,0,FE_2024_SeatMatrix.pdf,2045,false,
2024-25,FE,06878,"Dr. A. D. Shinde College Of Engineering, Tal.Gadhinglaj, Kolhapur",Un-Aided,Un-Aided,false,60,0687825910,Mechanical and Mechatronics Engineering (Additive,60,51,0,9,0,1,6,0687825911,3,FE_2024_SeatMatrix.pdf,2046,false,
2024-25,FE,06878,"Dr. A. D. Shinde College Of Engineering, Tal.Gadhinglaj, Kolhapur",Un-Aided,Un-Aided,false,120,0687890010,Electronics and Computer Science,120,102,0,18,0,1,12,,0,FE_2024_SeatMatrix.pdf,2047,false,
2024-25,FE,06878,"Dr. A. D. Shinde College Of Engineering, Tal.Gadhinglaj, Kolhapur",Un-Aided,Un-Aided,false,27,0687891110,Computer Science and Engineering(Artificial,30,22,0,5,3,0,3,0687891111,2,FE_2024_SeatMatrix.pdf,2048,false,
2024-25,FE,06878,"Dr. A. D. Shinde College Of Engineering, Tal.Gadhinglaj, Kolhapur",Un-Aided,Un-Aided,false,60,0687892610,Electrical and Computer Engineering,60,51,0,9,0,1,6,0687892611,3,FE_2024_SeatMatrix.pdf,2049,false,
