academic_year,admission_route,institute_code,college_name,college_status,college_type,autonomous,cap_seats,branch_code,branch_name,sanctioned_intake,maharashtra_seats,minority_seats,all_india_seats,institute_seats,orphan_seats,ews_seats,tfws_choice_code,tfws_seats,source_file,source_page,needs_review,review_reason
2023-24,FE,1002,"Government College of Engineering, Amravati",Government Autonomous,Government,true,60,100219110,Civil Engineering,60,60,0,0,0,1,6,100219111T,3,FE_2023_SeatMatrix.pdf,1,false,
2023-24,FE,1002,"Government College of Engineering, Amravati",Government Autonomous,Government,true,60,100224210,Computer Science and Engineering,60,60,0,0,0,1,6,100224211T,3,FE_2023_SeatMatrix.pdf,2,false,
2023-24,FE,1002,"Government College of Engineering, Amravati",Government Autonomous,Government,true,60,100224610,Information Technology,60,60,0,0,0,1,6,100224611T,3,FE_2023_SeatMatrix.pdf,3,false,
2023-24,FE,1002,"Government College of Engineering, Amravati",Government Autonomous,Government,true,60,100229310,Electrical Engineering,60,60,0,0,0,1,6,100229311T,3,FE_2023_SeatMatrix.pdf,4,false,
2023-24,FE,1002,"Government College of Engineering, Amravati",Government Autonomous,Government,true,60,100237210,Electronics and Telecommunication Engg,60,60,0,0,0,1,6,100237211T,3,FE_2023_SeatMatrix.pdf,5,false,
2023-24,FE,1002,"Government College of Engineering, Amravati",Government Autonomous,Government,true,30,100246610,Instrumentation Engineering,30,30,0,0,0,0,3,100246611T,2,FE_2023_SeatMatrix.pdf,6,false,
2023-24,FE,1002,"Government College of Engineering, Amravati",Government Autonomous,Government,true,60,100261210,Mechanical Engineering,60,60,0,0,0,1,6,100261211T,3,FE_2023_SeatMatrix.pdf,7,false,
2023-24,FE,1105,"Prof. Ram Meghe Institute of Technology & Research, Amravati",Un-Aided Autonomous,Un-Aided,true,117,110519110,Civil Engineering,120,99,0,18,3,1,12,110519111T,6,FE_2023_SeatMatrix.pdf,8,false,
2023-24,FE,1105,"Prof. Ram Meghe Institute of Technology & Research, Amravati",Un-Aided Autonomous,Un-Aided,true,144,110524210,Computer Science and Engineering,180,117,0,27,36,1,18,110524211T,9,FE_2023_SeatMatrix.pdf,9,false,
2023-24,FE,1105,"Prof. Ram Meghe Institute of Technology & Research, Amravati",Un-Aided Autonomous,Un-Aided,true,96,110524610,Information Technology,120,78,0,18,24,1,12,110524611T,6,FE_2023_SeatMatrix.pdf,10,false,
2023-24,FE,1105,"Prof. Ram Meghe Institute of Technology & Research, Amravati",Un-Aided Autonomous,Un-Aided,true,48,110526310,Artificial Intelligence (AI) and Data Science,60,39,0,9,12,0,6,110526311T,3,FE_2023_SeatMatrix.pdf,11,false,
2023-24,FE,1105,"Prof. Ram Meghe Institute of Technology & Research, Amravati",Un-Aided Autonomous,Un-Aided,true,48,110526510,Industrial IoT,60,39,0,9,12,0,6,110526511T,3,FE_2023_SeatMatrix.pdf,12,false,
2023-24,FE,1105,"Prof. Ram Meghe Institute of Technology & Research, Amravati",Un-Aided Autonomous,Un-Aided,true,96,110537210,Electronics and Telecommunication Engg,120,78,0,18,24,1,12,110537211T,6,FE_2023_SeatMatrix.pdf,13,false,
2023-24,FE,1105,"Prof. Ram Meghe Institute of Technology & Research, Amravati",Un-Aided Autonomous,Un-Aided,true,120,110561210,Mechanical Engineering,120,102,0,18,0,1,12,110561211T,6,FE_2023_SeatMatrix.pdf,14,false,
2023-24,FE,2008,"Government College of Engineering, Aurangabad",Government Autonomous,Government,true,60,200819110,Civil Engineering,60,60,0,0,0,1,6,200819111T,3,FE_2023_SeatMatrix.pdf,15,false,
2023-24,FE,2008,"Government College of Engineering, Aurangabad",Government Autonomous,Government,true,60,200824210,Computer Science and Engineering,60,60,0,0,0,1,6,200824211T,3,FE_2023_SeatMatrix.pdf,16,false,
2023-24,FE,2008,"Government College of Engineering, Aurangabad",Government Autonomous,Government,true,60,200824610,Information Technology,60,60,0,0,0,1,6,200824611T,3,FE_2023_SeatMatrix.pdf,17,false,
2023-24,FE,2008,"Government College of Engineering, Aurangabad",Government Autonomous,Government,true,60,200829310,Electrical Engineering,60,60,0,0,0,1,6,200829311T,3,FE_2023_SeatMatrix.pdf,18,false,
2023-24,FE,2008,"Government College of Engineering, Aurangabad",Government Autonomous,Government,true,60,200837210,Electronics and Telecommunication Engg,60,60,0,0,0,1,6,200837211T,3,FE_2023_SeatMatrix.pdf,19,false,
2023-24,FE,2008,"Government College of Engineering, Aurangabad",Government Autonomous,Government,true,60,200861210,Mechanical Engineering,60,60,0,0,0,1,6,200861211T,3,FE_2023_SeatMatrix.pdf,20,false,
2023-24,FE,2020,"Shri Guru Gobind Singhji Institute of Engineering and Technology, Nanded",Government-Aided Autonomous,Government-Aided,true,58,202019110,Civil Engineering,60,58,0,0,2,1,6,202019111T,3,FE_2023_SeatMatrix.pdf,21,false,
2023-24,FE,2020,"Shri Guru Gobind Singhji Institute of Engineering and Technology, Nanded",Government-Aided Autonomous,Government-Aided,true,118,202024210,Computer Science and Engineering,120,118,0,0,2,1,12,202024211T,6,FE_2023_SeatMatrix.pdf,22,false,
2023-24,FE,2020,"Shri Guru Gobind Singhji Institute of Engineering and Technology, Nanded",Government-Aided Autonomous,Government-Aided,true,58,202024610,Information Technology,60,58,0,0,2,1,6,202024611T,3,FE_2023_SeatMatrix.pdf,23,false,
2023-24,FE,2020,"Shri Guru Gobind Singhji Institute of Engineering and Technology, Nanded",Government-Aided Autonomous,Government-Aided,true,28,202029310,Electrical Engineering,30,28,0,0,2,0,3,202029311T,2,FE_2023_SeatMatrix.pdf,24,false,
2023-24,FE,2020,"Shri Guru Gobind Singhji Institute of Engineering and Technology, Nanded",Government-Aided Autonomous,Government-Aided,true,118,202037210,Electronics and Telecommunication Engg,120,118,0,0,2,1,12,202037211T,6,FE_2023_SeatMatrix.pdf,25,false,
2023-24,FE,2020,"Shri Guru Gobind Singhji Institute of Engineering and Technology, Nanded",Government-Aided Autonomous,Government-Aided,true,38,202046610,Instrumentation Engineering,40,38,0,0,2,0,4,202046611T,2,FE_2023_SeatMatrix.pdf,26,false,
2023-24,FE,2020,"Shri Guru Gobind Singhji Institute of Engineering and Technology, Nanded",Government-Aided Autonomous,Government-Aided,true,28,202050710,Chemical Engineering,30,28,0,0,2,0,3,202050711T,2,FE_2023_SeatMatrix.pdf,27,false,
2023-24,FE,2020,"Shri Guru Gobind Singhji Institute of Engineering and Technology, Nanded",Government-Aided Autonomous,Government-Aided,true,58,202060610,Production Engineering,60,58,0,0,2,1,6,202060611T,3,FE_2023_SeatMatrix.pdf,28,false,
2023-24,FE,2020,"Shri Guru Gobind Singhji Institute of Engineering and Technology, Nanded",Government-Aided Autonomous,Government-Aided,true,58,202061210,Mechanical Engineering,60,58,0,0,2,1,6,202061211T,3,FE_2023_SeatMatrix.pdf,29,false,
2023-24,FE,2020,"Shri Guru Gobind Singhji Institute of Engineering and Technology, Nanded",Government-Aided Autonomous,Government-Aided,true,28,202089610,Textile Technology,30,28,0,0,2,0,3,202089611T,2,FE_2023_SeatMatrix.pdf,30,false,
2023-24,FE,2032,"Institute of Chemical Technology, Mumbai Marathwada off campus, Jalna",University Managed Autonomous,University Managed,true,60,203290410,Chemical Engineering,60,42,0,18,0,0,6,203290411T,3,FE_2023_SeatMatrix.pdf,31,false,
2023-24,FE,2113,"G. S. Mandal's Maharashtra Institute of Technology, Aurangabad",Un-Aided Autonomous,Un-Aided,true,30,211301110,Agricultural Engineering,30,25,0,5,0,0,3,,0,FE_2023_SeatMatrix.pdf,32,false,
2023-24,FE,2113,"G. S. Mandal's Maharashtra Institute of Technology, Aurangabad",Un-Aided Autonomous,Un-Aided,true,180,211319110,Civil Engineering,180,153,0,27,0,2,18,,0,FE_2023_SeatMatrix.pdf,33,false,
2023-24,FE,2113,"G. S. Mandal's Maharashtra Institute of Technology, Aurangabad",Un-Aided Autonomous,Un-Aided,true,192,211324210,Computer Science and Engineering,240,156,0,36,48,2,24,211324211T,12,FE_2023_SeatMatrix.pdf,34,false,
2023-24,FE,2113,"G. S. Mandal's Maharashtra Institute of Technology, Aurangabad",Un-Aided Autonomous,Un-Aided,true,120,211325710,Computer Science and Design,120,102,0,18,0,1,12,211325711T,6,FE_2023_SeatMatrix.pdf,35,false,
2023-24,FE,2113,"G. S. Mandal's Maharashtra Institute of Technology, Aurangabad",Un-Aided Autonomous,Un-Aided,true,96,211326310,Artificial Intelligence (AI) and Data Science,120,78,0,18,24,1,12,211326311T,6,FE_2023_SeatMatrix.pdf,36,false,
2023-24,FE,2113,"G. S. Mandal's Maharashtra Institute of Technology, Aurangabad",Un-Aided Autonomous,Un-Aided,true,120,211329310,Electrical Engineering,120,102,0,18,0,1,12,211329311T,6,FE_2023_SeatMatrix.pdf,37,false,
2023-24,FE,2113,"G. S. Mandal's Maharashtra Institute of Technology, Aurangabad",Un-Aided Autonomous,Un-Aided,true,60,211350110,Plastic and Polymer Engineering,60,51,0,9,0,1,6,,0,FE_2023_SeatMatrix.pdf,38,false,
2023-24,FE,2113,"G. S. Mandal's Maharashtra Institute of Technology, Aurangabad",Un-Aided Autonomous,Un-Aided,true,120,211361210,Mechanical Engineering,120,102,0,18,0,1,12,211361211T,6,FE_2023_SeatMatrix.pdf,39,false,
2023-24,FE,2113,"G. S. Mandal's Maharashtra Institute of Technology, Aurangabad",Un-Aided Autonomous,Un-Aided,true,120,211384410,Electronics and Computer Engineering,120,102,0,18,0,1,12,211384411T,6,FE_2023_SeatMatrix.pdf,40,false,
2023-24,FE,3012,"Veermata Jijabai Technological Institute(VJTI), Matunga, Mumbai",Government-Aided Autonomous,Government-Aided,true,60,301219110,Civil Engineering,60,60,0,0,0,1,6,301219111T,3,FE_2023_SeatMatrix.pdf,41,false,
2023-24,FE,3012,"Veermata Jijabai Technological Institute(VJTI), Matunga, Mumbai",Government-Aided Autonomous,Government-Aided,true,60,301224510,Computer Engineering,60,60,0,0,0,1,6,301224511T,3,FE_2023_SeatMatrix.pdf,42,false,
2023-24,FE,3012,"Veermata Jijabai Technological Institute(VJTI), Matunga, Mumbai",Government-Aided Autonomous,Government-Aided,true,60,301224610,Information Technology,60,60,0,0,0,1,6,301224611T,3,FE_2023_SeatMatrix.pdf,43,false,
2023-24,FE,3012,"Veermata Jijabai Technological Institute(VJTI), Matunga, Mumbai",Government-Aided Autonomous,Government-Aided,true,60,301229310,Electrical Engineering,60,60,0,0,0,1,6,301229311T,3,FE_2023_SeatMatrix.pdf,44,false,
2023-24,FE,3012,"Veermata Jijabai Technological Institute(VJTI), Matunga, Mumbai",Government-Aided Autonomous,Government-Aided,true,60,301237210,Electronics and Telecommunication Engg,60,60,0,0,0,1,6,301237211T,3,FE_2023_SeatMatrix.pdf,45,false,
2023-24,FE,3012,"Veermata Jijabai Technological Institute(VJTI), Matunga, Mumbai",Government-Aided Autonomous,Government-Aided,true,60,301237610,Electronics Engineering,60,60,0,0,0,1,6,301237611T,3,FE_2023_SeatMatrix.pdf,46,false,
2023-24,FE,3012,"Veermata Jijabai Technological Institute(VJTI), Matunga, Mumbai",Government-Aided Autonomous,Government-Aided,true,60,301261210,Mechanical Engineering,60,60,0,0,0,1,6,301261211T,3,FE_2023_SeatMatrix.pdf,47,false,
2023-24,FE,3012,"Veermata Jijabai Technological Institute(VJTI), Matunga, Mumbai",Government-Aided Autonomous,Government-Aided,true,60,301262610,Production Engineering[Sandwich],60,60,0,0,0,1,6,301262611T,3,FE_2023_SeatMatrix.pdf,48,false,
2023-24,FE,3012,"Veermata Jijabai Technological Institute(VJTI), Matunga, Mumbai",Government-Aided Autonomous,Government-Aided,true,60,301289610,Textile Technology,60,60,0,0,0,1,6,301289611T,3,FE_2023_SeatMatrix.pdf,49,false,
2023-24,FE,3014,"Sardar Patel College of Engineering, Andheri",Government-Aided Autonomous,Government-Aided,true,60,301419110,Civil Engineering,60,60,0,0,0,1,6,301419111T,3,FE_2023_SeatMatrix.pdf,50,false,
2023-24,FE,3014,"Sardar Patel College of Engineering, Andheri",Government-Aided Autonomous,Government-Aided,true,60,301429310,Electrical Engineering,60,60,0,0,0,1,6,301429311T,3,FE_2023_SeatMatrix.pdf,51,false,
2023-24,FE,3014,"Sardar Patel College of Engineering, Andheri",Government-Aided Autonomous,Government-Aided,true,60,301461210,Mechanical Engineering,60,60,0,0,0,1,6,301461211T,3,FE_2023_SeatMatrix.pdf,52,false,
2023-24,FE,3036,"Institute of Chemical Technology, Matunga, Mumbai",Deemed University Autonomous,Deemed University,true,75,303650710,Chemical Engineering,75,52,0,23,0,1,8,303650711T,4,FE_2023_SeatMatrix.pdf,53,false,
2023-24,FE,3036,"Institute of Chemical Technology, Matunga, Mumbai",Deemed University Autonomous,Deemed University,true,18,303651110,Dyestuff Technology,18,13,0,5,0,0,2,303651111T,1,FE_2023_SeatMatrix.pdf,54,false,
2023-24,FE,3036,"Institute of Chemical Technology, Matunga, Mumbai",Deemed University Autonomous,Deemed University,true,16,303651210,"Oil,Oleochemicals and Surfactants Technology",16,11,0,5,0,0,2,303651211T,1,FE_2023_SeatMatrix.pdf,55,false,
2023-24,FE,3036,"Institute of Chemical Technology, Matunga, Mumbai",Deemed University Autonomous,Deemed University,true,18,303651310,Pharmaceuticals Chemistry and Technology,18,13,0,5,0,0,2,303651311T,1,FE_2023_SeatMatrix.pdf,56,false,
2023-24,FE,3036,"Institute of Chemical Technology, Matunga, Mumbai",Deemed University Autonomous,Deemed University,true,34,303651410,Fibres and Textile Processing Technology,34,24,0,10,0,0,3,303651411T,2,FE_2023_SeatMatrix.pdf,57,false,
2023-24,FE,3036,"Institute of Chemical Technology, Matunga, Mumbai",Deemed University Autonomous,Deemed University,true,16,303651910,Polymer Engineering and Technology,16,11,0,5,0,0,2,303651911T,1,FE_2023_SeatMatrix.pdf,58,false,
2023-24,FE,3036,"Institute of Chemical Technology, Matunga, Mumbai",Deemed University Autonomous,Deemed University,true,16,303653410,Food Engineering and Technology,16,11,0,5,0,0,2,303653411T,1,FE_2023_SeatMatrix.pdf,59,false,
2023-24,FE,3036,"Institute of Chemical Technology, Matunga, Mumbai",Deemed University Autonomous,Deemed University,true,16,303672910,Surface Coating Technology,16,11,0,5,0,0,2,303672911T,1,FE_2023_SeatMatrix.pdf,60,false,
2023-24,FE,3139,"Vidyalankar Institute of Technology,Wadala, Mumbai",Un-Aided Autonomous,Un-Aided,true,144,313924510,Computer Engineering,180,117,0,27,36,1,18,313924511T,9,FE_2023_SeatMatrix.pdf,61,false,
2023-24,FE,3139,"Vidyalankar Institute of Technology,Wadala, Mumbai",Un-Aided Autonomous,Un-Aided,true,144,313924610,Information Technology,180,117,0,27,36,1,18,313924611T,9,FE_2023_SeatMatrix.pdf,62,false,
2023-24,FE,3139,"Vidyalankar Institute of Technology,Wadala, Mumbai",Un-Aided Autonomous,Un-Aided,true,96,313937210,Electronics and Telecommunication Engg,120,78,0,18,24,1,12,313937211T,6,FE_2023_SeatMatrix.pdf,63,false,
2023-24,FE,3139,"Vidyalankar Institute of Technology,Wadala, Mumbai",Un-Aided Autonomous,Un-Aided,true,48,313946110,Bio Medical Engineering,60,39,0,9,12,0,6,313946111T,3,FE_2023_SeatMatrix.pdf,64,false,
2023-24,FE,3139,"Vidyalankar Institute of Technology,Wadala, Mumbai",Un-Aided Autonomous,Un-Aided,true,96,313990010,Electronics and Computer Science,120,78,0,18,24,1,12,313990011T,6,FE_2023_SeatMatrix.pdf,65,false,
2023-24,FE,3176,"Thakur College of Engineering and Technology, Kandivali, Mumbai",Un-Aided Autonomous Linguistic Minority - Hindi,Un-Aided  Linguistic Minority - Hindi,true,24,317625310,Internet of Things (IoT),30,8,15,1,6,0,0,317625311T,2,FE_2023_SeatMatrix.pdf,66,false,
2023-24,FE,3176,"Thakur College of Engineering and Technology, Kandivali, Mumbai",Un-Aided Autonomous Linguistic Minority - Hindi,Un-Aided  Linguistic Minority - Hindi,true,48,317692110,Artificial Intelligence and Machine Learning,60,14,31,3,12,0,0,317692111T,3,FE_2023_SeatMatrix.pdf,67,false,
2023-24,FE,3176,"Thakur College of Engineering and Technology, Kandivali, Mumbai",Un-Aided Autonomous Linguistic Minority - Hindi,Un-Aided  Linguistic Minority - Hindi,true,96,317699510,Artificial Intelligence and Data Science,120,30,61,5,24,0,0,317699511T,6,FE_2023_SeatMatrix.pdf,68,false,
2023-24,FE,3176,"Thakur College of Engineering and Technology, Kandivali, Mumbai",Un-Aided Autonomous Linguistic Minority - Hindi,Un-Aided  Linguistic Minority - Hindi,true,48,317619110,Civil Engineering,60,14,31,3,12,0,0,317619111T,3,FE_2023_SeatMatrix.pdf,69,false,
2023-24,FE,3176,"Thakur College of Engineering and Technology, Kandivali, Mumbai",Un-Aided Autonomous Linguistic Minority - Hindi,Un-Aided  Linguistic Minority - Hindi,true,144,317624510,Computer Engineering,180,44,92,8,36,0,0,317624511T,9,FE_2023_SeatMatrix.pdf,70,false,
2023-24,FE,3176,"Thakur College of Engineering and Technology, Kandivali, Mumbai",Un-Aided Autonomous Linguistic Minority - Hindi,Un-Aided  Linguistic Minority - Hindi,true,144,317624610,Information Technology,180,44,92,8,36,0,0,317624611T,9,FE_2023_SeatMatrix.pdf,71,false,
2023-24,FE,3176,"Thakur College of Engineering and Technology, Kandivali, Mumbai",Un-Aided Autonomous Linguistic Minority - Hindi,Un-Aided  Linguistic Minority - Hindi,true,48,317625910,Mechanical and Mechatronics Engineering (Additive,60,14,31,3,12,0,0,317625911T,3,FE_2023_SeatMatrix.pdf,72,false,
2023-24,FE,3176,"Thakur College of Engineering and Technology, Kandivali, Mumbai",Un-Aided Autonomous Linguistic Minority - Hindi,Un-Aided  Linguistic Minority - Hindi,true,96,317637210,Electronics and Telecommunication Engg,120,30,61,5,24,0,0,317637211T,6,FE_2023_SeatMatrix.pdf,73,false,
2023-24,FE,3176,"Thakur College of Engineering and Technology, Kandivali, Mumbai",Un-Aided Autonomous Linguistic Minority - Hindi,Un-Aided  Linguistic Minority - Hindi,true,48,317661210,Mechanical Engineering,60,14,31,3,12,0,0,317661211T,3,FE_2023_SeatMatrix.pdf,74,false,
2023-24,FE,3176,"Thakur College of Engineering and Technology, Kandivali, Mumbai",Un-Aided Autonomous Linguistic Minority - Hindi,Un-Aided  Linguistic Minority - Hindi,true,48,317690010,Electronics and Computer Science,60,14,31,3,12,0,0,317690011T,3,FE_2023_SeatMatrix.pdf,75,false,
2023-24,FE,3176,"Thakur College of Engineering and Technology, Kandivali, Mumbai",Un-Aided Autonomous Linguistic Minority - Hindi,Un-Aided  Linguistic Minority - Hindi,true,48,317691010,Computer Science and Engineering(Cyber Security),60,14,31,3,12,0,0,317691011T,3,FE_2023_SeatMatrix.pdf,76,false,
2023-24,FE,3185,"Vivekanand Education Society's Institute of Technology, Chembur, Mumbai",Un-Aided Autonomous Linguistic Minority - Sindhi,Un-Aided  Linguistic Minority - Sindhi,true,180,318524510,Computer Engineering,180,75,92,13,0,0,0,318524511T,9,FE_2023_SeatMatrix.pdf,77,false,
2023-24,FE,3185,"Vivekanand Education Society's Institute of Technology, Chembur, Mumbai",Un-Aided Autonomous Linguistic Minority - Sindhi,Un-Aided  Linguistic Minority - Sindhi,true,180,318524610,Information Technology,180,75,92,13,0,0,0,318524611T,9,FE_2023_SeatMatrix.pdf,78,false,
2023-24,FE,3185,"Vivekanand Education Society's Institute of Technology, Chembur, Mumbai",Un-Aided Autonomous Linguistic Minority - Sindhi,Un-Aided  Linguistic Minority - Sindhi,true,120,318537210,Electronics and Telecommunication Engg,120,50,61,9,0,0,0,318537211T,6,FE_2023_SeatMatrix.pdf,79,false,
2023-24,FE,3185,"Vivekanand Education Society's Institute of Technology, Chembur, Mumbai",Un-Aided Autonomous Linguistic Minority - Sindhi,Un-Aided  Linguistic Minority - Sindhi,true,60,318590010,Electronics and Computer Science,60,25,31,4,0,0,0,318590011T,3,FE_2023_SeatMatrix.pdf,80,false,
2023-24,FE,3185,"Vivekanand Education Society's Institute of Technology, Chembur, Mumbai",Un-Aided Autonomous Linguistic Minority - Sindhi,Un-Aided  Linguistic Minority - Sindhi,true,60,318591610,Automation and Robotics,60,25,31,4,0,0,0,318591611T,3,FE_2023_SeatMatrix.pdf,81,false,
2023-24,FE,3185,"Vivekanand Education Society's Institute of Technology, Chembur, Mumbai",Un-Aided Autonomous Linguistic Minority - Sindhi,Un-Aided  Linguistic Minority - Sindhi,true,120,318599510,Artificial Intelligence and Data Science,120,50,61,9,0,0,0,318599511T,6,FE_2023_SeatMatrix.pdf,82,false,
2023-24,FE,3199,"Shri Vile Parle Kelvani Mandal's Dwarkadas J. Sanghvi College of Engineering, Vile Parle,Mumbai",Un-Aided Autonomous Linguistic Minority - Gujarathi,Un-Aided  Linguistic Minority - Gujarathi,true,144,319924510,Computer Engineering,180,44,92,8,36,0,0,319924511T,9,FE_2023_SeatMatrix.pdf,83,false,
2023-24,FE,3199,"Shri Vile Parle Kelvani Mandal's Dwarkadas J. Sanghvi College of Engineering, Vile Parle,Mumbai",Un-Aided Autonomous Linguistic Minority - Gujarathi,Un-Aided  Linguistic Minority - Gujarathi,true,144,319924610,Information Technology,180,44,92,8,36,0,0,319924611T,9,FE_2023_SeatMatrix.pdf,84,false,
2023-24,FE,3199,"Shri Vile Parle Kelvani Mandal's Dwarkadas J. Sanghvi College of Engineering, Vile Parle,Mumbai",Un-Aided Autonomous Linguistic Minority - Gujarathi,Un-Aided  Linguistic Minority - Gujarathi,true,48,319926310,Artificial Intelligence (AI) and Data Science,60,14,31,3,12,0,0,319926311T,3,FE_2023_SeatMatrix.pdf,85,false,
2023-24,FE,3199,"Shri Vile Parle Kelvani Mandal's Dwarkadas J. Sanghvi College of Engineering, Vile Parle,Mumbai",Un-Aided Autonomous Linguistic Minority - Gujarathi,Un-Aided  Linguistic Minority - Gujarathi,true,144,319937210,Electronics and Telecommunication Engg,180,44,92,8,36,0,0,319937211T,9,FE_2023_SeatMatrix.pdf,86,false,
2023-24,FE,3199,"Shri Vile Parle Kelvani Mandal's Dwarkadas J. Sanghvi College of Engineering, Vile Parle,Mumbai",Un-Aided Autonomous Linguistic Minority - Gujarathi,Un-Aided  Linguistic Minority - Gujarathi,true,144,319961210,Mechanical Engineering,180,44,92,8,36,0,0,319961211T,9,FE_2023_SeatMatrix.pdf,87,false,
2023-24,FE,3199,"Shri Vile Parle Kelvani Mandal's Dwarkadas J. Sanghvi College of Engineering, Vile Parle,Mumbai",Un-Aided Autonomous Linguistic Minority - Gujarathi,Un-Aided  Linguistic Minority - Gujarathi,true,96,319991210,Computer Science and Engineering(Data Science),120,30,61,5,24,0,0,319991211T,6,FE_2023_SeatMatrix.pdf,88,false,
2023-24,FE,3199,"Shri Vile Parle Kelvani Mandal's Dwarkadas J. Sanghvi College of Engineering, Vile Parle,Mumbai",Un-Aided Autonomous Linguistic Minority - Gujarathi,Un-Aided  Linguistic Minority - Gujarathi,true,48,319992010,Computer Science and Engineering (Internet of,60,14,31,3,12,0,0,319992011T,3,FE_2023_SeatMatrix.pdf,89,false,
2023-24,FE,3199,"Shri Vile Parle Kelvani Mandal's Dwarkadas J. Sanghvi College of Engineering, Vile Parle,Mumbai",Un-Aided Autonomous Linguistic Minority - Gujarathi,Un-Aided  Linguistic Minority - Gujarathi,true,48,319992110,Artificial Intelligence and Machine Learning,60,14,31,3,12,0,0,319992111T,3,FE_2023_SeatMatrix.pdf,90,false,
2023-24,FE,3207,"Mahatma Education Society's Pillai College of Engineering, New Panvel",Un-Aided Autonomous Linguistic Minority - Malyalam,Un-Aided  Linguistic Minority - Malyalam,true,144,320724510,Computer Engineering,180,44,92,8,36,0,0,320724511T,9,FE_2023_SeatMatrix.pdf,91,false,
2023-24,FE,3207,"Mahatma Education Society's Pillai College of Engineering, New Panvel",Un-Aided Autonomous Linguistic Minority - Malyalam,Un-Aided  Linguistic Minority - Malyalam,true,96,320724610,Information Technology,120,30,61,5,24,0,0,320724611T,6,FE_2023_SeatMatrix.pdf,92,false,
2023-24,FE,3207,"Mahatma Education Society's Pillai College of Engineering, New Panvel",Un-Aided Autonomous Linguistic Minority - Malyalam,Un-Aided  Linguistic Minority - Malyalam,true,96,320737210,Electronics and Telecommunication Engg,120,30,61,5,24,0,0,320737211T,6,FE_2023_SeatMatrix.pdf,93,false,
2023-24,FE,3207,"Mahatma Education Society's Pillai College of Engineering, New Panvel",Un-Aided Autonomous Linguistic Minority - Malyalam,Un-Aided  Linguistic Minority - Malyalam,true,48,320760210,Automobile Engineering,60,14,31,3,12,0,0,320760211T,3,FE_2023_SeatMatrix.pdf,94,false,
2023-24,FE,3207,"Mahatma Education Society's Pillai College of Engineering, New Panvel",Un-Aided Autonomous Linguistic Minority - Malyalam,Un-Aided  Linguistic Minority - Malyalam,true,48,320761210,Mechanical Engineering,60,14,31,3,12,0,0,320761211T,3,FE_2023_SeatMatrix.pdf,95,false,
2023-24,FE,3207,"Mahatma Education Society's Pillai College of Engineering, New Panvel",Un-Aided Autonomous Linguistic Minority - Malyalam,Un-Aided  Linguistic Minority - Malyalam,true,72,320790010,Electronics and Computer Science,90,22,46,4,18,0,0,320790011T,5,FE_2023_SeatMatrix.pdf,96,false,
2023-24,FE,3209,K J Somaiya Institute of Technology,Un-Aided Autonomous Linguistic Minority - Gujarathi,Un-Aided  Linguistic Minority - Gujarathi,true,120,320924510,Computer Engineering,120,50,61,9,0,0,0,320924511T,6,FE_2023_SeatMatrix.pdf,97,false,
2023-24,FE,3209,K J Somaiya Institute of Technology,Un-Aided Autonomous Linguistic Minority - Gujarathi,Un-Aided  Linguistic Minority - Gujarathi,true,120,320924610,Information Technology,120,50,61,9,0,0,0,320924611T,6,FE_2023_SeatMatrix.pdf,98,false,
2023-24,FE,3209,K J Somaiya Institute of Technology,Un-Aided Autonomous Linguistic Minority - Gujarathi,Un-Aided  Linguistic Minority - Gujarathi,true,120,320937210,Electronics and Telecommunication Engg,120,50,61,9,0,0,0,320937211T,6,FE_2023_SeatMatrix.pdf,99,false,
2023-24,FE,3209,K J Somaiya Institute of Technology,Un-Aided Autonomous Linguistic Minority - Gujarathi,Un-Aided  Linguistic Minority - Gujarathi,true,120,320999510,Artificial Intelligence and Data Science,120,50,61,9,0,0,0,320999511T,6,FE_2023_SeatMatrix.pdf,100,false,
2023-24,FE,3215,"Bhartiya Vidya Bhavan's Sardar Patel Institute of Technology , Andheri, Mumbai",Un-Aided Autonomous,Un-Aided,true,96,321524210,Computer Science and Engineering,120,78,0,18,24,1,12,321524211T,6,FE_2023_SeatMatrix.pdf,101,false,
2023-24,FE,3215,"Bhartiya Vidya Bhavan's Sardar Patel Institute of Technology , Andheri, Mumbai",Un-Aided Autonomous,Un-Aided,true,192,321524510,Computer Engineering,240,156,0,36,48,2,24,321524511T,12,FE_2023_SeatMatrix.pdf,102,false,
2023-24,FE,3215,"Bhartiya Vidya Bhavan's Sardar Patel Institute of Technology , Andheri, Mumbai",Un-Aided Autonomous,Un-Aided,true,96,321537210,Electronics and Telecommunication Engg,120,78,0,18,24,1,12,321537211T,6,FE_2023_SeatMatrix.pdf,103,false,
2023-24,FE,4115,"Shri Ramdeobaba College of Engineering and Management, Nagpur",Un-Aided Autonomous Linguistic Minority - Hindi,Un-Aided  Linguistic Minority - Hindi,true,60,411519110,Civil Engineering,60,25,31,4,0,0,0,411519111T,3,FE_2023_SeatMatrix.pdf,104,false,
2023-24,FE,4115,"Shri Ramdeobaba College of Engineering and Management, Nagpur",Un-Aided Autonomous Linguistic Minority - Hindi,Un-Aided  Linguistic Minority - Hindi,true,144,411524210,Computer Science and Engineering,180,44,92,8,36,0,0,411524211T,9,FE_2023_SeatMatrix.pdf,105,false,
2023-24,FE,4115,"Shri Ramdeobaba College of Engineering and Management, Nagpur",Un-Aided Autonomous Linguistic Minority - Hindi,Un-Aided  Linguistic Minority - Hindi,true,48,411524610,Information Technology,60,14,31,3,12,0,0,411524611T,3,FE_2023_SeatMatrix.pdf,106,false,
2023-24,FE,4115,"Shri Ramdeobaba College of Engineering and Management, Nagpur",Un-Aided Autonomous Linguistic Minority - Hindi,Un-Aided  Linguistic Minority - Hindi,true,30,411529310,Electrical Engineering,30,13,15,2,0,0,0,411529311T,2,FE_2023_SeatMatrix.pdf,107,false,
2023-24,FE,4115,"Shri Ramdeobaba College of Engineering and Management, Nagpur",Un-Aided Autonomous Linguistic Minority - Hindi,Un-Aided  Linguistic Minority - Hindi,true,120,411537010,Electronics and Communication Engineering,120,50,61,9,0,0,0,411537011T,6,FE_2023_SeatMatrix.pdf,108,false,
2023-24,FE,4115,"Shri Ramdeobaba College of Engineering and Management, Nagpur",Un-Aided Autonomous Linguistic Minority - Hindi,Un-Aided  Linguistic Minority - Hindi,true,30,411546110,Bio Medical Engineering,30,13,15,2,0,0,0,411546111T,2,FE_2023_SeatMatrix.pdf,109,false,
2023-24,FE,4115,"Shri Ramdeobaba College of Engineering and Management, Nagpur",Un-Aided Autonomous Linguistic Minority - Hindi,Un-Aided  Linguistic Minority - Hindi,true,60,411561210,Mechanical Engineering,60,25,31,4,0,0,0,411561211T,3,FE_2023_SeatMatrix.pdf,110,false,
2023-24,FE,4115,"Shri Ramdeobaba College of Engineering and Management, Nagpur",Un-Aided Autonomous Linguistic Minority - Hindi,Un-Aided  Linguistic Minority - Hindi,true,120,411590010,Electronics and Computer Science,120,50,61,9,0,0,0,411590011T,6,FE_2023_SeatMatrix.pdf,111,false,
2023-24,FE,4115,"Shri Ramdeobaba College of Engineering and Management, Nagpur",Un-Aided Autonomous Linguistic Minority - Hindi,Un-Aided  Linguistic Minority - Hindi,true,48,411591010,Computer Science and Engineering(Cyber Security),60,14,31,3,12,0,0,411591011T,3,FE_2023_SeatMatrix.pdf,112,false,
2023-24,FE,4115,"Shri Ramdeobaba College of Engineering and Management, Nagpur",Un-Aided Autonomous Linguistic Minority - Hindi,Un-Aided  Linguistic Minority - Hindi,true,144,411591110,Computer Science and Engineering(Artificial,180,44,92,8,36,0,0,411591111T,9,FE_2023_SeatMatrix.pdf,113,false,
2023-24,FE,4115,"Shri Ramdeobaba College of Engineering and Management, Nagpur",Un-Aided Autonomous Linguistic Minority - Hindi,Un-Aided  Linguistic Minority - Hindi,true,144,411591210,Computer Science and Engineering(Data Science),180,44,92,8,36,0,0,411591211T,9,FE_2023_SeatMatrix.pdf,114,false,
2023-24,FE,4116,"Ankush Shikshan Sanstha's G.H.Raisoni College of Engineering, Nagpur",Un-Aided Autonomous Linguistic Minority - Hindi,Un-Aided  Linguistic Minority - Hindi,true,60,411619110,Civil Engineering,60,25,31,4,0,0,0,411619111T,3,FE_2023_SeatMatrix.pdf,115,false,
2023-24,FE,4116,"Ankush Shikshan Sanstha's G.H.Raisoni College of Engineering, Nagpur",Un-Aided Autonomous Linguistic Minority - Hindi,Un-Aided  Linguistic Minority - Hindi,true,144,411624210,Computer Science and Engineering,180,44,92,8,36,0,0,411624211T,9,FE_2023_SeatMatrix.pdf,116,false,
2023-24,FE,4116,"Ankush Shikshan Sanstha's G.H.Raisoni College of Engineering, Nagpur",Un-Aided Autonomous Linguistic Minority - Hindi,Un-Aided  Linguistic Minority - Hindi,true,144,411624610,Information Technology,180,44,92,8,36,0,0,411624611T,9,FE_2023_SeatMatrix.pdf,117,false,
2023-24,FE,4116,"Ankush Shikshan Sanstha's G.H.Raisoni College of Engineering, Nagpur",Un-Aided Autonomous Linguistic Minority - Hindi,Un-Aided  Linguistic Minority - Hindi,true,48,411626010,Computer Science and Engineering (Cyber Security),60,14,31,3,12,0,0,411626011T,3,FE_2023_SeatMatrix.pdf,118,false,
2023-24,FE,4116,"Ankush Shikshan Sanstha's G.H.Raisoni College of Engineering, Nagpur",Un-Aided Autonomous Linguistic Minority - Hindi,Un-Aided  Linguistic Minority - Hindi,true,48,411626710,Computer Science and Engineering (IoT),60,14,31,3,12,0,0,411626711T,3,FE_2023_SeatMatrix.pdf,119,false,
2023-24,FE,4116,"Ankush Shikshan Sanstha's G.H.Raisoni College of Engineering, Nagpur",Un-Aided Autonomous Linguistic Minority - Hindi,Un-Aided  Linguistic Minority - Hindi,true,60,411629310,Electrical Engineering,60,25,31,4,0,0,0,411629311T,3,FE_2023_SeatMatrix.pdf,120,false,
2023-24,FE,4116,"Ankush Shikshan Sanstha's G.H.Raisoni College of Engineering, Nagpur",Un-Aided Autonomous Linguistic Minority - Hindi,Un-Aided  Linguistic Minority - Hindi,true,48,411637210,Electronics and Telecommunication Engg,60,14,31,3,12,0,0,411637211T,3,FE_2023_SeatMatrix.pdf,121,false,
2023-24,FE,4116,"Ankush Shikshan Sanstha's G.H.Raisoni College of Engineering, Nagpur",Un-Aided Autonomous Linguistic Minority - Hindi,Un-Aided  Linguistic Minority - Hindi,true,60,411637610,Electronics Engineering,60,25,31,4,0,0,0,411637611T,3,FE_2023_SeatMatrix.pdf,122,false,
2023-24,FE,4116,"Ankush Shikshan Sanstha's G.H.Raisoni College of Engineering, Nagpur",Un-Aided Autonomous Linguistic Minority - Hindi,Un-Aided  Linguistic Minority - Hindi,true,60,411661210,Mechanical Engineering,60,25,31,4,0,0,0,411661211T,3,FE_2023_SeatMatrix.pdf,123,false,
2023-24,FE,4116,"Ankush Shikshan Sanstha's G.H.Raisoni College of Engineering, Nagpur",Un-Aided Autonomous Linguistic Minority - Hindi,Un-Aided  Linguistic Minority - Hindi,true,96,411691110,Computer Science and Engineering(Artificial,120,30,61,5,24,0,0,411691111T,6,FE_2023_SeatMatrix.pdf,124,false,
2023-24,FE,4116,"Ankush Shikshan Sanstha's G.H.Raisoni College of Engineering, Nagpur",Un-Aided Autonomous Linguistic Minority - Hindi,Un-Aided  Linguistic Minority - Hindi,true,48,411691310,Computer Science and Engineering (Artificial,60,14,31,3,12,0,0,411691311T,3,FE_2023_SeatMatrix.pdf,125,false,
2023-24,FE,4116,"Ankush Shikshan Sanstha's G.H.Raisoni College of Engineering, Nagpur",Un-Aided Autonomous Linguistic Minority - Hindi,Un-Aided  Linguistic Minority - Hindi,true,48,411691710,Data Science,60,14,31,3,12,0,0,411691711T,3,FE_2023_SeatMatrix.pdf,126,false,
2023-24,FE,4116,"Ankush Shikshan Sanstha's G.H.Raisoni College of Engineering, Nagpur",Un-Aided Autonomous Linguistic Minority - Hindi,Un-Aided  Linguistic Minority - Hindi,true,96,411699710,Artificial Intelligence,120,30,61,5,24,0,0,411699711T,6,FE_2023_SeatMatrix.pdf,127,false,
2023-24,FE,4123,"Lokmanya Tilak Jankalyan Shikshan Sanstha, Priyadarshani College of Engineering, Nagpur",Un-Aided Autonomous Linguistic Minority - Hindi,Un-Aided  Linguistic Minority - Hindi,true,57,412300210,Aeronautical Engineering,60,22,31,4,3,0,0,412300211T,3,FE_2023_SeatMatrix.pdf,128,false,
2023-24,FE,4123,"Lokmanya Tilak Jankalyan Shikshan Sanstha, Priyadarshani College of Engineering, Nagpur",Un-Aided Autonomous Linguistic Minority - Hindi,Un-Aided  Linguistic Minority - Hindi,true,54,412308210,Bio Technology,60,20,31,3,6,0,0,412308211T,3,FE_2023_SeatMatrix.pdf,129,false,
2023-24,FE,4123,"Lokmanya Tilak Jankalyan Shikshan Sanstha, Priyadarshani College of Engineering, Nagpur",Un-Aided Autonomous Linguistic Minority - Hindi,Un-Aided  Linguistic Minority - Hindi,true,120,412319110,Civil Engineering,120,50,61,9,0,0,0,412319111T,6,FE_2023_SeatMatrix.pdf,130,false,
2023-24,FE,4123,"Lokmanya Tilak Jankalyan Shikshan Sanstha, Priyadarshani College of Engineering, Nagpur",Un-Aided Autonomous Linguistic Minority - Hindi,Un-Aided  Linguistic Minority - Hindi,true,96,412324210,Computer Science and Engineering,120,30,61,5,24,0,0,412324211T,6,FE_2023_SeatMatrix.pdf,131,false,
2023-24,FE,4123,"Lokmanya Tilak Jankalyan Shikshan Sanstha, Priyadarshani College of Engineering, Nagpur",Un-Aided Autonomous Linguistic Minority - Hindi,Un-Aided  Linguistic Minority - Hindi,true,96,412324610,Information Technology,120,30,61,5,24,0,0,412324611T,6,FE_2023_SeatMatrix.pdf,132,false,
2023-24,FE,4123,"Lokmanya Tilak Jankalyan Shikshan Sanstha, Priyadarshani College of Engineering, Nagpur",Un-Aided Autonomous Linguistic Minority - Hindi,Un-Aided  Linguistic Minority - Hindi,true,96,412325110,Computer Technology,120,30,61,5,24,0,0,412325111T,6,FE_2023_SeatMatrix.pdf,133,false,
2023-24,FE,4123,"Lokmanya Tilak Jankalyan Shikshan Sanstha, Priyadarshani College of Engineering, Nagpur",Un-Aided Autonomous Linguistic Minority - Hindi,Un-Aided  Linguistic Minority - Hindi,true,54,412326510,Industrial IoT,60,20,31,3,6,0,0,412326511T,3,FE_2023_SeatMatrix.pdf,134,false,
2023-24,FE,4123,"Lokmanya Tilak Jankalyan Shikshan Sanstha, Priyadarshani College of Engineering, Nagpur",Un-Aided Autonomous Linguistic Minority - Hindi,Un-Aided  Linguistic Minority - Hindi,true,48,412326610,Robotics and Artificial Intelligence,60,14,31,3,12,0,0,412326611T,3,FE_2023_SeatMatrix.pdf,135,false,
2023-24,FE,4123,"Lokmanya Tilak Jankalyan Shikshan Sanstha, Priyadarshani College of Engineering, Nagpur",Un-Aided Autonomous Linguistic Minority - Hindi,Un-Aided  Linguistic Minority - Hindi,true,114,412329310,Electrical Engineering,120,45,61,8,6,0,0,412329311T,6,FE_2023_SeatMatrix.pdf,136,false,
2023-24,FE,4123,"Lokmanya Tilak Jankalyan Shikshan Sanstha, Priyadarshani College of Engineering, Nagpur",Un-Aided Autonomous Linguistic Minority - Hindi,Un-Aided  Linguistic Minority - Hindi,true,60,412335610,Electrical Engg[Electronics and Power],60,25,31,4,0,0,0,412335611T,3,FE_2023_SeatMatrix.pdf,137,false,
2023-24,FE,4123,"Lokmanya Tilak Jankalyan Shikshan Sanstha, Priyadarshani College of Engineering, Nagpur",Un-Aided Autonomous Linguistic Minority - Hindi,Un-Aided  Linguistic Minority - Hindi,true,108,412337010,Electronics and Communication Engineering,120,40,61,7,12,0,0,412337011T,6,FE_2023_SeatMatrix.pdf,138,false,
2023-24,FE,4123,"Lokmanya Tilak Jankalyan Shikshan Sanstha, Priyadarshani College of Engineering, Nagpur",Un-Aided Autonomous Linguistic Minority - Hindi,Un-Aided  Linguistic Minority - Hindi,true,108,412337210,Electronics and Telecommunication Engg,120,40,61,7,12,0,0,412337211T,6,FE_2023_SeatMatrix.pdf,139,false,
2023-24,FE,4123,"Lokmanya Tilak Jankalyan Shikshan Sanstha, Priyadarshani College of Engineering, Nagpur",Un-Aided Autonomous Linguistic Minority - Hindi,Un-Aided  Linguistic Minority - Hindi,true,57,412350710,Chemical Engineering,60,22,31,4,3,0,0,412350711T,3,FE_2023_SeatMatrix.pdf,140,false,
2023-24,FE,4123,"Lokmanya Tilak Jankalyan Shikshan Sanstha, Priyadarshani College of Engineering, Nagpur",Un-Aided Autonomous Linguistic Minority - Hindi,Un-Aided  Linguistic Minority - Hindi,true,120,412361210,Mechanical Engineering,120,50,61,9,0,0,0,412361211T,6,FE_2023_SeatMatrix.pdf,141,false,
2023-24,FE,4123,"Lokmanya Tilak Jankalyan Shikshan Sanstha, Priyadarshani College of Engineering, Nagpur",Un-Aided Autonomous Linguistic Minority - Hindi,Un-Aided  Linguistic Minority - Hindi,true,96,412399510,Artificial Intelligence and Data Science,120,30,61,5,24,0,0,412399511T,6,FE_2023_SeatMatrix.pdf,142,false,
2023-24,FE,4136,"Lokmanya Tilak Jankalyan Shikshan Sastha, Priyadarshini J. L. College Of Engineering, Nagpur",Un-Aided Autonomous Linguistic Minority - Hindi,Un-Aided  Linguistic Minority - Hindi,true,60,413619110,Civil Engineering,60,25,31,4,0,0,0,413619111T,3,FE_2023_SeatMatrix.pdf,143,false,
2023-24,FE,4136,"Lokmanya Tilak Jankalyan Shikshan Sastha, Priyadarshini J. L. College Of Engineering, Nagpur",Un-Aided Autonomous Linguistic Minority - Hindi,Un-Aided  Linguistic Minority - Hindi,true,96,413624210,Computer Science and Engineering,120,30,61,5,24,0,0,413624211T,6,FE_2023_SeatMatrix.pdf,144,false,
2023-24,FE,4136,"Lokmanya Tilak Jankalyan Shikshan Sastha, Priyadarshini J. L. College Of Engineering, Nagpur",Un-Aided Autonomous Linguistic Minority - Hindi,Un-Aided  Linguistic Minority - Hindi,true,60,413629310,Electrical Engineering,60,25,31,4,0,0,0,413629311T,3,FE_2023_SeatMatrix.pdf,145,false,
2023-24,FE,4136,"Lokmanya Tilak Jankalyan Shikshan Sastha, Priyadarshini J. L. College Of Engineering, Nagpur",Un-Aided Autonomous Linguistic Minority - Hindi,Un-Aided  Linguistic Minority - Hindi,true,51,413637210,Electronics and Telecommunication Engg,60,17,31,3,9,0,0,413637211T,3,FE_2023_SeatMatrix.pdf,146,false,
2023-24,FE,4136,"Lokmanya Tilak Jankalyan Shikshan Sastha, Priyadarshini J. L. College Of Engineering, Nagpur",Un-Aided Autonomous Linguistic Minority - Hindi,Un-Aided  Linguistic Minority - Hindi,true,48,413699710,Artificial Intelligence,60,14,31,3,12,0,0,413699711T,3,FE_2023_SeatMatrix.pdf,147,false,
2023-24,FE,4137,"Sir Shantilal Badjate Charitable Trust's S. B. Jain Institute of technology, Management & Research, Nagpur",Un-Aided Autonomous Linguistic Minority - Hindi,Un-Aided  Linguistic Minority - Hindi,true,144,413724210,Computer Science and Engineering,180,44,92,8,36,0,0,413724211T,9,FE_2023_SeatMatrix.pdf,148,false,
2023-24,FE,4137,"Sir Shantilal Badjate Charitable Trust's S. B. Jain Institute of technology, Management & Research, Nagpur",Un-Aided Autonomous Linguistic Minority - Hindi,Un-Aided  Linguistic Minority - Hindi,true,30,413729310,Electrical Engineering,30,13,15,2,0,0,0,413729311T,2,FE_2023_SeatMatrix.pdf,149,false,
2023-24,FE,4137,"Sir Shantilal Badjate Charitable Trust's S. B. Jain Institute of technology, Management & Research, Nagpur",Un-Aided Autonomous Linguistic Minority - Hindi,Un-Aided  Linguistic Minority - Hindi,true,57,413737210,Electronics and Telecommunication Engg,60,22,31,4,3,0,0,413737211T,3,FE_2023_SeatMatrix.pdf,150,false,
2023-24,FE,4137,"Sir Shantilal Badjate Charitable Trust's S. B. Jain Institute of technology, Management & Research, Nagpur",Un-Aided Autonomous Linguistic Minority - Hindi,Un-Aided  Linguistic Minority - Hindi,true,30,413761210,Mechanical Engineering,30,13,15,2,0,0,0,413761211T,2,FE_2023_SeatMatrix.pdf,151,false,
2023-24,FE,4137,"Sir Shantilal Badjate Charitable Trust's S. B. Jain Institute of technology, Management & Research, Nagpur",Un-Aided Autonomous Linguistic Minority - Hindi,Un-Aided  Linguistic Minority - Hindi,true,48,413791110,Computer Science and Engineering(Artificial,60,14,31,3,12,0,0,413791111T,3,FE_2023_SeatMatrix.pdf,152,false,
2023-24,FE,4137,"Sir Shantilal Badjate Charitable Trust's S. B. Jain Institute of technology, Management & Research, Nagpur",Un-Aided Autonomous Linguistic Minority - Hindi,Un-Aided  Linguistic Minority - Hindi,true,48,413791210,Computer Science and Engineering(Data Science),60,14,31,3,12,0,0,413791211T,3,FE_2023_SeatMatrix.pdf,153,false,
2023-24,FE,4138,"Jaidev Education Society, J D College of Engineering and Management, Nagpur",Un-Aided Autonomous Linguistic Minority - Hindi,Un-Aided  Linguistic Minority - Hindi,true,30,413819110,Civil Engineering,30,13,15,2,0,0,0,413819111T,2,FE_2023_SeatMatrix.pdf,154,false,
2023-24,FE,4138,"Jaidev Education Society, J D College of Engineering and Management, Nagpur",Un-Aided Autonomous Linguistic Minority - Hindi,Un-Aided  Linguistic Minority - Hindi,true,96,413824210,Computer Science and Engineering,120,30,61,5,24,0,0,413824211T,6,FE_2023_SeatMatrix.pdf,155,false,
2023-24,FE,4138,"Jaidev Education Society, J D College of Engineering and Management, Nagpur",Un-Aided Autonomous Linguistic Minority - Hindi,Un-Aided  Linguistic Minority - Hindi,true,90,413824610,Information Technology,90,37,46,7,0,0,0,413824611T,5,FE_2023_SeatMatrix.pdf,156,false,
2023-24,FE,4138,"Jaidev Education Society, J D College of Engineering and Management, Nagpur",Un-Aided Autonomous Linguistic Minority - Hindi,Un-Aided  Linguistic Minority - Hindi,true,30,413829310,Electrical Engineering,30,13,15,2,0,0,0,413829311T,2,FE_2023_SeatMatrix.pdf,157,false,
2023-24,FE,4138,"Jaidev Education Society, J D College of Engineering and Management, Nagpur",Un-Aided Autonomous Linguistic Minority - Hindi,Un-Aided  Linguistic Minority - Hindi,true,60,413837210,Electronics and Telecommunication Engg,60,25,31,4,0,0,0,413837211T,3,FE_2023_SeatMatrix.pdf,158,false,
2023-24,FE,4138,"Jaidev Education Society, J D College of Engineering and Management, Nagpur",Un-Aided Autonomous Linguistic Minority - Hindi,Un-Aided  Linguistic Minority - Hindi,true,30,413861210,Mechanical Engineering,30,13,15,2,0,0,0,413861211T,2,FE_2023_SeatMatrix.pdf,159,false,
2023-24,FE,4138,"Jaidev Education Society, J D College of Engineering and Management, Nagpur",Un-Aided Autonomous Linguistic Minority - Hindi,Un-Aided  Linguistic Minority - Hindi,true,60,413891210,Computer Science and Engineering(Data Science),60,25,31,4,0,0,0,413891211T,3,FE_2023_SeatMatrix.pdf,160,false,
2023-24,FE,4138,"Jaidev Education Society, J D College of Engineering and Management, Nagpur",Un-Aided Autonomous Linguistic Minority - Hindi,Un-Aided  Linguistic Minority - Hindi,true,60,413899710,Artificial Intelligence,60,25,31,4,0,0,0,413899711T,3,FE_2023_SeatMatrix.pdf,161,false,
2023-24,FE,4139,"Samridhi Sarwajanik Charitable Trust, Jhulelal Institute of Technology, Nagpur",Un-Aided Autonomous Linguistic Minority - Sindhi,Un-Aided  Linguistic Minority - Sindhi,true,150,413924210,Computer Science and Engineering,150,62,77,11,0,0,0,413924211T,8,FE_2023_SeatMatrix.pdf,162,false,
2023-24,FE,4139,"Samridhi Sarwajanik Charitable Trust, Jhulelal Institute of Technology, Nagpur",Un-Aided Autonomous Linguistic Minority - Sindhi,Un-Aided  Linguistic Minority - Sindhi,true,30,413929310,Electrical Engineering,30,13,15,2,0,0,0,413929311T,2,FE_2023_SeatMatrix.pdf,163,false,
2023-24,FE,4139,"Samridhi Sarwajanik Charitable Trust, Jhulelal Institute of Technology, Nagpur",Un-Aided Autonomous Linguistic Minority - Sindhi,Un-Aided  Linguistic Minority - Sindhi,true,30,413937210,Electronics and Telecommunication Engg,30,13,15,2,0,0,0,413937211T,2,FE_2023_SeatMatrix.pdf,164,false,
2023-24,FE,4139,"Samridhi Sarwajanik Charitable Trust, Jhulelal Institute of Technology, Nagpur",Un-Aided Autonomous Linguistic Minority - Sindhi,Un-Aided  Linguistic Minority - Sindhi,true,30,413961210,Mechanical Engineering,30,13,15,2,0,0,0,413961211T,2,FE_2023_SeatMatrix.pdf,165,false,
2023-24,FE,4139,"Samridhi Sarwajanik Charitable Trust, Jhulelal Institute of Technology, Nagpur",Un-Aided Autonomous Linguistic Minority - Sindhi,Un-Aided  Linguistic Minority - Sindhi,true,120,413991110,Computer Science and Engineering(Artificial,120,50,61,9,0,0,0,413991111T,6,FE_2023_SeatMatrix.pdf,166,false,
2023-24,FE,4139,"Samridhi Sarwajanik Charitable Trust, Jhulelal Institute of Technology, Nagpur",Un-Aided Autonomous Linguistic Minority - Sindhi,Un-Aided  Linguistic Minority - Sindhi,true,60,413992810,Electronics and Communication(Advanced,60,25,31,4,0,0,0,413992811T,3,FE_2023_SeatMatrix.pdf,167,false,
2023-24,FE,4142,"Ankush Shikshan Sanstha's G. H. Raisoni Institute of Engineering & Technology, Nagpur",Un-Aided Autonomous Linguistic Minority - Hindi,Un-Aided  Linguistic Minority - Hindi,true,57,414219110,Civil Engineering,60,22,31,4,3,0,0,414219111T,3,FE_2023_SeatMatrix.pdf,168,false,
2023-24,FE,4142,"Ankush Shikshan Sanstha's G. H. Raisoni Institute of Engineering & Technology, Nagpur",Un-Aided Autonomous Linguistic Minority - Hindi,Un-Aided  Linguistic Minority - Hindi,true,144,414224210,Computer Science and Engineering,180,44,92,8,36,0,0,414224211T,9,FE_2023_SeatMatrix.pdf,169,false,
2023-24,FE,4142,"Ankush Shikshan Sanstha's G. H. Raisoni Institute of Engineering & Technology, Nagpur",Un-Aided Autonomous Linguistic Minority - Hindi,Un-Aided  Linguistic Minority - Hindi,true,48,414224610,Information Technology,60,14,31,3,12,0,0,414224611T,3,FE_2023_SeatMatrix.pdf,170,false,
2023-24,FE,4142,"Ankush Shikshan Sanstha's G. H. Raisoni Institute of Engineering & Technology, Nagpur",Un-Aided Autonomous Linguistic Minority - Hindi,Un-Aided  Linguistic Minority - Hindi,true,57,414229310,Electrical Engineering,60,22,31,4,3,0,0,414229311T,3,FE_2023_SeatMatrix.pdf,171,false,
2023-24,FE,4142,"Ankush Shikshan Sanstha's G. H. Raisoni Institute of Engineering & Technology, Nagpur",Un-Aided Autonomous Linguistic Minority - Hindi,Un-Aided  Linguistic Minority - Hindi,true,48,414237210,Electronics and Telecommunication Engg,60,14,31,3,12,0,0,414237211T,3,FE_2023_SeatMatrix.pdf,172,false,
2023-24,FE,4142,"Ankush Shikshan Sanstha's G. H. Raisoni Institute of Engineering & Technology, Nagpur",Un-Aided Autonomous Linguistic Minority - Hindi,Un-Aided  Linguistic Minority - Hindi,true,57,414261210,Mechanical Engineering,60,22,31,4,3,0,0,414261211T,3,FE_2023_SeatMatrix.pdf,173,false,
2023-24,FE,4142,"Ankush Shikshan Sanstha's G. H. Raisoni Institute of Engineering & Technology, Nagpur",Un-Aided Autonomous Linguistic Minority - Hindi,Un-Aided  Linguistic Minority - Hindi,true,48,414291010,Computer Science and Engineering(Cyber Security),60,14,31,3,12,0,0,414291011T,3,FE_2023_SeatMatrix.pdf,174,false,
2023-24,FE,4142,"Ankush Shikshan Sanstha's G. H. Raisoni Institute of Engineering & Technology, Nagpur",Un-Aided Autonomous Linguistic Minority - Hindi,Un-Aided  Linguistic Minority - Hindi,true,48,414291710,Data Science,60,14,31,3,12,0,0,414291711T,3,FE_2023_SeatMatrix.pdf,175,false,
2023-24,FE,4142,"Ankush Shikshan Sanstha's G. H. Raisoni Institute of Engineering & Technology, Nagpur",Un-Aided Autonomous Linguistic Minority - Hindi,Un-Aided  Linguistic Minority - Hindi,true,144,414299710,Artificial Intelligence,180,44,92,8,36,0,0,414299711T,9,FE_2023_SeatMatrix.pdf,176,false,
2023-24,FE,4151,"Vidarbha Bahu-Uddeshiya Shikshan Sanstha's Tulshiramji Gaikwad Patil College of Engineering & Technology, Nagpur",Un-Aided Autonomous,Un-Aided,true,60,415100210,Aeronautical Engineering,60,51,0,9,0,1,6,415100211T,3,FE_2023_SeatMatrix.pdf,177,false,
2023-24,FE,4151,"Vidarbha Bahu-Uddeshiya Shikshan Sanstha's Tulshiramji Gaikwad Patil College of Engineering & Technology, Nagpur",Un-Aided Autonomous,Un-Aided,true,60,415108210,Bio Technology,60,51,0,9,0,1,6,415108211T,3,FE_2023_SeatMatrix.pdf,178,false,
2023-24,FE,4151,"Vidarbha Bahu-Uddeshiya Shikshan Sanstha's Tulshiramji Gaikwad Patil College of Engineering & Technology, Nagpur",Un-Aided Autonomous,Un-Aided,true,60,415119110,Civil Engineering,60,51,0,9,0,1,6,415119111T,3,FE_2023_SeatMatrix.pdf,179,false,
2023-24,FE,4151,"Vidarbha Bahu-Uddeshiya Shikshan Sanstha's Tulshiramji Gaikwad Patil College of Engineering & Technology, Nagpur",Un-Aided Autonomous,Un-Aided,true,150,415124210,Computer Science and Engineering,150,127,0,23,0,1,15,415124211T,8,FE_2023_SeatMatrix.pdf,180,false,
2023-24,FE,4151,"Vidarbha Bahu-Uddeshiya Shikshan Sanstha's Tulshiramji Gaikwad Patil College of Engineering & Technology, Nagpur",Un-Aided Autonomous,Un-Aided,true,90,415124610,Information Technology,90,76,0,14,0,1,9,415124611T,5,FE_2023_SeatMatrix.pdf,181,false,
2023-24,FE,4151,"Vidarbha Bahu-Uddeshiya Shikshan Sanstha's Tulshiramji Gaikwad Patil College of Engineering & Technology, Nagpur",Un-Aided Autonomous,Un-Aided,true,90,415129310,Electrical Engineering,90,76,0,14,0,1,9,415129311T,5,FE_2023_SeatMatrix.pdf,182,false,
2023-24,FE,4151,"Vidarbha Bahu-Uddeshiya Shikshan Sanstha's Tulshiramji Gaikwad Patil College of Engineering & Technology, Nagpur",Un-Aided Autonomous,Un-Aided,true,90,415137010,Electronics and Communication Engineering,90,76,0,14,0,1,9,415137011T,5,FE_2023_SeatMatrix.pdf,183,false,
2023-24,FE,4151,"Vidarbha Bahu-Uddeshiya Shikshan Sanstha's Tulshiramji Gaikwad Patil College of Engineering & Technology, Nagpur",Un-Aided Autonomous,Un-Aided,true,90,415161210,Mechanical Engineering,90,76,0,14,0,1,9,415161211T,5,FE_2023_SeatMatrix.pdf,184,false,
2023-24,FE,4151,"Vidarbha Bahu-Uddeshiya Shikshan Sanstha's Tulshiramji Gaikwad Patil College of Engineering & Technology, Nagpur",Un-Aided Autonomous,Un-Aided,true,90,415191210,Computer Science and Engineering(Data Science),90,76,0,14,0,1,9,415191211T,5,FE_2023_SeatMatrix.pdf,185,false,
2023-24,FE,4167,"Yeshwantrao Chavan College of Engineering,Wanadongri, Nagpur",Un-Aided Autonomous,Un-Aided,true,108,416719110,Civil Engineering,120,90,0,18,12,1,12,416719111T,6,FE_2023_SeatMatrix.pdf,186,false,
2023-24,FE,4167,"Yeshwantrao Chavan College of Engineering,Wanadongri, Nagpur",Un-Aided Autonomous,Un-Aided,true,144,416724210,Computer Science and Engineering,180,117,0,27,36,1,18,416724211T,9,FE_2023_SeatMatrix.pdf,187,false,
2023-24,FE,4167,"Yeshwantrao Chavan College of Engineering,Wanadongri, Nagpur",Un-Aided Autonomous,Un-Aided,true,96,416724610,Information Technology,120,78,0,18,24,1,12,416724611T,6,FE_2023_SeatMatrix.pdf,188,false,
2023-24,FE,4167,"Yeshwantrao Chavan College of Engineering,Wanadongri, Nagpur",Un-Aided Autonomous,Un-Aided,true,48,416725110,Computer Technology,60,39,0,9,12,0,6,416725111T,3,FE_2023_SeatMatrix.pdf,189,false,
2023-24,FE,4167,"Yeshwantrao Chavan College of Engineering,Wanadongri, Nagpur",Un-Aided Autonomous,Un-Aided,true,48,416725710,Computer Science and Design,60,39,0,9,12,0,6,416725711T,3,FE_2023_SeatMatrix.pdf,190,false,
2023-24,FE,4167,"Yeshwantrao Chavan College of Engineering,Wanadongri, Nagpur",Un-Aided Autonomous,Un-Aided,true,48,416726710,Computer Science and Engineering (IoT),60,39,0,9,12,0,6,416726711T,3,FE_2023_SeatMatrix.pdf,191,false,
2023-24,FE,4167,"Yeshwantrao Chavan College of Engineering,Wanadongri, Nagpur",Un-Aided Autonomous,Un-Aided,true,120,416735610,Electrical Engg[Electronics and Power],120,102,0,18,0,1,12,416735611T,6,FE_2023_SeatMatrix.pdf,192,false,
2023-24,FE,4167,"Yeshwantrao Chavan College of Engineering,Wanadongri, Nagpur",Un-Aided Autonomous,Un-Aided,true,144,416737210,Electronics and Telecommunication Engg,180,117,0,27,36,1,18,416737211T,9,FE_2023_SeatMatrix.pdf,193,false,
2023-24,FE,4167,"Yeshwantrao Chavan College of Engineering,Wanadongri, Nagpur",Un-Aided Autonomous,Un-Aided,true,96,416737610,Electronics Engineering,120,78,0,18,24,1,12,416737611T,6,FE_2023_SeatMatrix.pdf,194,false,
2023-24,FE,4167,"Yeshwantrao Chavan College of Engineering,Wanadongri, Nagpur",Un-Aided Autonomous,Un-Aided,true,48,416737810,Electronics Engineering ( VLSI Design and,60,39,0,9,12,0,6,416737811T,3,FE_2023_SeatMatrix.pdf,195,false,
2023-24,FE,4167,"Yeshwantrao Chavan College of Engineering,Wanadongri, Nagpur",Un-Aided Autonomous,Un-Aided,true,120,416761210,Mechanical Engineering,120,102,0,18,0,1,12,416761211T,6,FE_2023_SeatMatrix.pdf,196,false,
2023-24,FE,4167,"Yeshwantrao Chavan College of Engineering,Wanadongri, Nagpur",Un-Aided Autonomous,Un-Aided,true,48,416791110,Computer Science and Engineering(Artificial,60,39,0,9,12,0,6,416791111T,3,FE_2023_SeatMatrix.pdf,197,false,
2023-24,FE,4167,"Yeshwantrao Chavan College of Engineering,Wanadongri, Nagpur",Un-Aided Autonomous,Un-Aided,true,48,416799510,Artificial Intelligence and Data Science,60,39,0,9,12,0,6,416799511T,3,FE_2023_SeatMatrix.pdf,198,false,
2023-24,FE,4174,"ST. Vincent Pallotti College of Engineering & Technology, Nagpur",Un-Aided Autonomous Religious Minority - Christian,Un-Aided  Religious Minority - Christian,true,54,417419110,Civil Engineering,60,20,31,3,6,0,0,417419111T,3,FE_2023_SeatMatrix.pdf,199,false,
2023-24,FE,4174,"ST. Vincent Pallotti College of Engineering & Technology, Nagpur",Un-Aided Autonomous Religious Minority - Christian,Un-Aided  Religious Minority - Christian,true,96,417424510,Computer Engineering,120,30,61,5,24,0,0,417424511T,6,FE_2023_SeatMatrix.pdf,200,false,
2023-24,FE,4174,"ST. Vincent Pallotti College of Engineering & Technology, Nagpur",Un-Aided Autonomous Religious Minority - Christian,Un-Aided  Religious Minority - Christian,true,48,417424610,Information Technology,60,14,31,3,12,0,0,417424611T,3,FE_2023_SeatMatrix.pdf,201,false,
2023-24,FE,4174,"ST. Vincent Pallotti College of Engineering & Technology, Nagpur",Un-Aided Autonomous Religious Minority - Christian,Un-Aided  Religious Minority - Christian,true,48,417426010,Computer Science and Engineering (Cyber Security),60,14,31,3,12,0,0,417426011T,3,FE_2023_SeatMatrix.pdf,202,false,
2023-24,FE,4174,"ST. Vincent Pallotti College of Engineering & Technology, Nagpur",Un-Aided Autonomous Religious Minority - Christian,Un-Aided  Religious Minority - Christian,true,48,417426210,Computer Science and Business Systems,60,14,31,3,12,0,0,417426211T,3,FE_2023_SeatMatrix.pdf,203,false,
2023-24,FE,4174,"ST. Vincent Pallotti College of Engineering & Technology, Nagpur",Un-Aided Autonomous Religious Minority - Christian,Un-Aided  Religious Minority - Christian,true,48,417426510,Industrial IoT,60,14,31,3,12,0,0,417426511T,3,FE_2023_SeatMatrix.pdf,204,false,
2023-24,FE,4174,"ST. Vincent Pallotti College of Engineering & Technology, Nagpur",Un-Aided Autonomous Religious Minority - Christian,Un-Aided  Religious Minority - Christian,true,48,417429310,Electrical Engineering,60,14,31,3,12,0,0,417429311T,3,FE_2023_SeatMatrix.pdf,205,false,
2023-24,FE,4174,"ST. Vincent Pallotti College of Engineering & Technology, Nagpur",Un-Aided Autonomous Religious Minority - Christian,Un-Aided  Religious Minority - Christian,true,48,417437210,Electronics and Telecommunication Engg,60,14,31,3,12,0,0,417437211T,3,FE_2023_SeatMatrix.pdf,206,false,
2023-24,FE,4174,"ST. Vincent Pallotti College of Engineering & Technology, Nagpur",Un-Aided Autonomous Religious Minority - Christian,Un-Aided  Religious Minority - Christian,true,48,417461210,Mechanical Engineering,60,14,31,3,12,0,0,417461211T,3,FE_2023_SeatMatrix.pdf,207,false,
2023-24,FE,4174,"ST. Vincent Pallotti College of Engineering & Technology, Nagpur",Un-Aided Autonomous Religious Minority - Christian,Un-Aided  Religious Minority - Christian,true,48,417491210,Computer Science and Engineering(Data Science),60,14,31,3,12,0,0,417491211T,3,FE_2023_SeatMatrix.pdf,208,false,
2023-24,FE,4174,"ST. Vincent Pallotti College of Engineering & Technology, Nagpur",Un-Aided Autonomous Religious Minority - Christian,Un-Aided  Religious Minority - Christian,true,48,417499710,Artificial Intelligence,60,14,31,3,12,0,0,417499711T,3,FE_2023_SeatMatrix.pdf,209,false,
2023-24,FE,5004,"Government College of Engineering, Jalgaon",Government Autonomous,Government,true,60,500419110,Civil Engineering,60,60,0,0,0,1,6,500419111T,3,FE_2023_SeatMatrix.pdf,210,false,
2023-24,FE,5004,"Government College of Engineering, Jalgaon",Government Autonomous,Government,true,60,500424510,Computer Engineering,60,60,0,0,0,1,6,500424511T,3,FE_2023_SeatMatrix.pdf,211,false,
2023-24,FE,5004,"Government College of Engineering, Jalgaon",Government Autonomous,Government,true,60,500429310,Electrical Engineering,60,60,0,0,0,1,6,500429311T,3,FE_2023_SeatMatrix.pdf,212,false,
2023-24,FE,5004,"Government College of Engineering, Jalgaon",Government Autonomous,Government,true,60,500437210,Electronics and Telecommunication Engg,60,60,0,0,0,1,6,500437211T,3,FE_2023_SeatMatrix.pdf,213,false,
2023-24,FE,5004,"Government College of Engineering, Jalgaon",Government Autonomous,Government,true,60,500446610,Instrumentation Engineering,60,60,0,0,0,1,6,,0,FE_2023_SeatMatrix.pdf,214,false,
2023-24,FE,5004,"Government College of Engineering, Jalgaon",Government Autonomous,Government,true,60,500461210,Mechanical Engineering,60,60,0,0,0,1,6,500461211T,3,FE_2023_SeatMatrix.pdf,215,false,
2023-24,FE,5109,"Sandip Foundation, Sandip Institute of Technology and Research Centre, Mahiravani, Nashik",Un-Aided Autonomous,Un-Aided,true,60,510919110,Civil Engineering,60,51,0,9,0,1,6,,0,FE_2023_SeatMatrix.pdf,216,false,
2023-24,FE,5109,"Sandip Foundation, Sandip Institute of Technology and Research Centre, Mahiravani, Nashik",Un-Aided Autonomous,Un-Aided,true,96,510924510,Computer Engineering,120,78,0,18,24,1,12,510924511T,6,FE_2023_SeatMatrix.pdf,217,false,
2023-24,FE,5109,"Sandip Foundation, Sandip Institute of Technology and Research Centre, Mahiravani, Nashik",Un-Aided Autonomous,Un-Aided,true,48,510924610,Information Technology,60,39,0,9,12,0,6,510924611T,3,FE_2023_SeatMatrix.pdf,218,false,
2023-24,FE,5109,"Sandip Foundation, Sandip Institute of Technology and Research Centre, Mahiravani, Nashik",Un-Aided Autonomous,Un-Aided,true,60,510929310,Electrical Engineering,60,51,0,9,0,1,6,510929311T,3,FE_2023_SeatMatrix.pdf,219,false,
2023-24,FE,5109,"Sandip Foundation, Sandip Institute of Technology and Research Centre, Mahiravani, Nashik",Un-Aided Autonomous,Un-Aided,true,48,510937210,Electronics and Telecommunication Engg,60,39,0,9,12,0,6,510937211T,3,FE_2023_SeatMatrix.pdf,220,false,
2023-24,FE,5109,"Sandip Foundation, Sandip Institute of Technology and Research Centre, Mahiravani, Nashik",Un-Aided Autonomous,Un-Aided,true,60,510961210,Mechanical Engineering,60,51,0,9,0,1,6,510961211T,3,FE_2023_SeatMatrix.pdf,221,false,
2023-24,FE,5109,"Sandip Foundation, Sandip Institute of Technology and Research Centre, Mahiravani, Nashik",Un-Aided Autonomous,Un-Aided,true,60,510991610,Automation and Robotics,60,51,0,9,0,1,6,510991611T,3,FE_2023_SeatMatrix.pdf,222,false,
2023-24,FE,5109,"Sandip Foundation, Sandip Institute of Technology and Research Centre, Mahiravani, Nashik",Un-Aided Autonomous,Un-Aided,true,48,510999510,Artificial Intelligence and Data Science,60,39,0,9,12,0,6,510999511T,3,FE_2023_SeatMatrix.pdf,223,false,
2023-24,FE,5121,"K. K. Wagh Institute of Engineering Education and Research, Nashik",Un-Aided Autonomous,Un-Aided,true,120,512119110,Civil Engineering,120,102,0,18,0,1,12,512119111T,6,FE_2023_SeatMatrix.pdf,224,false,
2023-24,FE,5121,"K. K. Wagh Institute of Engineering Education and Research, Nashik",Un-Aided Autonomous,Un-Aided,true,96,512124510,Computer Engineering,120,78,0,18,24,1,12,512124511T,6,FE_2023_SeatMatrix.pdf,225,false,
2023-24,FE,5121,"K. K. Wagh Institute of Engineering Education and Research, Nashik",Un-Aided Autonomous,Un-Aided,true,96,512124610,Information Technology,120,78,0,18,24,1,12,512124611T,6,FE_2023_SeatMatrix.pdf,226,false,
2023-24,FE,5121,"K. K. Wagh Institute of Engineering Education and Research, Nashik",Un-Aided Autonomous,Un-Aided,true,48,512125710,Computer Science and Design,60,39,0,9,12,0,6,512125711T,3,FE_2023_SeatMatrix.pdf,227,false,
2023-24,FE,5121,"K. K. Wagh Institute of Engineering Education and Research, Nashik",Un-Aided Autonomous,Un-Aided,true,120,512129310,Electrical Engineering,120,102,0,18,0,1,12,512129311T,6,FE_2023_SeatMatrix.pdf,228,false,
2023-24,FE,5121,"K. K. Wagh Institute of Engineering Education and Research, Nashik",Un-Aided Autonomous,Un-Aided,true,108,512137210,Electronics and Telecommunication Engg,120,90,0,18,12,1,12,512137211T,6,FE_2023_SeatMatrix.pdf,229,false,
2023-24,FE,5121,"K. K. Wagh Institute of Engineering Education and Research, Nashik",Un-Aided Autonomous,Un-Aided,true,60,512150710,Chemical Engineering,60,51,0,9,0,1,6,512150711T,3,FE_2023_SeatMatrix.pdf,230,false,
2023-24,FE,5121,"K. K. Wagh Institute of Engineering Education and Research, Nashik",Un-Aided Autonomous,Un-Aided,true,108,512161210,Mechanical Engineering,120,90,0,18,12,1,12,512161211T,6,FE_2023_SeatMatrix.pdf,231,false,
2023-24,FE,5121,"K. K. Wagh Institute of Engineering Education and Research, Nashik",Un-Aided Autonomous,Un-Aided,true,60,512191910,Robotics and Automation,60,51,0,9,0,1,6,512191911T,3,FE_2023_SeatMatrix.pdf,232,false,
2023-24,FE,5121,"K. K. Wagh Institute of Engineering Education and Research, Nashik",Un-Aided Autonomous,Un-Aided,true,96,512199510,Artificial Intelligence and Data Science,120,78,0,18,24,1,12,512199511T,6,FE_2023_SeatMatrix.pdf,233,false,
2023-24,FE,5152,"G H Raisoni Institute of Engineering and Business Management, Jalgaon",Un-Aided Autonomous Linguistic Minority - Hindi,Un-Aided  Linguistic Minority - Hindi,true,60,515219110,Civil Engineering,60,25,31,4,0,0,0,,0,FE_2023_SeatMatrix.pdf,234,false,
2023-24,FE,5152,"G H Raisoni Institute of Engineering and Business Management, Jalgaon",Un-Aided Autonomous Linguistic Minority - Hindi,Un-Aided  Linguistic Minority - Hindi,true,96,515224210,Computer Science and Engineering,120,30,61,5,24,0,0,515224211T,6,FE_2023_SeatMatrix.pdf,235,false,
2023-24,FE,5152,"G H Raisoni Institute of Engineering and Business Management, Jalgaon",Un-Aided Autonomous Linguistic Minority - Hindi,Un-Aided  Linguistic Minority - Hindi,true,24,515224610,Information Technology,30,8,15,1,6,0,0,515224611T,2,FE_2023_SeatMatrix.pdf,236,false,
2023-24,FE,5152,"G H Raisoni Institute of Engineering and Business Management, Jalgaon",Un-Aided Autonomous Linguistic Minority - Hindi,Un-Aided  Linguistic Minority - Hindi,true,30,515229310,Electrical Engineering,30,13,15,2,0,0,0,515229311T,2,FE_2023_SeatMatrix.pdf,237,false,
2023-24,FE,5152,"G H Raisoni Institute of Engineering and Business Management, Jalgaon",Un-Aided Autonomous Linguistic Minority - Hindi,Un-Aided  Linguistic Minority - Hindi,true,27,515237210,Electronics and Telecommunication Engg,30,10,15,2,3,0,0,515237211T,2,FE_2023_SeatMatrix.pdf,238,false,
2023-24,FE,5152,"G H Raisoni Institute of Engineering and Business Management, Jalgaon",Un-Aided Autonomous Linguistic Minority - Hindi,Un-Aided  Linguistic Minority - Hindi,true,60,515261210,Mechanical Engineering,60,25,31,4,0,0,0,,0,FE_2023_SeatMatrix.pdf,239,false,
2023-24,FE,5152,"G H Raisoni Institute of Engineering and Business Management, Jalgaon",Un-Aided Autonomous Linguistic Minority - Hindi,Un-Aided  Linguistic Minority - Hindi,true,48,515291110,Computer Science and Engineering(Artificial,60,14,31,3,12,0,0,515291111T,3,FE_2023_SeatMatrix.pdf,240,false,
2023-24,FE,5152,"G H Raisoni Institute of Engineering and Business Management, Jalgaon",Un-Aided Autonomous Linguistic Minority - Hindi,Un-Aided  Linguistic Minority - Hindi,true,48,515291210,Computer Science and Engineering(Data Science),60,14,31,3,12,0,0,515291211T,3,FE_2023_SeatMatrix.pdf,241,false,
2023-24,FE,5152,"G H Raisoni Institute of Engineering and Business Management, Jalgaon",Un-Aided Autonomous Linguistic Minority - Hindi,Un-Aided  Linguistic Minority - Hindi,true,48,515291310,Computer Science and Engineering (Artificial,60,14,31,3,12,0,0,515291311T,3,FE_2023_SeatMatrix.pdf,242,false,
2023-24,FE,5160,"Sanjivani Rural Education Society's Sanjivani College of Engineering, Kopargaon",Un-Aided Autonomous,Un-Aided,true,120,516019110,Civil Engineering,120,102,0,18,0,1,12,516019111T,6,FE_2023_SeatMatrix.pdf,243,false,
2023-24,FE,5160,"Sanjivani Rural Education Society's Sanjivani College of Engineering, Kopargaon",Un-Aided Autonomous,Un-Aided,true,96,516024510,Computer Engineering,120,78,0,18,24,1,12,516024511T,6,FE_2023_SeatMatrix.pdf,244,false,
2023-24,FE,5160,"Sanjivani Rural Education Society's Sanjivani College of Engineering, Kopargaon",Un-Aided Autonomous,Un-Aided,true,96,516024610,Information Technology,120,78,0,18,24,1,12,516024611T,6,FE_2023_SeatMatrix.pdf,245,false,
2023-24,FE,5160,"Sanjivani Rural Education Society's Sanjivani College of Engineering, Kopargaon",Un-Aided Autonomous,Un-Aided,true,60,516029310,Electrical Engineering,60,51,0,9,0,1,6,516029311T,3,FE_2023_SeatMatrix.pdf,246,false,
2023-24,FE,5160,"Sanjivani Rural Education Society's Sanjivani College of Engineering, Kopargaon",Un-Aided Autonomous,Un-Aided,true,118,516061210,Mechanical Engineering,120,100,0,18,2,1,12,516061211T,6,FE_2023_SeatMatrix.pdf,247,false,
2023-24,FE,5160,"Sanjivani Rural Education Society's Sanjivani College of Engineering, Kopargaon",Un-Aided Autonomous,Un-Aided,true,54,516062410,Mechatronics Engineering,60,45,0,9,6,0,6,516062411T,3,FE_2023_SeatMatrix.pdf,248,false,
2023-24,FE,5160,"Sanjivani Rural Education Society's Sanjivani College of Engineering, Kopargaon",Un-Aided Autonomous,Un-Aided,true,48,516084410,Electronics and Computer Engineering,60,39,0,9,12,0,6,516084411T,3,FE_2023_SeatMatrix.pdf,249,false,
2023-24,FE,5160,"Sanjivani Rural Education Society's Sanjivani College of Engineering, Kopargaon",Un-Aided Autonomous,Un-Aided,true,60,516091510,Structural Engineering,60,51,0,9,0,1,6,516091511T,3,FE_2023_SeatMatrix.pdf,250,false,
2023-24,FE,5172,"R. C. Patel Institute of Technology, Shirpur",Un-Aided Autonomous Linguistic Minority - Gujarathi,Un-Aided  Linguistic Minority - Gujarathi,true,60,517219110,Civil Engineering,60,25,31,4,0,0,0,517219111T,3,FE_2023_SeatMatrix.pdf,251,false,
2023-24,FE,5172,"R. C. Patel Institute of Technology, Shirpur",Un-Aided Autonomous Linguistic Minority - Gujarathi,Un-Aided  Linguistic Minority - Gujarathi,true,144,517224510,Computer Engineering,180,44,92,8,36,0,0,517224511T,9,FE_2023_SeatMatrix.pdf,252,false,
2023-24,FE,5172,"R. C. Patel Institute of Technology, Shirpur",Un-Aided Autonomous Linguistic Minority - Gujarathi,Un-Aided  Linguistic Minority - Gujarathi,true,60,517229310,Electrical Engineering,60,25,31,4,0,0,0,517229311T,3,FE_2023_SeatMatrix.pdf,253,false,
2023-24,FE,5172,"R. C. Patel Institute of Technology, Shirpur",Un-Aided Autonomous Linguistic Minority - Gujarathi,Un-Aided  Linguistic Minority - Gujarathi,true,120,517237210,Electronics and Telecommunication Engg,120,50,61,9,0,0,0,517237211T,6,FE_2023_SeatMatrix.pdf,254,false,
2023-24,FE,5172,"R. C. Patel Institute of Technology, Shirpur",Un-Aided Autonomous Linguistic Minority - Gujarathi,Un-Aided  Linguistic Minority - Gujarathi,true,60,517261210,Mechanical Engineering,60,25,31,4,0,0,0,517261211T,3,FE_2023_SeatMatrix.pdf,255,false,
2023-24,FE,5172,"R. C. Patel Institute of Technology, Shirpur",Un-Aided Autonomous Linguistic Minority - Gujarathi,Un-Aided  Linguistic Minority - Gujarathi,true,48,517291210,Computer Science and Engineering(Data Science),60,14,31,3,12,0,0,517291211T,3,FE_2023_SeatMatrix.pdf,256,false,
2023-24,FE,5172,"R. C. Patel Institute of Technology, Shirpur",Un-Aided Autonomous Linguistic Minority - Gujarathi,Un-Aided  Linguistic Minority - Gujarathi,true,48,517292110,Artificial Intelligence and Machine Learning,60,14,31,3,12,0,0,517292111T,3,FE_2023_SeatMatrix.pdf,257,false,
2023-24,FE,6005,"Government College of Engineering, Karad",Government Autonomous,Government,true,60,600519110,Civil Engineering,60,60,0,0,0,1,6,600519111T,3,FE_2023_SeatMatrix.pdf,258,false,
2023-24,FE,6005,"Government College of Engineering, Karad",Government Autonomous,Government,true,60,600524610,Information Technology,60,60,0,0,0,1,6,600524611T,3,FE_2023_SeatMatrix.pdf,259,false,
2023-24,FE,6005,"Government College of Engineering, Karad",Government Autonomous,Government,true,60,600529310,Electrical Engineering,60,60,0,0,0,1,6,600529311T,3,FE_2023_SeatMatrix.pdf,260,false,
2023-24,FE,6005,"Government College of Engineering, Karad",Government Autonomous,Government,true,60,600537210,Electronics and Telecommunication Engg,60,60,0,0,0,1,6,600537211T,3,FE_2023_SeatMatrix.pdf,261,false,
2023-24,FE,6005,"Government College of Engineering, Karad",Government Autonomous,Government,true,60,600561210,Mechanical Engineering,60,60,0,0,0,1,6,600561211T,3,FE_2023_SeatMatrix.pdf,262,false,
2023-24,FE,6006,COEP Technological University,University Autonomous,University,true,75,600619110,Civil Engineering,75,60,0,15,0,1,8,600619111T,4,FE_2023_SeatMatrix.pdf,263,false,
2023-24,FE,6006,COEP Technological University,University Autonomous,University,true,150,600624510,Computer Engineering,150,120,0,30,0,1,15,600624511T,8,FE_2023_SeatMatrix.pdf,264,false,
2023-24,FE,6006,COEP Technological University,University Autonomous,University,true,75,600629310,Electrical Engineering,75,60,0,15,0,1,8,600629311T,4,FE_2023_SeatMatrix.pdf,265,false,
2023-24,FE,6006,COEP Technological University,University Autonomous,University,true,75,600637210,Electronics and Telecommunication Engg,75,60,0,15,0,1,8,600637211T,4,FE_2023_SeatMatrix.pdf,266,false,
2023-24,FE,6006,COEP Technological University,University Autonomous,University,true,38,600646410,Instrumentation and Control Engineering,38,30,0,8,0,0,4,600646411T,2,FE_2023_SeatMatrix.pdf,267,false,
2023-24,FE,6006,COEP Technological University,University Autonomous,University,true,150,600661210,Mechanical Engineering,150,120,0,30,0,1,15,600661211T,8,FE_2023_SeatMatrix.pdf,268,false,
2023-24,FE,6006,COEP Technological University,University Autonomous,University,true,75,600662710,Manufacturing Science and Engineering,75,60,0,15,0,1,8,600662711T,4,FE_2023_SeatMatrix.pdf,269,false,
2023-24,FE,6006,COEP Technological University,University Autonomous,University,true,75,600669410,Metallurgy and Material Technology,75,60,0,15,0,1,8,600669411T,4,FE_2023_SeatMatrix.pdf,270,false,
2023-24,FE,6007,"Walchand College of Engineering, Sangli",Government-Aided Autonomous,Government-Aided,true,59,600719110,Civil Engineering,60,59,0,0,1,1,6,600719111T,3,FE_2023_SeatMatrix.pdf,271,false,
2023-24,FE,6007,"Walchand College of Engineering, Sangli",Government-Aided Autonomous,Government-Aided,true,88,600724210,Computer Science and Engineering,90,88,0,0,2,1,9,600724211T,5,FE_2023_SeatMatrix.pdf,272,false,
2023-24,FE,6007,"Walchand College of Engineering, Sangli",Government-Aided Autonomous,Government-Aided,true,59,600724610,Information Technology,60,59,0,0,1,1,6,600724611T,3,FE_2023_SeatMatrix.pdf,273,false,
2023-24,FE,6007,"Walchand College of Engineering, Sangli",Government-Aided Autonomous,Government-Aided,true,60,600729310,Electrical Engineering,60,60,0,0,0,1,6,600729311T,3,FE_2023_SeatMatrix.pdf,274,false,
2023-24,FE,6007,"Walchand College of Engineering, Sangli",Government-Aided Autonomous,Government-Aided,true,60,600737610,Electronics Engineering,60,60,0,0,0,1,6,600737611T,3,FE_2023_SeatMatrix.pdf,275,false,
2023-24,FE,6007,"Walchand College of Engineering, Sangli",Government-Aided Autonomous,Government-Aided,true,59,600761210,Mechanical Engineering,60,59,0,0,1,1,6,600761211T,3,FE_2023_SeatMatrix.pdf,276,false,
2023-24,FE,6141,"Jaywant Shikshan Prasarak Mandal's,Rajarshi Shahu College of Engineering, Tathawade, Pune",Un-Aided Autonomous,Un-Aided,true,120,614119110,Civil Engineering,120,102,0,18,0,1,12,614119111T,6,FE_2023_SeatMatrix.pdf,277,false,
2023-24,FE,6141,"Jaywant Shikshan Prasarak Mandal's,Rajarshi Shahu College of Engineering, Tathawade, Pune",Un-Aided Autonomous,Un-Aided,true,96,614124510,Computer Engineering,120,78,0,18,24,1,12,614124511T,6,FE_2023_SeatMatrix.pdf,278,false,
2023-24,FE,6141,"Jaywant Shikshan Prasarak Mandal's,Rajarshi Shahu College of Engineering, Tathawade, Pune",Un-Aided Autonomous,Un-Aided,true,96,614124610,Information Technology,120,78,0,18,24,1,12,614124611T,6,FE_2023_SeatMatrix.pdf,279,false,
2023-24,FE,6141,"Jaywant Shikshan Prasarak Mandal's,Rajarshi Shahu College of Engineering, Tathawade, Pune",Un-Aided Autonomous,Un-Aided,true,48,614126210,Computer Science and Business Systems,60,39,0,9,12,0,6,614126211T,3,FE_2023_SeatMatrix.pdf,280,false,
2023-24,FE,6141,"Jaywant Shikshan Prasarak Mandal's,Rajarshi Shahu College of Engineering, Tathawade, Pune",Un-Aided Autonomous,Un-Aided,true,48,614129310,Electrical Engineering,60,39,0,9,12,0,6,614129311T,3,FE_2023_SeatMatrix.pdf,281,false,
2023-24,FE,6141,"Jaywant Shikshan Prasarak Mandal's,Rajarshi Shahu College of Engineering, Tathawade, Pune",Un-Aided Autonomous,Un-Aided,true,96,614137210,Electronics and Telecommunication Engg,120,78,0,18,24,1,12,614137211T,6,FE_2023_SeatMatrix.pdf,282,false,
2023-24,FE,6141,"Jaywant Shikshan Prasarak Mandal's,Rajarshi Shahu College of Engineering, Tathawade, Pune",Un-Aided Autonomous,Un-Aided,true,144,614161210,Mechanical Engineering,180,117,0,27,36,1,18,614161211T,9,FE_2023_SeatMatrix.pdf,283,false,
2023-24,FE,6141,"Jaywant Shikshan Prasarak Mandal's,Rajarshi Shahu College of Engineering, Tathawade, Pune",Un-Aided Autonomous,Un-Aided,true,48,614191610,Automation and Robotics,60,39,0,9,12,0,6,614191611T,3,FE_2023_SeatMatrix.pdf,284,false,
2023-24,FE,6146,"MIT Academy of Engineering,Alandi, Pune",Un-Aided Autonomous,Un-Aided,true,48,614619110,Civil Engineering,60,39,0,9,12,0,6,614619111T,3,FE_2023_SeatMatrix.pdf,285,false,
2023-24,FE,6146,"MIT Academy of Engineering,Alandi, Pune",Un-Aided Autonomous,Un-Aided,true,192,614624510,Computer Engineering,240,156,0,36,48,2,24,614624511T,12,FE_2023_SeatMatrix.pdf,286,false,
2023-24,FE,6146,"MIT Academy of Engineering,Alandi, Pune",Un-Aided Autonomous,Un-Aided,true,144,614637210,Electronics and Telecommunication Engg,180,117,0,27,36,1,18,614637211T,9,FE_2023_SeatMatrix.pdf,287,false,
2023-24,FE,6146,"MIT Academy of Engineering,Alandi, Pune",Un-Aided Autonomous,Un-Aided,true,48,614637610,Electronics Engineering,60,39,0,9,12,0,6,614637611T,3,FE_2023_SeatMatrix.pdf,288,false,
2023-24,FE,6146,"MIT Academy of Engineering,Alandi, Pune",Un-Aided Autonomous,Un-Aided,true,48,614650710,Chemical Engineering,60,39,0,9,12,0,6,614650711T,3,FE_2023_SeatMatrix.pdf,289,false,
2023-24,FE,6146,"MIT Academy of Engineering,Alandi, Pune",Un-Aided Autonomous,Un-Aided,true,96,614661210,Mechanical Engineering,120,78,0,18,24,1,12,614661211T,6,FE_2023_SeatMatrix.pdf,290,false,
2023-24,FE,6146,"MIT Academy of Engineering,Alandi, Pune",Un-Aided Autonomous,Un-Aided,true,48,614692710,Computer Engineering (Software Engineering),60,39,0,9,12,0,6,614692711T,3,FE_2023_SeatMatrix.pdf,291,false,
2023-24,FE,6155,"G.H.Raisoni College of Engineering & Management, Wagholi, Pune",Un-Aided Autonomous Linguistic Minority - Hindi,Un-Aided  Linguistic Minority - Hindi,true,60,615519110,Civil Engineering,60,25,31,4,0,0,0,615519111T,3,FE_2023_SeatMatrix.pdf,292,false,
2023-24,FE,6155,"G.H.Raisoni College of Engineering & Management, Wagholi, Pune",Un-Aided Autonomous Linguistic Minority - Hindi,Un-Aided  Linguistic Minority - Hindi,true,144,615524510,Computer Engineering,180,44,92,8,36,0,0,615524511T,9,FE_2023_SeatMatrix.pdf,293,false,
2023-24,FE,6155,"G.H.Raisoni College of Engineering & Management, Wagholi, Pune",Un-Aided Autonomous Linguistic Minority - Hindi,Un-Aided  Linguistic Minority - Hindi,true,144,615524610,Information Technology,180,44,92,8,36,0,0,615524611T,9,FE_2023_SeatMatrix.pdf,294,false,
2023-24,FE,6155,"G.H.Raisoni College of Engineering & Management, Wagholi, Pune",Un-Aided Autonomous Linguistic Minority - Hindi,Un-Aided  Linguistic Minority - Hindi,true,48,615526010,Computer Science and Engineering (Cyber Security),60,14,31,3,12,0,0,615526011T,3,FE_2023_SeatMatrix.pdf,295,false,
2023-24,FE,6155,"G.H.Raisoni College of Engineering & Management, Wagholi, Pune",Un-Aided Autonomous Linguistic Minority - Hindi,Un-Aided  Linguistic Minority - Hindi,true,60,615529310,Electrical Engineering,60,25,31,4,0,0,0,615529311T,3,FE_2023_SeatMatrix.pdf,296,false,
2023-24,FE,6155,"G.H.Raisoni College of Engineering & Management, Wagholi, Pune",Un-Aided Autonomous Linguistic Minority - Hindi,Un-Aided  Linguistic Minority - Hindi,true,81,615537210,Electronics and Telecommunication Engg,90,30,46,5,9,0,0,615537211T,5,FE_2023_SeatMatrix.pdf,297,false,
2023-24,FE,6155,"G.H.Raisoni College of Engineering & Management, Wagholi, Pune",Un-Aided Autonomous Linguistic Minority - Hindi,Un-Aided  Linguistic Minority - Hindi,true,60,615561210,Mechanical Engineering,60,25,31,4,0,0,0,615561211T,3,FE_2023_SeatMatrix.pdf,298,false,
2023-24,FE,6155,"G.H.Raisoni College of Engineering & Management, Wagholi, Pune",Un-Aided Autonomous Linguistic Minority - Hindi,Un-Aided  Linguistic Minority - Hindi,true,96,615591110,Computer Science and Engineering(Artificial,120,30,61,5,24,0,0,615591111T,6,FE_2023_SeatMatrix.pdf,299,false,
2023-24,FE,6155,"G.H.Raisoni College of Engineering & Management, Wagholi, Pune",Un-Aided Autonomous Linguistic Minority - Hindi,Un-Aided  Linguistic Minority - Hindi,true,48,615591210,Computer Science and Engineering(Data Science),60,14,31,3,12,0,0,615591211T,3,FE_2023_SeatMatrix.pdf,300,false,
2023-24,FE,6155,"G.H.Raisoni College of Engineering & Management, Wagholi, Pune",Un-Aided Autonomous Linguistic Minority - Hindi,Un-Aided  Linguistic Minority - Hindi,true,144,615591310,Computer Science and Engineering (Artificial,180,44,92,8,36,0,0,615591311T,9,FE_2023_SeatMatrix.pdf,301,false,
2023-24,FE,6175,"Pimpri Chinchwad Education Trust, Pimpri Chinchwad College of Engineering, Pune",Un-Aided Autonomous,Un-Aided,true,48,617519110,Civil Engineering,60,39,0,9,12,0,6,617519111T,3,FE_2023_SeatMatrix.pdf,302,false,
2023-24,FE,6175,"Pimpri Chinchwad Education Trust, Pimpri Chinchwad College of Engineering, Pune",Un-Aided Autonomous,Un-Aided,true,192,617524510,Computer Engineering,240,156,0,36,48,2,24,617524511T,12,FE_2023_SeatMatrix.pdf,303,false,
2023-24,FE,6175,"Pimpri Chinchwad Education Trust, Pimpri Chinchwad College of Engineering, Pune",Un-Aided Autonomous,Un-Aided,true,96,617524610,Information Technology,120,78,0,18,24,1,12,617524611T,6,FE_2023_SeatMatrix.pdf,305,false,
2023-24,FE,6175,"Pimpri Chinchwad Education Trust, Pimpri Chinchwad College of Engineering, Pune",Un-Aided Autonomous,Un-Aided,true,144,617537210,Electronics and Telecommunication Engg,180,117,0,27,36,1,18,617537211T,9,FE_2023_SeatMatrix.pdf,306,false,
2023-24,FE,6175,"Pimpri Chinchwad Education Trust, Pimpri Chinchwad College of Engineering, Pune",Un-Aided Autonomous,Un-Aided,true,144,617561210,Mechanical Engineering,180,117,0,27,36,1,18,617561211T,9,FE_2023_SeatMatrix.pdf,307,false,
2023-24,FE,6175,"Pimpri Chinchwad Education Trust, Pimpri Chinchwad College of Engineering, Pune",Un-Aided Autonomous,Un-Aided,true,48,617591110,Computer Science and Engineering(Artificial,60,39,0,9,12,0,6,617591111T,3,FE_2023_SeatMatrix.pdf,308,false,
2023-24,FE,6214,"K. E. Society's Rajarambapu Institute of Technology, Walwa, Sangli",Un-Aided Autonomous,Un-Aided,true,54,621419110,Civil Engineering,60,45,0,9,6,0,6,621419111T,3,FE_2023_SeatMatrix.pdf,309,false,
2023-24,FE,6214,"K. E. Society's Rajarambapu Institute of Technology, Walwa, Sangli",Un-Aided Autonomous,Un-Aided,true,96,621424510,Computer Engineering,120,78,0,18,24,1,12,621424511T,6,FE_2023_SeatMatrix.pdf,310,false,
2023-24,FE,6214,"K. E. Society's Rajarambapu Institute of Technology, Walwa, Sangli",Un-Aided Autonomous,Un-Aided,true,54,621429310,Electrical Engineering,60,45,0,9,6,0,6,621429311T,3,FE_2023_SeatMatrix.pdf,311,false,
2023-24,FE,6214,"K. E. Society's Rajarambapu Institute of Technology, Walwa, Sangli",Un-Aided Autonomous,Un-Aided,true,96,621437210,Electronics and Telecommunication Engg,120,78,0,18,24,1,12,621437211T,6,FE_2023_SeatMatrix.pdf,312,false,
2023-24,FE,6214,"K. E. Society's Rajarambapu Institute of Technology, Walwa, Sangli",Un-Aided Autonomous,Un-Aided,true,48,621456810,Computer Science and Information Technology,60,39,0,9,12,0,6,621456811T,3,FE_2023_SeatMatrix.pdf,313,false,
2023-24,FE,6214,"K. E. Society's Rajarambapu Institute of Technology, Walwa, Sangli",Un-Aided Autonomous,Un-Aided,true,115,621461210,Mechanical Engineering,120,97,0,18,5,1,12,621461211T,6,FE_2023_SeatMatrix.pdf,314,false,
2023-24,FE,6214,"K. E. Society's Rajarambapu Institute of Technology, Walwa, Sangli",Un-Aided Autonomous,Un-Aided,true,56,621462410,Mechatronics Engineering,60,47,0,9,4,0,6,621462411T,3,FE_2023_SeatMatrix.pdf,315,false,
2023-24,FE,6214,"K. E. Society's Rajarambapu Institute of Technology, Walwa, Sangli",Un-Aided Autonomous,Un-Aided,true,48,621491110,Computer Science and Engineering(Artificial,60,39,0,9,12,0,6,621491111T,3,FE_2023_SeatMatrix.pdf,316,false,
2023-24,FE,6214,"K. E. Society's Rajarambapu Institute of Technology, Walwa, Sangli",Un-Aided Autonomous,Un-Aided,true,25,621491910,Robotics and Automation,30,20,0,5,5,0,3,621491911T,2,FE_2023_SeatMatrix.pdf,317,false,
2023-24,FE,6222,"Dattajirao Kadam Technical Education Society's Textile & Engineering Institute, Ichalkaranji.",Un-Aided Autonomous,Un-Aided,true,54,622219110,Civil Engineering,60,45,0,9,6,0,6,,0,FE_2023_SeatMatrix.pdf,318,false,
2023-24,FE,6222,"Dattajirao Kadam Technical Education Society's Textile & Engineering Institute, Ichalkaranji.",Un-Aided Autonomous,Un-Aided,true,96,622224210,Computer Science and Engineering,120,78,0,18,24,1,12,622224211T,6,FE_2023_SeatMatrix.pdf,319,false,
2023-24,FE,6222,"Dattajirao Kadam Technical Education Society's Textile & Engineering Institute, Ichalkaranji.",Un-Aided Autonomous,Un-Aided,true,48,622226310,Artificial Intelligence (AI) and Data Science,60,39,0,9,12,0,6,622226311T,3,FE_2023_SeatMatrix.pdf,320,false,
2023-24,FE,6222,"Dattajirao Kadam Technical Education Society's Textile & Engineering Institute, Ichalkaranji.",Un-Aided Autonomous,Un-Aided,true,57,622229310,Electrical Engineering,60,48,0,9,3,0,6,622229311T,3,FE_2023_SeatMatrix.pdf,321,false,
2023-24,FE,6222,"Dattajirao Kadam Technical Education Society's Textile & Engineering Institute, Ichalkaranji.",Un-Aided Autonomous,Un-Aided,true,96,622237210,Electronics and Telecommunication Engg,120,78,0,18,24,1,12,622237211T,6,FE_2023_SeatMatrix.pdf,322,false,
2023-24,FE,6222,"Dattajirao Kadam Technical Education Society's Textile & Engineering Institute, Ichalkaranji.",Un-Aided Autonomous,Un-Aided,true,24,622257010,Fashion Technology,30,19,0,5,6,0,3,622257011T,2,FE_2023_SeatMatrix.pdf,323,false,
2023-24,FE,6222,"Dattajirao Kadam Technical Education Society's Textile & Engineering Institute, Ichalkaranji.",Un-Aided Autonomous,Un-Aided,true,57,622261210,Mechanical Engineering,60,48,0,9,3,0,6,622261211T,3,FE_2023_SeatMatrix.pdf,324,false,
2023-24,FE,6222,"Dattajirao Kadam Technical Education Society's Textile & Engineering Institute, Ichalkaranji.",Un-Aided Autonomous,Un-Aided,true,24,622288610,Man Made Textile Technology,30,19,0,5,6,0,3,,0,FE_2023_SeatMatrix.pdf,325,false,
2023-24,FE,6222,"Dattajirao Kadam Technical Education Society's Textile & Engineering Institute, Ichalkaranji.",Un-Aided Autonomous,Un-Aided,true,52,622289010,Textile Chemistry,60,43,0,9,8,0,6,,0,FE_2023_SeatMatrix.pdf,326,false,
2023-24,FE,6222,"Dattajirao Kadam Technical Education Society's Textile & Engineering Institute, Ichalkaranji.",Un-Aided Autonomous,Un-Aided,true,27,622289510,Textile Plant Engineering,30,22,0,5,3,0,3,,0,FE_2023_SeatMatrix.pdf,327,false,
2023-24,FE,6222,"Dattajirao Kadam Technical Education Society's Textile & Engineering Institute, Ichalkaranji.",Un-Aided Autonomous,Un-Aided,true,48,622289610,Textile Technology,60,39,0,9,12,0,6,622289611T,3,FE_2023_SeatMatrix.pdf,328,false,
2023-24,FE,6222,"Dattajirao Kadam Technical Education Society's Textile & Engineering Institute, Ichalkaranji.",Un-Aided Autonomous,Un-Aided,true,96,622291110,Computer Science and Engineering(Artificial,120,78,0,18,24,1,12,622291111T,6,FE_2023_SeatMatrix.pdf,329,false,
2023-24,FE,6250,"D.Y. Patil College of Engineering and Technology, Kolhapur",Un-Aided Autonomous,Un-Aided,true,120,625019110,Civil Engineering,120,102,0,18,0,1,12,625019111T,6,FE_2023_SeatMatrix.pdf,330,false,
2023-24,FE,6250,"D.Y. Patil College of Engineering and Technology, Kolhapur",Un-Aided Autonomous,Un-Aided,true,192,625024210,Computer Science and Engineering,240,156,0,36,48,2,24,625024211T,12,FE_2023_SeatMatrix.pdf,331,false,
2023-24,FE,6250,"D.Y. Patil College of Engineering and Technology, Kolhapur",Un-Aided Autonomous,Un-Aided,true,48,625037210,Electronics and Telecommunication Engg,60,39,0,9,12,0,6,625037211T,3,FE_2023_SeatMatrix.pdf,332,false,
2023-24,FE,6250,"D.Y. Patil College of Engineering and Technology, Kolhapur",Un-Aided Autonomous,Un-Aided,true,60,625050710,Chemical Engineering,60,51,0,9,0,1,6,625050711T,3,FE_2023_SeatMatrix.pdf,333,false,
2023-24,FE,6250,"D.Y. Patil College of Engineering and Technology, Kolhapur",Un-Aided Autonomous,Un-Aided,true,120,625061210,Mechanical Engineering,120,102,0,18,0,1,12,625061211T,6,FE_2023_SeatMatrix.pdf,334,false,
2023-24,FE,6250,"D.Y. Patil College of Engineering and Technology, Kolhapur",Un-Aided Autonomous,Un-Aided,true,96,625091110,Computer Science and Engineering(Artificial,120,78,0,18,24,1,12,625091111T,6,FE_2023_SeatMatrix.pdf,335,false,
2023-24,FE,6250,"D.Y. Patil College of Engineering and Technology, Kolhapur",Un-Aided Autonomous,Un-Aided,true,144,625091210,Computer Science and Engineering(Data Science),180,117,0,27,36,1,18,625091211T,9,FE_2023_SeatMatrix.pdf,336,false,
2023-24,FE,6265,"Walchand Institute of Technology, Solapur",Un-Aided Autonomous Religious Minority - Jain,Un-Aided  Religious Minority - Jain,true,60,626519110,Civil Engineering,60,25,31,4,0,0,0,626519111T,3,FE_2023_SeatMatrix.pdf,337,false,
2023-24,FE,6265,"Walchand Institute of Technology, Solapur",Un-Aided Autonomous Religious Minority - Jain,Un-Aided  Religious Minority - Jain,true,162,626524210,Computer Science and Engineering,180,59,92,11,18,0,0,626524211T,9,FE_2023_SeatMatrix.pdf,338,false,
2023-24,FE,6265,"Walchand Institute of Technology, Solapur",Un-Aided Autonomous Religious Minority - Jain,Un-Aided  Religious Minority - Jain,true,114,626524610,Information Technology,120,45,61,8,6,0,0,626524611T,6,FE_2023_SeatMatrix.pdf,339,false,
2023-24,FE,6265,"Walchand Institute of Technology, Solapur",Un-Aided Autonomous Religious Minority - Jain,Un-Aided  Religious Minority - Jain,true,120,626537210,Electronics and Telecommunication Engg,120,50,61,9,0,0,0,626537211T,6,FE_2023_SeatMatrix.pdf,340,false,
2023-24,FE,6265,"Walchand Institute of Technology, Solapur",Un-Aided Autonomous Religious Minority - Jain,Un-Aided  Religious Minority - Jain,true,60,626561510,Mechanical & Automation Engineering,60,25,31,4,0,0,0,626561511T,3,FE_2023_SeatMatrix.pdf,341,false,
2023-24,FE,6265,"Walchand Institute of Technology, Solapur",Un-Aided Autonomous Religious Minority - Jain,Un-Aided  Religious Minority - Jain,true,57,626584410,Electronics and Computer Engineering,60,22,31,4,3,0,0,626584411T,3,FE_2023_SeatMatrix.pdf,342,false,
2023-24,FE,6267,"Kolhapur Institute of Technology's College of Engineering(Autonomous), Kolhapur",Un-Aided Autonomous,Un-Aided,true,24,626708210,Bio Technology,30,19,0,5,6,0,3,626708211T,2,FE_2023_SeatMatrix.pdf,343,false,
2023-24,FE,6267,"Kolhapur Institute of Technology's College of Engineering(Autonomous), Kolhapur",Un-Aided Autonomous,Un-Aided,true,114,626719110,Civil Engineering,120,96,0,18,6,1,12,626719111T,6,FE_2023_SeatMatrix.pdf,344,false,
2023-24,FE,6267,"Kolhapur Institute of Technology's College of Engineering(Autonomous), Kolhapur",Un-Aided Autonomous,Un-Aided,true,144,626724210,Computer Science and Engineering,180,117,0,27,36,1,18,626724211T,9,FE_2023_SeatMatrix.pdf,345,false,
2023-24,FE,6267,"Kolhapur Institute of Technology's College of Engineering(Autonomous), Kolhapur",Un-Aided Autonomous,Un-Aided,true,144,626726210,Computer Science and Business Systems,180,117,0,27,36,1,18,626726211T,9,FE_2023_SeatMatrix.pdf,346,false,
2023-24,FE,6267,"Kolhapur Institute of Technology's College of Engineering(Autonomous), Kolhapur",Un-Aided Autonomous,Un-Aided,true,48,626729310,Electrical Engineering,60,39,0,9,12,0,6,626729311T,3,FE_2023_SeatMatrix.pdf,347,false,
2023-24,FE,6267,"Kolhapur Institute of Technology's College of Engineering(Autonomous), Kolhapur",Un-Aided Autonomous,Un-Aided,true,96,626737210,Electronics and Telecommunication Engg,120,78,0,18,24,1,12,626737211T,6,FE_2023_SeatMatrix.pdf,348,false,
2023-24,FE,6267,"Kolhapur Institute of Technology's College of Engineering(Autonomous), Kolhapur",Un-Aided Autonomous,Un-Aided,true,144,626761210,Mechanical Engineering,180,117,0,27,36,1,18,626761211T,9,FE_2023_SeatMatrix.pdf,349,false,
2023-24,FE,6267,"Kolhapur Institute of Technology's College of Engineering(Autonomous), Kolhapur",Un-Aided Autonomous,Un-Aided,true,96,626791110,Computer Science and Engineering(Artificial,120,78,0,18,24,1,12,626791111T,6,FE_2023_SeatMatrix.pdf,350,false,
2023-24,FE,6267,"Kolhapur Institute of Technology's College of Engineering(Autonomous), Kolhapur",Un-Aided Autonomous,Un-Aided,true,48,626791210,Computer Science and Engineering(Data Science),60,39,0,9,12,0,6,626791211T,3,FE_2023_SeatMatrix.pdf,351,false,
2023-24,FE,6267,"Kolhapur Institute of Technology's College of Engineering(Autonomous), Kolhapur",Un-Aided Autonomous,Un-Aided,true,54,626792210,Civil and Environmental Engineering,60,45,0,9,6,0,6,626792211T,3,FE_2023_SeatMatrix.pdf,352,false,
2023-24,FE,6268,"Tatyasaheb Kore Institute of Engineering and Technology, Warananagar",Un-Aided Autonomous,Un-Aided,true,120,626819110,Civil Engineering,120,102,0,18,0,1,12,,0,FE_2023_SeatMatrix.pdf,353,false,
2023-24,FE,6268,"Tatyasaheb Kore Institute of Engineering and Technology, Warananagar",Un-Aided Autonomous,Un-Aided,true,144,626824210,Computer Science and Engineering,180,117,0,27,36,1,18,626824211T,9,FE_2023_SeatMatrix.pdf,354,false,
2023-24,FE,6268,"Tatyasaheb Kore Institute of Engineering and Technology, Warananagar",Un-Aided Autonomous,Un-Aided,true,48,626837210,Electronics and Telecommunication Engg,60,39,0,9,12,0,6,626837211T,3,FE_2023_SeatMatrix.pdf,355,false,
2023-24,FE,6268,"Tatyasaheb Kore Institute of Engineering and Technology, Warananagar",Un-Aided Autonomous,Un-Aided,true,59,626850710,Chemical Engineering,60,50,0,9,1,1,6,626850711T,3,FE_2023_SeatMatrix.pdf,356,false,
2023-24,FE,6268,"Tatyasaheb Kore Institute of Engineering and Technology, Warananagar",Un-Aided Autonomous,Un-Aided,true,180,626861210,Mechanical Engineering,180,153,0,27,0,2,18,,0,FE_2023_SeatMatrix.pdf,357,false,
2023-24,FE,6273,"Bansilal Ramnath Agarawal Charitable Trust's Vishwakarma Institute of Technology, Bibwewadi, Pune",Un-Aided Autonomous,Un-Aided,true,192,627324510,Computer Engineering,240,156,0,36,48,2,24,627324511T,12,FE_2023_SeatMatrix.pdf,358,false,
2023-24,FE,6273,"Bansilal Ramnath Agarawal Charitable Trust's Vishwakarma Institute of Technology, Bibwewadi, Pune",Un-Aided Autonomous,Un-Aided,true,144,627324610,Information Technology,180,117,0,27,36,1,18,627324611T,9,FE_2023_SeatMatrix.pdf,359,false,
2023-24,FE,6273,"Bansilal Ramnath Agarawal Charitable Trust's Vishwakarma Institute of Technology, Bibwewadi, Pune",Un-Aided Autonomous,Un-Aided,true,156,627337210,Electronics and Telecommunication Engg,180,129,0,27,24,1,18,627337211T,9,FE_2023_SeatMatrix.pdf,360,false,
2023-24,FE,6273,"Bansilal Ramnath Agarawal Charitable Trust's Vishwakarma Institute of Technology, Bibwewadi, Pune",Un-Aided Autonomous,Un-Aided,true,57,627346410,Instrumentation and Control Engineering,60,48,0,9,3,0,6,627346411T,3,FE_2023_SeatMatrix.pdf,361,false,
2023-24,FE,6273,"Bansilal Ramnath Agarawal Charitable Trust's Vishwakarma Institute of Technology, Bibwewadi, Pune",Un-Aided Autonomous,Un-Aided,true,57,627350710,Chemical Engineering,60,48,0,9,3,0,6,627350711T,3,FE_2023_SeatMatrix.pdf,362,false,
2023-24,FE,6273,"Bansilal Ramnath Agarawal Charitable Trust's Vishwakarma Institute of Technology, Bibwewadi, Pune",Un-Aided Autonomous,Un-Aided,true,171,627361210,Mechanical Engineering,180,144,0,27,9,1,18,627361211T,9,FE_2023_SeatMatrix.pdf,363,false,
2023-24,FE,6273,"Bansilal Ramnath Agarawal Charitable Trust's Vishwakarma Institute of Technology, Bibwewadi, Pune",Un-Aided Autonomous,Un-Aided,true,96,627391110,Computer Science and Engineering(Artificial,120,78,0,18,24,1,12,627391111T,6,FE_2023_SeatMatrix.pdf,364,false,
2023-24,FE,6273,"Bansilal Ramnath Agarawal Charitable Trust's Vishwakarma Institute of Technology, Bibwewadi, Pune",Un-Aided Autonomous,Un-Aided,true,96,627391310,Computer Science and Engineering (Artificial,120,78,0,18,24,1,12,627391311T,6,FE_2023_SeatMatrix.pdf,365,false,
2023-24,FE,6273,"Bansilal Ramnath Agarawal Charitable Trust's Vishwakarma Institute of Technology, Bibwewadi, Pune",Un-Aided Autonomous,Un-Aided,true,144,627399510,Artificial Intelligence and Data Science,180,117,0,27,36,1,18,627399511T,9,FE_2023_SeatMatrix.pdf,366,false,
2023-24,FE,6282,"All India Shri Shivaji Memorial Society's Institute of Information Technology,Pune",Un-Aided Autonomous,Un-Aided,true,96,628224510,Computer Engineering,120,78,0,18,24,1,12,628224511T,6,FE_2023_SeatMatrix.pdf,372,false,
2023-24,FE,6282,"All India Shri Shivaji Memorial Society's Institute of Information Technology,Pune",Un-Aided Autonomous,Un-Aided,true,48,628224610,Information Technology,60,39,0,9,12,0,6,628224611T,3,FE_2023_SeatMatrix.pdf,373,false,
2023-24,FE,6282,"All India Shri Shivaji Memorial Society's Institute of Information Technology,Pune",Un-Aided Autonomous,Un-Aided,true,57,628229310,Electrical Engineering,60,48,0,9,3,0,6,628229311T,3,FE_2023_SeatMatrix.pdf,374,false,
2023-24,FE,6282,"All India Shri Shivaji Memorial Society's Institute of Information Technology,Pune",Un-Aided Autonomous,Un-Aided,true,96,628237210,Electronics and Telecommunication Engg,120,78,0,18,24,1,12,628237211T,6,FE_2023_SeatMatrix.pdf,375,false,
2023-24,FE,6282,"All India Shri Shivaji Memorial Society's Institute of Information Technology,Pune",Un-Aided Autonomous,Un-Aided,true,57,628246610,Instrumentation Engineering,60,48,0,9,3,0,6,628246611T,3,FE_2023_SeatMatrix.pdf,376,false,
2023-24,FE,6282,"All India Shri Shivaji Memorial Society's Institute of Information Technology,Pune",Un-Aided Autonomous,Un-Aided,true,96,628299510,Artificial Intelligence and Data Science,120,78,0,18,24,1,12,628299511T,6,FE_2023_SeatMatrix.pdf,377,false,
2023-24,FE,6283,"Annasaheb Dange College of Engineering and Technology, Ashta, Sangli",Un-Aided Autonomous,Un-Aided,true,60,628300210,Aeronautical Engineering,60,51,0,9,0,1,6,628300211T,3,FE_2023_SeatMatrix.pdf,378,false,
2023-24,FE,6283,"Annasaheb Dange College of Engineering and Technology, Ashta, Sangli",Un-Aided Autonomous,Un-Aided,true,60,628319110,Civil Engineering,60,51,0,9,0,1,6,,0,FE_2023_SeatMatrix.pdf,379,false,
2023-24,FE,6283,"Annasaheb Dange College of Engineering and Technology, Ashta, Sangli",Un-Aided Autonomous,Un-Aided,true,96,628324210,Computer Science and Engineering,120,78,0,18,24,1,12,628324211T,6,FE_2023_SeatMatrix.pdf,380,false,
2023-24,FE,6283,"Annasaheb Dange College of Engineering and Technology, Ashta, Sangli",Un-Aided Autonomous,Un-Aided,true,48,628326310,Artificial Intelligence (AI) and Data Science,60,39,0,9,12,0,6,628326311T,3,FE_2023_SeatMatrix.pdf,381,false,
2023-24,FE,6283,"Annasaheb Dange College of Engineering and Technology, Ashta, Sangli",Un-Aided Autonomous,Un-Aided,true,120,628329310,Electrical Engineering,120,102,0,18,0,1,12,628329311T,6,FE_2023_SeatMatrix.pdf,382,false,
2023-24,FE,6283,"Annasaheb Dange College of Engineering and Technology, Ashta, Sangli",Un-Aided Autonomous,Un-Aided,true,60,628350310,Food Technology,60,51,0,9,0,1,6,,0,FE_2023_SeatMatrix.pdf,383,false,
2023-24,FE,6283,"Annasaheb Dange College of Engineering and Technology, Ashta, Sangli",Un-Aided Autonomous,Un-Aided,true,120,628361210,Mechanical Engineering,120,102,0,18,0,1,12,,0,FE_2023_SeatMatrix.pdf,384,false,
2023-24,FE,6283,"Annasaheb Dange College of Engineering and Technology, Ashta, Sangli",Un-Aided Autonomous,Un-Aided,true,48,628392010,Computer Science and Engineering (Internet of,60,39,0,9,12,0,6,628392011T,3,FE_2023_SeatMatrix.pdf,385,false,
2023-24,FE,6284,"Vidya Pratishthan's Kamalnayan Bajaj Institute of Engineering & Technology, Baramati Dist.Pune",Un-Aided Autonomous,Un-Aided,true,60,628419110,Civil Engineering,60,51,0,9,0,1,6,628419111T,3,FE_2023_SeatMatrix.pdf,386,false,
2023-24,FE,6284,"Vidya Pratishthan's Kamalnayan Bajaj Institute of Engineering & Technology, Baramati Dist.Pune",Un-Aided Autonomous,Un-Aided,true,96,628424510,Computer Engineering,120,78,0,18,24,1,12,628424511T,6,FE_2023_SeatMatrix.pdf,387,false,
2023-24,FE,6284,"Vidya Pratishthan's Kamalnayan Bajaj Institute of Engineering & Technology, Baramati Dist.Pune",Un-Aided Autonomous,Un-Aided,true,48,628424610,Information Technology,60,39,0,9,12,0,6,628424611T,3,FE_2023_SeatMatrix.pdf,388,false,
2023-24,FE,6284,"Vidya Pratishthan's Kamalnayan Bajaj Institute of Engineering & Technology, Baramati Dist.Pune",Un-Aided Autonomous,Un-Aided,true,60,628429310,Electrical Engineering,60,51,0,9,0,1,6,628429311T,3,FE_2023_SeatMatrix.pdf,389,false,
2023-24,FE,6284,"Vidya Pratishthan's Kamalnayan Bajaj Institute of Engineering & Technology, Baramati Dist.Pune",Un-Aided Autonomous,Un-Aided,true,60,628437210,Electronics and Telecommunication Engg,60,51,0,9,0,1,6,628437211T,3,FE_2023_SeatMatrix.pdf,390,false,
2023-24,FE,6284,"Vidya Pratishthan's Kamalnayan Bajaj Institute of Engineering & Technology, Baramati Dist.Pune",Un-Aided Autonomous,Un-Aided,true,60,628461210,Mechanical Engineering,60,51,0,9,0,1,6,628461211T,3,FE_2023_SeatMatrix.pdf,391,false,
2023-24,FE,6284,"Vidya Pratishthan's Kamalnayan Bajaj Institute of Engineering & Technology, Baramati Dist.Pune",Un-Aided Autonomous,Un-Aided,true,96,628499510,Artificial Intelligence and Data Science,120,78,0,18,24,1,12,628499511T,6,FE_2023_SeatMatrix.pdf,392,false,
2023-24,FE,6289,"B.R.A.C.T's Vishwakarma Institute of Information Technology, Kondhwa (Bk.), Pune",Un-Aided Autonomous,Un-Aided,true,57,628919110,Civil Engineering,60,48,0,9,3,0,6,628919111T,3,FE_2023_SeatMatrix.pdf,393,false,
2023-24,FE,6289,"B.R.A.C.T's Vishwakarma Institute of Information Technology, Kondhwa (Bk.), Pune",Un-Aided Autonomous,Un-Aided,true,192,628924510,Computer Engineering,240,156,0,36,48,2,24,628924511T,12,FE_2023_SeatMatrix.pdf,394,false,
2023-24,FE,6289,"B.R.A.C.T's Vishwakarma Institute of Information Technology, Kondhwa (Bk.), Pune",Un-Aided Autonomous,Un-Aided,true,144,628924610,Information Technology,180,117,0,27,36,1,18,628924611T,9,FE_2023_SeatMatrix.pdf,395,false,
2023-24,FE,6289,"B.R.A.C.T's Vishwakarma Institute of Information Technology, Kondhwa (Bk.), Pune",Un-Aided Autonomous,Un-Aided,true,177,628937210,Electronics and Telecommunication Engg,180,150,0,27,3,2,18,628937211T,9,FE_2023_SeatMatrix.pdf,396,false,
2023-24,FE,6289,"B.R.A.C.T's Vishwakarma Institute of Information Technology, Kondhwa (Bk.), Pune",Un-Aided Autonomous,Un-Aided,true,120,628961210,Mechanical Engineering,120,102,0,18,0,1,12,628961211T,6,FE_2023_SeatMatrix.pdf,397,false,
2023-24,FE,6289,"B.R.A.C.T's Vishwakarma Institute of Information Technology, Kondhwa (Bk.), Pune",Un-Aided Autonomous,Un-Aided,true,48,628991110,Computer Science and Engineering(Artificial,60,39,0,9,12,0,6,628991111T,3,FE_2023_SeatMatrix.pdf,398,false,
2023-24,FE,6289,"B.R.A.C.T's Vishwakarma Institute of Information Technology, Kondhwa (Bk.), Pune",Un-Aided Autonomous,Un-Aided,true,57,628991210,Computer Science and Engineering(Data Science),60,48,0,9,3,0,6,628991211T,3,FE_2023_SeatMatrix.pdf,399,false,
2023-24,FE,6289,"B.R.A.C.T's Vishwakarma Institute of Information Technology, Kondhwa (Bk.), Pune",Un-Aided Autonomous,Un-Aided,true,105,628991310,Computer Science and Engineering (Artificial,120,87,0,18,15,1,12,628991311T,6,FE_2023_SeatMatrix.pdf,400,false,
2023-24,FE,6289,"B.R.A.C.T's Vishwakarma Institute of Information Technology, Kondhwa (Bk.), Pune",Un-Aided Autonomous,Un-Aided,true,57,628992010,Computer Science and Engineering (Internet of,60,48,0,9,3,0,6,628992011T,3,FE_2023_SeatMatrix.pdf,401,false,
2023-24,FE,6289,"B.R.A.C.T's Vishwakarma Institute of Information Technology, Kondhwa (Bk.), Pune",Un-Aided Autonomous,Un-Aided,true,57,628992710,Computer Engineering (Software Engineering),60,48,0,9,3,0,6,628992711T,3,FE_2023_SeatMatrix.pdf,402,false,
2023-24,FE,6289,"B.R.A.C.T's Vishwakarma Institute of Information Technology, Kondhwa (Bk.), Pune",Un-Aided Autonomous,Un-Aided,true,144,628999510,Artificial Intelligence and Data Science,180,117,0,27,36,1,18,628999511T,9,FE_2023_SeatMatrix.pdf,403,false,
2023-24,FE,6317,"Sharad Institute of Technology College of Engineering, Yadrav(Ichalkaranji)",Un-Aided Autonomous,Un-Aided,true,60,631719110,Civil Engineering,60,51,0,9,0,1,6,,0,FE_2023_SeatMatrix.pdf,404,false,
2023-24,FE,6317,"Sharad Institute of Technology College of Engineering, Yadrav(Ichalkaranji)",Un-Aided Autonomous,Un-Aided,true,144,631724210,Computer Science and Engineering,180,117,0,27,36,1,18,631724211T,9,FE_2023_SeatMatrix.pdf,405,false,
2023-24,FE,6317,"Sharad Institute of Technology College of Engineering, Yadrav(Ichalkaranji)",Un-Aided Autonomous,Un-Aided,true,57,631729310,Electrical Engineering,60,48,0,9,3,0,6,631729311T,3,FE_2023_SeatMatrix.pdf,406,false,
2023-24,FE,6317,"Sharad Institute of Technology College of Engineering, Yadrav(Ichalkaranji)",Un-Aided Autonomous,Un-Aided,true,60,631761210,Mechanical Engineering,60,51,0,9,0,1,6,631761211T,3,FE_2023_SeatMatrix.pdf,407,false,
2023-24,FE,6317,"Sharad Institute of Technology College of Engineering, Yadrav(Ichalkaranji)",Un-Aided Autonomous,Un-Aided,true,57,631762410,Mechatronics Engineering,60,48,0,9,3,0,6,631762411T,3,FE_2023_SeatMatrix.pdf,408,false,
2023-24,FE,6317,"Sharad Institute of Technology College of Engineering, Yadrav(Ichalkaranji)",Un-Aided Autonomous,Un-Aided,true,96,631784410,Electronics and Computer Engineering,120,78,0,18,24,1,12,631784411T,6,FE_2023_SeatMatrix.pdf,409,false,
2023-24,FE,6317,"Sharad Institute of Technology College of Engineering, Yadrav(Ichalkaranji)",Un-Aided Autonomous,Un-Aided,true,57,631791610,Automation and Robotics,60,48,0,9,3,0,6,631791611T,3,FE_2023_SeatMatrix.pdf,410,false,
2023-24,FE,6317,"Sharad Institute of Technology College of Engineering, Yadrav(Ichalkaranji)",Un-Aided Autonomous,Un-Aided,true,48,631799510,Artificial Intelligence and Data Science,60,39,0,9,12,0,6,631799511T,3,FE_2023_SeatMatrix.pdf,411,false,
2023-24,FE,6780,"D.Y.Patil Education Society's,D.Y.Patil Technical Campus, Faculty of Engineering & Faculty of Management,Talsande,Kolhapur.",Un-Aided Autonomous,Un-Aided,true,60,678091210,Computer Science and Engineering(Data Science),60,51,0,9,0,1,6,678091211T,3,FE_2023_SeatMatrix.pdf,412,false,
2023-24,FE,2021,"University Department of Chemical Technology, Aurangabad",University Department,University Department,false,10,202150310,Food Technology,10,10,0,0,0,0,1,,0,FE_2023_SeatMatrix.pdf,413,false,
2023-24,FE,2021,"University Department of Chemical Technology, Aurangabad",University Department,University Department,false,12,202181610,Pharmaceutical and Fine Chemical Technology,12,12,0,0,0,0,1,202181611T,1,FE_2023_SeatMatrix.pdf,414,false,
2023-24,FE,2111,"Everest Education Society, Group of Institutions (Integrated Campus), Ohar",Un-Aided Religious Minority - Muslim,Un-Aided Religious Minority - Muslim,false,24,211119110,Civil Engineering,30,8,15,1,6,0,0,,0,FE_2023_SeatMatrix.pdf,415,false,
2023-24,FE,2111,"Everest Education Society, Group of Institutions (Integrated Campus), Ohar",Un-Aided Religious Minority - Muslim,Un-Aided Religious Minority - Muslim,false,24,211124210,Computer Science and Engineering,30,8,15,1,6,0,0,211124211T,2,FE_2023_SeatMatrix.pdf,416,false,
2023-24,FE,2111,"Everest Education Society, Group of Institutions (Integrated Campus), Ohar",Un-Aided Religious Minority - Muslim,Un-Aided Religious Minority - Muslim,false,24,211129310,Electrical Engineering,30,8,15,1,6,0,0,,0,FE_2023_SeatMatrix.pdf,417,false,
2023-24,FE,2111,"Everest Education Society, Group of Institutions (Integrated Campus), Ohar",Un-Aided Religious Minority - Muslim,Un-Aided Religious Minority - Muslim,false,24,211161210,Mechanical Engineering,30,8,15,1,6,0,0,,0,FE_2023_SeatMatrix.pdf,418,false,
2023-24,FE,2137,"Nagnathappa Halge Engineering College, Parli, Beed",Un-Aided,Un-Aided,false,90,213719110,Civil Engineering,90,76,0,14,0,1,9,,0,FE_2023_SeatMatrix.pdf,419,false,
2023-24,FE,2137,"Nagnathappa Halge Engineering College, Parli, Beed",Un-Aided,Un-Aided,false,30,213724210,Computer Science and Engineering,30,25,0,5,0,0,3,213724211T,2,FE_2023_SeatMatrix.pdf,420,false,
2023-24,FE,2137,"Nagnathappa Halge Engineering College, Parli, Beed",Un-Aided,Un-Aided,false,30,213729710,Electrical and Electronics Engineering,30,25,0,5,0,0,3,,0,FE_2023_SeatMatrix.pdf,421,false,
2023-24,FE,2137,"Nagnathappa Halge Engineering College, Parli, Beed",Un-Aided,Un-Aided,false,60,213761210,Mechanical Engineering,60,51,0,9,0,1,6,,0,FE_2023_SeatMatrix.pdf,422,false,
2023-24,FE,2146,"Adarsh Shikshan Prasarak Mandal's K. T. Patil College of Engineering and Technology, Osmanabad",Un-Aided,Un-Aided,false,30,214619110,Civil Engineering,30,25,0,5,0,0,3,,0,FE_2023_SeatMatrix.pdf,423,false,
2023-24,FE,2146,"Adarsh Shikshan Prasarak Mandal's K. T. Patil College of Engineering and Technology, Osmanabad",Un-Aided,Un-Aided,false,30,214629710,Electrical and Electronics Engineering,30,25,0,5,0,0,3,,0,FE_2023_SeatMatrix.pdf,424,false,
2023-24,FE,2146,"Adarsh Shikshan Prasarak Mandal's K. T. Patil College of Engineering and Technology, Osmanabad",Un-Aided,Un-Aided,false,30,214661210,Mechanical Engineering,30,25,0,5,0,0,3,,0,FE_2023_SeatMatrix.pdf,425,false,
2023-24,FE,2516,International Centre Of Excellence In Engineering and Management (ICEEM),Un-Aided,Un-Aided,false,30,251619110,Civil Engineering,30,25,0,5,0,0,3,,0,FE_2023_SeatMatrix.pdf,426,false,
2023-24,FE,2516,International Centre Of Excellence In Engineering and Management (ICEEM),Un-Aided,Un-Aided,false,96,251624210,Computer Science and Engineering,120,78,0,18,24,1,12,251624211T,6,FE_2023_SeatMatrix.pdf,427,false,
2023-24,FE,2516,International Centre Of Excellence In Engineering and Management (ICEEM),Un-Aided,Un-Aided,false,30,251629710,Electrical and Electronics Engineering,30,25,0,5,0,0,3,,0,FE_2023_SeatMatrix.pdf,428,false,
2023-24,FE,2516,International Centre Of Excellence In Engineering and Management (ICEEM),Un-Aided,Un-Aided,false,30,251661210,Mechanical Engineering,30,25,0,5,0,0,3,,0,FE_2023_SeatMatrix.pdf,429,false,
2023-24,FE,2516,International Centre Of Excellence In Engineering and Management (ICEEM),Un-Aided,Un-Aided,false,48,251692110,Artificial Intelligence and Machine Learning,60,39,0,9,12,0,6,251692111T,3,FE_2023_SeatMatrix.pdf,430,false,
2023-24,FE,1012,"Government College of Engineering,Yavatmal",Government,Government,false,60,101219110,Civil Engineering,60,60,0,0,0,1,6,101219111T,3,FE_2023_SeatMatrix.pdf,431,false,
2023-24,FE,1012,"Government College of Engineering,Yavatmal",Government,Government,false,60,101224510,Computer Engineering,60,60,0,0,0,1,6,101224511T,3,FE_2023_SeatMatrix.pdf,432,false,
2023-24,FE,1012,"Government College of Engineering,Yavatmal",Government,Government,false,60,101229310,Electrical Engineering,60,60,0,0,0,1,6,101229311T,3,FE_2023_SeatMatrix.pdf,433,false,
2023-24,FE,1012,"Government College of Engineering,Yavatmal",Government,Government,false,60,101237210,Electronics and Telecommunication Engg,60,60,0,0,0,1,6,101237211T,3,FE_2023_SeatMatrix.pdf,434,false,
2023-24,FE,1012,"Government College of Engineering,Yavatmal",Government,Government,false,60,101261210,Mechanical Engineering,60,60,0,0,0,1,6,101261211T,3,FE_2023_SeatMatrix.pdf,435,false,
2023-24,FE,2112,"Shree Yash Pratishthan, Shreeyash College of Engineering and Technology, Aurangabad",Un-Aided,Un-Aided,false,30,211219110,Civil Engineering,30,25,0,5,0,0,3,,0,FE_2023_SeatMatrix.pdf,436,false,
2023-24,FE,2112,"Shree Yash Pratishthan, Shreeyash College of Engineering and Technology, Aurangabad",Un-Aided,Un-Aided,false,96,211224210,Computer Science and Engineering,120,78,0,18,24,1,12,211224211T,6,FE_2023_SeatMatrix.pdf,437,false,
2023-24,FE,2112,"Shree Yash Pratishthan, Shreeyash College of Engineering and Technology, Aurangabad",Un-Aided,Un-Aided,false,60,211229310,Electrical Engineering,60,51,0,9,0,1,6,211229311T,3,FE_2023_SeatMatrix.pdf,438,false,
2023-24,FE,2112,"Shree Yash Pratishthan, Shreeyash College of Engineering and Technology, Aurangabad",Un-Aided,Un-Aided,false,60,211261210,Mechanical Engineering,60,51,0,9,0,1,6,211261211T,3,FE_2023_SeatMatrix.pdf,439,false,
2023-24,FE,2112,"Shree Yash Pratishthan, Shreeyash College of Engineering and Technology, Aurangabad",Un-Aided,Un-Aided,false,60,211284410,Electronics and Computer Engineering,60,51,0,9,0,1,6,211284411T,3,FE_2023_SeatMatrix.pdf,440,false,
2023-24,FE,2112,"Shree Yash Pratishthan, Shreeyash College of Engineering and Technology, Aurangabad",Un-Aided,Un-Aided,false,30,211291110,Computer Science and Engineering(Artificial,30,25,0,5,0,0,3,211291111T,2,FE_2023_SeatMatrix.pdf,441,false,
2023-24,FE,2112,"Shree Yash Pratishthan, Shreeyash College of Engineering and Technology, Aurangabad",Un-Aided,Un-Aided,false,60,211291210,Computer Science and Engineering(Data Science),60,51,0,9,0,1,6,211291211T,3,FE_2023_SeatMatrix.pdf,442,false,
2023-24,FE,2112,"Shree Yash Pratishthan, Shreeyash College of Engineering and Technology, Aurangabad",Un-Aided,Un-Aided,false,30,211292910,VLSI,30,25,0,5,0,0,3,211292911T,2,FE_2023_SeatMatrix.pdf,443,false,
2023-24,FE,2112,"Shree Yash Pratishthan, Shreeyash College of Engineering and Technology, Aurangabad",Un-Aided,Un-Aided,false,30,211293010,Logistics,30,25,0,5,0,0,3,211293011T,2,FE_2023_SeatMatrix.pdf,444,false,
2023-24,FE,2112,"Shree Yash Pratishthan, Shreeyash College of Engineering and Technology, Aurangabad",Un-Aided,Un-Aided,false,30,211293210,5G,30,25,0,5,0,0,3,211293211T,2,FE_2023_SeatMatrix.pdf,445,false,
2023-24,FE,2114,"Deogiri Institute of Engineering and Management Studies, Aurangabad",Un-Aided,Un-Aided,false,120,211419110,Civil Engineering,120,102,0,18,0,1,12,211419111T,6,FE_2023_SeatMatrix.pdf,446,false,
2023-24,FE,2114,"Deogiri Institute of Engineering and Management Studies, Aurangabad",Un-Aided,Un-Aided,false,96,211424210,Computer Science and Engineering,120,78,0,18,24,1,12,211424211T,6,FE_2023_SeatMatrix.pdf,447,false,
2023-24,FE,2114,"Deogiri Institute of Engineering and Management Studies, Aurangabad",Un-Aided,Un-Aided,false,108,211437210,Electronics and Telecommunication Engg,120,90,0,18,12,1,12,211437211T,6,FE_2023_SeatMatrix.pdf,448,false,
2023-24,FE,2114,"Deogiri Institute of Engineering and Management Studies, Aurangabad",Un-Aided,Un-Aided,false,120,211461210,Mechanical Engineering,120,102,0,18,0,1,12,211461211T,6,FE_2023_SeatMatrix.pdf,449,false,
2023-24,FE,2114,"Deogiri Institute of Engineering and Management Studies, Aurangabad",Un-Aided,Un-Aided,false,48,211491110,Computer Science and Engineering(Artificial,60,39,0,9,12,0,6,211491111T,3,FE_2023_SeatMatrix.pdf,450,false,
2023-24,FE,2116,"Matoshri Pratishan's Group of Institutions (Integrated Campus), Kupsarwadi , Nanded",Un-Aided,Un-Aided,false,60,211619110,Civil Engineering,60,51,0,9,0,1,6,,0,FE_2023_SeatMatrix.pdf,451,false,
2023-24,FE,2116,"Matoshri Pratishan's Group of Institutions (Integrated Campus), Kupsarwadi , Nanded",Un-Aided,Un-Aided,false,48,211624210,Computer Science and Engineering,60,39,0,9,12,0,6,211624211T,3,FE_2023_SeatMatrix.pdf,452,false,
2023-24,FE,2116,"Matoshri Pratishan's Group of Institutions (Integrated Campus), Kupsarwadi , Nanded",Un-Aided,Un-Aided,false,30,211626310,Artificial Intelligence (AI) and Data Science,30,25,0,5,0,0,3,211626311T,2,FE_2023_SeatMatrix.pdf,453,false,
2023-24,FE,2116,"Matoshri Pratishan's Group of Institutions (Integrated Campus), Kupsarwadi , Nanded",Un-Aided,Un-Aided,false,60,211629310,Electrical Engineering,60,51,0,9,0,1,6,,0,FE_2023_SeatMatrix.pdf,454,false,
2023-24,FE,2116,"Matoshri Pratishan's Group of Institutions (Integrated Campus), Kupsarwadi , Nanded",Un-Aided,Un-Aided,false,30,211637210,Electronics and Telecommunication Engg,30,25,0,5,0,0,3,211637211T,2,FE_2023_SeatMatrix.pdf,455,false,
2023-24,FE,2116,"Matoshri Pratishan's Group of Institutions (Integrated Campus), Kupsarwadi , Nanded",Un-Aided,Un-Aided,false,30,211661510,Mechanical & Automation Engineering,30,25,0,5,0,0,3,211661511T,2,FE_2023_SeatMatrix.pdf,456,false,
2023-24,FE,2116,"Matoshri Pratishan's Group of Institutions (Integrated Campus), Kupsarwadi , Nanded",Un-Aided,Un-Aided,false,30,211691110,Computer Science and Engineering(Artificial,30,25,0,5,0,0,3,211691111T,2,FE_2023_SeatMatrix.pdf,457,false,
2023-24,FE,2127,"Mahatma Gandhi Missions College of Engineering, Hingoli Rd, Nanded.",Un-Aided,Un-Aided,false,60,212719110,Civil Engineering,60,51,0,9,0,1,6,,0,FE_2023_SeatMatrix.pdf,458,false,
2023-24,FE,2127,"Mahatma Gandhi Missions College of Engineering, Hingoli Rd, Nanded.",Un-Aided,Un-Aided,false,96,212724210,Computer Science and Engineering,120,78,0,18,24,1,12,212724211T,6,FE_2023_SeatMatrix.pdf,459,false,
2023-24,FE,2127,"Mahatma Gandhi Missions College of Engineering, Hingoli Rd, Nanded.",Un-Aided,Un-Aided,false,48,212724610,Information Technology,60,39,0,9,12,0,6,212724611T,3,FE_2023_SeatMatrix.pdf,460,false,
2023-24,FE,2127,"Mahatma Gandhi Missions College of Engineering, Hingoli Rd, Nanded.",Un-Aided,Un-Aided,false,57,212737210,Electronics and Telecommunication Engg,60,48,0,9,3,0,6,212737211T,3,FE_2023_SeatMatrix.pdf,461,false,
2023-24,FE,2127,"Mahatma Gandhi Missions College of Engineering, Hingoli Rd, Nanded.",Un-Aided,Un-Aided,false,60,212761210,Mechanical Engineering,60,51,0,9,0,1,6,,0,FE_2023_SeatMatrix.pdf,462,false,
2023-24,FE,2129,"M.S. Bidve Engineering College, Latur",Un-Aided,Un-Aided,false,48,212919110,Civil Engineering,60,39,0,9,12,0,6,,0,FE_2023_SeatMatrix.pdf,463,false,
2023-24,FE,2129,"M.S. Bidve Engineering College, Latur",Un-Aided,Un-Aided,false,48,212924210,Computer Science and Engineering,60,39,0,9,12,0,6,212924211T,3,FE_2023_SeatMatrix.pdf,464,false,
2023-24,FE,2129,"M.S. Bidve Engineering College, Latur",Un-Aided,Un-Aided,false,48,212924610,Information Technology,60,39,0,9,12,0,6,212924611T,3,FE_2023_SeatMatrix.pdf,465,false,
2023-24,FE,2129,"M.S. Bidve Engineering College, Latur",Un-Aided,Un-Aided,false,48,212929810,Electrical Engg [Electrical and Power],60,39,0,9,12,0,6,,0,FE_2023_SeatMatrix.pdf,466,false,
2023-24,FE,2129,"M.S. Bidve Engineering College, Latur",Un-Aided,Un-Aided,false,48,212937610,Electronics Engineering,60,39,0,9,12,0,6,212937611T,3,FE_2023_SeatMatrix.pdf,467,false,
2023-24,FE,2129,"M.S. Bidve Engineering College, Latur",Un-Aided,Un-Aided,false,48,212961210,Mechanical Engineering,60,39,0,9,12,0,6,,0,FE_2023_SeatMatrix.pdf,468,false,
2023-24,FE,2130,"Terna Public Charitable Trust's College of Engineering, Osmanabad",Un-Aided,Un-Aided,false,60,213019110,Civil Engineering,60,51,0,9,0,1,6,,0,FE_2023_SeatMatrix.pdf,469,false,
2023-24,FE,2130,"Terna Public Charitable Trust's College of Engineering, Osmanabad",Un-Aided,Un-Aided,false,48,213024210,Computer Science and Engineering,60,39,0,9,12,0,6,213024211T,3,FE_2023_SeatMatrix.pdf,470,false,
2023-24,FE,2130,"Terna Public Charitable Trust's College of Engineering, Osmanabad",Un-Aided,Un-Aided,false,60,213037210,Electronics and Telecommunication Engg,60,51,0,9,0,1,6,213037211T,3,FE_2023_SeatMatrix.pdf,471,false,
2023-24,FE,2130,"Terna Public Charitable Trust's College of Engineering, Osmanabad",Un-Aided,Un-Aided,false,60,213061210,Mechanical Engineering,60,51,0,9,0,1,6,,0,FE_2023_SeatMatrix.pdf,472,false,
2023-24,FE,2130,"Terna Public Charitable Trust's College of Engineering, Osmanabad",Un-Aided,Un-Aided,false,60,213099510,Artificial Intelligence and Data Science,60,51,0,9,0,1,6,213099511T,3,FE_2023_SeatMatrix.pdf,473,false,
2023-24,FE,2131,"Shree Tuljabhavani College of Engineering, Tuljapur",Un-Aided,Un-Aided,false,30,213119110,Civil Engineering,30,25,0,5,0,0,3,,0,FE_2023_SeatMatrix.pdf,474,false,
2023-24,FE,2131,"Shree Tuljabhavani College of Engineering, Tuljapur",Un-Aided,Un-Aided,false,120,213124210,Computer Science and Engineering,120,102,0,18,0,1,12,213124211T,6,FE_2023_SeatMatrix.pdf,475,false,
2023-24,FE,2131,"Shree Tuljabhavani College of Engineering, Tuljapur",Un-Aided,Un-Aided,false,60,213137210,Electronics and Telecommunication Engg,60,51,0,9,0,1,6,213137211T,3,FE_2023_SeatMatrix.pdf,476,false,
2023-24,FE,2131,"Shree Tuljabhavani College of Engineering, Tuljapur",Un-Aided,Un-Aided,false,30,213161210,Mechanical Engineering,30,25,0,5,0,0,3,,0,FE_2023_SeatMatrix.pdf,477,false,
2023-24,FE,2133,"Mahatma Basaweshwar Education Society's College of Engineering, Ambejogai",Un-Aided,Un-Aided,false,60,213319110,Civil Engineering,60,51,0,9,0,1,6,,0,FE_2023_SeatMatrix.pdf,478,false,
2023-24,FE,2133,"Mahatma Basaweshwar Education Society's College of Engineering, Ambejogai",Un-Aided,Un-Aided,false,96,213324210,Computer Science and Engineering,120,78,0,18,24,1,12,213324211T,6,FE_2023_SeatMatrix.pdf,479,false,
2023-24,FE,2133,"Mahatma Basaweshwar Education Society's College of Engineering, Ambejogai",Un-Aided,Un-Aided,false,60,213329310,Electrical Engineering,60,51,0,9,0,1,6,,0,FE_2023_SeatMatrix.pdf,480,false,
2023-24,FE,2133,"Mahatma Basaweshwar Education Society's College of Engineering, Ambejogai",Un-Aided,Un-Aided,false,30,213361210,Mechanical Engineering,30,25,0,5,0,0,3,,0,FE_2023_SeatMatrix.pdf,481,false,
2023-24,FE,2133,"Mahatma Basaweshwar Education Society's College of Engineering, Ambejogai",Un-Aided,Un-Aided,false,48,213384410,Electronics and Computer Engineering,60,39,0,9,12,0,6,213384411T,3,FE_2023_SeatMatrix.pdf,482,false,
2023-24,FE,2134,"Peoples Education Society's College of Engineering, Aurangabad",Un-Aided,Un-Aided,false,60,213419110,Civil Engineering,60,51,0,9,0,1,6,,0,FE_2023_SeatMatrix.pdf,483,false,
2023-24,FE,2134,"Peoples Education Society's College of Engineering, Aurangabad",Un-Aided,Un-Aided,false,54,213424210,Computer Science and Engineering,60,45,0,9,6,0,6,213424211T,3,FE_2023_SeatMatrix.pdf,484,false,
2023-24,FE,2134,"Peoples Education Society's College of Engineering, Aurangabad",Un-Aided,Un-Aided,false,60,213429310,Electrical Engineering,60,51,0,9,0,1,6,213429311T,3,FE_2023_SeatMatrix.pdf,485,false,
2023-24,FE,2134,"Peoples Education Society's College of Engineering, Aurangabad",Un-Aided,Un-Aided,false,54,213437810,Electronics Engineering ( VLSI Design and,60,45,0,9,6,0,6,213437811T,3,FE_2023_SeatMatrix.pdf,486,false,
2023-24,FE,2134,"Peoples Education Society's College of Engineering, Aurangabad",Un-Aided,Un-Aided,false,60,213461510,Mechanical & Automation Engineering,60,51,0,9,0,1,6,,0,FE_2023_SeatMatrix.pdf,487,false,
2023-24,FE,2134,"Peoples Education Society's College of Engineering, Aurangabad",Un-Aided,Un-Aided,false,27,213484410,Electronics and Computer Engineering,30,22,0,5,3,0,3,213484411T,2,FE_2023_SeatMatrix.pdf,488,false,
2023-24,FE,2134,"Peoples Education Society's College of Engineering, Aurangabad",Un-Aided,Un-Aided,false,54,213491210,Computer Science and Engineering(Data Science),60,45,0,9,6,0,6,213491211T,3,FE_2023_SeatMatrix.pdf,489,false,
2023-24,FE,2135,"Hi-Tech Institute of Technology, Aurangabad",Un-Aided,Un-Aided,false,60,213519110,Civil Engineering,60,51,0,9,0,1,6,,0,FE_2023_SeatMatrix.pdf,490,false,
2023-24,FE,2135,"Hi-Tech Institute of Technology, Aurangabad",Un-Aided,Un-Aided,false,180,213524210,Computer Science and Engineering,180,153,0,27,0,2,18,213524211T,9,FE_2023_SeatMatrix.pdf,491,false,
2023-24,FE,2135,"Hi-Tech Institute of Technology, Aurangabad",Un-Aided,Un-Aided,false,60,213561210,Mechanical Engineering,60,51,0,9,0,1,6,213561211T,3,FE_2023_SeatMatrix.pdf,492,false,
2023-24,FE,2135,"Hi-Tech Institute of Technology, Aurangabad",Un-Aided,Un-Aided,false,60,213591110,Computer Science and Engineering(Artificial,60,51,0,9,0,1,6,213591111T,3,FE_2023_SeatMatrix.pdf,493,false,
2023-24,FE,2136,"Aditya Engineering College , Beed",Un-Aided,Un-Aided,false,60,213619110,Civil Engineering,60,51,0,9,0,1,6,,0,FE_2023_SeatMatrix.pdf,494,false,
2023-24,FE,2136,"Aditya Engineering College , Beed",Un-Aided,Un-Aided,false,60,213624210,Computer Science and Engineering,60,51,0,9,0,1,6,213624211T,3,FE_2023_SeatMatrix.pdf,495,false,
2023-24,FE,2136,"Aditya Engineering College , Beed",Un-Aided,Un-Aided,false,60,213624610,Information Technology,60,51,0,9,0,1,6,213624611T,3,FE_2023_SeatMatrix.pdf,496,false,
2023-24,FE,2136,"Aditya Engineering College , Beed",Un-Aided,Un-Aided,false,60,213629310,Electrical Engineering,60,51,0,9,0,1,6,,0,FE_2023_SeatMatrix.pdf,497,false,
2023-24,FE,2136,"Aditya Engineering College , Beed",Un-Aided,Un-Aided,false,60,213637210,Electronics and Telecommunication Engg,60,51,0,9,0,1,6,,0,FE_2023_SeatMatrix.pdf,498,false,
2023-24,FE,2136,"Aditya Engineering College , Beed",Un-Aided,Un-Aided,false,60,213661210,Mechanical Engineering,60,51,0,9,0,1,6,,0,FE_2023_SeatMatrix.pdf,499,false,
2023-24,FE,2136,"Aditya Engineering College , Beed",Un-Aided,Un-Aided,false,30,213691210,Computer Science and Engineering(Data Science),30,25,0,5,0,0,3,,0,FE_2023_SeatMatrix.pdf,500,false,
2023-24,FE,2136,"Aditya Engineering College , Beed",Un-Aided,Un-Aided,false,30,213692110,Artificial Intelligence and Machine Learning,30,25,0,5,0,0,3,,0,FE_2023_SeatMatrix.pdf,501,false,
2023-24,FE,2138,"Matsyodari Shikshan Sansatha's College of Engineering and Technology, Jalna",Un-Aided,Un-Aided,false,60,213819110,Civil Engineering,60,51,0,9,0,1,6,,0,FE_2023_SeatMatrix.pdf,502,false,
2023-24,FE,2138,"Matsyodari Shikshan Sansatha's College of Engineering and Technology, Jalna",Un-Aided,Un-Aided,false,54,213824210,Computer Science and Engineering,60,45,0,9,6,0,6,213824211T,3,FE_2023_SeatMatrix.pdf,503,false,
2023-24,FE,2138,"Matsyodari Shikshan Sansatha's College of Engineering and Technology, Jalna",Un-Aided,Un-Aided,false,30,213829310,Electrical Engineering,30,25,0,5,0,0,3,213829311T,2,FE_2023_SeatMatrix.pdf,504,false,
2023-24,FE,2138,"Matsyodari Shikshan Sansatha's College of Engineering and Technology, Jalna",Un-Aided,Un-Aided,false,60,213861210,Mechanical Engineering,60,51,0,9,0,1,6,,0,FE_2023_SeatMatrix.pdf,505,false,
2023-24,FE,2250,"Aurangabad College of Engineering, Naygaon Savangi, Aurangabad",Un-Aided,Un-Aided,false,36,225019110,Civil Engineering,36,31,0,5,0,0,4,,0,FE_2023_SeatMatrix.pdf,506,false,
2023-24,FE,2250,"Aurangabad College of Engineering, Naygaon Savangi, Aurangabad",Un-Aided,Un-Aided,false,15,225024210,Computer Science and Engineering,15,13,0,2,0,0,2,,0,FE_2023_SeatMatrix.pdf,507,false,
2023-24,FE,2250,"Aurangabad College of Engineering, Naygaon Savangi, Aurangabad",Un-Aided,Un-Aided,false,54,225029310,Electrical Engineering,54,46,0,8,0,0,5,,0,FE_2023_SeatMatrix.pdf,508,false,
2023-24,FE,2250,"Aurangabad College of Engineering, Naygaon Savangi, Aurangabad",Un-Aided,Un-Aided,false,15,225037210,Electronics and Telecommunication Engg,15,13,0,2,0,0,2,,0,FE_2023_SeatMatrix.pdf,509,false,
2023-24,FE,2250,"Aurangabad College of Engineering, Naygaon Savangi, Aurangabad",Un-Aided,Un-Aided,false,54,225061210,Mechanical Engineering,54,46,0,8,0,0,5,,0,FE_2023_SeatMatrix.pdf,510,false,
2023-24,FE,2252,"Marathwada Shikshan Prasarak Mandal's Shri Shivaji Institute of Engineering and Management Studies, Parbhani",Un-Aided,Un-Aided,false,60,225219110,Civil Engineering,60,51,0,9,0,1,6,,0,FE_2023_SeatMatrix.pdf,511,false,
2023-24,FE,2252,"Marathwada Shikshan Prasarak Mandal's Shri Shivaji Institute of Engineering and Management Studies, Parbhani",Un-Aided,Un-Aided,false,60,225224210,Computer Science and Engineering,60,51,0,9,0,1,6,225224211T,3,FE_2023_SeatMatrix.pdf,512,false,
2023-24,FE,2252,"Marathwada Shikshan Prasarak Mandal's Shri Shivaji Institute of Engineering and Management Studies, Parbhani",Un-Aided,Un-Aided,false,30,225229710,Electrical and Electronics Engineering,30,25,0,5,0,0,3,225229711T,2,FE_2023_SeatMatrix.pdf,513,false,
2023-24,FE,2252,"Marathwada Shikshan Prasarak Mandal's Shri Shivaji Institute of Engineering and Management Studies, Parbhani",Un-Aided,Un-Aided,false,60,225261210,Mechanical Engineering,60,51,0,9,0,1,6,,0,FE_2023_SeatMatrix.pdf,514,false,
2023-24,FE,2254,"Vilasrao Deshmukh Foundation Group of Institutions, Latur",Un-Aided,Un-Aided,false,60,225419110,Civil Engineering,60,51,0,9,0,1,6,,0,FE_2023_SeatMatrix.pdf,515,false,
2023-24,FE,2254,"Vilasrao Deshmukh Foundation Group of Institutions, Latur",Un-Aided,Un-Aided,false,48,225424510,Computer Engineering,60,39,0,9,12,0,6,225424511T,3,FE_2023_SeatMatrix.pdf,516,false,
2023-24,FE,2254,"Vilasrao Deshmukh Foundation Group of Institutions, Latur",Un-Aided,Un-Aided,false,60,225429310,Electrical Engineering,60,51,0,9,0,1,6,,0,FE_2023_SeatMatrix.pdf,517,false,
2023-24,FE,2254,"Vilasrao Deshmukh Foundation Group of Institutions, Latur",Un-Aided,Un-Aided,false,60,225437210,Electronics and Telecommunication Engg,60,51,0,9,0,1,6,,0,FE_2023_SeatMatrix.pdf,518,false,
2023-24,FE,2254,"Vilasrao Deshmukh Foundation Group of Institutions, Latur",Un-Aided,Un-Aided,false,60,225461210,Mechanical Engineering,60,51,0,9,0,1,6,,0,FE_2023_SeatMatrix.pdf,519,false,
2023-24,FE,2282,"Aditya Education Trust's Mitthulalji Sarada Polytechnic, Nalwandi Road, Beed",Un-Aided,Un-Aided,false,60,228219110,Civil Engineering,60,51,0,9,0,1,6,228219111T,3,FE_2023_SeatMatrix.pdf,520,false,
2023-24,FE,2282,"Aditya Education Trust's Mitthulalji Sarada Polytechnic, Nalwandi Road, Beed",Un-Aided,Un-Aided,false,90,228224510,Computer Engineering,90,76,0,14,0,1,9,228224511T,5,FE_2023_SeatMatrix.pdf,521,false,
2023-24,FE,2282,"Aditya Education Trust's Mitthulalji Sarada Polytechnic, Nalwandi Road, Beed",Un-Aided,Un-Aided,false,30,228224610,Information Technology,30,25,0,5,0,0,3,228224611T,2,FE_2023_SeatMatrix.pdf,522,false,
2023-24,FE,2282,"Aditya Education Trust's Mitthulalji Sarada Polytechnic, Nalwandi Road, Beed",Un-Aided,Un-Aided,false,90,228229310,Electrical Engineering,90,76,0,14,0,1,9,228229311T,5,FE_2023_SeatMatrix.pdf,523,false,
2023-24,FE,2282,"Aditya Education Trust's Mitthulalji Sarada Polytechnic, Nalwandi Road, Beed",Un-Aided,Un-Aided,false,30,228261210,Mechanical Engineering,30,25,0,5,0,0,3,228261211T,2,FE_2023_SeatMatrix.pdf,524,false,
2023-24,FE,2282,"Aditya Education Trust's Mitthulalji Sarada Polytechnic, Nalwandi Road, Beed",Un-Aided,Un-Aided,false,60,228290010,Electronics and Computer Science,60,51,0,9,0,1,6,228290011T,3,FE_2023_SeatMatrix.pdf,525,false,
2023-24,FE,2508,GRAMIN TECHNICAL AND MANAGEMENT CAMPUS NANDED.,Un-Aided,Un-Aided,false,60,250819110,Civil Engineering,60,51,0,9,0,1,6,,0,FE_2023_SeatMatrix.pdf,526,false,
2023-24,FE,2508,GRAMIN TECHNICAL AND MANAGEMENT CAMPUS NANDED.,Un-Aided,Un-Aided,false,108,250824510,Computer Engineering,120,90,0,18,12,1,12,250824511T,6,FE_2023_SeatMatrix.pdf,527,false,
2023-24,FE,2508,GRAMIN TECHNICAL AND MANAGEMENT CAMPUS NANDED.,Un-Aided,Un-Aided,false,60,250829310,Electrical Engineering,60,51,0,9,0,1,6,,0,FE_2023_SeatMatrix.pdf,528,false,
2023-24,FE,2508,GRAMIN TECHNICAL AND MANAGEMENT CAMPUS NANDED.,Un-Aided,Un-Aided,false,30,250850310,Food Technology,30,25,0,5,0,0,3,,0,FE_2023_SeatMatrix.pdf,529,false,
2023-24,FE,2508,GRAMIN TECHNICAL AND MANAGEMENT CAMPUS NANDED.,Un-Aided,Un-Aided,false,30,250861210,Mechanical Engineering,30,25,0,5,0,0,3,250861211T,2,FE_2023_SeatMatrix.pdf,530,false,
2023-24,FE,2508,GRAMIN TECHNICAL AND MANAGEMENT CAMPUS NANDED.,Un-Aided,Un-Aided,false,60,250891410,Safety and Fire Engineering,60,51,0,9,0,1,6,,0,FE_2023_SeatMatrix.pdf,531,false,
2023-24,FE,2522,"STMEI's Sandipani Technical Campus-Faculty of Engineering, Latur.",Un-Aided,Un-Aided,false,60,252219110,Civil Engineering,60,51,0,9,0,1,6,,0,FE_2023_SeatMatrix.pdf,532,false,
2023-24,FE,2522,"STMEI's Sandipani Technical Campus-Faculty of Engineering, Latur.",Un-Aided,Un-Aided,false,60,252224510,Computer Engineering,60,51,0,9,0,1,6,252224511T,3,FE_2023_SeatMatrix.pdf,533,false,
2023-24,FE,2522,"STMEI's Sandipani Technical Campus-Faculty of Engineering, Latur.",Un-Aided,Un-Aided,false,60,252237210,Electronics and Telecommunication Engg,60,51,0,9,0,1,6,,0,FE_2023_SeatMatrix.pdf,534,false,
2023-24,FE,2522,"STMEI's Sandipani Technical Campus-Faculty of Engineering, Latur.",Un-Aided,Un-Aided,false,60,252261210,Mechanical Engineering,60,51,0,9,0,1,6,,0,FE_2023_SeatMatrix.pdf,535,false,
2023-24,FE,2533,"CSMSS Chh. Shahu College of Engineering, Aurangabad",Un-Aided,Un-Aided,false,60,253319110,Civil Engineering,60,51,0,9,0,1,6,253319111T,3,FE_2023_SeatMatrix.pdf,536,false,
2023-24,FE,2533,"CSMSS Chh. Shahu College of Engineering, Aurangabad",Un-Aided,Un-Aided,false,96,253324210,Computer Science and Engineering,120,78,0,18,24,1,12,253324211T,6,FE_2023_SeatMatrix.pdf,537,false,
2023-24,FE,2533,"CSMSS Chh. Shahu College of Engineering, Aurangabad",Un-Aided,Un-Aided,false,60,253329310,Electrical Engineering,60,51,0,9,0,1,6,253329311T,3,FE_2023_SeatMatrix.pdf,538,false,
2023-24,FE,2533,"CSMSS Chh. Shahu College of Engineering, Aurangabad",Un-Aided,Un-Aided,false,54,253337810,Electronics Engineering ( VLSI Design and,60,45,0,9,6,0,6,253337811T,3,FE_2023_SeatMatrix.pdf,539,false,
2023-24,FE,2533,"CSMSS Chh. Shahu College of Engineering, Aurangabad",Un-Aided,Un-Aided,false,60,253361210,Mechanical Engineering,60,51,0,9,0,1,6,253361211T,3,FE_2023_SeatMatrix.pdf,540,false,
2023-24,FE,2533,"CSMSS Chh. Shahu College of Engineering, Aurangabad",Un-Aided,Un-Aided,false,48,253384410,Electronics and Computer Engineering,60,39,0,9,12,0,6,253384411T,3,FE_2023_SeatMatrix.pdf,541,false,
2023-24,FE,2533,"CSMSS Chh. Shahu College of Engineering, Aurangabad",Un-Aided,Un-Aided,false,54,253392810,Electronics and Communication(Advanced,60,45,0,9,6,0,6,253392811T,3,FE_2023_SeatMatrix.pdf,542,false,
2023-24,FE,2533,"CSMSS Chh. Shahu College of Engineering, Aurangabad",Un-Aided,Un-Aided,false,48,253399510,Artificial Intelligence and Data Science,60,39,0,9,12,0,6,253399511T,3,FE_2023_SeatMatrix.pdf,543,false,
2023-24,FE,3033,"Dr. Babasaheb Ambedkar Technological University, Lonere",University Managed,University Managed,false,46,303319110,Civil Engineering,46,46,0,0,0,0,5,,0,FE_2023_SeatMatrix.pdf,544,false,
2023-24,FE,3033,"Dr. Babasaheb Ambedkar Technological University, Lonere",University Managed,University Managed,false,46,303324510,Computer Engineering,46,46,0,0,0,0,5,303324511T,3,FE_2023_SeatMatrix.pdf,546,false,
2023-24,FE,3033,"Dr. Babasaheb Ambedkar Technological University, Lonere",University Managed,University Managed,false,46,303324610,Information Technology,46,46,0,0,0,0,5,303324611T,3,FE_2023_SeatMatrix.pdf,548,false,
2023-24,FE,3033,"Dr. Babasaheb Ambedkar Technological University, Lonere",University Managed,University Managed,false,46,303329310,Electrical Engineering,46,46,0,0,0,0,5,303329311T,3,FE_2023_SeatMatrix.pdf,550,false,
2023-24,FE,3033,"Dr. Babasaheb Ambedkar Technological University, Lonere",University Managed,University Managed,false,51,303337210,Electronics and Telecommunication Engg,51,51,0,0,0,1,5,303337211T,3,FE_2023_SeatMatrix.pdf,552,false,
2023-24,FE,3033,"Dr. Babasaheb Ambedkar Technological University, Lonere",University Managed,University Managed,false,25,303337810,Electronics Engineering ( VLSI Design and,25,25,0,0,0,0,3,303337811T,2,FE_2023_SeatMatrix.pdf,556,false,
2023-24,FE,3033,"Dr. Babasaheb Ambedkar Technological University, Lonere",University Managed,University Managed,false,46,303350710,Chemical Engineering,46,46,0,0,0,0,5,303350711T,3,FE_2023_SeatMatrix.pdf,558,false,
2023-24,FE,3033,"Dr. Babasaheb Ambedkar Technological University, Lonere",University Managed,University Managed,false,46,303352710,Petro Chemical Engineering,46,46,0,0,0,0,5,,0,FE_2023_SeatMatrix.pdf,560,false,
2023-24,FE,3033,"Dr. Babasaheb Ambedkar Technological University, Lonere",University Managed,University Managed,false,46,303361210,Mechanical Engineering,46,46,0,0,0,0,5,303361211T,3,FE_2023_SeatMatrix.pdf,562,false,
2023-24,FE,3042,"Government College of Engineering, Ratnagiri",Government,Government,false,60,304229310,Electrical Engineering,60,60,0,0,0,1,6,304229311T,3,FE_2023_SeatMatrix.pdf,564,false,
2023-24,FE,3042,"Government College of Engineering, Ratnagiri",Government,Government,false,60,304250410,Food Technology And Management,60,60,0,0,0,1,6,,0,FE_2023_SeatMatrix.pdf,565,false,
2023-24,FE,3042,"Government College of Engineering, Ratnagiri",Government,Government,false,60,304262410,Mechatronics Engineering,60,60,0,0,0,1,6,,0,FE_2023_SeatMatrix.pdf,566,false,
2023-24,FE,3042,"Government College of Engineering, Ratnagiri",Government,Government,false,60,304291810,Civil and infrastructure Engineering,60,60,0,0,0,1,6,,0,FE_2023_SeatMatrix.pdf,567,false,
2023-24,FE,3042,"Government College of Engineering, Ratnagiri",Government,Government,false,60,304299510,Artificial Intelligence and Data Science,60,60,0,0,0,1,6,304299511T,3,FE_2023_SeatMatrix.pdf,568,false,
2023-24,FE,4135,"Amar Seva Mandal's Shree Govindrao Vanjari College of Engineering & Technology, Nagpur",Un-Aided,Un-Aided,false,60,413519110,Civil Engineering,60,51,0,9,0,1,6,413519111T,3,FE_2023_SeatMatrix.pdf,569,false,
2023-24,FE,4135,"Amar Seva Mandal's Shree Govindrao Vanjari College of Engineering & Technology, Nagpur",Un-Aided,Un-Aided,false,90,413524210,Computer Science and Engineering,90,76,0,14,0,1,9,413524211T,5,FE_2023_SeatMatrix.pdf,570,false,
2023-24,FE,4135,"Amar Seva Mandal's Shree Govindrao Vanjari College of Engineering & Technology, Nagpur",Un-Aided,Un-Aided,false,60,413524610,Information Technology,60,51,0,9,0,1,6,413524611T,3,FE_2023_SeatMatrix.pdf,571,false,
2023-24,FE,4135,"Amar Seva Mandal's Shree Govindrao Vanjari College of Engineering & Technology, Nagpur",Un-Aided,Un-Aided,false,60,413529310,Electrical Engineering,60,51,0,9,0,1,6,413529311T,3,FE_2023_SeatMatrix.pdf,572,false,
2023-24,FE,4135,"Amar Seva Mandal's Shree Govindrao Vanjari College of Engineering & Technology, Nagpur",Un-Aided,Un-Aided,false,30,413537210,Electronics and Telecommunication Engg,30,25,0,5,0,0,3,413537211T,2,FE_2023_SeatMatrix.pdf,573,false,
2023-24,FE,4135,"Amar Seva Mandal's Shree Govindrao Vanjari College of Engineering & Technology, Nagpur",Un-Aided,Un-Aided,false,60,413561210,Mechanical Engineering,60,51,0,9,0,1,6,413561211T,3,FE_2023_SeatMatrix.pdf,574,false,
2023-24,FE,4141,"Shriram Gram Vikas Shikshan Sanstha, Vilasrao Deshmukh College of Engineering and Technology, Nagpur",Un-Aided,Un-Aided,false,60,414119110,Civil Engineering,60,51,0,9,0,1,6,,0,FE_2023_SeatMatrix.pdf,575,false,
2023-24,FE,4141,"Shriram Gram Vikas Shikshan Sanstha, Vilasrao Deshmukh College of Engineering and Technology, Nagpur",Un-Aided,Un-Aided,false,120,414124510,Computer Engineering,120,102,0,18,0,1,12,,0,FE_2023_SeatMatrix.pdf,576,false,
2023-24,FE,4141,"Shriram Gram Vikas Shikshan Sanstha, Vilasrao Deshmukh College of Engineering and Technology, Nagpur",Un-Aided,Un-Aided,false,30,414161210,Mechanical Engineering,30,25,0,5,0,0,3,,0,FE_2023_SeatMatrix.pdf,577,false,
2023-24,FE,4141,"Shriram Gram Vikas Shikshan Sanstha, Vilasrao Deshmukh College of Engineering and Technology, Nagpur",Un-Aided,Un-Aided,false,30,414199510,Artificial Intelligence and Data Science,30,25,0,5,0,0,3,,0,FE_2023_SeatMatrix.pdf,578,false,
2023-24,FE,4163,Rajiv Gandhi College of Engineering Research & Technology Chandrapur,Un-Aided,Un-Aided,false,60,416319110,Civil Engineering,60,51,0,9,0,1,6,416319111T,3,FE_2023_SeatMatrix.pdf,579,false,
2023-24,FE,4163,Rajiv Gandhi College of Engineering Research & Technology Chandrapur,Un-Aided,Un-Aided,false,111,416324210,Computer Science and Engineering,120,93,0,18,9,1,12,416324211T,6,FE_2023_SeatMatrix.pdf,580,false,
2023-24,FE,4163,Rajiv Gandhi College of Engineering Research & Technology Chandrapur,Un-Aided,Un-Aided,false,60,416329310,Electrical Engineering,60,51,0,9,0,1,6,416329311T,3,FE_2023_SeatMatrix.pdf,581,false,
2023-24,FE,4163,Rajiv Gandhi College of Engineering Research & Technology Chandrapur,Un-Aided,Un-Aided,false,60,416337010,Electronics and Communication Engineering,60,51,0,9,0,1,6,416337011T,3,FE_2023_SeatMatrix.pdf,582,false,
2023-24,FE,4163,Rajiv Gandhi College of Engineering Research & Technology Chandrapur,Un-Aided,Un-Aided,false,60,416361210,Mechanical Engineering,60,51,0,9,0,1,6,416361211T,3,FE_2023_SeatMatrix.pdf,583,false,
2023-24,FE,4163,Rajiv Gandhi College of Engineering Research & Technology Chandrapur,Un-Aided,Un-Aided,false,57,416370110,Mining Engineering,60,48,0,9,3,0,6,416370111T,3,FE_2023_SeatMatrix.pdf,584,false,
2023-24,FE,4163,Rajiv Gandhi College of Engineering Research & Technology Chandrapur,Un-Aided,Un-Aided,false,30,416391210,Computer Science and Engineering(Data Science),30,25,0,5,0,0,3,416391211T,2,FE_2023_SeatMatrix.pdf,585,false,
2023-24,FE,4181,"Swaminarayan Siddhanta Institute Of Technology, Nagpur",Un-Aided,Un-Aided,false,30,418119110,Civil Engineering,30,25,0,5,0,0,3,418119111T,2,FE_2023_SeatMatrix.pdf,586,false,
2023-24,FE,4181,"Swaminarayan Siddhanta Institute Of Technology, Nagpur",Un-Aided,Un-Aided,false,60,418124510,Computer Engineering,60,51,0,9,0,1,6,418124511T,3,FE_2023_SeatMatrix.pdf,587,false,
2023-24,FE,4181,"Swaminarayan Siddhanta Institute Of Technology, Nagpur",Un-Aided,Un-Aided,false,30,418137210,Electronics and Telecommunication Engg,30,25,0,5,0,0,3,418137211T,2,FE_2023_SeatMatrix.pdf,588,false,
2023-24,FE,4181,"Swaminarayan Siddhanta Institute Of Technology, Nagpur",Un-Aided,Un-Aided,false,30,418161210,Mechanical Engineering,30,25,0,5,0,0,3,418161211T,2,FE_2023_SeatMatrix.pdf,589,false,
2023-24,FE,4188,"Krushi Jivan Vikas Pratishthan, Ballarpur Institute of Technology, Mouza Bamni",Un-Aided,Un-Aided,false,60,418819110,Civil Engineering,60,51,0,9,0,1,6,,0,FE_2023_SeatMatrix.pdf,590,false,
2023-24,FE,4188,"Krushi Jivan Vikas Pratishthan, Ballarpur Institute of Technology, Mouza Bamni",Un-Aided,Un-Aided,false,48,418824210,Computer Science and Engineering,60,39,0,9,12,0,6,418824211T,3,FE_2023_SeatMatrix.pdf,591,false,
2023-24,FE,4188,"Krushi Jivan Vikas Pratishthan, Ballarpur Institute of Technology, Mouza Bamni",Un-Aided,Un-Aided,false,60,418829310,Electrical Engineering,60,51,0,9,0,1,6,418829311T,3,FE_2023_SeatMatrix.pdf,592,false,
2023-24,FE,4188,"Krushi Jivan Vikas Pratishthan, Ballarpur Institute of Technology, Mouza Bamni",Un-Aided,Un-Aided,false,30,418837210,Electronics and Telecommunication Engg,30,25,0,5,0,0,3,418837211T,2,FE_2023_SeatMatrix.pdf,593,false,
2023-24,FE,4188,"Krushi Jivan Vikas Pratishthan, Ballarpur Institute of Technology, Mouza Bamni",Un-Aided,Un-Aided,false,60,418850310,Food Technology,60,51,0,9,0,1,6,418850311T,3,FE_2023_SeatMatrix.pdf,594,false,
2023-24,FE,4188,"Krushi Jivan Vikas Pratishthan, Ballarpur Institute of Technology, Mouza Bamni",Un-Aided,Un-Aided,false,60,418861210,Mechanical Engineering,60,51,0,9,0,1,6,,0,FE_2023_SeatMatrix.pdf,595,false,
2023-24,FE,4188,"Krushi Jivan Vikas Pratishthan, Ballarpur Institute of Technology, Mouza Bamni",Un-Aided,Un-Aided,false,120,418870110,Mining Engineering,120,102,0,18,0,1,12,,0,FE_2023_SeatMatrix.pdf,596,false,
2023-24,FE,4190,"M.D. Yergude Memorial Shikshan Prasarak Mandal's Shri Sai College of Engineering & Technology, Bhadrawati",Un-Aided,Un-Aided,false,60,419019110,Civil Engineering,60,51,0,9,0,1,6,,0,FE_2023_SeatMatrix.pdf,597,false,
2023-24,FE,4190,"M.D. Yergude Memorial Shikshan Prasarak Mandal's Shri Sai College of Engineering & Technology, Bhadrawati",Un-Aided,Un-Aided,false,54,419024210,Computer Science and Engineering,60,45,0,9,6,0,6,419024211T,3,FE_2023_SeatMatrix.pdf,598,false,
2023-24,FE,4190,"M.D. Yergude Memorial Shikshan Prasarak Mandal's Shri Sai College of Engineering & Technology, Bhadrawati",Un-Aided,Un-Aided,false,60,419029310,Electrical Engineering,60,51,0,9,0,1,6,419029311T,3,FE_2023_SeatMatrix.pdf,599,false,
2023-24,FE,4190,"M.D. Yergude Memorial Shikshan Prasarak Mandal's Shri Sai College of Engineering & Technology, Bhadrawati",Un-Aided,Un-Aided,false,30,419037010,Electronics and Communication Engineering,30,25,0,5,0,0,3,419037011T,2,FE_2023_SeatMatrix.pdf,600,false,
2023-24,FE,4190,"M.D. Yergude Memorial Shikshan Prasarak Mandal's Shri Sai College of Engineering & Technology, Bhadrawati",Un-Aided,Un-Aided,false,60,419061210,Mechanical Engineering,60,51,0,9,0,1,6,,0,FE_2023_SeatMatrix.pdf,601,false,
2023-24,FE,4193,"K.D.M. Education Society, Vidharbha Institute of Technology,Umred Road ,Nagpur",Un-Aided Linguistic Minority - Hindi,Un-Aided Linguistic Minority - Hindi,false,48,419324210,Computer Science and Engineering,60,14,31,3,12,0,0,419324211T,3,FE_2023_SeatMatrix.pdf,602,false,
2023-24,FE,4193,"K.D.M. Education Society, Vidharbha Institute of Technology,Umred Road ,Nagpur",Un-Aided Linguistic Minority - Hindi,Un-Aided Linguistic Minority - Hindi,false,96,419329310,Electrical Engineering,120,30,61,5,24,0,0,419329311T,6,FE_2023_SeatMatrix.pdf,603,false,
2023-24,FE,4193,"K.D.M. Education Society, Vidharbha Institute of Technology,Umred Road ,Nagpur",Un-Aided Linguistic Minority - Hindi,Un-Aided Linguistic Minority - Hindi,false,48,419337010,Electronics and Communication Engineering,60,14,31,3,12,0,0,419337011T,3,FE_2023_SeatMatrix.pdf,604,false,
2023-24,FE,4193,"K.D.M. Education Society, Vidharbha Institute of Technology,Umred Road ,Nagpur",Un-Aided Linguistic Minority - Hindi,Un-Aided Linguistic Minority - Hindi,false,96,419361210,Mechanical Engineering,120,30,61,5,24,0,0,,0,FE_2023_SeatMatrix.pdf,605,false,
2023-24,FE,4649,"Bajaj Institute of Technology, Wardha",Un-Aided Linguistic Minority - Hindi,Un-Aided Linguistic Minority - Hindi,false,60,464919110,Civil Engineering,60,25,31,4,0,0,0,464919111T,3,FE_2023_SeatMatrix.pdf,606,false,
2023-24,FE,4649,"Bajaj Institute of Technology, Wardha",Un-Aided Linguistic Minority - Hindi,Un-Aided Linguistic Minority - Hindi,false,120,464924510,Computer Engineering,120,50,61,9,0,0,0,464924511T,6,FE_2023_SeatMatrix.pdf,607,false,
2023-24,FE,4649,"Bajaj Institute of Technology, Wardha",Un-Aided Linguistic Minority - Hindi,Un-Aided Linguistic Minority - Hindi,false,60,464929310,Electrical Engineering,60,25,31,4,0,0,0,464929311T,3,FE_2023_SeatMatrix.pdf,608,false,
2023-24,FE,4649,"Bajaj Institute of Technology, Wardha",Un-Aided Linguistic Minority - Hindi,Un-Aided Linguistic Minority - Hindi,false,60,464961210,Mechanical Engineering,60,25,31,4,0,0,0,464961211T,3,FE_2023_SeatMatrix.pdf,609,false,
2023-24,FE,5103,"Shri Shivaji Vidya Prasarak Sanstha's Late Bapusaheb Shivaji Rao Deore College of Engineering,Dhule",Un-Aided,Un-Aided,false,58,510319110,Civil Engineering,60,49,0,9,2,0,6,510319111T,3,FE_2023_SeatMatrix.pdf,610,false,
2023-24,FE,5103,"Shri Shivaji Vidya Prasarak Sanstha's Late Bapusaheb Shivaji Rao Deore College of Engineering,Dhule",Un-Aided,Un-Aided,false,96,510324510,Computer Engineering,120,78,0,18,24,1,12,510324511T,6,FE_2023_SeatMatrix.pdf,611,false,
2023-24,FE,5103,"Shri Shivaji Vidya Prasarak Sanstha's Late Bapusaheb Shivaji Rao Deore College of Engineering,Dhule",Un-Aided,Un-Aided,false,54,510337210,Electronics and Telecommunication Engg,60,45,0,9,6,0,6,510337211T,3,FE_2023_SeatMatrix.pdf,612,false,
2023-24,FE,5103,"Shri Shivaji Vidya Prasarak Sanstha's Late Bapusaheb Shivaji Rao Deore College of Engineering,Dhule",Un-Aided,Un-Aided,false,60,510337610,Electronics Engineering,60,51,0,9,0,1,6,510337611T,3,FE_2023_SeatMatrix.pdf,613,false,
2023-24,FE,5103,"Shri Shivaji Vidya Prasarak Sanstha's Late Bapusaheb Shivaji Rao Deore College of Engineering,Dhule",Un-Aided,Un-Aided,false,60,510361210,Mechanical Engineering,60,51,0,9,0,1,6,510361211T,3,FE_2023_SeatMatrix.pdf,614,false,
2023-24,FE,5106,"Khandesh College Education Society's College Of Engineering And Management, Jalgaon",Un-Aided,Un-Aided,false,96,510624510,Computer Engineering,120,78,0,18,24,1,12,510624511T,6,FE_2023_SeatMatrix.pdf,615,false,
2023-24,FE,5106,"Khandesh College Education Society's College Of Engineering And Management, Jalgaon",Un-Aided,Un-Aided,false,60,510629310,Electrical Engineering,60,51,0,9,0,1,6,510629311T,3,FE_2023_SeatMatrix.pdf,616,false,
2023-24,FE,5106,"Khandesh College Education Society's College Of Engineering And Management, Jalgaon",Un-Aided,Un-Aided,false,60,510661210,Mechanical Engineering,60,51,0,9,0,1,6,,0,FE_2023_SeatMatrix.pdf,617,false,
2023-24,FE,5106,"Khandesh College Education Society's College Of Engineering And Management, Jalgaon",Un-Aided,Un-Aided,false,57,510684410,Electronics and Computer Engineering,60,48,0,9,3,0,6,510684411T,3,FE_2023_SeatMatrix.pdf,618,false,
2023-24,FE,5106,"Khandesh College Education Society's College Of Engineering And Management, Jalgaon",Un-Aided,Un-Aided,false,48,510691210,Computer Science and Engineering(Data Science),60,39,0,9,12,0,6,510691211T,3,FE_2023_SeatMatrix.pdf,619,false,
2023-24,FE,5164,"P.S.G.V.P. Mandal's D.N. Patel College of Engineering, Shahada, Dist. Nandurbar",Un-Aided Linguistic Minority - Gujar,Un-Aided Linguistic Minority - Gujar,false,60,516419110,Civil Engineering,60,25,31,4,0,0,0,,0,FE_2023_SeatMatrix.pdf,620,false,
2023-24,FE,5164,"P.S.G.V.P. Mandal's D.N. Patel College of Engineering, Shahada, Dist. Nandurbar",Un-Aided Linguistic Minority - Gujar,Un-Aided Linguistic Minority - Gujar,false,51,516424510,Computer Engineering,60,17,31,3,9,0,0,516424511T,3,FE_2023_SeatMatrix.pdf,621,false,
2023-24,FE,5164,"P.S.G.V.P. Mandal's D.N. Patel College of Engineering, Shahada, Dist. Nandurbar",Un-Aided Linguistic Minority - Gujar,Un-Aided Linguistic Minority - Gujar,false,60,516429310,Electrical Engineering,60,25,31,4,0,0,0,516429311T,3,FE_2023_SeatMatrix.pdf,622,false,
2023-24,FE,5164,"P.S.G.V.P. Mandal's D.N. Patel College of Engineering, Shahada, Dist. Nandurbar",Un-Aided Linguistic Minority - Gujar,Un-Aided Linguistic Minority - Gujar,false,48,516437210,Electronics and Telecommunication Engg,48,20,24,4,0,0,0,516437211T,2,FE_2023_SeatMatrix.pdf,623,false,
2023-24,FE,5164,"P.S.G.V.P. Mandal's D.N. Patel College of Engineering, Shahada, Dist. Nandurbar",Un-Aided Linguistic Minority - Gujar,Un-Aided Linguistic Minority - Gujar,false,48,516446610,Instrumentation Engineering,48,20,24,4,0,0,0,,0,FE_2023_SeatMatrix.pdf,624,false,
2023-24,FE,5164,"P.S.G.V.P. Mandal's D.N. Patel College of Engineering, Shahada, Dist. Nandurbar",Un-Aided Linguistic Minority - Gujar,Un-Aided Linguistic Minority - Gujar,false,60,516461210,Mechanical Engineering,60,25,31,4,0,0,0,,0,FE_2023_SeatMatrix.pdf,625,false,
2023-24,FE,5168,"T.M.E. Society's J.T.Mahajan College of Engineering, Faizpur",Un-Aided,Un-Aided,false,30,516819110,Civil Engineering,30,25,0,5,0,0,3,,0,FE_2023_SeatMatrix.pdf,626,false,
2023-24,FE,5168,"T.M.E. Society's J.T.Mahajan College of Engineering, Faizpur",Un-Aided,Un-Aided,false,54,516824510,Computer Engineering,60,45,0,9,6,0,6,516824511T,3,FE_2023_SeatMatrix.pdf,627,false,
2023-24,FE,5168,"T.M.E. Society's J.T.Mahajan College of Engineering, Faizpur",Un-Aided,Un-Aided,false,60,516837210,Electronics and Telecommunication Engg,60,51,0,9,0,1,6,516837211T,3,FE_2023_SeatMatrix.pdf,628,false,
2023-24,FE,5168,"T.M.E. Society's J.T.Mahajan College of Engineering, Faizpur",Un-Aided,Un-Aided,false,60,516861210,Mechanical Engineering,60,51,0,9,0,1,6,,0,FE_2023_SeatMatrix.pdf,629,false,
2023-24,FE,5170,"Hindi Seva Mandal's Shri Sant Gadgebaba College of Engineering & Technology, Bhusawal",Un-Aided Linguistic Minority - Hindi,Un-Aided Linguistic Minority - Hindi,false,60,517019110,Civil Engineering,60,25,31,4,0,0,0,,0,FE_2023_SeatMatrix.pdf,630,false,
2023-24,FE,5170,"Hindi Seva Mandal's Shri Sant Gadgebaba College of Engineering & Technology, Bhusawal",Un-Aided Linguistic Minority - Hindi,Un-Aided Linguistic Minority - Hindi,false,54,517024210,Computer Science and Engineering,60,20,31,3,6,0,0,517024211T,3,FE_2023_SeatMatrix.pdf,631,false,
2023-24,FE,5170,"Hindi Seva Mandal's Shri Sant Gadgebaba College of Engineering & Technology, Bhusawal",Un-Aided Linguistic Minority - Hindi,Un-Aided Linguistic Minority - Hindi,false,60,517029310,Electrical Engineering,60,25,31,4,0,0,0,,0,FE_2023_SeatMatrix.pdf,632,false,
2023-24,FE,5170,"Hindi Seva Mandal's Shri Sant Gadgebaba College of Engineering & Technology, Bhusawal",Un-Aided Linguistic Minority - Hindi,Un-Aided Linguistic Minority - Hindi,false,30,517037210,Electronics and Telecommunication Engg,30,13,15,2,0,0,0,517037211T,2,FE_2023_SeatMatrix.pdf,633,false,
2023-24,FE,5170,"Hindi Seva Mandal's Shri Sant Gadgebaba College of Engineering & Technology, Bhusawal",Un-Aided Linguistic Minority - Hindi,Un-Aided Linguistic Minority - Hindi,false,60,517061210,Mechanical Engineering,60,25,31,4,0,0,0,,0,FE_2023_SeatMatrix.pdf,634,false,
2023-24,FE,5170,"Hindi Seva Mandal's Shri Sant Gadgebaba College of Engineering & Technology, Bhusawal",Un-Aided Linguistic Minority - Hindi,Un-Aided Linguistic Minority - Hindi,false,27,517084410,Electronics and Computer Engineering,30,10,15,2,3,0,0,517084411T,2,FE_2023_SeatMatrix.pdf,635,false,
2023-24,FE,5170,"Hindi Seva Mandal's Shri Sant Gadgebaba College of Engineering & Technology, Bhusawal",Un-Aided Linguistic Minority - Hindi,Un-Aided Linguistic Minority - Hindi,false,54,517091210,Computer Science and Engineering(Data Science),60,20,31,3,6,0,0,517091211T,3,FE_2023_SeatMatrix.pdf,636,false,
2023-24,FE,5171,"Godavari Foundation's Godavari College Of Engineering, Jalgaon",Un-Aided,Un-Aided,false,96,517124510,Computer Engineering,120,78,0,18,24,1,12,517124511T,6,FE_2023_SeatMatrix.pdf,637,false,
2023-24,FE,5171,"Godavari Foundation's Godavari College Of Engineering, Jalgaon",Un-Aided,Un-Aided,false,54,517126310,Artificial Intelligence (AI) and Data Science,60,45,0,9,6,0,6,517126311T,3,FE_2023_SeatMatrix.pdf,638,false,
2023-24,FE,5171,"Godavari Foundation's Godavari College Of Engineering, Jalgaon",Un-Aided,Un-Aided,false,60,517129310,Electrical Engineering,60,51,0,9,0,1,6,,0,FE_2023_SeatMatrix.pdf,639,false,
2023-24,FE,5171,"Godavari Foundation's Godavari College Of Engineering, Jalgaon",Un-Aided,Un-Aided,false,30,517137210,Electronics and Telecommunication Engg,30,25,0,5,0,0,3,517137211T,2,FE_2023_SeatMatrix.pdf,640,false,
2023-24,FE,5171,"Godavari Foundation's Godavari College Of Engineering, Jalgaon",Un-Aided,Un-Aided,false,60,517161210,Mechanical Engineering,60,51,0,9,0,1,6,,0,FE_2023_SeatMatrix.pdf,641,false,
2023-24,FE,5244,"MET's Institute of Technology Polytechnic, Bhujbal Knowledge City, Adgaon Nashik",Un-Aided,Un-Aided,false,48,524425710,Computer Science and Design,60,39,0,9,12,0,6,524425711T,3,FE_2023_SeatMatrix.pdf,642,false,
2023-24,FE,5244,"MET's Institute of Technology Polytechnic, Bhujbal Knowledge City, Adgaon Nashik",Un-Aided,Un-Aided,false,54,524491610,Automation and Robotics,60,45,0,9,6,0,6,524491611T,3,FE_2023_SeatMatrix.pdf,643,false,
2023-24,FE,5244,"MET's Institute of Technology Polytechnic, Bhujbal Knowledge City, Adgaon Nashik",Un-Aided,Un-Aided,false,60,524492210,Civil and Environmental Engineering,60,51,0,9,0,1,6,,0,FE_2023_SeatMatrix.pdf,644,false,
2023-24,FE,5365,"Vardhaman Education & Welfare Society, Ahinsa Institute of Technology, Post. Dondaicha, Dhule",Un-Aided Religious Minority - Jain,Un-Aided Religious Minority - Jain,false,54,536525110,Computer Technology,60,20,31,3,6,0,0,536525111T,3,FE_2023_SeatMatrix.pdf,645,false,
2023-24,FE,5365,"Vardhaman Education & Welfare Society, Ahinsa Institute of Technology, Post. Dondaicha, Dhule",Un-Aided Religious Minority - Jain,Un-Aided Religious Minority - Jain,false,60,536529310,Electrical Engineering,60,25,31,4,0,0,0,536529311T,3,FE_2023_SeatMatrix.pdf,646,false,
2023-24,FE,5365,"Vardhaman Education & Welfare Society, Ahinsa Institute of Technology, Post. Dondaicha, Dhule",Un-Aided Religious Minority - Jain,Un-Aided Religious Minority - Jain,false,60,536561210,Mechanical Engineering,60,25,31,4,0,0,0,536561211T,3,FE_2023_SeatMatrix.pdf,647,false,
2023-24,FE,5396,"College of Engineering and Technology ,North Maharashtra Knowledge City, Jalgaon",Un-Aided,Un-Aided,false,30,539619110,Civil Engineering,30,25,0,5,0,0,3,,0,FE_2023_SeatMatrix.pdf,648,false,
2023-24,FE,5396,"College of Engineering and Technology ,North Maharashtra Knowledge City, Jalgaon",Un-Aided,Un-Aided,false,30,539624510,Computer Engineering,30,25,0,5,0,0,3,,0,FE_2023_SeatMatrix.pdf,649,false,
2023-24,FE,5396,"College of Engineering and Technology ,North Maharashtra Knowledge City, Jalgaon",Un-Aided,Un-Aided,false,30,539629310,Electrical Engineering,30,25,0,5,0,0,3,,0,FE_2023_SeatMatrix.pdf,650,false,
2023-24,FE,5396,"College of Engineering and Technology ,North Maharashtra Knowledge City, Jalgaon",Un-Aided,Un-Aided,false,30,539661210,Mechanical Engineering,30,25,0,5,0,0,3,,0,FE_2023_SeatMatrix.pdf,651,false,
2023-24,FE,5449,"Shri Vile Parle Kelavani Mandal's Institute of Technology, Dhule",Un-Aided Linguistic Minority - Gujarathi,Un-Aided Linguistic Minority - Gujarathi,false,60,544919110,Civil Engineering,60,25,31,4,0,0,0,544919111T,3,FE_2023_SeatMatrix.pdf,652,false,
2023-24,FE,5449,"Shri Vile Parle Kelavani Mandal's Institute of Technology, Dhule",Un-Aided Linguistic Minority - Gujarathi,Un-Aided Linguistic Minority - Gujarathi,false,120,544924510,Computer Engineering,120,50,61,9,0,0,0,544924511T,6,FE_2023_SeatMatrix.pdf,653,false,
2023-24,FE,5449,"Shri Vile Parle Kelavani Mandal's Institute of Technology, Dhule",Un-Aided Linguistic Minority - Gujarathi,Un-Aided Linguistic Minority - Gujarathi,false,60,544924610,Information Technology,60,25,31,4,0,0,0,544924611T,3,FE_2023_SeatMatrix.pdf,654,false,
2023-24,FE,5449,"Shri Vile Parle Kelavani Mandal's Institute of Technology, Dhule",Un-Aided Linguistic Minority - Gujarathi,Un-Aided Linguistic Minority - Gujarathi,false,60,544929310,Electrical Engineering,60,25,31,4,0,0,0,544929311T,3,FE_2023_SeatMatrix.pdf,655,false,
2023-24,FE,5449,"Shri Vile Parle Kelavani Mandal's Institute of Technology, Dhule",Un-Aided Linguistic Minority - Gujarathi,Un-Aided Linguistic Minority - Gujarathi,false,60,544961210,Mechanical Engineering,60,25,31,4,0,0,0,544961211T,3,FE_2023_SeatMatrix.pdf,656,false,
2023-24,FE,5497,"P.G. College of Engineering & Technology, Nandurbar",Un-Aided,Un-Aided,false,48,549719110,Civil Engineering,60,39,0,9,12,0,6,549719111T,3,FE_2023_SeatMatrix.pdf,657,false,
2023-24,FE,5497,"P.G. College of Engineering & Technology, Nandurbar",Un-Aided,Un-Aided,false,48,549724510,Computer Engineering,60,39,0,9,12,0,6,549724511T,3,FE_2023_SeatMatrix.pdf,658,false,
2023-24,FE,5497,"P.G. College of Engineering & Technology, Nandurbar",Un-Aided,Un-Aided,false,48,549761210,Mechanical Engineering,60,39,0,9,12,0,6,549761211T,3,FE_2023_SeatMatrix.pdf,659,false,
2023-24,FE,5497,"P.G. College of Engineering & Technology, Nandurbar",Un-Aided,Un-Aided,false,48,549791710,Data Science,60,39,0,9,12,0,6,549791711T,3,FE_2023_SeatMatrix.pdf,660,false,
2023-24,FE,6036,"Government College of Engineering, Kolhapur",Government,Government,false,60,603624210,Computer Science and Engineering,60,60,0,0,0,1,6,603624211T,3,FE_2023_SeatMatrix.pdf,661,false,
2023-24,FE,6036,"Government College of Engineering, Kolhapur",Government,Government,false,60,603626310,Artificial Intelligence (AI) and Data Science,60,60,0,0,0,1,6,603626311T,3,FE_2023_SeatMatrix.pdf,662,false,
2023-24,FE,6036,"Government College of Engineering, Kolhapur",Government,Government,false,60,603629310,Electrical Engineering,60,60,0,0,0,1,6,603629311T,3,FE_2023_SeatMatrix.pdf,663,false,
2023-24,FE,6036,"Government College of Engineering, Kolhapur",Government,Government,false,60,603637210,Electronics and Telecommunication Engg,60,60,0,0,0,1,6,603637211T,3,FE_2023_SeatMatrix.pdf,664,false,
2023-24,FE,6036,"Government College of Engineering, Kolhapur",Government,Government,false,60,603661510,Mechanical & Automation Engineering,60,60,0,0,0,1,6,603661511T,3,FE_2023_SeatMatrix.pdf,665,false,
2023-24,FE,6217,"Shri. Balasaheb Mane Shikshan Prasarak Mandal's, Ashokrao Mane Group of Institutions",Un-Aided,Un-Aided,false,60,621719110,Civil Engineering,60,51,0,9,0,1,6,,0,FE_2023_SeatMatrix.pdf,666,false,
2023-24,FE,6217,"Shri. Balasaheb Mane Shikshan Prasarak Mandal's, Ashokrao Mane Group of Institutions",Un-Aided,Un-Aided,false,180,621724210,Computer Science and Engineering,180,153,0,27,0,2,18,621724211T,9,FE_2023_SeatMatrix.pdf,667,false,
2023-24,FE,6217,"Shri. Balasaheb Mane Shikshan Prasarak Mandal's, Ashokrao Mane Group of Institutions",Un-Aided,Un-Aided,false,60,621726310,Artificial Intelligence (AI) and Data Science,60,51,0,9,0,1,6,621726311T,3,FE_2023_SeatMatrix.pdf,668,false,
2023-24,FE,6217,"Shri. Balasaheb Mane Shikshan Prasarak Mandal's, Ashokrao Mane Group of Institutions",Un-Aided,Un-Aided,false,60,621729310,Electrical Engineering,60,51,0,9,0,1,6,621729311T,3,FE_2023_SeatMatrix.pdf,669,false,
2023-24,FE,6217,"Shri. Balasaheb Mane Shikshan Prasarak Mandal's, Ashokrao Mane Group of Institutions",Un-Aided,Un-Aided,false,60,621737210,Electronics and Telecommunication Engg,60,51,0,9,0,1,6,621737211T,3,FE_2023_SeatMatrix.pdf,670,false,
2023-24,FE,6217,"Shri. Balasaheb Mane Shikshan Prasarak Mandal's, Ashokrao Mane Group of Institutions",Un-Aided,Un-Aided,false,60,621761210,Mechanical Engineering,60,51,0,9,0,1,6,,0,FE_2023_SeatMatrix.pdf,671,false,
2023-24,FE,6217,"Shri. Balasaheb Mane Shikshan Prasarak Mandal's, Ashokrao Mane Group of Institutions",Un-Aided,Un-Aided,false,30,621792110,Artificial Intelligence and Machine Learning,30,25,0,5,0,0,3,621792111T,2,FE_2023_SeatMatrix.pdf,672,false,
2023-24,FE,6219,"KSGBS's Bharat- Ratna Indira Gandhi College of Engineering, Kegaon, Solapur",Un-Aided,Un-Aided,false,54,621919110,Civil Engineering,54,46,0,8,0,0,5,,0,FE_2023_SeatMatrix.pdf,673,false,
2023-24,FE,6219,"KSGBS's Bharat- Ratna Indira Gandhi College of Engineering, Kegaon, Solapur",Un-Aided,Un-Aided,false,120,621924210,Computer Science and Engineering,120,102,0,18,0,1,12,621924211T,6,FE_2023_SeatMatrix.pdf,674,false,
2023-24,FE,6219,"KSGBS's Bharat- Ratna Indira Gandhi College of Engineering, Kegaon, Solapur",Un-Aided,Un-Aided,false,30,621929310,Electrical Engineering,30,25,0,5,0,0,3,,0,FE_2023_SeatMatrix.pdf,675,false,
2023-24,FE,6219,"KSGBS's Bharat- Ratna Indira Gandhi College of Engineering, Kegaon, Solapur",Un-Aided,Un-Aided,false,30,621937210,Electronics and Telecommunication Engg,30,25,0,5,0,0,3,,0,FE_2023_SeatMatrix.pdf,676,false,
2023-24,FE,6219,"KSGBS's Bharat- Ratna Indira Gandhi College of Engineering, Kegaon, Solapur",Un-Aided,Un-Aided,false,54,621946110,Bio Medical Engineering,54,46,0,8,0,0,5,,0,FE_2023_SeatMatrix.pdf,677,false,
2023-24,FE,6219,"KSGBS's Bharat- Ratna Indira Gandhi College of Engineering, Kegaon, Solapur",Un-Aided,Un-Aided,false,54,621961210,Mechanical Engineering,54,46,0,8,0,0,5,,0,FE_2023_SeatMatrix.pdf,678,false,
2023-24,FE,6223,"Pradnya Niketan Education Society's Nagesh Karajagi Orchid College of Engineering & Technology, Solapur",Un-Aided,Un-Aided,false,120,622319110,Civil Engineering,120,102,0,18,0,1,12,,0,FE_2023_SeatMatrix.pdf,679,false,
2023-24,FE,6223,"Pradnya Niketan Education Society's Nagesh Karajagi Orchid College of Engineering & Technology, Solapur",Un-Aided,Un-Aided,false,96,622324210,Computer Science and Engineering,120,78,0,18,24,1,12,622324211T,6,FE_2023_SeatMatrix.pdf,680,false,
2023-24,FE,6223,"Pradnya Niketan Education Society's Nagesh Karajagi Orchid College of Engineering & Technology, Solapur",Un-Aided,Un-Aided,false,60,622329310,Electrical Engineering,60,51,0,9,0,1,6,622329311T,3,FE_2023_SeatMatrix.pdf,681,false,
2023-24,FE,6223,"Pradnya Niketan Education Society's Nagesh Karajagi Orchid College of Engineering & Technology, Solapur",Un-Aided,Un-Aided,false,48,622337210,Electronics and Telecommunication Engg,60,39,0,9,12,0,6,622337211T,3,FE_2023_SeatMatrix.pdf,682,false,
2023-24,FE,6223,"Pradnya Niketan Education Society's Nagesh Karajagi Orchid College of Engineering & Technology, Solapur",Un-Aided,Un-Aided,false,120,622361210,Mechanical Engineering,120,102,0,18,0,1,12,622361211T,6,FE_2023_SeatMatrix.pdf,683,false,
2023-24,FE,6223,"Pradnya Niketan Education Society's Nagesh Karajagi Orchid College of Engineering & Technology, Solapur",Un-Aided,Un-Aided,false,48,622399510,Artificial Intelligence and Data Science,60,39,0,9,12,0,6,622399511T,3,FE_2023_SeatMatrix.pdf,684,false,
2023-24,FE,6269,"Shetkari Shikshan Mandal's Pad. Vasantraodada Patil Institute of Technology, Budhgaon, Sangli",Un-Aided,Un-Aided,false,90,626919110,Civil Engineering,90,76,0,14,0,1,9,,0,FE_2023_SeatMatrix.pdf,685,false,
2023-24,FE,6269,"Shetkari Shikshan Mandal's Pad. Vasantraodada Patil Institute of Technology, Budhgaon, Sangli",Un-Aided,Un-Aided,false,96,626924210,Computer Science and Engineering,120,78,0,18,24,1,12,626924211T,6,FE_2023_SeatMatrix.pdf,686,false,
2023-24,FE,6269,"Shetkari Shikshan Mandal's Pad. Vasantraodada Patil Institute of Technology, Budhgaon, Sangli",Un-Aided,Un-Aided,false,60,626937210,Electronics and Telecommunication Engg,60,51,0,9,0,1,6,626937211T,3,FE_2023_SeatMatrix.pdf,687,false,
2023-24,FE,6269,"Shetkari Shikshan Mandal's Pad. Vasantraodada Patil Institute of Technology, Budhgaon, Sangli",Un-Aided,Un-Aided,false,30,626946410,Instrumentation and Control Engineering,30,25,0,5,0,0,3,,0,FE_2023_SeatMatrix.pdf,688,false,
2023-24,FE,6269,"Shetkari Shikshan Mandal's Pad. Vasantraodada Patil Institute of Technology, Budhgaon, Sangli",Un-Aided,Un-Aided,false,60,626950710,Chemical Engineering,60,51,0,9,0,1,6,,0,FE_2023_SeatMatrix.pdf,689,false,
2023-24,FE,6269,"Shetkari Shikshan Mandal's Pad. Vasantraodada Patil Institute of Technology, Budhgaon, Sangli",Un-Aided,Un-Aided,false,60,626961210,Mechanical Engineering,60,51,0,9,0,1,6,,0,FE_2023_SeatMatrix.pdf,690,false,
2023-24,FE,6269,"Shetkari Shikshan Mandal's Pad. Vasantraodada Patil Institute of Technology, Budhgaon, Sangli",Un-Aided,Un-Aided,false,30,626962410,Mechatronics Engineering,30,25,0,5,0,0,3,,0,FE_2023_SeatMatrix.pdf,691,false,
2023-24,FE,6269,"Shetkari Shikshan Mandal's Pad. Vasantraodada Patil Institute of Technology, Budhgaon, Sangli",Un-Aided,Un-Aided,false,88,626990010,Electronics and Computer Science,90,74,0,14,2,1,9,626990011T,5,FE_2023_SeatMatrix.pdf,692,false,
2023-24,FE,6269,"Shetkari Shikshan Mandal's Pad. Vasantraodada Patil Institute of Technology, Budhgaon, Sangli",Un-Aided,Un-Aided,false,24,626992510,Computer Science and Engineering (Artificial,30,19,0,5,6,0,3,626992511T,2,FE_2023_SeatMatrix.pdf,693,false,
2023-24,FE,6269,"Shetkari Shikshan Mandal's Pad. Vasantraodada Patil Institute of Technology, Budhgaon, Sangli",Un-Aided,Un-Aided,false,60,626992610,Electrical and Computer Engineering,60,51,0,9,0,1,6,626992611T,3,FE_2023_SeatMatrix.pdf,694,false,
2023-24,FE,6270,"Rayat Shikshan Sanstha's Karmaveer Bhaurao Patil College of Engineering, Satara",Un-Aided,Un-Aided,false,60,627019110,Civil Engineering,60,51,0,9,0,1,6,,0,FE_2023_SeatMatrix.pdf,695,false,
2023-24,FE,6270,"Rayat Shikshan Sanstha's Karmaveer Bhaurao Patil College of Engineering, Satara",Un-Aided,Un-Aided,false,120,627024210,Computer Science and Engineering,120,102,0,18,0,1,12,627024211T,6,FE_2023_SeatMatrix.pdf,696,false,
2023-24,FE,6270,"Rayat Shikshan Sanstha's Karmaveer Bhaurao Patil College of Engineering, Satara",Un-Aided,Un-Aided,false,60,627037210,Electronics and Telecommunication Engg,60,51,0,9,0,1,6,627037211T,3,FE_2023_SeatMatrix.pdf,697,false,
2023-24,FE,6270,"Rayat Shikshan Sanstha's Karmaveer Bhaurao Patil College of Engineering, Satara",Un-Aided,Un-Aided,false,60,627061210,Mechanical Engineering,60,51,0,9,0,1,6,627061211T,3,FE_2023_SeatMatrix.pdf,698,false,
2023-24,FE,6304,"Loknete Hanumantrao Charitable Trust's Adarsh Institute of Technology and Research Centre, Vita,Sangli",Un-Aided,Un-Aided,false,30,630419110,Civil Engineering,30,25,0,5,0,0,3,,0,FE_2023_SeatMatrix.pdf,699,false,
2023-24,FE,6304,"Loknete Hanumantrao Charitable Trust's Adarsh Institute of Technology and Research Centre, Vita,Sangli",Un-Aided,Un-Aided,false,57,630424210,Computer Science and Engineering,60,48,0,9,3,0,6,630424211T,3,FE_2023_SeatMatrix.pdf,700,false,
2023-24,FE,6304,"Loknete Hanumantrao Charitable Trust's Adarsh Institute of Technology and Research Centre, Vita,Sangli",Un-Aided,Un-Aided,false,30,630437210,Electronics and Telecommunication Engg,30,25,0,5,0,0,3,,0,FE_2023_SeatMatrix.pdf,701,false,
2023-24,FE,6304,"Loknete Hanumantrao Charitable Trust's Adarsh Institute of Technology and Research Centre, Vita,Sangli",Un-Aided,Un-Aided,false,30,630461210,Mechanical Engineering,30,25,0,5,0,0,3,,0,FE_2023_SeatMatrix.pdf,702,false,
2023-24,FE,6304,"Loknete Hanumantrao Charitable Trust's Adarsh Institute of Technology and Research Centre, Vita,Sangli",Un-Aided,Un-Aided,false,60,630492110,Artificial Intelligence and Machine Learning,60,51,0,9,0,1,6,630492111T,3,FE_2023_SeatMatrix.pdf,703,false,
2023-24,FE,6304,"Loknete Hanumantrao Charitable Trust's Adarsh Institute of Technology and Research Centre, Vita,Sangli",Un-Aided,Un-Aided,false,30,630492610,Electrical and Computer Engineering,30,25,0,5,0,0,3,,0,FE_2023_SeatMatrix.pdf,704,false,
2023-24,FE,6305,"Late Narayandas Bhawandas Chhabada Institute of Engineering & Technology, Satara",Un-Aided,Un-Aided,false,14,630519110,Civil Engineering,18,11,0,3,4,0,2,,0,FE_2023_SeatMatrix.pdf,705,false,
2023-24,FE,6305,"Late Narayandas Bhawandas Chhabada Institute of Engineering & Technology, Satara",Un-Aided,Un-Aided,false,48,630524210,Computer Science and Engineering,60,39,0,9,12,0,6,,0,FE_2023_SeatMatrix.pdf,706,false,
2023-24,FE,6305,"Late Narayandas Bhawandas Chhabada Institute of Engineering & Technology, Satara",Un-Aided,Un-Aided,false,48,630524610,Information Technology,60,39,0,9,12,0,6,,0,FE_2023_SeatMatrix.pdf,707,false,
2023-24,FE,6305,"Late Narayandas Bhawandas Chhabada Institute of Engineering & Technology, Satara",Un-Aided,Un-Aided,false,29,630537210,Electronics and Telecommunication Engg,36,24,0,5,7,0,4,,0,FE_2023_SeatMatrix.pdf,708,false,
2023-24,FE,6305,"Late Narayandas Bhawandas Chhabada Institute of Engineering & Technology, Satara",Un-Aided,Un-Aided,false,29,630561210,Mechanical Engineering,36,24,0,5,7,0,4,,0,FE_2023_SeatMatrix.pdf,709,false,
2023-24,FE,6308,"Shanti Education Society, A.G. Patil Institute of Technology, Soregaon, Solapur(North)",Un-Aided,Un-Aided,false,60,630819110,Civil Engineering,60,51,0,9,0,1,6,,0,FE_2023_SeatMatrix.pdf,710,false,
2023-24,FE,6308,"Shanti Education Society, A.G. Patil Institute of Technology, Soregaon, Solapur(North)",Un-Aided,Un-Aided,false,51,630824510,Computer Engineering,60,42,0,9,9,0,6,630824511T,3,FE_2023_SeatMatrix.pdf,711,false,
2023-24,FE,6308,"Shanti Education Society, A.G. Patil Institute of Technology, Soregaon, Solapur(North)",Un-Aided,Un-Aided,false,57,630837210,Electronics and Telecommunication Engg,60,48,0,9,3,0,6,630837211T,3,FE_2023_SeatMatrix.pdf,712,false,
2023-24,FE,6308,"Shanti Education Society, A.G. Patil Institute of Technology, Soregaon, Solapur(North)",Un-Aided,Un-Aided,false,60,630861210,Mechanical Engineering,60,51,0,9,0,1,6,,0,FE_2023_SeatMatrix.pdf,713,false,
2023-24,FE,6313,"Jaywant College of Engineering & Polytechnic , Kille Macchindragad Tal. Walva District- Sangali",Un-Aided,Un-Aided,false,60,631319110,Civil Engineering,60,51,0,9,0,1,6,,0,FE_2023_SeatMatrix.pdf,714,false,
2023-24,FE,6313,"Jaywant College of Engineering & Polytechnic , Kille Macchindragad Tal. Walva District- Sangali",Un-Aided,Un-Aided,false,48,631324510,Computer Engineering,60,39,0,9,12,0,6,631324511T,3,FE_2023_SeatMatrix.pdf,715,false,
2023-24,FE,6313,"Jaywant College of Engineering & Polytechnic , Kille Macchindragad Tal. Walva District- Sangali",Un-Aided,Un-Aided,false,48,631329310,Electrical Engineering,60,39,0,9,12,0,6,,0,FE_2023_SeatMatrix.pdf,716,false,
2023-24,FE,6313,"Jaywant College of Engineering & Polytechnic , Kille Macchindragad Tal. Walva District- Sangali",Un-Aided,Un-Aided,false,30,631337210,Electronics and Telecommunication Engg,30,25,0,5,0,0,3,,0,FE_2023_SeatMatrix.pdf,717,false,
2023-24,FE,6313,"Jaywant College of Engineering & Polytechnic , Kille Macchindragad Tal. Walva District- Sangali",Un-Aided,Un-Aided,false,60,631361210,Mechanical Engineering,60,51,0,9,0,1,6,,0,FE_2023_SeatMatrix.pdf,718,false,
2023-24,FE,6315,"Holy-Wood Academy's Sanjeevan Engineering and Technology Institute, Panhala",Un-Aided,Un-Aided,false,60,631519110,Civil Engineering,60,51,0,9,0,1,6,,0,FE_2023_SeatMatrix.pdf,719,false,
2023-24,FE,6315,"Holy-Wood Academy's Sanjeevan Engineering and Technology Institute, Panhala",Un-Aided,Un-Aided,false,114,631524210,Computer Science and Engineering,120,96,0,18,6,1,12,631524211T,6,FE_2023_SeatMatrix.pdf,720,false,
2023-24,FE,6315,"Holy-Wood Academy's Sanjeevan Engineering and Technology Institute, Panhala",Un-Aided,Un-Aided,false,60,631529310,Electrical Engineering,60,51,0,9,0,1,6,631529311T,3,FE_2023_SeatMatrix.pdf,721,false,
2023-24,FE,6315,"Holy-Wood Academy's Sanjeevan Engineering and Technology Institute, Panhala",Un-Aided,Un-Aided,false,60,631561210,Mechanical Engineering,60,51,0,9,0,1,6,,0,FE_2023_SeatMatrix.pdf,722,false,
2023-24,FE,6315,"Holy-Wood Academy's Sanjeevan Engineering and Technology Institute, Panhala",Un-Aided,Un-Aided,false,60,631584410,Electronics and Computer Engineering,60,51,0,9,0,1,6,631584411T,3,FE_2023_SeatMatrix.pdf,723,false,
2023-24,FE,6318,"Abhinav Education Society's College of Engineering and Technology (Degree), Wadwadi",Un-Aided,Un-Aided,false,24,631824210,Computer Science and Engineering,30,19,0,5,6,0,3,631824211T,2,FE_2023_SeatMatrix.pdf,724,false,
2023-24,FE,6318,"Abhinav Education Society's College of Engineering and Technology (Degree), Wadwadi",Un-Aided,Un-Aided,false,15,631829310,Electrical Engineering,15,13,0,2,0,0,2,,0,FE_2023_SeatMatrix.pdf,725,false,
2023-24,FE,6318,"Abhinav Education Society's College of Engineering and Technology (Degree), Wadwadi",Un-Aided,Un-Aided,false,15,631861210,Mechanical Engineering,15,13,0,2,0,0,2,,0,FE_2023_SeatMatrix.pdf,726,false,
2023-24,FE,6321,"Vidya Vikas Pratishthan Institute of Engineering and Technology, Solapur",Un-Aided,Un-Aided,false,30,632119110,Civil Engineering,30,25,0,5,0,0,3,,0,FE_2023_SeatMatrix.pdf,727,false,
2023-24,FE,6321,"Vidya Vikas Pratishthan Institute of Engineering and Technology, Solapur",Un-Aided,Un-Aided,false,72,632124210,Computer Science and Engineering,90,58,0,14,18,1,9,632124211T,5,FE_2023_SeatMatrix.pdf,728,false,
2023-24,FE,6321,"Vidya Vikas Pratishthan Institute of Engineering and Technology, Solapur",Un-Aided,Un-Aided,false,60,632129310,Electrical Engineering,60,51,0,9,0,1,6,,0,FE_2023_SeatMatrix.pdf,729,false,
2023-24,FE,6321,"Vidya Vikas Pratishthan Institute of Engineering and Technology, Solapur",Un-Aided,Un-Aided,false,60,632137210,Electronics and Telecommunication Engg,60,51,0,9,0,1,6,,0,FE_2023_SeatMatrix.pdf,730,false,
2023-24,FE,6321,"Vidya Vikas Pratishthan Institute of Engineering and Technology, Solapur",Un-Aided,Un-Aided,false,30,632161210,Mechanical Engineering,30,25,0,5,0,0,3,,0,FE_2023_SeatMatrix.pdf,731,false,
2023-24,FE,6321,"Vidya Vikas Pratishthan Institute of Engineering and Technology, Solapur",Un-Aided,Un-Aided,false,24,632199510,Artificial Intelligence and Data Science,30,19,0,5,6,0,3,,0,FE_2023_SeatMatrix.pdf,732,false,
2023-24,FE,6326,Karmayogi Institute of Technology,Un-Aided,Un-Aided,false,48,632619110,Civil Engineering,60,39,0,9,12,0,6,,0,FE_2023_SeatMatrix.pdf,733,false,
2023-24,FE,6326,Karmayogi Institute of Technology,Un-Aided,Un-Aided,false,54,632624210,Computer Science and Engineering,60,45,0,9,6,0,6,632624211T,3,FE_2023_SeatMatrix.pdf,734,false,
2023-24,FE,6326,Karmayogi Institute of Technology,Un-Aided,Un-Aided,false,57,632637210,Electronics and Telecommunication Engg,60,48,0,9,3,0,6,632637211T,3,FE_2023_SeatMatrix.pdf,735,false,
2023-24,FE,6326,Karmayogi Institute of Technology,Un-Aided,Un-Aided,false,54,632661210,Mechanical Engineering,60,45,0,9,6,0,6,632661211T,3,FE_2023_SeatMatrix.pdf,736,false,
2023-24,FE,6419,"Nutan College of Engineering and Research, Talegaon Dabhade Tal. Maval, Pune",Un-Aided,Un-Aided,false,144,641924210,Computer Science and Engineering,180,117,0,27,36,1,18,641924211T,9,FE_2023_SeatMatrix.pdf,737,false,
2023-24,FE,6419,"Nutan College of Engineering and Research, Talegaon Dabhade Tal. Maval, Pune",Un-Aided,Un-Aided,false,48,641937210,Electronics and Telecommunication Engg,60,39,0,9,12,0,6,641937211T,3,FE_2023_SeatMatrix.pdf,738,false,
2023-24,FE,6419,"Nutan College of Engineering and Research, Talegaon Dabhade Tal. Maval, Pune",Un-Aided,Un-Aided,false,60,641961210,Mechanical Engineering,60,51,0,9,0,1,6,,0,FE_2023_SeatMatrix.pdf,739,false,
2023-24,FE,6419,"Nutan College of Engineering and Research, Talegaon Dabhade Tal. Maval, Pune",Un-Aided,Un-Aided,false,48,641991310,Computer Science and Engineering (Artificial,60,39,0,9,12,0,6,641991311T,3,FE_2023_SeatMatrix.pdf,740,false,
2023-24,FE,6466,"Shree Santkrupa Shikshan Sanstha, Shree Santkrupa Institute Of Engineering & Technology, Karad",Un-Aided,Un-Aided,false,30,646619110,Civil Engineering,30,25,0,5,0,0,3,,0,FE_2023_SeatMatrix.pdf,741,false,
2023-24,FE,6466,"Shree Santkrupa Shikshan Sanstha, Shree Santkrupa Institute Of Engineering & Technology, Karad",Un-Aided,Un-Aided,false,60,646624210,Computer Science and Engineering,60,51,0,9,0,1,6,646624211T,3,FE_2023_SeatMatrix.pdf,742,false,
2023-24,FE,6466,"Shree Santkrupa Shikshan Sanstha, Shree Santkrupa Institute Of Engineering & Technology, Karad",Un-Aided,Un-Aided,false,60,646629310,Electrical Engineering,60,51,0,9,0,1,6,,0,FE_2023_SeatMatrix.pdf,743,false,
2023-24,FE,6466,"Shree Santkrupa Shikshan Sanstha, Shree Santkrupa Institute Of Engineering & Technology, Karad",Un-Aided,Un-Aided,false,30,646661210,Mechanical Engineering,30,25,0,5,0,0,3,,0,FE_2023_SeatMatrix.pdf,744,false,
2023-24,FE,6468,"Swami Vivekananda Shikshan Sanstha, Dr. Bapuji Salunkhe Institute Of Engineering & Technology,Kolhapur",Un-Aided,Un-Aided,false,48,646824210,Computer Science and Engineering,60,39,0,9,12,0,6,646824211T,3,FE_2023_SeatMatrix.pdf,745,false,
2023-24,FE,6468,"Swami Vivekananda Shikshan Sanstha, Dr. Bapuji Salunkhe Institute Of Engineering & Technology,Kolhapur",Un-Aided,Un-Aided,false,60,646829310,Electrical Engineering,60,51,0,9,0,1,6,646829311T,3,FE_2023_SeatMatrix.pdf,746,false,
2023-24,FE,6468,"Swami Vivekananda Shikshan Sanstha, Dr. Bapuji Salunkhe Institute Of Engineering & Technology,Kolhapur",Un-Aided,Un-Aided,false,54,646837210,Electronics and Telecommunication Engg,60,45,0,9,6,0,6,646837211T,3,FE_2023_SeatMatrix.pdf,747,false,
2023-24,FE,6545,"Samarth Education Trust's Arvind Gavali College Of Engineering Panwalewadi, Varye,Satara.",Un-Aided,Un-Aided,false,30,654519110,Civil Engineering,30,25,0,5,0,0,3,,0,FE_2023_SeatMatrix.pdf,748,false,
2023-24,FE,6545,"Samarth Education Trust's Arvind Gavali College Of Engineering Panwalewadi, Varye,Satara.",Un-Aided,Un-Aided,false,120,654524210,Computer Science and Engineering,120,102,0,18,0,1,12,654524211T,6,FE_2023_SeatMatrix.pdf,749,false,
2023-24,FE,6545,"Samarth Education Trust's Arvind Gavali College Of Engineering Panwalewadi, Varye,Satara.",Un-Aided,Un-Aided,false,60,654526310,Artificial Intelligence (AI) and Data Science,60,51,0,9,0,1,6,654526311T,3,FE_2023_SeatMatrix.pdf,750,false,
2023-24,FE,6545,"Samarth Education Trust's Arvind Gavali College Of Engineering Panwalewadi, Varye,Satara.",Un-Aided,Un-Aided,false,30,654529310,Electrical Engineering,30,25,0,5,0,0,3,654529311T,2,FE_2023_SeatMatrix.pdf,751,false,
2023-24,FE,6545,"Samarth Education Trust's Arvind Gavali College Of Engineering Panwalewadi, Varye,Satara.",Un-Aided,Un-Aided,false,30,654537210,Electronics and Telecommunication Engg,30,25,0,5,0,0,3,654537211T,2,FE_2023_SeatMatrix.pdf,752,false,
2023-24,FE,6545,"Samarth Education Trust's Arvind Gavali College Of Engineering Panwalewadi, Varye,Satara.",Un-Aided,Un-Aided,false,90,654561210,Mechanical Engineering,90,76,0,14,0,1,9,,0,FE_2023_SeatMatrix.pdf,753,false,
2023-24,FE,6644,"Shri. Ambabai Talim Sanstha's Sanjay Bhokare Group of Institutes, Miraj",Un-Aided,Un-Aided,false,30,664419110,Civil Engineering,30,25,0,5,0,0,3,,0,FE_2023_SeatMatrix.pdf,754,false,
2023-24,FE,6644,"Shri. Ambabai Talim Sanstha's Sanjay Bhokare Group of Institutes, Miraj",Un-Aided,Un-Aided,false,54,664424510,Computer Engineering,60,45,0,9,6,0,6,664424511T,3,FE_2023_SeatMatrix.pdf,755,false,
2023-24,FE,6644,"Shri. Ambabai Talim Sanstha's Sanjay Bhokare Group of Institutes, Miraj",Un-Aided,Un-Aided,false,30,664429310,Electrical Engineering,30,25,0,5,0,0,3,,0,FE_2023_SeatMatrix.pdf,756,false,
2023-24,FE,6644,"Shri. Ambabai Talim Sanstha's Sanjay Bhokare Group of Institutes, Miraj",Un-Aided,Un-Aided,false,30,664437210,Electronics and Telecommunication Engg,30,25,0,5,0,0,3,,0,FE_2023_SeatMatrix.pdf,757,false,
2023-24,FE,6644,"Shri. Ambabai Talim Sanstha's Sanjay Bhokare Group of Institutes, Miraj",Un-Aided,Un-Aided,false,30,664461210,Mechanical Engineering,30,25,0,5,0,0,3,,0,FE_2023_SeatMatrix.pdf,758,false,
2023-24,FE,6644,"Shri. Ambabai Talim Sanstha's Sanjay Bhokare Group of Institutes, Miraj",Un-Aided,Un-Aided,false,60,664490010,Electronics and Computer Science,60,51,0,9,0,1,6,664490011T,3,FE_2023_SeatMatrix.pdf,759,false,
2023-24,FE,6644,"Shri. Ambabai Talim Sanstha's Sanjay Bhokare Group of Institutes, Miraj",Un-Aided,Un-Aided,false,54,664491110,Computer Science and Engineering(Artificial,60,45,0,9,6,0,6,664491111T,3,FE_2023_SeatMatrix.pdf,760,false,
2023-24,FE,6756,"Fabtech Technical Campus College of Engineering and Research, Sangola",Un-Aided,Un-Aided,false,60,675619110,Civil Engineering,60,51,0,9,0,1,6,,0,FE_2023_SeatMatrix.pdf,761,false,
2023-24,FE,6756,"Fabtech Technical Campus College of Engineering and Research, Sangola",Un-Aided,Un-Aided,false,108,675624210,Computer Science and Engineering,120,90,0,18,12,1,12,675624211T,6,FE_2023_SeatMatrix.pdf,762,false,
2023-24,FE,6756,"Fabtech Technical Campus College of Engineering and Research, Sangola",Un-Aided,Un-Aided,false,27,675626310,Artificial Intelligence (AI) and Data Science,30,22,0,5,3,0,3,675626311T,2,FE_2023_SeatMatrix.pdf,763,false,
2023-24,FE,6756,"Fabtech Technical Campus College of Engineering and Research, Sangola",Un-Aided,Un-Aided,false,30,675629310,Electrical Engineering,30,25,0,5,0,0,3,675629311T,2,FE_2023_SeatMatrix.pdf,764,false,
2023-24,FE,6756,"Fabtech Technical Campus College of Engineering and Research, Sangola",Un-Aided,Un-Aided,false,60,675637210,Electronics and Telecommunication Engg,60,51,0,9,0,1,6,675637211T,3,FE_2023_SeatMatrix.pdf,765,false,
2023-24,FE,6756,"Fabtech Technical Campus College of Engineering and Research, Sangola",Un-Aided,Un-Aided,false,60,675661210,Mechanical Engineering,60,51,0,9,0,1,6,,0,FE_2023_SeatMatrix.pdf,766,false,
2023-24,FE,6757,"Yashoda Technical Campus, Wadhe, Satara.",Un-Aided,Un-Aided,false,30,675719110,Civil Engineering,30,25,0,5,0,0,3,,0,FE_2023_SeatMatrix.pdf,767,false,
2023-24,FE,6757,"Yashoda Technical Campus, Wadhe, Satara.",Un-Aided,Un-Aided,false,108,675724210,Computer Science and Engineering,120,90,0,18,12,1,12,675724211T,6,FE_2023_SeatMatrix.pdf,768,false,
2023-24,FE,6757,"Yashoda Technical Campus, Wadhe, Satara.",Un-Aided,Un-Aided,false,30,675729310,Electrical Engineering,30,25,0,5,0,0,3,,0,FE_2023_SeatMatrix.pdf,769,false,
2023-24,FE,6757,"Yashoda Technical Campus, Wadhe, Satara.",Un-Aided,Un-Aided,false,90,675737210,Electronics and Telecommunication Engg,90,76,0,14,0,1,9,675737211T,5,FE_2023_SeatMatrix.pdf,770,false,
2023-24,FE,6757,"Yashoda Technical Campus, Wadhe, Satara.",Un-Aided,Un-Aided,false,30,675761210,Mechanical Engineering,30,25,0,5,0,0,3,,0,FE_2023_SeatMatrix.pdf,771,false,
2023-24,FE,6757,"Yashoda Technical Campus, Wadhe, Satara.",Un-Aided,Un-Aided,false,60,675799510,Artificial Intelligence and Data Science,60,51,0,9,0,1,6,675799511T,3,FE_2023_SeatMatrix.pdf,772,false,
2023-24,FE,6762,"Nanasaheb Mahadik College of Engineering,Walwa, Sangli.",Un-Aided,Un-Aided,false,45,676219110,Civil Engineering,45,38,0,7,0,0,5,,0,FE_2023_SeatMatrix.pdf,773,false,
2023-24,FE,6762,"Nanasaheb Mahadik College of Engineering,Walwa, Sangli.",Un-Aided,Un-Aided,false,54,676224210,Computer Science and Engineering,60,45,0,9,6,0,6,676224211T,3,FE_2023_SeatMatrix.pdf,774,false,
2023-24,FE,6762,"Nanasaheb Mahadik College of Engineering,Walwa, Sangli.",Un-Aided,Un-Aided,false,60,676229310,Electrical Engineering,60,51,0,9,0,1,6,,0,FE_2023_SeatMatrix.pdf,775,false,
2023-24,FE,6762,"Nanasaheb Mahadik College of Engineering,Walwa, Sangli.",Un-Aided,Un-Aided,false,60,676237210,Electronics and Telecommunication Engg,60,51,0,9,0,1,6,676237211T,3,FE_2023_SeatMatrix.pdf,776,false,
2023-24,FE,6762,"Nanasaheb Mahadik College of Engineering,Walwa, Sangli.",Un-Aided,Un-Aided,false,90,676261210,Mechanical Engineering,90,76,0,14,0,1,9,,0,FE_2023_SeatMatrix.pdf,777,false,
2023-24,FE,6766,Phaltan Education Society's College of Engineering Thakurki Tal- Phaltan Dist-Satara,Un-Aided,Un-Aided,false,30,676619110,Civil Engineering,30,25,0,5,0,0,3,,0,FE_2023_SeatMatrix.pdf,778,false,
2023-24,FE,6766,Phaltan Education Society's College of Engineering Thakurki Tal- Phaltan Dist-Satara,Un-Aided,Un-Aided,false,120,676624510,Computer Engineering,120,102,0,18,0,1,12,676624511T,6,FE_2023_SeatMatrix.pdf,779,false,
2023-24,FE,6766,Phaltan Education Society's College of Engineering Thakurki Tal- Phaltan Dist-Satara,Un-Aided,Un-Aided,false,60,676637210,Electronics and Telecommunication Engg,60,51,0,9,0,1,6,,0,FE_2023_SeatMatrix.pdf,780,false,
2023-24,FE,6766,Phaltan Education Society's College of Engineering Thakurki Tal- Phaltan Dist-Satara,Un-Aided,Un-Aided,false,60,676661210,Mechanical Engineering,60,51,0,9,0,1,6,,0,FE_2023_SeatMatrix.pdf,781,false,
2023-24,FE,6766,Phaltan Education Society's College of Engineering Thakurki Tal- Phaltan Dist-Satara,Un-Aided,Un-Aided,false,30,676699510,Artificial Intelligence and Data Science,30,25,0,5,0,0,3,676699511T,2,FE_2023_SeatMatrix.pdf,782,false,
2023-24,FE,6781,"Bhagwant Institute of Technology, Barshi",Un-Aided,Un-Aided,false,60,678119110,Civil Engineering,60,51,0,9,0,1,6,,0,FE_2023_SeatMatrix.pdf,783,false,
2023-24,FE,6781,"Bhagwant Institute of Technology, Barshi",Un-Aided,Un-Aided,false,96,678124210,Computer Science and Engineering,120,78,0,18,24,1,12,678124211T,6,FE_2023_SeatMatrix.pdf,784,false,
2023-24,FE,6781,"Bhagwant Institute of Technology, Barshi",Un-Aided,Un-Aided,false,60,678137210,Electronics and Telecommunication Engg,60,51,0,9,0,1,6,678137211T,3,FE_2023_SeatMatrix.pdf,785,false,
2023-24,FE,6781,"Bhagwant Institute of Technology, Barshi",Un-Aided,Un-Aided,false,60,678161210,Mechanical Engineering,60,51,0,9,0,1,6,,0,FE_2023_SeatMatrix.pdf,786,false,
2023-24,FE,6782,"Sahakar Maharshee Shankarrao Mohite Patil Institute of Technology & Research, Akluj",Un-Aided,Un-Aided,false,30,678219110,Civil Engineering,30,25,0,5,0,0,3,,0,FE_2023_SeatMatrix.pdf,787,false,
2023-24,FE,6782,"Sahakar Maharshee Shankarrao Mohite Patil Institute of Technology & Research, Akluj",Un-Aided,Un-Aided,false,40,678224210,Computer Science and Engineering,45,33,0,7,5,0,5,678224211T,2,FE_2023_SeatMatrix.pdf,788,false,
2023-24,FE,6782,"Sahakar Maharshee Shankarrao Mohite Patil Institute of Technology & Research, Akluj",Un-Aided,Un-Aided,false,30,678229310,Electrical Engineering,30,25,0,5,0,0,3,,0,FE_2023_SeatMatrix.pdf,789,false,
2023-24,FE,6782,"Sahakar Maharshee Shankarrao Mohite Patil Institute of Technology & Research, Akluj",Un-Aided,Un-Aided,false,23,678261210,Mechanical Engineering,23,20,0,3,0,0,2,,0,FE_2023_SeatMatrix.pdf,790,false,
2023-24,FE,6797,"Dnyanshree Institute Engineering and Technology, Satara",Un-Aided,Un-Aided,false,30,679719110,Civil Engineering,30,25,0,5,0,0,3,,0,FE_2023_SeatMatrix.pdf,791,false,
2023-24,FE,6797,"Dnyanshree Institute Engineering and Technology, Satara",Un-Aided,Un-Aided,false,85,679724210,Computer Science and Engineering,90,71,0,14,5,1,9,679724211T,5,FE_2023_SeatMatrix.pdf,792,false,
2023-24,FE,6797,"Dnyanshree Institute Engineering and Technology, Satara",Un-Aided,Un-Aided,false,30,679729310,Electrical Engineering,30,25,0,5,0,0,3,679729311T,2,FE_2023_SeatMatrix.pdf,793,false,
2023-24,FE,6797,"Dnyanshree Institute Engineering and Technology, Satara",Un-Aided,Un-Aided,false,59,679737210,Electronics and Telecommunication Engg,60,50,0,9,1,1,6,679737211T,3,FE_2023_SeatMatrix.pdf,794,false,
2023-24,FE,6797,"Dnyanshree Institute Engineering and Technology, Satara",Un-Aided,Un-Aided,false,30,679761210,Mechanical Engineering,30,25,0,5,0,0,3,,0,FE_2023_SeatMatrix.pdf,795,false,
2023-24,FE,6799,"Shivganga Charitable Trust, Sangli Vishveshwarya Technical Campus, Faculty of Diploma Engineering, Patgaon, Miraj",Un-Aided,Un-Aided,false,60,679924210,Computer Science and Engineering,60,51,0,9,0,1,6,,0,FE_2023_SeatMatrix.pdf,796,false,
2023-24,FE,6799,"Shivganga Charitable Trust, Sangli Vishveshwarya Technical Campus, Faculty of Diploma Engineering, Patgaon, Miraj",Un-Aided,Un-Aided,false,60,679924510,Computer Engineering,60,51,0,9,0,1,6,,0,FE_2023_SeatMatrix.pdf,797,false,
2023-24,FE,6799,"Shivganga Charitable Trust, Sangli Vishveshwarya Technical Campus, Faculty of Diploma Engineering, Patgaon, Miraj",Un-Aided,Un-Aided,false,30,679929310,Electrical Engineering,30,25,0,5,0,0,3,,0,FE_2023_SeatMatrix.pdf,798,false,
2023-24,FE,6811,Sanjay Ghodawat Institute,Un-Aided,Un-Aided,false,60,681119110,Civil Engineering,60,51,0,9,0,1,6,681119111T,3,FE_2023_SeatMatrix.pdf,799,false,
2023-24,FE,6811,Sanjay Ghodawat Institute,Un-Aided,Un-Aided,false,54,681124210,Computer Science and Engineering,60,45,0,9,6,0,6,681124211T,3,FE_2023_SeatMatrix.pdf,800,false,
2023-24,FE,6811,Sanjay Ghodawat Institute,Un-Aided,Un-Aided,false,57,681129310,Electrical Engineering,60,48,0,9,3,0,6,681129311T,3,FE_2023_SeatMatrix.pdf,801,false,
2023-24,FE,6811,Sanjay Ghodawat Institute,Un-Aided,Un-Aided,false,57,681137210,Electronics and Telecommunication Engg,60,48,0,9,3,0,6,681137211T,3,FE_2023_SeatMatrix.pdf,802,false,
2023-24,FE,6811,Sanjay Ghodawat Institute,Un-Aided,Un-Aided,false,60,681161210,Mechanical Engineering,60,51,0,9,0,1,6,681161211T,3,FE_2023_SeatMatrix.pdf,803,false,
2023-24,FE,4004,"Government College of Engineering, Chandrapur",Government,Government,false,60,400419110,Civil Engineering,60,60,0,0,0,1,6,400419111T,3,FE_2023_SeatMatrix.pdf,809,false,
2023-24,FE,4004,"Government College of Engineering, Chandrapur",Government,Government,false,60,400424210,Computer Science and Engineering,60,60,0,0,0,1,6,400424211T,3,FE_2023_SeatMatrix.pdf,810,false,
2023-24,FE,4004,"Government College of Engineering, Chandrapur",Government,Government,false,60,400429310,Electrical Engineering,60,60,0,0,0,1,6,400429311T,3,FE_2023_SeatMatrix.pdf,811,false,
2023-24,FE,4004,"Government College of Engineering, Chandrapur",Government,Government,false,60,400437210,Electronics and Telecommunication Engg,60,60,0,0,0,1,6,400437211T,3,FE_2023_SeatMatrix.pdf,812,false,
2023-24,FE,4004,"Government College of Engineering, Chandrapur",Government,Government,false,30,400446610,Instrumentation Engineering,30,30,0,0,0,0,3,400446611T,2,FE_2023_SeatMatrix.pdf,813,false,
2023-24,FE,4004,"Government College of Engineering, Chandrapur",Government,Government,false,60,400461210,Mechanical Engineering,60,60,0,0,0,1,6,400461211T,3,FE_2023_SeatMatrix.pdf,814,false,
2023-24,FE,5003,"University Institute of Chemical Technology, North Maharashtra University, Jalgaon",University Department,University Department,false,15,500350310,Food Technology,15,15,0,0,0,0,2,500350311T,1,FE_2023_SeatMatrix.pdf,815,false,
2023-24,FE,5003,"University Institute of Chemical Technology, North Maharashtra University, Jalgaon",University Department,University Department,false,60,500350710,Chemical Engineering,60,60,0,0,0,1,6,500350711T,3,FE_2023_SeatMatrix.pdf,816,false,
2023-24,FE,5003,"University Institute of Chemical Technology, North Maharashtra University, Jalgaon",University Department,University Department,false,15,500350810,Plastic Technology,15,15,0,0,0,0,2,,0,FE_2023_SeatMatrix.pdf,817,false,
2023-24,FE,5003,"University Institute of Chemical Technology, North Maharashtra University, Jalgaon",University Department,University Department,false,15,500351810,Oil Fats and Waxes Technology,15,15,0,0,0,0,2,,0,FE_2023_SeatMatrix.pdf,818,false,
2023-24,FE,5003,"University Institute of Chemical Technology, North Maharashtra University, Jalgaon",University Department,University Department,false,15,500352310,Paints Technology,15,15,0,0,0,0,2,500352311T,1,FE_2023_SeatMatrix.pdf,819,false,
2023-24,FE,5104,"Shramsadhana Bombay Trust, College of Engineering & Technology, Jalgaon",Un-Aided,Un-Aided,false,60,510419110,Civil Engineering,60,51,0,9,0,1,6,510419111T,3,FE_2023_SeatMatrix.pdf,820,false,
2023-24,FE,5104,"Shramsadhana Bombay Trust, College of Engineering & Technology, Jalgaon",Un-Aided,Un-Aided,false,144,510424510,Computer Engineering,180,117,0,27,36,1,18,510424511T,9,FE_2023_SeatMatrix.pdf,821,false,
2023-24,FE,5104,"Shramsadhana Bombay Trust, College of Engineering & Technology, Jalgaon",Un-Aided,Un-Aided,false,60,510429310,Electrical Engineering,60,51,0,9,0,1,6,510429311T,3,FE_2023_SeatMatrix.pdf,822,false,
2023-24,FE,5104,"Shramsadhana Bombay Trust, College of Engineering & Technology, Jalgaon",Un-Aided,Un-Aided,false,27,510437210,Electronics and Telecommunication Engg,30,22,0,5,3,0,3,510437211T,2,FE_2023_SeatMatrix.pdf,823,false,
2023-24,FE,5104,"Shramsadhana Bombay Trust, College of Engineering & Technology, Jalgaon",Un-Aided,Un-Aided,false,30,510450710,Chemical Engineering,30,25,0,5,0,0,3,,0,FE_2023_SeatMatrix.pdf,824,false,
2023-24,FE,5104,"Shramsadhana Bombay Trust, College of Engineering & Technology, Jalgaon",Un-Aided,Un-Aided,false,30,510461210,Mechanical Engineering,30,25,0,5,0,0,3,510461211T,2,FE_2023_SeatMatrix.pdf,825,false,
2023-24,FE,5169,"Nagaon Education Society's Gangamai College of Engineering, Nagaon, Tal Dist Dhule",Un-Aided,Un-Aided,false,30,516919110,Civil Engineering,30,25,0,5,0,0,3,,0,FE_2023_SeatMatrix.pdf,826,false,
2023-24,FE,5169,"Nagaon Education Society's Gangamai College of Engineering, Nagaon, Tal Dist Dhule",Un-Aided,Un-Aided,false,48,516924510,Computer Engineering,60,39,0,9,12,0,6,516924511T,3,FE_2023_SeatMatrix.pdf,827,false,
2023-24,FE,5169,"Nagaon Education Society's Gangamai College of Engineering, Nagaon, Tal Dist Dhule",Un-Aided,Un-Aided,false,60,516929310,Electrical Engineering,60,51,0,9,0,1,6,516929311T,3,FE_2023_SeatMatrix.pdf,828,false,
2023-24,FE,5169,"Nagaon Education Society's Gangamai College of Engineering, Nagaon, Tal Dist Dhule",Un-Aided,Un-Aided,false,60,516937210,Electronics and Telecommunication Engg,60,51,0,9,0,1,6,516937211T,3,FE_2023_SeatMatrix.pdf,829,false,
2023-24,FE,5169,"Nagaon Education Society's Gangamai College of Engineering, Nagaon, Tal Dist Dhule",Un-Aided,Un-Aided,false,60,516961210,Mechanical Engineering,60,51,0,9,0,1,6,,0,FE_2023_SeatMatrix.pdf,830,false,
2023-24,FE,5322,"Jamia Institute Of Engineering And Management Studies, Akkalkuwa",Un-Aided Religious Minority - Muslim,Un-Aided Religious Minority - Muslim,false,48,532219110,Civil Engineering,60,14,31,3,12,0,0,,0,FE_2023_SeatMatrix.pdf,831,false,
2023-24,FE,5322,"Jamia Institute Of Engineering And Management Studies, Akkalkuwa",Un-Aided Religious Minority - Muslim,Un-Aided Religious Minority - Muslim,false,24,532229310,Electrical Engineering,30,8,15,1,6,0,0,,0,FE_2023_SeatMatrix.pdf,832,false,
2023-24,FE,5322,"Jamia Institute Of Engineering And Management Studies, Akkalkuwa",Un-Aided Religious Minority - Muslim,Un-Aided Religious Minority - Muslim,false,24,532261210,Mechanical Engineering,30,8,15,1,6,0,0,,0,FE_2023_SeatMatrix.pdf,833,false,
2023-24,FE,5381,"Shri. Jaykumar Rawal Institute of Technology, Dondaicha.",Un-Aided,Un-Aided,false,60,538119110,Civil Engineering,60,51,0,9,0,1,6,,0,FE_2023_SeatMatrix.pdf,834,false,
2023-24,FE,5381,"Shri. Jaykumar Rawal Institute of Technology, Dondaicha.",Un-Aided,Un-Aided,false,48,538124210,Computer Science and Engineering,60,39,0,9,12,0,6,538124211T,3,FE_2023_SeatMatrix.pdf,835,false,
2023-24,FE,5381,"Shri. Jaykumar Rawal Institute of Technology, Dondaicha.",Un-Aided,Un-Aided,false,60,538129310,Electrical Engineering,60,51,0,9,0,1,6,,0,FE_2023_SeatMatrix.pdf,836,false,
2023-24,FE,5381,"Shri. Jaykumar Rawal Institute of Technology, Dondaicha.",Un-Aided,Un-Aided,false,60,538161210,Mechanical Engineering,60,51,0,9,0,1,6,,0,FE_2023_SeatMatrix.pdf,837,false,
2023-24,FE,3135,"Manjara Charitable Trust's Rajiv Gandhi Institute of Technology, Mumbai",Un-Aided,Un-Aided,false,96,313524510,Computer Engineering,120,78,0,18,24,1,12,313524511T,6,FE_2023_SeatMatrix.pdf,838,false,
2023-24,FE,3135,"Manjara Charitable Trust's Rajiv Gandhi Institute of Technology, Mumbai",Un-Aided,Un-Aided,false,48,313524610,Information Technology,60,39,0,9,12,0,6,313524611T,3,FE_2023_SeatMatrix.pdf,839,false,
2023-24,FE,3135,"Manjara Charitable Trust's Rajiv Gandhi Institute of Technology, Mumbai",Un-Aided,Un-Aided,false,96,313537210,Electronics and Telecommunication Engg,120,78,0,18,24,1,12,313537211T,6,FE_2023_SeatMatrix.pdf,840,false,
2023-24,FE,3135,"Manjara Charitable Trust's Rajiv Gandhi Institute of Technology, Mumbai",Un-Aided,Un-Aided,false,96,313561210,Mechanical Engineering,120,78,0,18,24,1,12,,0,FE_2023_SeatMatrix.pdf,841,false,
2023-24,FE,3135,"Manjara Charitable Trust's Rajiv Gandhi Institute of Technology, Mumbai",Un-Aided,Un-Aided,false,48,313599510,Artificial Intelligence and Data Science,60,39,0,9,12,0,6,313599511T,3,FE_2023_SeatMatrix.pdf,842,false,
2023-24,FE,3146,"Jawahar Education Society's Annasaheb Chudaman Patil College of Engineering,Kharghar, Navi Mumbai",Un-Aided,Un-Aided,false,48,314624510,Computer Engineering,60,39,0,9,12,0,6,314624511T,3,FE_2023_SeatMatrix.pdf,843,false,
2023-24,FE,3146,"Jawahar Education Society's Annasaheb Chudaman Patil College of Engineering,Kharghar, Navi Mumbai",Un-Aided,Un-Aided,false,48,314624610,Information Technology,60,39,0,9,12,0,6,314624611T,3,FE_2023_SeatMatrix.pdf,844,false,
2023-24,FE,3146,"Jawahar Education Society's Annasaheb Chudaman Patil College of Engineering,Kharghar, Navi Mumbai",Un-Aided,Un-Aided,false,72,314629310,Electrical Engineering,90,58,0,14,18,1,9,,0,FE_2023_SeatMatrix.pdf,845,false,
2023-24,FE,3146,"Jawahar Education Society's Annasaheb Chudaman Patil College of Engineering,Kharghar, Navi Mumbai",Un-Aided,Un-Aided,false,48,314637210,Electronics and Telecommunication Engg,60,39,0,9,12,0,6,314637211T,3,FE_2023_SeatMatrix.pdf,846,false,
2023-24,FE,3146,"Jawahar Education Society's Annasaheb Chudaman Patil College of Engineering,Kharghar, Navi Mumbai",Un-Aided,Un-Aided,false,48,314661210,Mechanical Engineering,60,39,0,9,12,0,6,,0,FE_2023_SeatMatrix.pdf,847,false,
2023-24,FE,3146,"Jawahar Education Society's Annasaheb Chudaman Patil College of Engineering,Kharghar, Navi Mumbai",Un-Aided,Un-Aided,false,48,314692010,Computer Science and Engineering (Internet of,60,39,0,9,12,0,6,314692011T,3,FE_2023_SeatMatrix.pdf,848,false,
2023-24,FE,3146,"Jawahar Education Society's Annasaheb Chudaman Patil College of Engineering,Kharghar, Navi Mumbai",Un-Aided,Un-Aided,false,48,314699510,Artificial Intelligence and Data Science,60,39,0,9,12,0,6,314699511T,3,FE_2023_SeatMatrix.pdf,849,false,
2023-24,FE,3147,"Saraswati Education Society, Yadavrao Tasgaonkar Institute of Engineering & Technology, Karjat",Un-Aided,Un-Aided,false,30,314719110,Civil Engineering,30,25,0,5,0,0,3,,0,FE_2023_SeatMatrix.pdf,850,false,
2023-24,FE,3147,"Saraswati Education Society, Yadavrao Tasgaonkar Institute of Engineering & Technology, Karjat",Un-Aided,Un-Aided,false,48,314724510,Computer Engineering,60,39,0,9,12,0,6,,0,FE_2023_SeatMatrix.pdf,851,false,
2023-24,FE,3147,"Saraswati Education Society, Yadavrao Tasgaonkar Institute of Engineering & Technology, Karjat",Un-Aided,Un-Aided,false,48,314724610,Information Technology,60,39,0,9,12,0,6,314724611T,3,FE_2023_SeatMatrix.pdf,852,false,
2023-24,FE,3147,"Saraswati Education Society, Yadavrao Tasgaonkar Institute of Engineering & Technology, Karjat",Un-Aided,Un-Aided,false,30,314729310,Electrical Engineering,30,25,0,5,0,0,3,,0,FE_2023_SeatMatrix.pdf,853,false,
2023-24,FE,3147,"Saraswati Education Society, Yadavrao Tasgaonkar Institute of Engineering & Technology, Karjat",Un-Aided,Un-Aided,false,60,314761210,Mechanical Engineering,60,51,0,9,0,1,6,,0,FE_2023_SeatMatrix.pdf,854,false,
2023-24,FE,3147,"Saraswati Education Society, Yadavrao Tasgaonkar Institute of Engineering & Technology, Karjat",Un-Aided,Un-Aided,false,30,314791710,Data Science,30,25,0,5,0,0,3,314791711T,2,FE_2023_SeatMatrix.pdf,855,false,
2023-24,FE,3147,"Saraswati Education Society, Yadavrao Tasgaonkar Institute of Engineering & Technology, Karjat",Un-Aided,Un-Aided,false,30,314792110,Artificial Intelligence and Machine Learning,30,25,0,5,0,0,3,314792111T,2,FE_2023_SeatMatrix.pdf,856,false,
2023-24,FE,3148,"Mahavir Education Trust's Shah & Anchor Kutchhi Engineering College, Mumbai",Un-Aided Linguistic Minority - Gujarathi(Jain),Un-Aided Linguistic Minority - Gujarathi(Jain),false,180,314824510,Computer Engineering,180,75,92,13,0,0,0,314824511T,9,FE_2023_SeatMatrix.pdf,857,false,
2023-24,FE,3148,"Mahavir Education Trust's Shah & Anchor Kutchhi Engineering College, Mumbai",Un-Aided Linguistic Minority - Gujarathi(Jain),Un-Aided Linguistic Minority - Gujarathi(Jain),false,120,314824610,Information Technology,120,50,61,9,0,0,0,314824611T,6,FE_2023_SeatMatrix.pdf,858,false,
2023-24,FE,3148,"Mahavir Education Trust's Shah & Anchor Kutchhi Engineering College, Mumbai",Un-Aided Linguistic Minority - Gujarathi(Jain),Un-Aided Linguistic Minority - Gujarathi(Jain),false,60,314825210,Cyber Security,60,25,31,4,0,0,0,314825211T,3,FE_2023_SeatMatrix.pdf,859,false,
2023-24,FE,3148,"Mahavir Education Trust's Shah & Anchor Kutchhi Engineering College, Mumbai",Un-Aided Linguistic Minority - Gujarathi(Jain),Un-Aided Linguistic Minority - Gujarathi(Jain),false,60,314837210,Electronics and Telecommunication Engg,60,25,31,4,0,0,0,314837211T,3,FE_2023_SeatMatrix.pdf,860,false,
2023-24,FE,3148,"Mahavir Education Trust's Shah & Anchor Kutchhi Engineering College, Mumbai",Un-Aided Linguistic Minority - Gujarathi(Jain),Un-Aided Linguistic Minority - Gujarathi(Jain),false,60,314837810,Electronics Engineering ( VLSI Design and,60,25,31,4,0,0,0,314837811T,3,FE_2023_SeatMatrix.pdf,861,false,
2023-24,FE,3148,"Mahavir Education Trust's Shah & Anchor Kutchhi Engineering College, Mumbai",Un-Aided Linguistic Minority - Gujarathi(Jain),Un-Aided Linguistic Minority - Gujarathi(Jain),false,120,314890010,Electronics and Computer Science,120,50,61,9,0,0,0,314890011T,6,FE_2023_SeatMatrix.pdf,862,false,
2023-24,FE,3148,"Mahavir Education Trust's Shah & Anchor Kutchhi Engineering College, Mumbai",Un-Aided Linguistic Minority - Gujarathi(Jain),Un-Aided Linguistic Minority - Gujarathi(Jain),false,60,314892810,Electronics and Communication(Advanced,60,25,31,4,0,0,0,314892811T,3,FE_2023_SeatMatrix.pdf,863,false,
2023-24,FE,3148,"Mahavir Education Trust's Shah & Anchor Kutchhi Engineering College, Mumbai",Un-Aided Linguistic Minority - Gujarathi(Jain),Un-Aided Linguistic Minority - Gujarathi(Jain),false,60,314899510,Artificial Intelligence and Data Science,60,25,31,4,0,0,0,314899511T,3,FE_2023_SeatMatrix.pdf,864,false,
2023-24,FE,3154,"Saraswati Education Society's Saraswati College of Engineering,Kharghar Navi Mumbai",Un-Aided,Un-Aided,false,144,315419110,Civil Engineering,180,117,0,27,36,1,18,,0,FE_2023_SeatMatrix.pdf,865,false,
2023-24,FE,3154,"Saraswati Education Society's Saraswati College of Engineering,Kharghar Navi Mumbai",Un-Aided,Un-Aided,false,96,315424510,Computer Engineering,120,78,0,18,24,1,12,315424511T,6,FE_2023_SeatMatrix.pdf,866,false,
2023-24,FE,3154,"Saraswati Education Society's Saraswati College of Engineering,Kharghar Navi Mumbai",Un-Aided,Un-Aided,false,48,315424610,Information Technology,60,39,0,9,12,0,6,315424611T,3,FE_2023_SeatMatrix.pdf,867,false,
2023-24,FE,3154,"Saraswati Education Society's Saraswati College of Engineering,Kharghar Navi Mumbai",Un-Aided,Un-Aided,false,48,315460210,Automobile Engineering,60,39,0,9,12,0,6,,0,FE_2023_SeatMatrix.pdf,868,false,
2023-24,FE,3154,"Saraswati Education Society's Saraswati College of Engineering,Kharghar Navi Mumbai",Un-Aided,Un-Aided,false,48,315461210,Mechanical Engineering,60,39,0,9,12,0,6,,0,FE_2023_SeatMatrix.pdf,869,false,
2023-24,FE,3154,"Saraswati Education Society's Saraswati College of Engineering,Kharghar Navi Mumbai",Un-Aided,Un-Aided,false,48,315491110,Computer Science and Engineering(Artificial,60,39,0,9,12,0,6,315491111T,3,FE_2023_SeatMatrix.pdf,870,false,
2023-24,FE,3154,"Saraswati Education Society's Saraswati College of Engineering,Kharghar Navi Mumbai",Un-Aided,Un-Aided,false,48,315491210,Computer Science and Engineering(Data Science),60,39,0,9,12,0,6,315491211T,3,FE_2023_SeatMatrix.pdf,871,false,
2023-24,FE,3175,"M.G.M.'s College of Engineering and Technology, Kamothe, Navi Mumbai",Un-Aided,Un-Aided,false,60,317519110,Civil Engineering,60,51,0,9,0,1,6,,0,FE_2023_SeatMatrix.pdf,872,false,
2023-24,FE,3175,"M.G.M.'s College of Engineering and Technology, Kamothe, Navi Mumbai",Un-Aided,Un-Aided,false,96,317524510,Computer Engineering,120,78,0,18,24,1,12,317524511T,6,FE_2023_SeatMatrix.pdf,873,false,
2023-24,FE,3175,"M.G.M.'s College of Engineering and Technology, Kamothe, Navi Mumbai",Un-Aided,Un-Aided,false,48,317524610,Information Technology,60,39,0,9,12,0,6,317524611T,3,FE_2023_SeatMatrix.pdf,874,false,
2023-24,FE,3175,"M.G.M.'s College of Engineering and Technology, Kamothe, Navi Mumbai",Un-Aided,Un-Aided,false,60,317529310,Electrical Engineering,60,51,0,9,0,1,6,,0,FE_2023_SeatMatrix.pdf,875,false,
2023-24,FE,3175,"M.G.M.'s College of Engineering and Technology, Kamothe, Navi Mumbai",Un-Aided,Un-Aided,false,60,317537210,Electronics and Telecommunication Engg,60,51,0,9,0,1,6,317537211T,3,FE_2023_SeatMatrix.pdf,876,false,
2023-24,FE,3175,"M.G.M.'s College of Engineering and Technology, Kamothe, Navi Mumbai",Un-Aided,Un-Aided,false,24,317546110,Bio Medical Engineering,30,19,0,5,6,0,3,,0,FE_2023_SeatMatrix.pdf,877,false,
2023-24,FE,3175,"M.G.M.'s College of Engineering and Technology, Kamothe, Navi Mumbai",Un-Aided,Un-Aided,false,60,317550710,Chemical Engineering,60,51,0,9,0,1,6,,0,FE_2023_SeatMatrix.pdf,878,false,
2023-24,FE,3175,"M.G.M.'s College of Engineering and Technology, Kamothe, Navi Mumbai",Un-Aided,Un-Aided,false,60,317561210,Mechanical Engineering,60,51,0,9,0,1,6,,0,FE_2023_SeatMatrix.pdf,879,false,
2023-24,FE,3175,"M.G.M.'s College of Engineering and Technology, Kamothe, Navi Mumbai",Un-Aided,Un-Aided,false,48,317591110,Computer Science and Engineering(Artificial,60,39,0,9,12,0,6,317591111T,3,FE_2023_SeatMatrix.pdf,880,false,
2023-24,FE,3175,"M.G.M.'s College of Engineering and Technology, Kamothe, Navi Mumbai",Un-Aided,Un-Aided,false,48,317591210,Computer Science and Engineering(Data Science),60,39,0,9,12,0,6,,0,FE_2023_SeatMatrix.pdf,881,false,
2023-24,FE,3182,"Thadomal Shahani Engineering College, Bandra, Mumbai",Un-Aided Linguistic Minority - Sindhi,Un-Aided Linguistic Minority - Sindhi,false,144,318224510,Computer Engineering,180,44,92,8,36,0,0,318224511T,9,FE_2023_SeatMatrix.pdf,882,false,
2023-24,FE,3182,"Thadomal Shahani Engineering College, Bandra, Mumbai",Un-Aided Linguistic Minority - Sindhi,Un-Aided Linguistic Minority - Sindhi,false,96,318224610,Information Technology,120,30,61,5,24,0,0,318224611T,6,FE_2023_SeatMatrix.pdf,883,false,
2023-24,FE,3182,"Thadomal Shahani Engineering College, Bandra, Mumbai",Un-Aided Linguistic Minority - Sindhi,Un-Aided Linguistic Minority - Sindhi,false,48,318237210,Electronics and Telecommunication Engg,60,14,31,3,12,0,0,318237211T,3,FE_2023_SeatMatrix.pdf,884,false,
2023-24,FE,3182,"Thadomal Shahani Engineering College, Bandra, Mumbai",Un-Aided Linguistic Minority - Sindhi,Un-Aided Linguistic Minority - Sindhi,false,48,318250710,Chemical Engineering,60,14,31,3,12,0,0,318250711T,3,FE_2023_SeatMatrix.pdf,885,false,
2023-24,FE,3182,"Thadomal Shahani Engineering College, Bandra, Mumbai",Un-Aided Linguistic Minority - Sindhi,Un-Aided Linguistic Minority - Sindhi,false,96,318299510,Artificial Intelligence and Data Science,120,30,61,5,24,0,0,318299511T,6,FE_2023_SeatMatrix.pdf,886,false,
2023-24,FE,3183,"Anjuman-I-Islam's M.H. Saboo Siddik College of Engineering, Byculla, Mumbai",Un-Aided Religious Minority - Muslim,Un-Aided Religious Minority - Muslim,false,48,318319110,Civil Engineering,60,14,31,3,12,0,0,,0,FE_2023_SeatMatrix.pdf,887,false,
2023-24,FE,3183,"Anjuman-I-Islam's M.H. Saboo Siddik College of Engineering, Byculla, Mumbai",Un-Aided Religious Minority - Muslim,Un-Aided Religious Minority - Muslim,false,48,318324510,Computer Engineering,60,14,31,3,12,0,0,318324511T,3,FE_2023_SeatMatrix.pdf,888,false,
2023-24,FE,3183,"Anjuman-I-Islam's M.H. Saboo Siddik College of Engineering, Byculla, Mumbai",Un-Aided Religious Minority - Muslim,Un-Aided Religious Minority - Muslim,false,48,318324610,Information Technology,60,14,31,3,12,0,0,318324611T,3,FE_2023_SeatMatrix.pdf,889,false,
2023-24,FE,3183,"Anjuman-I-Islam's M.H. Saboo Siddik College of Engineering, Byculla, Mumbai",Un-Aided Religious Minority - Muslim,Un-Aided Religious Minority - Muslim,false,48,318337210,Electronics and Telecommunication Engg,60,14,31,3,12,0,0,318337211T,3,FE_2023_SeatMatrix.pdf,890,false,
2023-24,FE,3183,"Anjuman-I-Islam's M.H. Saboo Siddik College of Engineering, Byculla, Mumbai",Un-Aided Religious Minority - Muslim,Un-Aided Religious Minority - Muslim,false,48,318361210,Mechanical Engineering,60,14,31,3,12,0,0,318361211T,3,FE_2023_SeatMatrix.pdf,891,false,
2023-24,FE,3183,"Anjuman-I-Islam's M.H. Saboo Siddik College of Engineering, Byculla, Mumbai",Un-Aided Religious Minority - Muslim,Un-Aided Religious Minority - Muslim,false,48,318391110,Computer Science and Engineering(Artificial,60,14,31,3,12,0,0,318391111T,3,FE_2023_SeatMatrix.pdf,892,false,
2023-24,FE,3183,"Anjuman-I-Islam's M.H. Saboo Siddik College of Engineering, Byculla, Mumbai",Un-Aided Religious Minority - Muslim,Un-Aided Religious Minority - Muslim,false,48,318392010,Computer Science and Engineering (Internet of,60,14,31,3,12,0,0,318392011T,3,FE_2023_SeatMatrix.pdf,893,false,
2023-24,FE,3184,"Fr. Conceicao Rodrigues College of Engineering, Bandra,Mumbai",Un-Aided Religious Minority - Christian,Un-Aided Religious Minority - Christian,false,96,318424510,Computer Engineering,120,30,61,5,24,0,0,318424511T,6,FE_2023_SeatMatrix.pdf,894,false,
2023-24,FE,3184,"Fr. Conceicao Rodrigues College of Engineering, Bandra,Mumbai",Un-Aided Religious Minority - Christian,Un-Aided Religious Minority - Christian,false,48,318461210,Mechanical Engineering,60,14,31,3,12,0,0,318461211T,3,FE_2023_SeatMatrix.pdf,895,false,
2023-24,FE,3184,"Fr. Conceicao Rodrigues College of Engineering, Bandra,Mumbai",Un-Aided Religious Minority - Christian,Un-Aided Religious Minority - Christian,false,48,318490010,Electronics and Computer Science,60,14,31,3,12,0,0,318490011T,3,FE_2023_SeatMatrix.pdf,896,false,
2023-24,FE,3184,"Fr. Conceicao Rodrigues College of Engineering, Bandra,Mumbai",Un-Aided Religious Minority - Christian,Un-Aided Religious Minority - Christian,false,48,318499510,Artificial Intelligence and Data Science,60,14,31,3,12,0,0,318499511T,3,FE_2023_SeatMatrix.pdf,897,false,
2023-24,FE,3187,"N.Y.S.S.'s Datta Meghe College of Engineering, Airoli, Navi Mumbai",Un-Aided,Un-Aided,false,96,318719110,Civil Engineering,120,78,0,18,24,1,12,,0,FE_2023_SeatMatrix.pdf,898,false,
2023-24,FE,3187,"N.Y.S.S.'s Datta Meghe College of Engineering, Airoli, Navi Mumbai",Un-Aided,Un-Aided,false,96,318724510,Computer Engineering,120,78,0,18,24,1,12,318724511T,6,FE_2023_SeatMatrix.pdf,899,false,
2023-24,FE,3187,"N.Y.S.S.'s Datta Meghe College of Engineering, Airoli, Navi Mumbai",Un-Aided,Un-Aided,false,96,318724610,Information Technology,120,78,0,18,24,1,12,318724611T,6,FE_2023_SeatMatrix.pdf,900,false,
2023-24,FE,3187,"N.Y.S.S.'s Datta Meghe College of Engineering, Airoli, Navi Mumbai",Un-Aided,Un-Aided,false,48,318737210,Electronics and Telecommunication Engg,60,39,0,9,12,0,6,318737211T,3,FE_2023_SeatMatrix.pdf,901,false,
2023-24,FE,3187,"N.Y.S.S.'s Datta Meghe College of Engineering, Airoli, Navi Mumbai",Un-Aided,Un-Aided,false,48,318750710,Chemical Engineering,60,39,0,9,12,0,6,,0,FE_2023_SeatMatrix.pdf,902,false,
2023-24,FE,3187,"N.Y.S.S.'s Datta Meghe College of Engineering, Airoli, Navi Mumbai",Un-Aided,Un-Aided,false,48,318761210,Mechanical Engineering,60,39,0,9,12,0,6,,0,FE_2023_SeatMatrix.pdf,903,false,
2023-24,FE,3187,"N.Y.S.S.'s Datta Meghe College of Engineering, Airoli, Navi Mumbai",Un-Aided,Un-Aided,false,48,318791810,Civil and infrastructure Engineering,60,39,0,9,12,0,6,,0,FE_2023_SeatMatrix.pdf,904,false,
2023-24,FE,3187,"N.Y.S.S.'s Datta Meghe College of Engineering, Airoli, Navi Mumbai",Un-Aided,Un-Aided,false,96,318799510,Artificial Intelligence and Data Science,120,78,0,18,24,1,12,318799511T,6,FE_2023_SeatMatrix.pdf,905,false,
2023-24,FE,3188,"Vasantdada Patil Pratishthan's College Of Engineering and Visual Arts, Sion, Mumbai",Un-Aided,Un-Aided,false,96,318824510,Computer Engineering,120,78,0,18,24,1,12,318824511T,6,FE_2023_SeatMatrix.pdf,906,false,
2023-24,FE,3188,"Vasantdada Patil Pratishthan's College Of Engineering and Visual Arts, Sion, Mumbai",Un-Aided,Un-Aided,false,96,318824610,Information Technology,120,78,0,18,24,1,12,318824611T,6,FE_2023_SeatMatrix.pdf,907,false,
2023-24,FE,3188,"Vasantdada Patil Pratishthan's College Of Engineering and Visual Arts, Sion, Mumbai",Un-Aided,Un-Aided,false,48,318826310,Artificial Intelligence (AI) and Data Science,60,39,0,9,12,0,6,318826311T,3,FE_2023_SeatMatrix.pdf,908,false,
2023-24,FE,3189,"Bharati Vidyapeeth College of Engineering, Navi Mumbai",Un-Aided,Un-Aided,false,48,318924510,Computer Engineering,60,39,0,9,12,0,6,318924511T,3,FE_2023_SeatMatrix.pdf,909,false,
2023-24,FE,3189,"Bharati Vidyapeeth College of Engineering, Navi Mumbai",Un-Aided,Un-Aided,false,48,318924610,Information Technology,60,39,0,9,12,0,6,318924611T,3,FE_2023_SeatMatrix.pdf,910,false,
2023-24,FE,3189,"Bharati Vidyapeeth College of Engineering, Navi Mumbai",Un-Aided,Un-Aided,false,108,318937210,Electronics and Telecommunication Engg,120,90,0,18,12,1,12,318937211T,6,FE_2023_SeatMatrix.pdf,911,false,
2023-24,FE,3189,"Bharati Vidyapeeth College of Engineering, Navi Mumbai",Un-Aided,Un-Aided,false,60,318946610,Instrumentation Engineering,60,51,0,9,0,1,6,318946611T,3,FE_2023_SeatMatrix.pdf,912,false,
2023-24,FE,3189,"Bharati Vidyapeeth College of Engineering, Navi Mumbai",Un-Aided,Un-Aided,false,57,318950710,Chemical Engineering,60,48,0,9,3,0,6,318950711T,3,FE_2023_SeatMatrix.pdf,913,false,
2023-24,FE,3189,"Bharati Vidyapeeth College of Engineering, Navi Mumbai",Un-Aided,Un-Aided,false,114,318961210,Mechanical Engineering,120,96,0,18,6,1,12,318961211T,6,FE_2023_SeatMatrix.pdf,914,false,
2023-24,FE,3190,"Terna Engineering College, Nerul, Navi Mumbai",Un-Aided,Un-Aided,false,60,319019110,Civil Engineering,60,51,0,9,0,1,6,319019111T,3,FE_2023_SeatMatrix.pdf,915,false,
2023-24,FE,3190,"Terna Engineering College, Nerul, Navi Mumbai",Un-Aided,Un-Aided,false,144,319024510,Computer Engineering,180,117,0,27,36,1,18,319024511T,9,FE_2023_SeatMatrix.pdf,916,false,
2023-24,FE,3190,"Terna Engineering College, Nerul, Navi Mumbai",Un-Aided,Un-Aided,false,48,319024610,Information Technology,60,39,0,9,12,0,6,319024611T,3,FE_2023_SeatMatrix.pdf,917,false,
2023-24,FE,3190,"Terna Engineering College, Nerul, Navi Mumbai",Un-Aided,Un-Aided,false,48,319026310,Artificial Intelligence (AI) and Data Science,60,39,0,9,12,0,6,319026311T,3,FE_2023_SeatMatrix.pdf,918,false,
2023-24,FE,3190,"Terna Engineering College, Nerul, Navi Mumbai",Un-Aided,Un-Aided,false,96,319037210,Electronics and Telecommunication Engg,120,78,0,18,24,1,12,319037211T,6,FE_2023_SeatMatrix.pdf,919,false,
2023-24,FE,3190,"Terna Engineering College, Nerul, Navi Mumbai",Un-Aided,Un-Aided,false,48,319037610,Electronics Engineering,60,39,0,9,12,0,6,319037611T,3,FE_2023_SeatMatrix.pdf,920,false,
2023-24,FE,3190,"Terna Engineering College, Nerul, Navi Mumbai",Un-Aided,Un-Aided,false,60,319061210,Mechanical Engineering,60,51,0,9,0,1,6,,0,FE_2023_SeatMatrix.pdf,921,false,
2023-24,FE,3190,"Terna Engineering College, Nerul, Navi Mumbai",Un-Aided,Un-Aided,false,60,319062410,Mechatronics Engineering,60,51,0,9,0,1,6,319062411T,3,FE_2023_SeatMatrix.pdf,922,false,
2023-24,FE,3192,"Smt. Indira Gandhi College of Engineering, Navi Mumbai",Un-Aided,Un-Aided,false,48,319224510,Computer Engineering,60,39,0,9,12,0,6,319224511T,3,FE_2023_SeatMatrix.pdf,923,false,
2023-24,FE,3192,"Smt. Indira Gandhi College of Engineering, Navi Mumbai",Un-Aided,Un-Aided,false,48,319229310,Electrical Engineering,60,39,0,9,12,0,6,,0,FE_2023_SeatMatrix.pdf,924,false,
2023-24,FE,3192,"Smt. Indira Gandhi College of Engineering, Navi Mumbai",Un-Aided,Un-Aided,false,48,319261210,Mechanical Engineering,60,39,0,9,12,0,6,,0,FE_2023_SeatMatrix.pdf,925,false,
2023-24,FE,3192,"Smt. Indira Gandhi College of Engineering, Navi Mumbai",Un-Aided,Un-Aided,false,48,319291110,Computer Science and Engineering(Artificial,60,39,0,9,12,0,6,319291111T,3,FE_2023_SeatMatrix.pdf,926,false,
2023-24,FE,3192,"Smt. Indira Gandhi College of Engineering, Navi Mumbai",Un-Aided,Un-Aided,false,48,319292010,Computer Science and Engineering (Internet of,60,39,0,9,12,0,6,319292011T,3,FE_2023_SeatMatrix.pdf,927,false,
2023-24,FE,3192,"Smt. Indira Gandhi College of Engineering, Navi Mumbai",Un-Aided,Un-Aided,false,48,319299510,Artificial Intelligence and Data Science,60,39,0,9,12,0,6,319299511T,3,FE_2023_SeatMatrix.pdf,928,false,
2023-24,FE,3193,"Shivajirao S. Jondhale College of Engineering, Dombivali,Mumbai",Un-Aided,Un-Aided,false,72,319324510,Computer Engineering,90,58,0,14,18,1,9,319324511T,5,FE_2023_SeatMatrix.pdf,929,false,
2023-24,FE,3193,"Shivajirao S. Jondhale College of Engineering, Dombivali,Mumbai",Un-Aided,Un-Aided,false,32,319324610,Information Technology,40,26,0,6,8,0,4,319324611T,2,FE_2023_SeatMatrix.pdf,930,false,
2023-24,FE,3193,"Shivajirao S. Jondhale College of Engineering, Dombivali,Mumbai",Un-Aided,Un-Aided,false,54,319337210,Electronics and Telecommunication Engg,60,45,0,9,6,0,6,319337211T,3,FE_2023_SeatMatrix.pdf,931,false,
2023-24,FE,3193,"Shivajirao S. Jondhale College of Engineering, Dombivali,Mumbai",Un-Aided,Un-Aided,false,54,319350710,Chemical Engineering,60,45,0,9,6,0,6,,0,FE_2023_SeatMatrix.pdf,932,false,
2023-24,FE,3193,"Shivajirao S. Jondhale College of Engineering, Dombivali,Mumbai",Un-Aided,Un-Aided,false,57,319361210,Mechanical Engineering,60,48,0,9,3,0,6,,0,FE_2023_SeatMatrix.pdf,933,false,
2023-24,FE,3193,"Shivajirao S. Jondhale College of Engineering, Dombivali,Mumbai",Un-Aided,Un-Aided,false,24,319392110,Artificial Intelligence and Machine Learning,30,19,0,5,6,0,3,319392111T,2,FE_2023_SeatMatrix.pdf,934,false,
2023-24,FE,3194,"Vidyavardhini's College of Engineering and Technology, Vasai",Un-Aided,Un-Aided,false,57,319419110,Civil Engineering,60,48,0,9,3,0,6,,0,FE_2023_SeatMatrix.pdf,935,false,
2023-24,FE,3194,"Vidyavardhini's College of Engineering and Technology, Vasai",Un-Aided,Un-Aided,false,144,319424510,Computer Engineering,180,117,0,27,36,1,18,319424511T,9,FE_2023_SeatMatrix.pdf,936,false,
2023-24,FE,3194,"Vidyavardhini's College of Engineering and Technology, Vasai",Un-Aided,Un-Aided,false,54,319424610,Information Technology,60,45,0,9,6,0,6,319424611T,3,FE_2023_SeatMatrix.pdf,937,false,
2023-24,FE,3194,"Vidyavardhini's College of Engineering and Technology, Vasai",Un-Aided,Un-Aided,false,57,319437210,Electronics and Telecommunication Engg,60,48,0,9,3,0,6,319437211T,3,FE_2023_SeatMatrix.pdf,938,false,
2023-24,FE,3194,"Vidyavardhini's College of Engineering and Technology, Vasai",Un-Aided,Un-Aided,false,48,319437810,Electronics Engineering ( VLSI Design and,60,39,0,9,12,0,6,319437811T,3,FE_2023_SeatMatrix.pdf,939,false,
2023-24,FE,3194,"Vidyavardhini's College of Engineering and Technology, Vasai",Un-Aided,Un-Aided,false,57,319461210,Mechanical Engineering,60,48,0,9,3,0,6,319461211T,3,FE_2023_SeatMatrix.pdf,940,false,
2023-24,FE,3194,"Vidyavardhini's College of Engineering and Technology, Vasai",Un-Aided,Un-Aided,false,162,319491210,Computer Science and Engineering(Data Science),180,135,0,27,18,1,18,319491211T,9,FE_2023_SeatMatrix.pdf,941,false,
2023-24,FE,3194,"Vidyavardhini's College of Engineering and Technology, Vasai",Un-Aided,Un-Aided,false,54,319499510,Artificial Intelligence and Data Science,60,45,0,9,6,0,6,319499511T,3,FE_2023_SeatMatrix.pdf,942,false,
2023-24,FE,3196,"Lokmanya Tilak College of Engineering, Kopar Khairane, Navi Mumbai",Un-Aided Linguistic Minority - Hindi,Un-Aided Linguistic Minority - Hindi,false,96,319624510,Computer Engineering,120,30,61,5,24,0,0,319624511T,6,FE_2023_SeatMatrix.pdf,943,false,
2023-24,FE,3196,"Lokmanya Tilak College of Engineering, Kopar Khairane, Navi Mumbai",Un-Aided Linguistic Minority - Hindi,Un-Aided Linguistic Minority - Hindi,false,57,319629310,Electrical Engineering,60,22,31,4,3,0,0,,0,FE_2023_SeatMatrix.pdf,944,false,
2023-24,FE,3196,"Lokmanya Tilak College of Engineering, Kopar Khairane, Navi Mumbai",Un-Aided Linguistic Minority - Hindi,Un-Aided Linguistic Minority - Hindi,false,57,319637210,Electronics and Telecommunication Engg,60,22,31,4,3,0,0,319637211T,3,FE_2023_SeatMatrix.pdf,945,false,
2023-24,FE,3196,"Lokmanya Tilak College of Engineering, Kopar Khairane, Navi Mumbai",Un-Aided Linguistic Minority - Hindi,Un-Aided Linguistic Minority - Hindi,false,57,319661210,Mechanical Engineering,60,22,31,4,3,0,0,,0,FE_2023_SeatMatrix.pdf,946,false,
2023-24,FE,3196,"Lokmanya Tilak College of Engineering, Kopar Khairane, Navi Mumbai",Un-Aided Linguistic Minority - Hindi,Un-Aided Linguistic Minority - Hindi,false,96,319691110,Computer Science and Engineering(Artificial,120,30,61,5,24,0,0,319691111T,6,FE_2023_SeatMatrix.pdf,947,false,
2023-24,FE,3196,"Lokmanya Tilak College of Engineering, Kopar Khairane, Navi Mumbai",Un-Aided Linguistic Minority - Hindi,Un-Aided Linguistic Minority - Hindi,false,48,319691210,Computer Science and Engineering(Data Science),60,14,31,3,12,0,0,319691211T,3,FE_2023_SeatMatrix.pdf,948,false,
2023-24,FE,3196,"Lokmanya Tilak College of Engineering, Kopar Khairane, Navi Mumbai",Un-Aided Linguistic Minority - Hindi,Un-Aided Linguistic Minority - Hindi,false,48,319692010,Computer Science and Engineering (Internet of,60,14,31,3,12,0,0,319692011T,3,FE_2023_SeatMatrix.pdf,949,false,
2023-24,FE,3197,"Agnel Charities' FR. C. Rodrigues Institute of Technology, Vashi, Navi Mumbai",Un-Aided Religious Minority - Christian,Un-Aided Religious Minority - Christian,false,96,319724510,Computer Engineering,120,30,61,5,24,0,0,319724511T,6,FE_2023_SeatMatrix.pdf,950,false,
2023-24,FE,3197,"Agnel Charities' FR. C. Rodrigues Institute of Technology, Vashi, Navi Mumbai",Un-Aided Religious Minority - Christian,Un-Aided Religious Minority - Christian,false,48,319724610,Information Technology,60,14,31,3,12,0,0,319724611T,3,FE_2023_SeatMatrix.pdf,951,false,
2023-24,FE,3197,"Agnel Charities' FR. C. Rodrigues Institute of Technology, Vashi, Navi Mumbai",Un-Aided Religious Minority - Christian,Un-Aided Religious Minority - Christian,false,48,319729310,Electrical Engineering,60,14,31,3,12,0,0,319729311T,3,FE_2023_SeatMatrix.pdf,952,false,
2023-24,FE,3197,"Agnel Charities' FR. C. Rodrigues Institute of Technology, Vashi, Navi Mumbai",Un-Aided Religious Minority - Christian,Un-Aided Religious Minority - Christian,false,48,319737210,Electronics and Telecommunication Engg,60,14,31,3,12,0,0,319737211T,3,FE_2023_SeatMatrix.pdf,953,false,
2023-24,FE,3197,"Agnel Charities' FR. C. Rodrigues Institute of Technology, Vashi, Navi Mumbai",Un-Aided Religious Minority - Christian,Un-Aided Religious Minority - Christian,false,96,319761210,Mechanical Engineering,120,30,61,5,24,0,0,319761211T,6,FE_2023_SeatMatrix.pdf,954,false,
2023-24,FE,3198,"Konkan Gyanpeeth College of Engineering, Karjat",Un-Aided,Un-Aided,false,60,319824210,Computer Science and Engineering,60,51,0,9,0,1,6,319824211T,3,FE_2023_SeatMatrix.pdf,955,false,
2023-24,FE,3198,"Konkan Gyanpeeth College of Engineering, Karjat",Un-Aided,Un-Aided,false,60,319824510,Computer Engineering,60,51,0,9,0,1,6,319824511T,3,FE_2023_SeatMatrix.pdf,956,false,
2023-24,FE,3198,"Konkan Gyanpeeth College of Engineering, Karjat",Un-Aided,Un-Aided,false,60,319824610,Information Technology,60,51,0,9,0,1,6,319824611T,3,FE_2023_SeatMatrix.pdf,957,false,
2023-24,FE,3198,"Konkan Gyanpeeth College of Engineering, Karjat",Un-Aided,Un-Aided,false,60,319861210,Mechanical Engineering,60,51,0,9,0,1,6,,0,FE_2023_SeatMatrix.pdf,958,false,
2023-24,FE,3198,"Konkan Gyanpeeth College of Engineering, Karjat",Un-Aided,Un-Aided,false,60,319899510,Artificial Intelligence and Data Science,60,51,0,9,0,1,6,319899511T,3,FE_2023_SeatMatrix.pdf,959,false,
2023-24,FE,3200,"Hope Foundation and research center's Finolex Academy of Management and Technology, Ratnagiri",Un-Aided,Un-Aided,false,48,320024610,Information Technology,60,39,0,9,12,0,6,320024611T,3,FE_2023_SeatMatrix.pdf,960,false,
2023-24,FE,3200,"Hope Foundation and research center's Finolex Academy of Management and Technology, Ratnagiri",Un-Aided,Un-Aided,false,48,320029310,Electrical Engineering,60,39,0,9,12,0,6,320029311T,3,FE_2023_SeatMatrix.pdf,961,false,
2023-24,FE,3200,"Hope Foundation and research center's Finolex Academy of Management and Technology, Ratnagiri",Un-Aided,Un-Aided,false,48,320037210,Electronics and Telecommunication Engg,60,39,0,9,12,0,6,320037211T,3,FE_2023_SeatMatrix.pdf,962,false,
2023-24,FE,3200,"Hope Foundation and research center's Finolex Academy of Management and Technology, Ratnagiri",Un-Aided,Un-Aided,false,24,320050710,Chemical Engineering,30,19,0,5,6,0,3,,0,FE_2023_SeatMatrix.pdf,963,false,
2023-24,FE,3200,"Hope Foundation and research center's Finolex Academy of Management and Technology, Ratnagiri",Un-Aided,Un-Aided,false,72,320061210,Mechanical Engineering,90,58,0,14,18,1,9,320061211T,5,FE_2023_SeatMatrix.pdf,964,false,
2023-24,FE,3200,"Hope Foundation and research center's Finolex Academy of Management and Technology, Ratnagiri",Un-Aided,Un-Aided,false,48,320091110,Computer Science and Engineering(Artificial,60,39,0,9,12,0,6,320091111T,3,FE_2023_SeatMatrix.pdf,965,false,
2023-24,FE,3201,"Rizvi Education Society's Rizvi College of Engineering, Bandra,Mumbai",Un-Aided Religious Minority - Muslim,Un-Aided Religious Minority - Muslim,false,54,320119110,Civil Engineering,60,20,31,3,6,0,0,,0,FE_2023_SeatMatrix.pdf,966,false,
2023-24,FE,3201,"Rizvi Education Society's Rizvi College of Engineering, Bandra,Mumbai",Un-Aided Religious Minority - Muslim,Un-Aided Religious Minority - Muslim,false,96,320124510,Computer Engineering,120,30,61,5,24,0,0,320124511T,6,FE_2023_SeatMatrix.pdf,967,false,
2023-24,FE,3201,"Rizvi Education Society's Rizvi College of Engineering, Bandra,Mumbai",Un-Aided Religious Minority - Muslim,Un-Aided Religious Minority - Muslim,false,54,320161210,Mechanical Engineering,60,20,31,3,6,0,0,,0,FE_2023_SeatMatrix.pdf,968,false,
2023-24,FE,3201,"Rizvi Education Society's Rizvi College of Engineering, Bandra,Mumbai",Un-Aided Religious Minority - Muslim,Un-Aided Religious Minority - Muslim,false,48,320190010,Electronics and Computer Science,60,14,31,3,12,0,0,320190011T,3,FE_2023_SeatMatrix.pdf,969,false,
2023-24,FE,3201,"Rizvi Education Society's Rizvi College of Engineering, Bandra,Mumbai",Un-Aided Religious Minority - Muslim,Un-Aided Religious Minority - Muslim,false,48,320199510,Artificial Intelligence and Data Science,60,14,31,3,12,0,0,320199511T,3,FE_2023_SeatMatrix.pdf,970,false,
2023-24,FE,3202,Rajendra Mane College of Engineering & Technology Ambav Deorukh,Un-Aided,Un-Aided,false,51,320224510,Computer Engineering,60,42,0,9,9,0,6,320224511T,3,FE_2023_SeatMatrix.pdf,971,false,
2023-24,FE,3202,Rajendra Mane College of Engineering & Technology Ambav Deorukh,Un-Aided,Un-Aided,false,30,320260210,Automobile Engineering,30,25,0,5,0,0,3,,0,FE_2023_SeatMatrix.pdf,972,false,
2023-24,FE,3202,Rajendra Mane College of Engineering & Technology Ambav Deorukh,Un-Aided,Un-Aided,false,60,320261210,Mechanical Engineering,60,51,0,9,0,1,6,,0,FE_2023_SeatMatrix.pdf,973,false,
2023-24,FE,3202,Rajendra Mane College of Engineering & Technology Ambav Deorukh,Un-Aided,Un-Aided,false,24,320290010,Electronics and Computer Science,30,19,0,5,6,0,3,320290011T,2,FE_2023_SeatMatrix.pdf,974,false,
2023-24,FE,3203,"Atharva College of Engineering,Malad(West),Mumbai",Un-Aided,Un-Aided,false,96,320324510,Computer Engineering,120,78,0,18,24,1,12,320324511T,6,FE_2023_SeatMatrix.pdf,975,false,
2023-24,FE,3203,"Atharva College of Engineering,Malad(West),Mumbai",Un-Aided,Un-Aided,false,96,320324610,Information Technology,120,78,0,18,24,1,12,320324611T,6,FE_2023_SeatMatrix.pdf,976,false,
2023-24,FE,3203,"Atharva College of Engineering,Malad(West),Mumbai",Un-Aided,Un-Aided,false,48,320329310,Electrical Engineering,60,39,0,9,12,0,6,320329311T,3,FE_2023_SeatMatrix.pdf,977,false,
2023-24,FE,3203,"Atharva College of Engineering,Malad(West),Mumbai",Un-Aided,Un-Aided,false,96,320337210,Electronics and Telecommunication Engg,120,78,0,18,24,1,12,320337211T,6,FE_2023_SeatMatrix.pdf,978,false,
2023-24,FE,3203,"Atharva College of Engineering,Malad(West),Mumbai",Un-Aided,Un-Aided,false,48,320390010,Electronics and Computer Science,60,39,0,9,12,0,6,320390011T,3,FE_2023_SeatMatrix.pdf,979,false,
2023-24,FE,3204,"St. Francis Institute of Technology,Borivali, Mumbai",Un-Aided Religious Minority - Christian,Un-Aided Religious Minority - Christian,false,144,320424510,Computer Engineering,180,44,92,8,36,0,0,320424511T,9,FE_2023_SeatMatrix.pdf,980,false,
2023-24,FE,3204,"St. Francis Institute of Technology,Borivali, Mumbai",Un-Aided Religious Minority - Christian,Un-Aided Religious Minority - Christian,false,96,320424610,Information Technology,120,30,61,5,24,0,0,320424611T,6,FE_2023_SeatMatrix.pdf,981,false,
2023-24,FE,3204,"St. Francis Institute of Technology,Borivali, Mumbai",Un-Aided Religious Minority - Christian,Un-Aided Religious Minority - Christian,false,54,320429310,Electrical Engineering,60,20,31,3,6,0,0,320429311T,3,FE_2023_SeatMatrix.pdf,982,false,
2023-24,FE,3204,"St. Francis Institute of Technology,Borivali, Mumbai",Un-Aided Religious Minority - Christian,Un-Aided Religious Minority - Christian,false,96,320437210,Electronics and Telecommunication Engg,120,30,61,5,24,0,0,320437211T,6,FE_2023_SeatMatrix.pdf,983,false,
2023-24,FE,3204,"St. Francis Institute of Technology,Borivali, Mumbai",Un-Aided Religious Minority - Christian,Un-Aided Religious Minority - Christian,false,54,320461210,Mechanical Engineering,60,20,31,3,6,0,0,,0,FE_2023_SeatMatrix.pdf,984,false,
2023-24,FE,3206,"S.S.P.M.'s College of Engineering, Kankavli",Un-Aided,Un-Aided,false,51,320624510,Computer Engineering,60,42,0,9,9,0,6,320624511T,3,FE_2023_SeatMatrix.pdf,985,false,
2023-24,FE,3206,"S.S.P.M.'s College of Engineering, Kankavli",Un-Aided,Un-Aided,false,30,320629310,Electrical Engineering,30,25,0,5,0,0,3,,0,FE_2023_SeatMatrix.pdf,986,false,
2023-24,FE,3206,"S.S.P.M.'s College of Engineering, Kankavli",Un-Aided,Un-Aided,false,24,320656610,Computer Science,30,19,0,5,6,0,3,320656611T,2,FE_2023_SeatMatrix.pdf,987,false,
2023-24,FE,3206,"S.S.P.M.'s College of Engineering, Kankavli",Un-Aided,Un-Aided,false,60,320661210,Mechanical Engineering,60,51,0,9,0,1,6,,0,FE_2023_SeatMatrix.pdf,988,false,
2023-24,FE,3206,"S.S.P.M.'s College of Engineering, Kankavli",Un-Aided,Un-Aided,false,30,320662410,Mechatronics Engineering,30,25,0,5,0,0,3,,0,FE_2023_SeatMatrix.pdf,989,false,
2023-24,FE,3206,"S.S.P.M.'s College of Engineering, Kankavli",Un-Aided,Un-Aided,false,48,320691110,Computer Science and Engineering(Artificial,60,39,0,9,12,0,6,320691111T,3,FE_2023_SeatMatrix.pdf,990,false,
2023-24,FE,3208,"Don Bosco Institute of Technology, Mumbai",Un-Aided Religious Minority - Roman Catholics,Un-Aided Religious Minority - Roman Catholics,false,120,320824510,Computer Engineering,120,50,61,9,0,0,0,320824511T,6,FE_2023_SeatMatrix.pdf,991,false,
2023-24,FE,3208,"Don Bosco Institute of Technology, Mumbai",Un-Aided Religious Minority - Roman Catholics,Un-Aided Religious Minority - Roman Catholics,false,60,320824610,Information Technology,60,25,31,4,0,0,0,320824611T,3,FE_2023_SeatMatrix.pdf,992,false,
2023-24,FE,3208,"Don Bosco Institute of Technology, Mumbai",Un-Aided Religious Minority - Roman Catholics,Un-Aided Religious Minority - Roman Catholics,false,60,320837210,Electronics and Telecommunication Engg,60,25,31,4,0,0,0,320837211T,3,FE_2023_SeatMatrix.pdf,993,false,
2023-24,FE,3208,"Don Bosco Institute of Technology, Mumbai",Un-Aided Religious Minority - Roman Catholics,Un-Aided Religious Minority - Roman Catholics,false,60,320861210,Mechanical Engineering,60,25,31,4,0,0,0,,0,FE_2023_SeatMatrix.pdf,994,false,
2023-24,FE,3210,"Excelsior Education Society's K.C. College of Engineering and Management Studies and Research, Kopri, Thane (E)",Un-Aided Linguistic Minority - Punjabi,Un-Aided Linguistic Minority - Punjabi,false,72,321024510,Computer Engineering,90,22,46,4,18,0,0,321024511T,5,FE_2023_SeatMatrix.pdf,995,false,
2023-24,FE,3210,"Excelsior Education Society's K.C. College of Engineering and Management Studies and Research, Kopri, Thane (E)",Un-Aided Linguistic Minority - Punjabi,Un-Aided Linguistic Minority - Punjabi,false,48,321024610,Information Technology,60,14,31,3,12,0,0,321024611T,3,FE_2023_SeatMatrix.pdf,996,false,
2023-24,FE,3210,"Excelsior Education Society's K.C. College of Engineering and Management Studies and Research, Kopri, Thane (E)",Un-Aided Linguistic Minority - Punjabi,Un-Aided Linguistic Minority - Punjabi,false,72,321037210,Electronics and Telecommunication Engg,90,22,46,4,18,0,0,321037211T,5,FE_2023_SeatMatrix.pdf,997,false,
2023-24,FE,3211,"S.I.E.S. Graduate School of Technology, Nerul, Navi Mumbai",Un-Aided Linguistic Minority - Tamil,Un-Aided Linguistic Minority - Tamil,false,96,321124510,Computer Engineering,120,30,61,5,24,0,0,321124511T,6,FE_2023_SeatMatrix.pdf,998,false,
2023-24,FE,3211,"S.I.E.S. Graduate School of Technology, Nerul, Navi Mumbai",Un-Aided Linguistic Minority - Tamil,Un-Aided Linguistic Minority - Tamil,false,48,321124610,Information Technology,60,14,31,3,12,0,0,321124611T,3,FE_2023_SeatMatrix.pdf,999,false,
2023-24,FE,3211,"S.I.E.S. Graduate School of Technology, Nerul, Navi Mumbai",Un-Aided Linguistic Minority - Tamil,Un-Aided Linguistic Minority - Tamil,false,48,321137210,Electronics and Telecommunication Engg,60,14,31,3,12,0,0,321137211T,3,FE_2023_SeatMatrix.pdf,1000,false,
2023-24,FE,3211,"S.I.E.S. Graduate School of Technology, Nerul, Navi Mumbai",Un-Aided Linguistic Minority - Tamil,Un-Aided Linguistic Minority - Tamil,false,48,321161210,Mechanical Engineering,60,14,31,3,12,0,0,,0,FE_2023_SeatMatrix.pdf,1001,false,
2023-24,FE,3211,"S.I.E.S. Graduate School of Technology, Nerul, Navi Mumbai",Un-Aided Linguistic Minority - Tamil,Un-Aided Linguistic Minority - Tamil,false,48,321190010,Electronics and Computer Science,60,14,31,3,12,0,0,321190011T,3,FE_2023_SeatMatrix.pdf,1002,false,
2023-24,FE,3211,"S.I.E.S. Graduate School of Technology, Nerul, Navi Mumbai",Un-Aided Linguistic Minority - Tamil,Un-Aided Linguistic Minority - Tamil,false,48,321192010,Computer Science and Engineering (Internet of,60,14,31,3,12,0,0,321192011T,3,FE_2023_SeatMatrix.pdf,1003,false,
2023-24,FE,3211,"S.I.E.S. Graduate School of Technology, Nerul, Navi Mumbai",Un-Aided Linguistic Minority - Tamil,Un-Aided Linguistic Minority - Tamil,false,48,321192110,Artificial Intelligence and Machine Learning,60,14,31,3,12,0,0,321192111T,3,FE_2023_SeatMatrix.pdf,1004,false,
2023-24,FE,3211,"S.I.E.S. Graduate School of Technology, Nerul, Navi Mumbai",Un-Aided Linguistic Minority - Tamil,Un-Aided Linguistic Minority - Tamil,false,48,321199510,Artificial Intelligence and Data Science,60,14,31,3,12,0,0,321199511T,3,FE_2023_SeatMatrix.pdf,1005,false,
2023-24,FE,3212,"WATUMULL INSTITUTE OF ELECTRONICS ENGINEERING & COMPUTER TECHNOLOGY, ULHASNAGAR",Un-Aided Linguistic Minority - Sindhi,Un-Aided Linguistic Minority - Sindhi,false,60,321219110,Civil Engineering,60,25,31,4,0,0,0,321219111T,3,FE_2023_SeatMatrix.pdf,1006,false,
2023-24,FE,3212,"WATUMULL INSTITUTE OF ELECTRONICS ENGINEERING & COMPUTER TECHNOLOGY, ULHASNAGAR",Un-Aided Linguistic Minority - Sindhi,Un-Aided Linguistic Minority - Sindhi,false,120,321224510,Computer Engineering,120,50,61,9,0,0,0,321224511T,6,FE_2023_SeatMatrix.pdf,1007,false,
2023-24,FE,3214,"Xavier Institute Of Engineering C/O Xavier Technical Institute,Mahim,Mumbai",Un-Aided Religious Minority - Christian,Un-Aided Religious Minority - Christian,false,48,321424510,Computer Engineering,60,14,31,3,12,0,0,321424511T,3,FE_2023_SeatMatrix.pdf,1008,false,
2023-24,FE,3214,"Xavier Institute Of Engineering C/O Xavier Technical Institute,Mahim,Mumbai",Un-Aided Religious Minority - Christian,Un-Aided Religious Minority - Christian,false,48,321424610,Information Technology,60,14,31,3,12,0,0,321424611T,3,FE_2023_SeatMatrix.pdf,1009,false,
2023-24,FE,3214,"Xavier Institute Of Engineering C/O Xavier Technical Institute,Mahim,Mumbai",Un-Aided Religious Minority - Christian,Un-Aided Religious Minority - Christian,false,48,321437210,Electronics and Telecommunication Engg,60,14,31,3,12,0,0,321437211T,3,FE_2023_SeatMatrix.pdf,1010,false,
2023-24,FE,3214,"Xavier Institute Of Engineering C/O Xavier Technical Institute,Mahim,Mumbai",Un-Aided Religious Minority - Christian,Un-Aided Religious Minority - Christian,false,48,321492010,Computer Science and Engineering (Internet of,60,14,31,3,12,0,0,321492011T,3,FE_2023_SeatMatrix.pdf,1011,false,
2023-24,FE,3216,"Gharda Foundation's Gharda Institute of Technology,Khed, Ratnagiri",Un-Aided,Un-Aided,false,60,321619110,Civil Engineering,60,51,0,9,0,1,6,,0,FE_2023_SeatMatrix.pdf,1012,false,
2023-24,FE,3216,"Gharda Foundation's Gharda Institute of Technology,Khed, Ratnagiri",Un-Aided,Un-Aided,false,54,321624510,Computer Engineering,60,45,0,9,6,0,6,321624511T,3,FE_2023_SeatMatrix.pdf,1013,false,
2023-24,FE,3216,"Gharda Foundation's Gharda Institute of Technology,Khed, Ratnagiri",Un-Aided,Un-Aided,false,30,321637210,Electronics and Telecommunication Engg,30,25,0,5,0,0,3,321637211T,2,FE_2023_SeatMatrix.pdf,1014,false,
2023-24,FE,3216,"Gharda Foundation's Gharda Institute of Technology,Khed, Ratnagiri",Un-Aided,Un-Aided,false,60,321650710,Chemical Engineering,60,51,0,9,0,1,6,321650711T,3,FE_2023_SeatMatrix.pdf,1015,false,
2023-24,FE,3216,"Gharda Foundation's Gharda Institute of Technology,Khed, Ratnagiri",Un-Aided,Un-Aided,false,30,321661210,Mechanical Engineering,30,25,0,5,0,0,3,,0,FE_2023_SeatMatrix.pdf,1016,false,
2023-24,FE,3216,"Gharda Foundation's Gharda Institute of Technology,Khed, Ratnagiri",Un-Aided,Un-Aided,false,54,321691110,Computer Science and Engineering(Artificial,60,45,0,9,6,0,6,321691111T,3,FE_2023_SeatMatrix.pdf,1017,false,
2023-24,FE,3217,"Vighnaharata Trust's Shivajirao S. Jondhale College of Engineering & Technology, Shahapur, Asangaon, Dist Thane",Un-Aided,Un-Aided,false,57,321719110,Civil Engineering,60,48,0,9,3,0,6,,0,FE_2023_SeatMatrix.pdf,1018,false,
2023-24,FE,3217,"Vighnaharata Trust's Shivajirao S. Jondhale College of Engineering & Technology, Shahapur, Asangaon, Dist Thane",Un-Aided,Un-Aided,false,48,321724510,Computer Engineering,60,39,0,9,12,0,6,321724511T,3,FE_2023_SeatMatrix.pdf,1019,false,
2023-24,FE,3217,"Vighnaharata Trust's Shivajirao S. Jondhale College of Engineering & Technology, Shahapur, Asangaon, Dist Thane",Un-Aided,Un-Aided,false,54,321737210,Electronics and Telecommunication Engg,60,45,0,9,6,0,6,321737211T,3,FE_2023_SeatMatrix.pdf,1020,false,
2023-24,FE,3217,"Vighnaharata Trust's Shivajirao S. Jondhale College of Engineering & Technology, Shahapur, Asangaon, Dist Thane",Un-Aided,Un-Aided,false,57,321761210,Mechanical Engineering,60,48,0,9,3,0,6,,0,FE_2023_SeatMatrix.pdf,1021,false,
2023-24,FE,3217,"Vighnaharata Trust's Shivajirao S. Jondhale College of Engineering & Technology, Shahapur, Asangaon, Dist Thane",Un-Aided,Un-Aided,false,57,321791610,Automation and Robotics,60,48,0,9,3,0,6,,0,FE_2023_SeatMatrix.pdf,1022,false,
2023-24,FE,3218,"Aldel Education Trust's St. John College of Engineering & Management, Vevoor, Palghar",Un-Aided Religious Minority - Christian,Un-Aided Religious Minority - Christian,false,27,321819110,Civil Engineering,30,10,15,2,3,0,0,,0,FE_2023_SeatMatrix.pdf,1023,false,
2023-24,FE,3218,"Aldel Education Trust's St. John College of Engineering & Management, Vevoor, Palghar",Un-Aided Religious Minority - Christian,Un-Aided Religious Minority - Christian,false,96,321824510,Computer Engineering,120,30,61,5,24,0,0,321824511T,6,FE_2023_SeatMatrix.pdf,1024,false,
2023-24,FE,3218,"Aldel Education Trust's St. John College of Engineering & Management, Vevoor, Palghar",Un-Aided Religious Minority - Christian,Un-Aided Religious Minority - Christian,false,48,321824610,Information Technology,60,14,31,3,12,0,0,321824611T,3,FE_2023_SeatMatrix.pdf,1025,false,
2023-24,FE,3218,"Aldel Education Trust's St. John College of Engineering & Management, Vevoor, Palghar",Un-Aided Religious Minority - Christian,Un-Aided Religious Minority - Christian,false,27,321861210,Mechanical Engineering,30,10,15,2,3,0,0,,0,FE_2023_SeatMatrix.pdf,1026,false,
2023-24,FE,3218,"Aldel Education Trust's St. John College of Engineering & Management, Vevoor, Palghar",Un-Aided Religious Minority - Christian,Un-Aided Religious Minority - Christian,false,54,321890010,Electronics and Computer Science,60,20,31,3,6,0,0,321890011T,3,FE_2023_SeatMatrix.pdf,1027,false,
2023-24,FE,3218,"Aldel Education Trust's St. John College of Engineering & Management, Vevoor, Palghar",Un-Aided Religious Minority - Christian,Un-Aided Religious Minority - Christian,false,48,321891210,Computer Science and Engineering(Data Science),60,14,31,3,12,0,0,321891211T,3,FE_2023_SeatMatrix.pdf,1028,false,
2023-24,FE,3218,"Aldel Education Trust's St. John College of Engineering & Management, Vevoor, Palghar",Un-Aided Religious Minority - Christian,Un-Aided Religious Minority - Christian,false,48,321892110,Artificial Intelligence and Machine Learning,60,14,31,3,12,0,0,321892111T,3,FE_2023_SeatMatrix.pdf,1029,false,
2023-24,FE,3219,"Koti Vidya Charitable Trust's Smt. Alamuri Ratnamala Institute of Engineering and Technology, Sapgaon, Tal. Shahapur",Un-Aided Linguistic Minority - Hindi,Un-Aided Linguistic Minority - Hindi,false,60,321919110,Civil Engineering,60,25,31,4,0,0,0,,0,FE_2023_SeatMatrix.pdf,1030,false,
2023-24,FE,3219,"Koti Vidya Charitable Trust's Smt. Alamuri Ratnamala Institute of Engineering and Technology, Sapgaon, Tal. Shahapur",Un-Aided Linguistic Minority - Hindi,Un-Aided Linguistic Minority - Hindi,false,120,321924510,Computer Engineering,120,50,61,9,0,0,0,321924511T,6,FE_2023_SeatMatrix.pdf,1031,false,
2023-24,FE,3219,"Koti Vidya Charitable Trust's Smt. Alamuri Ratnamala Institute of Engineering and Technology, Sapgaon, Tal. Shahapur",Un-Aided Linguistic Minority - Hindi,Un-Aided Linguistic Minority - Hindi,false,30,321924610,Information Technology,30,13,15,2,0,0,0,321924611T,2,FE_2023_SeatMatrix.pdf,1032,false,
2023-24,FE,3219,"Koti Vidya Charitable Trust's Smt. Alamuri Ratnamala Institute of Engineering and Technology, Sapgaon, Tal. Shahapur",Un-Aided Linguistic Minority - Hindi,Un-Aided Linguistic Minority - Hindi,false,60,321929310,Electrical Engineering,60,25,31,4,0,0,0,,0,FE_2023_SeatMatrix.pdf,1033,false,
2023-24,FE,3219,"Koti Vidya Charitable Trust's Smt. Alamuri Ratnamala Institute of Engineering and Technology, Sapgaon, Tal. Shahapur",Un-Aided Linguistic Minority - Hindi,Un-Aided Linguistic Minority - Hindi,false,30,321937210,Electronics and Telecommunication Engg,30,13,15,2,0,0,0,,0,FE_2023_SeatMatrix.pdf,1034,false,
2023-24,FE,3219,"Koti Vidya Charitable Trust's Smt. Alamuri Ratnamala Institute of Engineering and Technology, Sapgaon, Tal. Shahapur",Un-Aided Linguistic Minority - Hindi,Un-Aided Linguistic Minority - Hindi,false,60,321961210,Mechanical Engineering,60,25,31,4,0,0,0,,0,FE_2023_SeatMatrix.pdf,1035,false,
2023-24,FE,3219,"Koti Vidya Charitable Trust's Smt. Alamuri Ratnamala Institute of Engineering and Technology, Sapgaon, Tal. Shahapur",Un-Aided Linguistic Minority - Hindi,Un-Aided Linguistic Minority - Hindi,false,60,321991110,Computer Science and Engineering(Artificial,60,25,31,4,0,0,0,321991111T,3,FE_2023_SeatMatrix.pdf,1036,false,
2023-24,FE,3220,Yadavrao Tasgaonkar College of Engineering & Management,Un-Aided,Un-Aided,false,60,322019110,Civil Engineering,60,51,0,9,0,1,6,,0,FE_2023_SeatMatrix.pdf,1037,false,
2023-24,FE,3220,Yadavrao Tasgaonkar College of Engineering & Management,Un-Aided,Un-Aided,false,34,322024510,Computer Engineering,42,28,0,6,8,0,4,,0,FE_2023_SeatMatrix.pdf,1038,false,
2023-24,FE,3220,Yadavrao Tasgaonkar College of Engineering & Management,Un-Aided,Un-Aided,false,34,322024610,Information Technology,42,28,0,6,8,0,4,,0,FE_2023_SeatMatrix.pdf,1039,false,
2023-24,FE,3220,Yadavrao Tasgaonkar College of Engineering & Management,Un-Aided,Un-Aided,false,30,322025210,Cyber Security,30,25,0,5,0,0,3,322025211T,2,FE_2023_SeatMatrix.pdf,1040,false,
2023-24,FE,3220,Yadavrao Tasgaonkar College of Engineering & Management,Un-Aided,Un-Aided,false,30,322037210,Electronics and Telecommunication Engg,30,25,0,5,0,0,3,,0,FE_2023_SeatMatrix.pdf,1041,false,
2023-24,FE,3220,Yadavrao Tasgaonkar College of Engineering & Management,Un-Aided,Un-Aided,false,60,322061210,Mechanical Engineering,60,51,0,9,0,1,6,,0,FE_2023_SeatMatrix.pdf,1042,false,
2023-24,FE,3220,Yadavrao Tasgaonkar College of Engineering & Management,Un-Aided,Un-Aided,false,30,322092110,Artificial Intelligence and Machine Learning,30,25,0,5,0,0,3,322092111T,2,FE_2023_SeatMatrix.pdf,1043,false,
2023-24,FE,3221,"Late Shri. Vishnu Waman Thakur Charitable Trust, Viva Institute of Technology, Shirgaon",Un-Aided,Un-Aided,false,48,322119110,Civil Engineering,60,39,0,9,12,0,6,,0,FE_2023_SeatMatrix.pdf,1044,false,
2023-24,FE,3221,"Late Shri. Vishnu Waman Thakur Charitable Trust, Viva Institute of Technology, Shirgaon",Un-Aided,Un-Aided,false,48,322124510,Computer Engineering,60,39,0,9,12,0,6,322124511T,3,FE_2023_SeatMatrix.pdf,1045,false,
2023-24,FE,3221,"Late Shri. Vishnu Waman Thakur Charitable Trust, Viva Institute of Technology, Shirgaon",Un-Aided,Un-Aided,false,48,322129310,Electrical Engineering,60,39,0,9,12,0,6,,0,FE_2023_SeatMatrix.pdf,1046,false,
2023-24,FE,3221,"Late Shri. Vishnu Waman Thakur Charitable Trust, Viva Institute of Technology, Shirgaon",Un-Aided,Un-Aided,false,48,322137210,Electronics and Telecommunication Engg,60,39,0,9,12,0,6,322137211T,3,FE_2023_SeatMatrix.pdf,1047,false,
2023-24,FE,3221,"Late Shri. Vishnu Waman Thakur Charitable Trust, Viva Institute of Technology, Shirgaon",Un-Aided,Un-Aided,false,48,322161210,Mechanical Engineering,60,39,0,9,12,0,6,,0,FE_2023_SeatMatrix.pdf,1048,false,
2023-24,FE,3221,"Late Shri. Vishnu Waman Thakur Charitable Trust, Viva Institute of Technology, Shirgaon",Un-Aided,Un-Aided,false,96,322191110,Computer Science and Engineering(Artificial,120,78,0,18,24,1,12,322191111T,6,FE_2023_SeatMatrix.pdf,1049,false,
2023-24,FE,3222,"Haji Jamaluddin Thim Trust's Theem College of Engineering, At. Villege Betegaon, Boisar",Un-Aided Religious Minority - Muslim,Un-Aided Religious Minority - Muslim,false,30,322219110,Civil Engineering,30,13,15,2,0,0,0,,0,FE_2023_SeatMatrix.pdf,1050,false,
2023-24,FE,3222,"Haji Jamaluddin Thim Trust's Theem College of Engineering, At. Villege Betegaon, Boisar",Un-Aided Religious Minority - Muslim,Un-Aided Religious Minority - Muslim,false,54,322224510,Computer Engineering,60,20,31,3,6,0,0,322224511T,3,FE_2023_SeatMatrix.pdf,1051,false,
2023-24,FE,3222,"Haji Jamaluddin Thim Trust's Theem College of Engineering, At. Villege Betegaon, Boisar",Un-Aided Religious Minority - Muslim,Un-Aided Religious Minority - Muslim,false,57,322224610,Information Technology,60,22,31,4,3,0,0,322224611T,3,FE_2023_SeatMatrix.pdf,1052,false,
2023-24,FE,3222,"Haji Jamaluddin Thim Trust's Theem College of Engineering, At. Villege Betegaon, Boisar",Un-Aided Religious Minority - Muslim,Un-Aided Religious Minority - Muslim,false,30,322229310,Electrical Engineering,30,13,15,2,0,0,0,,0,FE_2023_SeatMatrix.pdf,1053,false,
2023-24,FE,3222,"Haji Jamaluddin Thim Trust's Theem College of Engineering, At. Villege Betegaon, Boisar",Un-Aided Religious Minority - Muslim,Un-Aided Religious Minority - Muslim,false,30,322260210,Automobile Engineering,30,13,15,2,0,0,0,,0,FE_2023_SeatMatrix.pdf,1054,false,
2023-24,FE,3222,"Haji Jamaluddin Thim Trust's Theem College of Engineering, At. Villege Betegaon, Boisar",Un-Aided Religious Minority - Muslim,Un-Aided Religious Minority - Muslim,false,60,322261210,Mechanical Engineering,60,25,31,4,0,0,0,,0,FE_2023_SeatMatrix.pdf,1055,false,
2023-24,FE,3222,"Haji Jamaluddin Thim Trust's Theem College of Engineering, At. Villege Betegaon, Boisar",Un-Aided Religious Minority - Muslim,Un-Aided Religious Minority - Muslim,false,90,322291110,Computer Science and Engineering(Artificial,90,37,46,7,0,0,0,322291111T,5,FE_2023_SeatMatrix.pdf,1056,false,
2023-24,FE,3223,"Mahatma Education Society's Pillai HOC College of Engineering & Technology, Tal. Khalapur. Dist. Raigad",Un-Aided Linguistic Minority - Malyalam,Un-Aided Linguistic Minority - Malyalam,false,48,322319110,Civil Engineering,60,14,31,3,12,0,0,,0,FE_2023_SeatMatrix.pdf,1057,false,
2023-24,FE,3223,"Mahatma Education Society's Pillai HOC College of Engineering & Technology, Tal. Khalapur. Dist. Raigad",Un-Aided Linguistic Minority - Malyalam,Un-Aided Linguistic Minority - Malyalam,false,144,322324510,Computer Engineering,180,44,92,8,36,0,0,322324511T,9,FE_2023_SeatMatrix.pdf,1058,false,
2023-24,FE,3223,"Mahatma Education Society's Pillai HOC College of Engineering & Technology, Tal. Khalapur. Dist. Raigad",Un-Aided Linguistic Minority - Malyalam,Un-Aided Linguistic Minority - Malyalam,false,96,322324610,Information Technology,120,30,61,5,24,0,0,322324611T,6,FE_2023_SeatMatrix.pdf,1059,false,
2023-24,FE,3223,"Mahatma Education Society's Pillai HOC College of Engineering & Technology, Tal. Khalapur. Dist. Raigad",Un-Aided Linguistic Minority - Malyalam,Un-Aided Linguistic Minority - Malyalam,false,48,322361210,Mechanical Engineering,60,14,31,3,12,0,0,,0,FE_2023_SeatMatrix.pdf,1060,false,
2023-24,FE,3223,"Mahatma Education Society's Pillai HOC College of Engineering & Technology, Tal. Khalapur. Dist. Raigad",Un-Aided Linguistic Minority - Malyalam,Un-Aided Linguistic Minority - Malyalam,false,48,322390010,Electronics and Computer Science,60,14,31,3,12,0,0,322390011T,3,FE_2023_SeatMatrix.pdf,1061,false,
2023-24,FE,3223,"Mahatma Education Society's Pillai HOC College of Engineering & Technology, Tal. Khalapur. Dist. Raigad",Un-Aided Linguistic Minority - Malyalam,Un-Aided Linguistic Minority - Malyalam,false,48,322392610,Electrical and Computer Engineering,60,14,31,3,12,0,0,322392611T,3,FE_2023_SeatMatrix.pdf,1062,false,
2023-24,FE,3277,"Shree Shankar Narayan Education Trust,Pravin Patil College of Diploma Engg. & Technology, Bhayinder (E) Western Rly",Un-Aided,Un-Aided,false,48,327724510,Computer Engineering,60,39,0,9,12,0,6,327724511T,3,FE_2023_SeatMatrix.pdf,1063,false,
2023-24,FE,3277,"Shree Shankar Narayan Education Trust,Pravin Patil College of Diploma Engg. & Technology, Bhayinder (E) Western Rly",Un-Aided,Un-Aided,false,48,327724610,Information Technology,60,39,0,9,12,0,6,327724611T,3,FE_2023_SeatMatrix.pdf,1064,false,
2023-24,FE,3277,"Shree Shankar Narayan Education Trust,Pravin Patil College of Diploma Engg. & Technology, Bhayinder (E) Western Rly",Un-Aided,Un-Aided,false,48,327735610,Electrical Engg[Electronics and Power],60,39,0,9,12,0,6,327735611T,3,FE_2023_SeatMatrix.pdf,1065,false,
2023-24,FE,3277,"Shree Shankar Narayan Education Trust,Pravin Patil College of Diploma Engg. & Technology, Bhayinder (E) Western Rly",Un-Aided,Un-Aided,false,48,327761510,Mechanical & Automation Engineering,60,39,0,9,12,0,6,327761511T,3,FE_2023_SeatMatrix.pdf,1066,false,
2023-24,FE,3277,"Shree Shankar Narayan Education Trust,Pravin Patil College of Diploma Engg. & Technology, Bhayinder (E) Western Rly",Un-Aided,Un-Aided,false,48,327793410,Civil Engineering and Planning,60,39,0,9,12,0,6,327793411T,3,FE_2023_SeatMatrix.pdf,1067,false,
2023-24,FE,3277,"Shree Shankar Narayan Education Trust,Pravin Patil College of Diploma Engg. & Technology, Bhayinder (E) Western Rly",Un-Aided,Un-Aided,false,48,327793510,Electronics and Biomedical Engineering,60,39,0,9,12,0,6,327793511T,3,FE_2023_SeatMatrix.pdf,1068,false,
2023-24,FE,3351,"Bharat College of Engineering, Kanhor, Badlapur(W)",Un-Aided,Un-Aided,false,30,335119110,Civil Engineering,30,25,0,5,0,0,3,,0,FE_2023_SeatMatrix.pdf,1069,false,
2023-24,FE,3351,"Bharat College of Engineering, Kanhor, Badlapur(W)",Un-Aided,Un-Aided,false,54,335124510,Computer Engineering,60,45,0,9,6,0,6,335124511T,3,FE_2023_SeatMatrix.pdf,1070,false,
2023-24,FE,3351,"Bharat College of Engineering, Kanhor, Badlapur(W)",Un-Aided,Un-Aided,false,60,335161210,Mechanical Engineering,60,51,0,9,0,1,6,,0,FE_2023_SeatMatrix.pdf,1071,false,
2023-24,FE,3351,"Bharat College of Engineering, Kanhor, Badlapur(W)",Un-Aided,Un-Aided,false,54,335191110,Computer Science and Engineering(Artificial,60,45,0,9,6,0,6,335191111T,3,FE_2023_SeatMatrix.pdf,1072,false,
2023-24,FE,3423,"Shree L.R. Tiwari College of Engineering, Mira Road, Mumbai",Un-Aided Linguistic Minority - Hindi,Un-Aided Linguistic Minority - Hindi,false,24,342319110,Civil Engineering,30,8,15,1,6,0,0,,0,FE_2023_SeatMatrix.pdf,1073,false,
2023-24,FE,3423,"Shree L.R. Tiwari College of Engineering, Mira Road, Mumbai",Un-Aided Linguistic Minority - Hindi,Un-Aided Linguistic Minority - Hindi,false,144,342324510,Computer Engineering,180,44,92,8,36,0,0,342324511T,9,FE_2023_SeatMatrix.pdf,1074,false,
2023-24,FE,3423,"Shree L.R. Tiwari College of Engineering, Mira Road, Mumbai",Un-Aided Linguistic Minority - Hindi,Un-Aided Linguistic Minority - Hindi,false,96,342324610,Information Technology,120,30,61,5,24,0,0,342324611T,6,FE_2023_SeatMatrix.pdf,1075,false,
2023-24,FE,3423,"Shree L.R. Tiwari College of Engineering, Mira Road, Mumbai",Un-Aided Linguistic Minority - Hindi,Un-Aided Linguistic Minority - Hindi,false,48,342337210,Electronics and Telecommunication Engg,60,14,31,3,12,0,0,342337211T,3,FE_2023_SeatMatrix.pdf,1076,false,
2023-24,FE,3423,"Shree L.R. Tiwari College of Engineering, Mira Road, Mumbai",Un-Aided Linguistic Minority - Hindi,Un-Aided Linguistic Minority - Hindi,false,24,342361210,Mechanical Engineering,30,8,15,1,6,0,0,,0,FE_2023_SeatMatrix.pdf,1077,false,
2023-24,FE,3423,"Shree L.R. Tiwari College of Engineering, Mira Road, Mumbai",Un-Aided Linguistic Minority - Hindi,Un-Aided Linguistic Minority - Hindi,false,48,342390010,Electronics and Computer Science,60,14,31,3,12,0,0,342390011T,3,FE_2023_SeatMatrix.pdf,1078,false,
2023-24,FE,3436,"B.R. Harne College of Engineering & Technology, Karav, Tal-Ambernath.",Un-Aided,Un-Aided,false,60,343619110,Civil Engineering,60,51,0,9,0,1,6,,0,FE_2023_SeatMatrix.pdf,1079,false,
2023-24,FE,3436,"B.R. Harne College of Engineering & Technology, Karav, Tal-Ambernath.",Un-Aided,Un-Aided,false,81,343624510,Computer Engineering,90,67,0,14,9,1,9,343624511T,5,FE_2023_SeatMatrix.pdf,1080,false,
2023-24,FE,3436,"B.R. Harne College of Engineering & Technology, Karav, Tal-Ambernath.",Un-Aided,Un-Aided,false,60,343629310,Electrical Engineering,60,51,0,9,0,1,6,,0,FE_2023_SeatMatrix.pdf,1081,false,
2023-24,FE,3436,"B.R. Harne College of Engineering & Technology, Karav, Tal-Ambernath.",Un-Aided,Un-Aided,false,60,343661210,Mechanical Engineering,60,51,0,9,0,1,6,,0,FE_2023_SeatMatrix.pdf,1082,false,
2023-24,FE,3436,"B.R. Harne College of Engineering & Technology, Karav, Tal-Ambernath.",Un-Aided,Un-Aided,false,60,343691110,Computer Science and Engineering(Artificial,60,51,0,9,0,1,6,343691111T,3,FE_2023_SeatMatrix.pdf,1083,false,
2023-24,FE,3439,"Anjuman-I-Islam's Kalsekar Technical Campus, Panvel",Un-Aided Religious Minority - Muslim,Un-Aided Religious Minority - Muslim,false,48,343919110,Civil Engineering,60,14,31,3,12,0,0,,0,FE_2023_SeatMatrix.pdf,1084,false,
2023-24,FE,3439,"Anjuman-I-Islam's Kalsekar Technical Campus, Panvel",Un-Aided Religious Minority - Muslim,Un-Aided Religious Minority - Muslim,false,48,343924510,Computer Engineering,60,14,31,3,12,0,0,343924511T,3,FE_2023_SeatMatrix.pdf,1085,false,
2023-24,FE,3439,"Anjuman-I-Islam's Kalsekar Technical Campus, Panvel",Un-Aided Religious Minority - Muslim,Un-Aided Religious Minority - Muslim,false,48,343929310,Electrical Engineering,60,14,31,3,12,0,0,343929311T,3,FE_2023_SeatMatrix.pdf,1086,false,
2023-24,FE,3439,"Anjuman-I-Islam's Kalsekar Technical Campus, Panvel",Un-Aided Religious Minority - Muslim,Un-Aided Religious Minority - Muslim,false,48,343961210,Mechanical Engineering,60,14,31,3,12,0,0,,0,FE_2023_SeatMatrix.pdf,1087,false,
2023-24,FE,3439,"Anjuman-I-Islam's Kalsekar Technical Campus, Panvel",Un-Aided Religious Minority - Muslim,Un-Aided Religious Minority - Muslim,false,48,343990010,Electronics and Computer Science,60,14,31,3,12,0,0,343990011T,3,FE_2023_SeatMatrix.pdf,1088,false,
2023-24,FE,3439,"Anjuman-I-Islam's Kalsekar Technical Campus, Panvel",Un-Aided Religious Minority - Muslim,Un-Aided Religious Minority - Muslim,false,48,343991110,Computer Science and Engineering(Artificial,60,14,31,3,12,0,0,343991111T,3,FE_2023_SeatMatrix.pdf,1089,false,
2023-24,FE,3439,"Anjuman-I-Islam's Kalsekar Technical Campus, Panvel",Un-Aided Religious Minority - Muslim,Un-Aided Religious Minority - Muslim,false,48,343991210,Computer Science and Engineering(Data Science),60,14,31,3,12,0,0,343991211T,3,FE_2023_SeatMatrix.pdf,1090,false,
2023-24,FE,3440,"Metropolitan Institute of Technology & Management, Sukhalwad, Sindhudurg.",Un-Aided,Un-Aided,false,90,344019110,Civil Engineering,90,76,0,14,0,1,9,,0,FE_2023_SeatMatrix.pdf,1091,false,
2023-24,FE,3440,"Metropolitan Institute of Technology & Management, Sukhalwad, Sindhudurg.",Un-Aided,Un-Aided,false,45,344024510,Computer Engineering,45,38,0,7,0,0,5,344024511T,2,FE_2023_SeatMatrix.pdf,1092,false,
2023-24,FE,3440,"Metropolitan Institute of Technology & Management, Sukhalwad, Sindhudurg.",Un-Aided,Un-Aided,false,45,344037210,Electronics and Telecommunication Engg,45,38,0,7,0,0,5,,0,FE_2023_SeatMatrix.pdf,1093,false,
2023-24,FE,3440,"Metropolitan Institute of Technology & Management, Sukhalwad, Sindhudurg.",Un-Aided,Un-Aided,false,90,344061210,Mechanical Engineering,90,76,0,14,0,1,9,,0,FE_2023_SeatMatrix.pdf,1094,false,
2023-24,FE,3445,"Vishwatmak Jangli Maharaj Ashram Trust (Kokamthan), Atma Malik Institute Of Technology & Research",Un-Aided,Un-Aided,false,60,344519110,Civil Engineering,60,51,0,9,0,1,6,,0,FE_2023_SeatMatrix.pdf,1095,false,
2023-24,FE,3445,"Vishwatmak Jangli Maharaj Ashram Trust (Kokamthan), Atma Malik Institute Of Technology & Research",Un-Aided,Un-Aided,false,54,344524510,Computer Engineering,60,45,0,9,6,0,6,344524511T,3,FE_2023_SeatMatrix.pdf,1096,false,
2023-24,FE,3445,"Vishwatmak Jangli Maharaj Ashram Trust (Kokamthan), Atma Malik Institute Of Technology & Research",Un-Aided,Un-Aided,false,30,344537210,Electronics and Telecommunication Engg,30,25,0,5,0,0,3,,0,FE_2023_SeatMatrix.pdf,1097,false,
2023-24,FE,3445,"Vishwatmak Jangli Maharaj Ashram Trust (Kokamthan), Atma Malik Institute Of Technology & Research",Un-Aided,Un-Aided,false,60,344561210,Mechanical Engineering,60,51,0,9,0,1,6,,0,FE_2023_SeatMatrix.pdf,1098,false,
2023-24,FE,3447,"G.M.Vedak Institute of Technology, Tala, Raigad.",Un-Aided,Un-Aided,false,30,344719110,Civil Engineering,30,25,0,5,0,0,3,,0,FE_2023_SeatMatrix.pdf,1099,false,
2023-24,FE,3447,"G.M.Vedak Institute of Technology, Tala, Raigad.",Un-Aided,Un-Aided,false,60,344724510,Computer Engineering,60,51,0,9,0,1,6,344724511T,3,FE_2023_SeatMatrix.pdf,1100,false,
2023-24,FE,3447,"G.M.Vedak Institute of Technology, Tala, Raigad.",Un-Aided,Un-Aided,false,30,344761210,Mechanical Engineering,30,25,0,5,0,0,3,,0,FE_2023_SeatMatrix.pdf,1101,false,
2023-24,FE,3460,"Universal College of Engineering,Kaman Dist. Palghar",Un-Aided Linguistic Minority - Gujarathi,Un-Aided Linguistic Minority - Gujarathi,false,48,346019110,Civil Engineering,60,14,31,3,12,0,0,,0,FE_2023_SeatMatrix.pdf,1102,false,
2023-24,FE,3460,"Universal College of Engineering,Kaman Dist. Palghar",Un-Aided Linguistic Minority - Gujarathi,Un-Aided Linguistic Minority - Gujarathi,false,96,346024510,Computer Engineering,120,30,61,5,24,0,0,346024511T,6,FE_2023_SeatMatrix.pdf,1103,false,
2023-24,FE,3460,"Universal College of Engineering,Kaman Dist. Palghar",Un-Aided Linguistic Minority - Gujarathi,Un-Aided Linguistic Minority - Gujarathi,false,48,346024610,Information Technology,60,14,31,3,12,0,0,346024611T,3,FE_2023_SeatMatrix.pdf,1104,false,
2023-24,FE,3460,"Universal College of Engineering,Kaman Dist. Palghar",Un-Aided Linguistic Minority - Gujarathi,Un-Aided Linguistic Minority - Gujarathi,false,96,346092110,Artificial Intelligence and Machine Learning,120,30,61,5,24,0,0,346092111T,6,FE_2023_SeatMatrix.pdf,1105,false,
2023-24,FE,3460,"Universal College of Engineering,Kaman Dist. Palghar",Un-Aided Linguistic Minority - Gujarathi,Un-Aided Linguistic Minority - Gujarathi,false,48,346092410,Data Engineering,60,14,31,3,12,0,0,346092411T,3,FE_2023_SeatMatrix.pdf,1106,false,
2023-24,FE,3462,"VPM's Maharshi Parshuram College of Engineering, Velneshwar, Ratnagiri.",Un-Aided,Un-Aided,false,24,346219110,Civil Engineering,30,19,0,5,6,0,3,,0,FE_2023_SeatMatrix.pdf,1107,false,
2023-24,FE,3462,"VPM's Maharshi Parshuram College of Engineering, Velneshwar, Ratnagiri.",Un-Aided,Un-Aided,false,24,346229310,Electrical Engineering,30,19,0,5,6,0,3,,0,FE_2023_SeatMatrix.pdf,1108,false,
2023-24,FE,3462,"VPM's Maharshi Parshuram College of Engineering, Velneshwar, Ratnagiri.",Un-Aided,Un-Aided,false,24,346246610,Instrumentation Engineering,30,19,0,5,6,0,3,,0,FE_2023_SeatMatrix.pdf,1109,false,
2023-24,FE,3462,"VPM's Maharshi Parshuram College of Engineering, Velneshwar, Ratnagiri.",Un-Aided,Un-Aided,false,24,346261210,Mechanical Engineering,30,19,0,5,6,0,3,,0,FE_2023_SeatMatrix.pdf,1110,false,
2023-24,FE,3465,"Ideal Institute of Technology, Wada, Dist.Thane",Un-Aided,Un-Aided,false,60,346519110,Civil Engineering,60,51,0,9,0,1,6,,0,FE_2023_SeatMatrix.pdf,1111,false,
2023-24,FE,3465,"Ideal Institute of Technology, Wada, Dist.Thane",Un-Aided,Un-Aided,false,48,346524210,Computer Science and Engineering,60,39,0,9,12,0,6,346524211T,3,FE_2023_SeatMatrix.pdf,1112,false,
2023-24,FE,3465,"Ideal Institute of Technology, Wada, Dist.Thane",Un-Aided,Un-Aided,false,30,346529310,Electrical Engineering,30,25,0,5,0,0,3,,0,FE_2023_SeatMatrix.pdf,1113,false,
2023-24,FE,3465,"Ideal Institute of Technology, Wada, Dist.Thane",Un-Aided,Un-Aided,false,30,346537210,Electronics and Telecommunication Engg,30,25,0,5,0,0,3,,0,FE_2023_SeatMatrix.pdf,1114,false,
2023-24,FE,3465,"Ideal Institute of Technology, Wada, Dist.Thane",Un-Aided,Un-Aided,false,60,346561210,Mechanical Engineering,60,51,0,9,0,1,6,,0,FE_2023_SeatMatrix.pdf,1115,false,
2023-24,FE,3467,"Vishwaniketan's Institute of Management Entrepreneurship and Engineering Technology(i MEET), Khalapur Dist Raigad",Un-Aided,Un-Aided,false,57,346719110,Civil Engineering,60,48,0,9,3,0,6,,0,FE_2023_SeatMatrix.pdf,1116,false,
2023-24,FE,3467,"Vishwaniketan's Institute of Management Entrepreneurship and Engineering Technology(i MEET), Khalapur Dist Raigad",Un-Aided,Un-Aided,false,48,346724510,Computer Engineering,60,39,0,9,12,0,6,346724511T,3,FE_2023_SeatMatrix.pdf,1117,false,
2023-24,FE,3467,"Vishwaniketan's Institute of Management Entrepreneurship and Engineering Technology(i MEET), Khalapur Dist Raigad",Un-Aided,Un-Aided,false,57,346729310,Electrical Engineering,60,48,0,9,3,0,6,,0,FE_2023_SeatMatrix.pdf,1118,false,
2023-24,FE,3467,"Vishwaniketan's Institute of Management Entrepreneurship and Engineering Technology(i MEET), Khalapur Dist Raigad",Un-Aided,Un-Aided,false,24,346737210,Electronics and Telecommunication Engg,30,19,0,5,6,0,3,346737211T,2,FE_2023_SeatMatrix.pdf,1119,false,
2023-24,FE,3467,"Vishwaniketan's Institute of Management Entrepreneurship and Engineering Technology(i MEET), Khalapur Dist Raigad",Un-Aided,Un-Aided,false,57,346761210,Mechanical Engineering,60,48,0,9,3,0,6,,0,FE_2023_SeatMatrix.pdf,1120,false,
2023-24,FE,3467,"Vishwaniketan's Institute of Management Entrepreneurship and Engineering Technology(i MEET), Khalapur Dist Raigad",Un-Aided,Un-Aided,false,72,346791110,Computer Science and Engineering(Artificial,90,58,0,14,18,1,9,346791111T,5,FE_2023_SeatMatrix.pdf,1121,false,
2023-24,FE,3470,YASHWANTRAO BHONSALE INSTITUTE OF TECHNOLOGY,Un-Aided,Un-Aided,false,48,347024210,Computer Science and Engineering,60,39,0,9,12,0,6,347024211T,3,FE_2023_SeatMatrix.pdf,1122,false,
2023-24,FE,3470,YASHWANTRAO BHONSALE INSTITUTE OF TECHNOLOGY,Un-Aided,Un-Aided,false,120,347024510,Computer Engineering,120,102,0,18,0,1,12,347024511T,6,FE_2023_SeatMatrix.pdf,1123,false,
2023-24,FE,3470,YASHWANTRAO BHONSALE INSTITUTE OF TECHNOLOGY,Un-Aided,Un-Aided,false,60,347029310,Electrical Engineering,60,51,0,9,0,1,6,347029311T,3,FE_2023_SeatMatrix.pdf,1124,false,
2023-24,FE,3470,YASHWANTRAO BHONSALE INSTITUTE OF TECHNOLOGY,Un-Aided,Un-Aided,false,60,347061210,Mechanical Engineering,60,51,0,9,0,1,6,347061211T,3,FE_2023_SeatMatrix.pdf,1125,false,
2023-24,FE,3471,"New Horizon Institute of Technology & Management, Thane",Un-Aided,Un-Aided,false,48,347119110,Civil Engineering,60,39,0,9,12,0,6,,0,FE_2023_SeatMatrix.pdf,1126,false,
2023-24,FE,3471,"New Horizon Institute of Technology & Management, Thane",Un-Aided,Un-Aided,false,96,347124510,Computer Engineering,120,78,0,18,24,1,12,347124511T,6,FE_2023_SeatMatrix.pdf,1127,false,
2023-24,FE,3471,"New Horizon Institute of Technology & Management, Thane",Un-Aided,Un-Aided,false,48,347125710,Computer Science and Design,60,39,0,9,12,0,6,347125711T,3,FE_2023_SeatMatrix.pdf,1128,false,
2023-24,FE,3471,"New Horizon Institute of Technology & Management, Thane",Un-Aided,Un-Aided,false,24,347161210,Mechanical Engineering,30,19,0,5,6,0,3,,0,FE_2023_SeatMatrix.pdf,1129,false,
2023-24,FE,3471,"New Horizon Institute of Technology & Management, Thane",Un-Aided,Un-Aided,false,24,347162410,Mechatronics Engineering,30,19,0,5,6,0,3,,0,FE_2023_SeatMatrix.pdf,1130,false,
2023-24,FE,3471,"New Horizon Institute of Technology & Management, Thane",Un-Aided,Un-Aided,false,48,347199510,Artificial Intelligence and Data Science,60,39,0,9,12,0,6,347199511T,3,FE_2023_SeatMatrix.pdf,1131,false,
2023-24,FE,3475,"A. P. Shah Institute of Technology, Thane",Un-Aided Religious Minority - Jain,Un-Aided Religious Minority - Jain,false,48,347519110,Civil Engineering,60,14,31,3,12,0,0,,0,FE_2023_SeatMatrix.pdf,1132,false,
2023-24,FE,3475,"A. P. Shah Institute of Technology, Thane",Un-Aided Religious Minority - Jain,Un-Aided Religious Minority - Jain,false,144,347524510,Computer Engineering,180,44,92,8,36,0,0,347524511T,9,FE_2023_SeatMatrix.pdf,1133,false,
2023-24,FE,3475,"A. P. Shah Institute of Technology, Thane",Un-Aided Religious Minority - Jain,Un-Aided Religious Minority - Jain,false,144,347524610,Information Technology,180,44,92,8,36,0,0,347524611T,9,FE_2023_SeatMatrix.pdf,1134,false,
2023-24,FE,3475,"A. P. Shah Institute of Technology, Thane",Un-Aided Religious Minority - Jain,Un-Aided Religious Minority - Jain,false,48,347561210,Mechanical Engineering,60,14,31,3,12,0,0,,0,FE_2023_SeatMatrix.pdf,1135,false,
2023-24,FE,3475,"A. P. Shah Institute of Technology, Thane",Un-Aided Religious Minority - Jain,Un-Aided Religious Minority - Jain,false,96,347591110,Computer Science and Engineering(Artificial,120,30,61,5,24,0,0,347591111T,6,FE_2023_SeatMatrix.pdf,1136,false,
2023-24,FE,3475,"A. P. Shah Institute of Technology, Thane",Un-Aided Religious Minority - Jain,Un-Aided Religious Minority - Jain,false,96,347591210,Computer Science and Engineering(Data Science),120,30,61,5,24,0,0,347591211T,6,FE_2023_SeatMatrix.pdf,1137,false,
2023-24,FE,3477,"Chhartrapati Shivaji Maharaj Institute of Technology, Shedung, Panvel",Un-Aided,Un-Aided,false,120,347719110,Civil Engineering,120,102,0,18,0,1,12,,0,FE_2023_SeatMatrix.pdf,1138,false,
2023-24,FE,3477,"Chhartrapati Shivaji Maharaj Institute of Technology, Shedung, Panvel",Un-Aided,Un-Aided,false,48,347724510,Computer Engineering,60,39,0,9,12,0,6,347724511T,3,FE_2023_SeatMatrix.pdf,1139,false,
2023-24,FE,3477,"Chhartrapati Shivaji Maharaj Institute of Technology, Shedung, Panvel",Un-Aided,Un-Aided,false,120,347761210,Mechanical Engineering,120,102,0,18,0,1,12,,0,FE_2023_SeatMatrix.pdf,1140,false,
2023-24,FE,3503,"Indala College Of Engineering, Bapsai Tal.Kalyan",Un-Aided,Un-Aided,false,60,350319110,Civil Engineering,60,51,0,9,0,1,6,,0,FE_2023_SeatMatrix.pdf,1141,false,
2023-24,FE,3503,"Indala College Of Engineering, Bapsai Tal.Kalyan",Un-Aided,Un-Aided,false,60,350324510,Computer Engineering,60,51,0,9,0,1,6,350324511T,3,FE_2023_SeatMatrix.pdf,1142,false,
2023-24,FE,3503,"Indala College Of Engineering, Bapsai Tal.Kalyan",Un-Aided,Un-Aided,false,60,350324610,Information Technology,60,51,0,9,0,1,6,350324611T,3,FE_2023_SeatMatrix.pdf,1143,false,
2023-24,FE,3503,"Indala College Of Engineering, Bapsai Tal.Kalyan",Un-Aided,Un-Aided,false,60,350329310,Electrical Engineering,60,51,0,9,0,1,6,,0,FE_2023_SeatMatrix.pdf,1144,false,
2023-24,FE,3503,"Indala College Of Engineering, Bapsai Tal.Kalyan",Un-Aided,Un-Aided,false,60,350361210,Mechanical Engineering,60,51,0,9,0,1,6,,0,FE_2023_SeatMatrix.pdf,1145,false,
2023-24,FE,6220,"Shri Vithal Education and Research Institute's College of Engineering, Pandharpur",Un-Aided,Un-Aided,false,114,622019110,Civil Engineering,120,96,0,18,6,1,12,622019111T,6,FE_2023_SeatMatrix.pdf,1146,false,
2023-24,FE,6220,"Shri Vithal Education and Research Institute's College of Engineering, Pandharpur",Un-Aided,Un-Aided,false,96,622024210,Computer Science and Engineering,120,78,0,18,24,1,12,622024211T,6,FE_2023_SeatMatrix.pdf,1147,false,
2023-24,FE,6220,"Shri Vithal Education and Research Institute's College of Engineering, Pandharpur",Un-Aided,Un-Aided,false,57,622029310,Electrical Engineering,60,48,0,9,3,0,6,622029311T,3,FE_2023_SeatMatrix.pdf,1148,false,
2023-24,FE,6220,"Shri Vithal Education and Research Institute's College of Engineering, Pandharpur",Un-Aided,Un-Aided,false,96,622037210,Electronics and Telecommunication Engg,120,78,0,18,24,1,12,622037211T,6,FE_2023_SeatMatrix.pdf,1149,false,
2023-24,FE,6220,"Shri Vithal Education and Research Institute's College of Engineering, Pandharpur",Un-Aided,Un-Aided,false,114,622061210,Mechanical Engineering,120,96,0,18,6,1,12,622061211T,6,FE_2023_SeatMatrix.pdf,1150,false,
2023-24,FE,6293,"Kai Amdar Bramhadevdada Mane Shikshan & Samajik Prathistan's Bramhadevdada Mane Institute of Technology, Solapur",Un-Aided,Un-Aided,false,114,629324210,Computer Science and Engineering,120,96,0,18,6,1,12,629324211T,6,FE_2023_SeatMatrix.pdf,1151,false,
2023-24,FE,6293,"Kai Amdar Bramhadevdada Mane Shikshan & Samajik Prathistan's Bramhadevdada Mane Institute of Technology, Solapur",Un-Aided,Un-Aided,false,60,629329310,Electrical Engineering,60,51,0,9,0,1,6,,0,FE_2023_SeatMatrix.pdf,1152,false,
2023-24,FE,6293,"Kai Amdar Bramhadevdada Mane Shikshan & Samajik Prathistan's Bramhadevdada Mane Institute of Technology, Solapur",Un-Aided,Un-Aided,false,60,629337210,Electronics and Telecommunication Engg,60,51,0,9,0,1,6,629337211T,3,FE_2023_SeatMatrix.pdf,1153,false,
2023-24,FE,6293,"Kai Amdar Bramhadevdada Mane Shikshan & Samajik Prathistan's Bramhadevdada Mane Institute of Technology, Solapur",Un-Aided,Un-Aided,false,60,629361210,Mechanical Engineering,60,51,0,9,0,1,6,,0,FE_2023_SeatMatrix.pdf,1154,false,
2023-24,FE,6640,"N. B. Navale Sinhgad College of Engineering, Kegaon, solapur",Un-Aided,Un-Aided,false,60,664019110,Civil Engineering,60,51,0,9,0,1,6,,0,FE_2023_SeatMatrix.pdf,1155,false,
2023-24,FE,6640,"N. B. Navale Sinhgad College of Engineering, Kegaon, solapur",Un-Aided,Un-Aided,false,48,664024210,Computer Science and Engineering,60,39,0,9,12,0,6,664024211T,3,FE_2023_SeatMatrix.pdf,1156,false,
2023-24,FE,6640,"N. B. Navale Sinhgad College of Engineering, Kegaon, solapur",Un-Aided,Un-Aided,false,60,664029310,Electrical Engineering,60,51,0,9,0,1,6,664029311T,3,FE_2023_SeatMatrix.pdf,1157,false,
2023-24,FE,6640,"N. B. Navale Sinhgad College of Engineering, Kegaon, solapur",Un-Aided,Un-Aided,false,54,664037210,Electronics and Telecommunication Engg,60,45,0,9,6,0,6,664037211T,3,FE_2023_SeatMatrix.pdf,1158,false,
2023-24,FE,6640,"N. B. Navale Sinhgad College of Engineering, Kegaon, solapur",Un-Aided,Un-Aided,false,120,664061210,Mechanical Engineering,120,102,0,18,0,1,12,664061211T,6,FE_2023_SeatMatrix.pdf,1159,false,
2023-24,FE,6643,"S K N Sinhgad College of Engineering, Korti Tal. Pandharpur Dist Solapur",Un-Aided,Un-Aided,false,59,664319110,Civil Engineering,60,50,0,9,1,1,6,664319111T,3,FE_2023_SeatMatrix.pdf,1160,false,
2023-24,FE,6643,"S K N Sinhgad College of Engineering, Korti Tal. Pandharpur Dist Solapur",Un-Aided,Un-Aided,false,48,664324210,Computer Science and Engineering,60,39,0,9,12,0,6,664324211T,3,FE_2023_SeatMatrix.pdf,1161,false,
2023-24,FE,6643,"S K N Sinhgad College of Engineering, Korti Tal. Pandharpur Dist Solapur",Un-Aided,Un-Aided,false,59,664329310,Electrical Engineering,60,50,0,9,1,1,6,664329311T,3,FE_2023_SeatMatrix.pdf,1162,false,
2023-24,FE,6643,"S K N Sinhgad College of Engineering, Korti Tal. Pandharpur Dist Solapur",Un-Aided,Un-Aided,false,54,664337210,Electronics and Telecommunication Engg,60,45,0,9,6,0,6,664337211T,3,FE_2023_SeatMatrix.pdf,1163,false,
2023-24,FE,6643,"S K N Sinhgad College of Engineering, Korti Tal. Pandharpur Dist Solapur",Un-Aided,Un-Aided,false,119,664361210,Mechanical Engineering,120,101,0,18,1,1,12,664361211T,6,FE_2023_SeatMatrix.pdf,1164,false,
2023-24,FE,6901,"MAEER's MIT College of Railway Engineering and Research, Jamgaon, Barshi",Un-Aided,Un-Aided,false,30,690119110,Civil Engineering,30,25,0,5,0,0,3,,0,FE_2023_SeatMatrix.pdf,1165,false,
2023-24,FE,6901,"MAEER's MIT College of Railway Engineering and Research, Jamgaon, Barshi",Un-Aided,Un-Aided,false,72,690124210,Computer Science and Engineering,90,58,0,14,18,1,9,690124211T,5,FE_2023_SeatMatrix.pdf,1166,false,
2023-24,FE,6901,"MAEER's MIT College of Railway Engineering and Research, Jamgaon, Barshi",Un-Aided,Un-Aided,false,60,690137210,Electronics and Telecommunication Engg,60,51,0,9,0,1,6,690137211T,3,FE_2023_SeatMatrix.pdf,1167,false,
2023-24,FE,6901,"MAEER's MIT College of Railway Engineering and Research, Jamgaon, Barshi",Un-Aided,Un-Aided,false,60,690161210,Mechanical Engineering,60,51,0,9,0,1,6,,0,FE_2023_SeatMatrix.pdf,1168,false,
2023-24,FE,4005,"Laxminarayan Institute of Technology, Nagpur",University Department,University Department,false,12,400550310,Food Technology,12,12,0,0,0,0,1,400550311T,1,FE_2023_SeatMatrix.pdf,1169,false,
2023-24,FE,4005,"Laxminarayan Institute of Technology, Nagpur",University Department,University Department,false,62,400550710,Chemical Engineering,62,62,0,0,0,1,6,400550711T,3,FE_2023_SeatMatrix.pdf,1170,false,
2023-24,FE,4005,"Laxminarayan Institute of Technology, Nagpur",University Department,University Department,false,11,400551010,Plastic and Polymer Technology,11,11,0,0,0,0,1,400551011T,1,FE_2023_SeatMatrix.pdf,1171,false,
2023-24,FE,4005,"Laxminarayan Institute of Technology, Nagpur",University Department,University Department,false,11,400552410,Paper and Pulp Technology,11,11,0,0,0,0,1,,0,FE_2023_SeatMatrix.pdf,1172,false,
2023-24,FE,4005,"Laxminarayan Institute of Technology, Nagpur",University Department,University Department,false,11,400552810,Petro Chemical Technology,11,11,0,0,0,0,1,400552811T,1,FE_2023_SeatMatrix.pdf,1173,false,
2023-24,FE,4005,"Laxminarayan Institute of Technology, Nagpur",University Department,University Department,false,11,400552910,Oil Technology,11,11,0,0,0,0,1,400552911T,1,FE_2023_SeatMatrix.pdf,1174,false,
2023-24,FE,4005,"Laxminarayan Institute of Technology, Nagpur",University Department,University Department,false,14,400572910,Surface Coating Technology,14,14,0,0,0,0,1,400572911T,1,FE_2023_SeatMatrix.pdf,1175,false,
2023-24,FE,4025,"Government College of Engineering, Nagpur",Government,Government,false,60,402519110,Civil Engineering,60,60,0,0,0,1,6,402519111T,3,FE_2023_SeatMatrix.pdf,1176,false,
2023-24,FE,4025,"Government College of Engineering, Nagpur",Government,Government,false,60,402524210,Computer Science and Engineering,60,60,0,0,0,1,6,402524211T,3,FE_2023_SeatMatrix.pdf,1177,false,
2023-24,FE,4025,"Government College of Engineering, Nagpur",Government,Government,false,60,402529310,Electrical Engineering,60,60,0,0,0,1,6,402529311T,3,FE_2023_SeatMatrix.pdf,1178,false,
2023-24,FE,4025,"Government College of Engineering, Nagpur",Government,Government,false,60,402537210,Electronics and Telecommunication Engg,60,60,0,0,0,1,6,402537211T,3,FE_2023_SeatMatrix.pdf,1179,false,
2023-24,FE,4025,"Government College of Engineering, Nagpur",Government,Government,false,60,402561210,Mechanical Engineering,60,60,0,0,0,1,6,402561211T,3,FE_2023_SeatMatrix.pdf,1180,false,
2023-24,FE,4104,"Kavi Kulguru Institute of Technology & Science, Ramtek",Un-Aided,Un-Aided,false,58,410419110,Civil Engineering,60,49,0,9,2,0,6,410419111T,3,FE_2023_SeatMatrix.pdf,1181,false,
2023-24,FE,4104,"Kavi Kulguru Institute of Technology & Science, Ramtek",Un-Aided,Un-Aided,false,48,410424610,Information Technology,60,39,0,9,12,0,6,410424611T,3,FE_2023_SeatMatrix.pdf,1182,false,
2023-24,FE,4104,"Kavi Kulguru Institute of Technology & Science, Ramtek",Un-Aided,Un-Aided,false,72,410425110,Computer Technology,90,58,0,14,18,1,9,410425111T,5,FE_2023_SeatMatrix.pdf,1183,false,
2023-24,FE,4104,"Kavi Kulguru Institute of Technology & Science, Ramtek",Un-Aided,Un-Aided,false,58,410429310,Electrical Engineering,60,49,0,9,2,0,6,410429311T,3,FE_2023_SeatMatrix.pdf,1184,false,
2023-24,FE,4104,"Kavi Kulguru Institute of Technology & Science, Ramtek",Un-Aided,Un-Aided,false,54,410437010,Electronics and Communication Engineering,60,45,0,9,6,0,6,410437011T,3,FE_2023_SeatMatrix.pdf,1185,false,
2023-24,FE,4104,"Kavi Kulguru Institute of Technology & Science, Ramtek",Un-Aided,Un-Aided,false,58,410461210,Mechanical Engineering,60,49,0,9,2,0,6,410461211T,3,FE_2023_SeatMatrix.pdf,1186,false,
2023-24,FE,4118,"Bapurao Deshmukh College of Engineering, Sevagram",Un-Aided,Un-Aided,false,54,411819110,Civil Engineering,54,46,0,8,0,0,5,411819111T,3,FE_2023_SeatMatrix.pdf,1187,false,
2023-24,FE,4118,"Bapurao Deshmukh College of Engineering, Sevagram",Un-Aided,Un-Aided,false,108,411824510,Computer Engineering,108,92,0,16,0,1,11,411824511T,5,FE_2023_SeatMatrix.pdf,1188,false,
2023-24,FE,4118,"Bapurao Deshmukh College of Engineering, Sevagram",Un-Aided,Un-Aided,false,54,411829310,Electrical Engineering,54,46,0,8,0,0,5,411829311T,3,FE_2023_SeatMatrix.pdf,1189,false,
2023-24,FE,4118,"Bapurao Deshmukh College of Engineering, Sevagram",Un-Aided,Un-Aided,false,27,411837210,Electronics and Telecommunication Engg,27,23,0,4,0,0,3,411837211T,1,FE_2023_SeatMatrix.pdf,1190,false,
2023-24,FE,4118,"Bapurao Deshmukh College of Engineering, Sevagram",Un-Aided,Un-Aided,false,54,411861210,Mechanical Engineering,54,46,0,8,0,0,5,411861211T,3,FE_2023_SeatMatrix.pdf,1191,false,
2023-24,FE,4133,"Sanmarg Shikshan Sanstha's Smt. Radhikatai Pandav College of Engineering, Nagpur",Un-Aided,Un-Aided,false,60,413319110,Civil Engineering,60,51,0,9,0,1,6,413319111T,3,FE_2023_SeatMatrix.pdf,1192,false,
2023-24,FE,4133,"Sanmarg Shikshan Sanstha's Smt. Radhikatai Pandav College of Engineering, Nagpur",Un-Aided,Un-Aided,false,48,413324510,Computer Engineering,60,39,0,9,12,0,6,413324511T,3,FE_2023_SeatMatrix.pdf,1193,false,
2023-24,FE,4133,"Sanmarg Shikshan Sanstha's Smt. Radhikatai Pandav College of Engineering, Nagpur",Un-Aided,Un-Aided,false,60,413329310,Electrical Engineering,60,51,0,9,0,1,6,413329311T,3,FE_2023_SeatMatrix.pdf,1194,false,
2023-24,FE,4133,"Sanmarg Shikshan Sanstha's Smt. Radhikatai Pandav College of Engineering, Nagpur",Un-Aided,Un-Aided,false,60,413337210,Electronics and Telecommunication Engg,60,51,0,9,0,1,6,413337211T,3,FE_2023_SeatMatrix.pdf,1195,false,
2023-24,FE,4133,"Sanmarg Shikshan Sanstha's Smt. Radhikatai Pandav College of Engineering, Nagpur",Un-Aided,Un-Aided,false,90,413361210,Mechanical Engineering,90,76,0,14,0,1,9,413361211T,5,FE_2023_SeatMatrix.pdf,1196,false,
2023-24,FE,4134,"Guru Nanak Institute of Engineering & Technology,Kalmeshwar, Nagpur",Un-Aided,Un-Aided,false,60,413419110,Civil Engineering,60,51,0,9,0,1,6,413419111T,3,FE_2023_SeatMatrix.pdf,1197,false,
2023-24,FE,4134,"Guru Nanak Institute of Engineering & Technology,Kalmeshwar, Nagpur",Un-Aided,Un-Aided,false,48,413424210,Computer Science and Engineering,60,39,0,9,12,0,6,413424211T,3,FE_2023_SeatMatrix.pdf,1198,false,
2023-24,FE,4134,"Guru Nanak Institute of Engineering & Technology,Kalmeshwar, Nagpur",Un-Aided,Un-Aided,false,60,413429310,Electrical Engineering,60,51,0,9,0,1,6,413429311T,3,FE_2023_SeatMatrix.pdf,1199,false,
2023-24,FE,4134,"Guru Nanak Institute of Engineering & Technology,Kalmeshwar, Nagpur",Un-Aided,Un-Aided,false,60,413437210,Electronics and Telecommunication Engg,60,51,0,9,0,1,6,413437211T,3,FE_2023_SeatMatrix.pdf,1200,false,
2023-24,FE,4134,"Guru Nanak Institute of Engineering & Technology,Kalmeshwar, Nagpur",Un-Aided,Un-Aided,false,48,413491210,Computer Science and Engineering(Data Science),60,39,0,9,12,0,6,413491211T,3,FE_2023_SeatMatrix.pdf,1201,false,
2023-24,FE,4134,"Guru Nanak Institute of Engineering & Technology,Kalmeshwar, Nagpur",Un-Aided,Un-Aided,false,60,413499710,Artificial Intelligence,60,51,0,9,0,1,6,413499711T,3,FE_2023_SeatMatrix.pdf,1202,false,
2023-24,FE,4143,"Sanmarg Shikshan Sanstha, Mandukarrao Pandav College of Engineering, Bhandara",Un-Aided,Un-Aided,false,54,414319110,Civil Engineering,54,46,0,8,0,0,5,414319111T,3,FE_2023_SeatMatrix.pdf,1203,false,
2023-24,FE,4143,"Sanmarg Shikshan Sanstha, Mandukarrao Pandav College of Engineering, Bhandara",Un-Aided,Un-Aided,false,54,414324510,Computer Engineering,54,46,0,8,0,0,5,414324511T,3,FE_2023_SeatMatrix.pdf,1204,false,
2023-24,FE,4143,"Sanmarg Shikshan Sanstha, Mandukarrao Pandav College of Engineering, Bhandara",Un-Aided,Un-Aided,false,54,414329310,Electrical Engineering,54,46,0,8,0,0,5,414329311T,3,FE_2023_SeatMatrix.pdf,1205,false,
2023-24,FE,4143,"Sanmarg Shikshan Sanstha, Mandukarrao Pandav College of Engineering, Bhandara",Un-Aided,Un-Aided,false,54,414337210,Electronics and Telecommunication Engg,54,46,0,8,0,0,5,,0,FE_2023_SeatMatrix.pdf,1206,false,
2023-24,FE,4143,"Sanmarg Shikshan Sanstha, Mandukarrao Pandav College of Engineering, Bhandara",Un-Aided,Un-Aided,false,54,414361210,Mechanical Engineering,54,46,0,8,0,0,5,,0,FE_2023_SeatMatrix.pdf,1207,false,
2023-24,FE,4144,"Shri. Sai Shikshan Sanstha, Nagpur Institute of Technology, Nagpur",Un-Aided,Un-Aided,false,60,414419110,Civil Engineering,60,51,0,9,0,1,6,414419111T,3,FE_2023_SeatMatrix.pdf,1208,false,
2023-24,FE,4144,"Shri. Sai Shikshan Sanstha, Nagpur Institute of Technology, Nagpur",Un-Aided,Un-Aided,false,120,414424210,Computer Science and Engineering,120,102,0,18,0,1,12,414424211T,6,FE_2023_SeatMatrix.pdf,1209,false,
2023-24,FE,4144,"Shri. Sai Shikshan Sanstha, Nagpur Institute of Technology, Nagpur",Un-Aided,Un-Aided,false,60,414424610,Information Technology,60,51,0,9,0,1,6,414424611T,3,FE_2023_SeatMatrix.pdf,1210,false,
2023-24,FE,4144,"Shri. Sai Shikshan Sanstha, Nagpur Institute of Technology, Nagpur",Un-Aided,Un-Aided,false,60,414429310,Electrical Engineering,60,51,0,9,0,1,6,414429311T,3,FE_2023_SeatMatrix.pdf,1211,false,
2023-24,FE,4144,"Shri. Sai Shikshan Sanstha, Nagpur Institute of Technology, Nagpur",Un-Aided,Un-Aided,false,60,414461210,Mechanical Engineering,60,51,0,9,0,1,6,414461211T,3,FE_2023_SeatMatrix.pdf,1212,false,
2023-24,FE,4145,"Wainganga College of Engineering and Management, Dongargaon, Nagpur",Un-Aided,Un-Aided,false,60,414519110,Civil Engineering,60,51,0,9,0,1,6,414519111T,3,FE_2023_SeatMatrix.pdf,1213,false,
2023-24,FE,4145,"Wainganga College of Engineering and Management, Dongargaon, Nagpur",Un-Aided,Un-Aided,false,120,414524210,Computer Science and Engineering,120,102,0,18,0,1,12,414524211T,6,FE_2023_SeatMatrix.pdf,1214,false,
2023-24,FE,4145,"Wainganga College of Engineering and Management, Dongargaon, Nagpur",Un-Aided,Un-Aided,false,60,414529310,Electrical Engineering,60,51,0,9,0,1,6,414529311T,3,FE_2023_SeatMatrix.pdf,1215,false,
2023-24,FE,4145,"Wainganga College of Engineering and Management, Dongargaon, Nagpur",Un-Aided,Un-Aided,false,30,414537210,Electronics and Telecommunication Engg,30,25,0,5,0,0,3,414537211T,2,FE_2023_SeatMatrix.pdf,1216,false,
2023-24,FE,4145,"Wainganga College of Engineering and Management, Dongargaon, Nagpur",Un-Aided,Un-Aided,false,60,414561210,Mechanical Engineering,60,51,0,9,0,1,6,414561211T,3,FE_2023_SeatMatrix.pdf,1217,false,
2023-24,FE,4145,"Wainganga College of Engineering and Management, Dongargaon, Nagpur",Un-Aided,Un-Aided,false,60,414599510,Artificial Intelligence and Data Science,60,51,0,9,0,1,6,414599511T,3,FE_2023_SeatMatrix.pdf,1218,false,
2023-24,FE,4147,"K.D.K. College of Engineering, Nagpur",Un-Aided,Un-Aided,false,60,414719110,Civil Engineering,60,51,0,9,0,1,6,414719111T,3,FE_2023_SeatMatrix.pdf,1219,false,
2023-24,FE,4147,"K.D.K. College of Engineering, Nagpur",Un-Aided,Un-Aided,false,155,414724210,Computer Science and Engineering,180,128,0,27,25,1,18,414724211T,9,FE_2023_SeatMatrix.pdf,1220,false,
2023-24,FE,4147,"K.D.K. College of Engineering, Nagpur",Un-Aided,Un-Aided,false,51,414724610,Information Technology,60,42,0,9,9,0,6,414724611T,3,FE_2023_SeatMatrix.pdf,1221,false,
2023-24,FE,4147,"K.D.K. College of Engineering, Nagpur",Un-Aided,Un-Aided,false,90,414729310,Electrical Engineering,90,76,0,14,0,1,9,414729311T,5,FE_2023_SeatMatrix.pdf,1222,false,
2023-24,FE,4147,"K.D.K. College of Engineering, Nagpur",Un-Aided,Un-Aided,false,90,414737210,Electronics and Telecommunication Engg,90,76,0,14,0,1,9,414737211T,5,FE_2023_SeatMatrix.pdf,1223,false,
2023-24,FE,4147,"K.D.K. College of Engineering, Nagpur",Un-Aided,Un-Aided,false,60,414761210,Mechanical Engineering,60,51,0,9,0,1,6,414761211T,3,FE_2023_SeatMatrix.pdf,1224,false,
2023-24,FE,4147,"K.D.K. College of Engineering, Nagpur",Un-Aided,Un-Aided,false,54,414799510,Artificial Intelligence and Data Science,60,45,0,9,6,0,6,414799511T,3,FE_2023_SeatMatrix.pdf,1225,false,
2023-24,FE,4172,"Anjuman College of Engineering & Technology, Nagpur",Un-Aided Religious Minority - Muslim,Un-Aided Religious Minority - Muslim,false,30,417219110,Civil Engineering,30,13,15,2,0,0,0,417219111T,2,FE_2023_SeatMatrix.pdf,1226,false,
2023-24,FE,4172,"Anjuman College of Engineering & Technology, Nagpur",Un-Aided Religious Minority - Muslim,Un-Aided Religious Minority - Muslim,false,120,417224210,Computer Science and Engineering,120,50,61,9,0,0,0,417224211T,6,FE_2023_SeatMatrix.pdf,1227,false,
2023-24,FE,4172,"Anjuman College of Engineering & Technology, Nagpur",Un-Aided Religious Minority - Muslim,Un-Aided Religious Minority - Muslim,false,60,417226310,Artificial Intelligence (AI) and Data Science,60,25,31,4,0,0,0,417226311T,3,FE_2023_SeatMatrix.pdf,1228,false,
2023-24,FE,4172,"Anjuman College of Engineering & Technology, Nagpur",Un-Aided Religious Minority - Muslim,Un-Aided Religious Minority - Muslim,false,60,417229310,Electrical Engineering,60,25,31,4,0,0,0,417229311T,3,FE_2023_SeatMatrix.pdf,1229,false,
2023-24,FE,4172,"Anjuman College of Engineering & Technology, Nagpur",Un-Aided Religious Minority - Muslim,Un-Aided Religious Minority - Muslim,false,60,417237210,Electronics and Telecommunication Engg,60,25,31,4,0,0,0,417237211T,3,FE_2023_SeatMatrix.pdf,1230,false,
2023-24,FE,4172,"Anjuman College of Engineering & Technology, Nagpur",Un-Aided Religious Minority - Muslim,Un-Aided Religious Minority - Muslim,false,60,417261210,Mechanical Engineering,60,25,31,4,0,0,0,417261211T,3,FE_2023_SeatMatrix.pdf,1231,false,
2023-24,FE,4175,"JMSS Shri Shankarprasad Agnihotri College of Engineering, Wardha",Un-Aided,Un-Aided,false,60,417519110,Civil Engineering,60,51,0,9,0,1,6,,0,FE_2023_SeatMatrix.pdf,1232,false,
2023-24,FE,4175,"JMSS Shri Shankarprasad Agnihotri College of Engineering, Wardha",Un-Aided,Un-Aided,false,60,417524210,Computer Science and Engineering,60,51,0,9,0,1,6,417524211T,3,FE_2023_SeatMatrix.pdf,1233,false,
2023-24,FE,4175,"JMSS Shri Shankarprasad Agnihotri College of Engineering, Wardha",Un-Aided,Un-Aided,false,60,417537210,Electronics and Telecommunication Engg,60,51,0,9,0,1,6,417537211T,3,FE_2023_SeatMatrix.pdf,1234,false,
2023-24,FE,4175,"JMSS Shri Shankarprasad Agnihotri College of Engineering, Wardha",Un-Aided,Un-Aided,false,30,417561210,Mechanical Engineering,30,25,0,5,0,0,3,,0,FE_2023_SeatMatrix.pdf,1235,false,
2023-24,FE,4177,"Priyadarshini Bhagwati College of Engineering, Harpur Nagar, Umred Road,Nagpur",Un-Aided Linguistic Minority - Hindi,Un-Aided Linguistic Minority - Hindi,false,60,417719110,Civil Engineering,60,25,31,4,0,0,0,417719111T,3,FE_2023_SeatMatrix.pdf,1236,false,
2023-24,FE,4177,"Priyadarshini Bhagwati College of Engineering, Harpur Nagar, Umred Road,Nagpur",Un-Aided Linguistic Minority - Hindi,Un-Aided Linguistic Minority - Hindi,false,56,417724210,Computer Science and Engineering,60,21,31,4,4,0,0,417724211T,3,FE_2023_SeatMatrix.pdf,1237,false,
2023-24,FE,4177,"Priyadarshini Bhagwati College of Engineering, Harpur Nagar, Umred Road,Nagpur",Un-Aided Linguistic Minority - Hindi,Un-Aided Linguistic Minority - Hindi,false,58,417724610,Information Technology,60,23,31,4,2,0,0,417724611T,3,FE_2023_SeatMatrix.pdf,1238,false,
2023-24,FE,4177,"Priyadarshini Bhagwati College of Engineering, Harpur Nagar, Umred Road,Nagpur",Un-Aided Linguistic Minority - Hindi,Un-Aided Linguistic Minority - Hindi,false,57,417737010,Electronics and Communication Engineering,60,22,31,4,3,0,0,417737011T,3,FE_2023_SeatMatrix.pdf,1239,false,
2023-24,FE,4177,"Priyadarshini Bhagwati College of Engineering, Harpur Nagar, Umred Road,Nagpur",Un-Aided Linguistic Minority - Hindi,Un-Aided Linguistic Minority - Hindi,false,60,417761210,Mechanical Engineering,60,25,31,4,0,0,0,417761211T,3,FE_2023_SeatMatrix.pdf,1240,false,
2023-24,FE,4192,"Maitraya Education Society, Nagarjuna Institute of Engineering Technology & Management, Nagpur",Un-Aided,Un-Aided,false,60,419219110,Civil Engineering,60,51,0,9,0,1,6,419219111T,3,FE_2023_SeatMatrix.pdf,1241,false,
2023-24,FE,4192,"Maitraya Education Society, Nagarjuna Institute of Engineering Technology & Management, Nagpur",Un-Aided,Un-Aided,false,51,419224210,Computer Science and Engineering,60,42,0,9,9,0,6,419224211T,3,FE_2023_SeatMatrix.pdf,1242,false,
2023-24,FE,4192,"Maitraya Education Society, Nagarjuna Institute of Engineering Technology & Management, Nagpur",Un-Aided,Un-Aided,false,60,419235610,Electrical Engg[Electronics and Power],60,51,0,9,0,1,6,419235611T,3,FE_2023_SeatMatrix.pdf,1243,false,
2023-24,FE,4192,"Maitraya Education Society, Nagarjuna Institute of Engineering Technology & Management, Nagpur",Un-Aided,Un-Aided,false,60,419261210,Mechanical Engineering,60,51,0,9,0,1,6,,0,FE_2023_SeatMatrix.pdf,1244,false,
2023-24,FE,4192,"Maitraya Education Society, Nagarjuna Institute of Engineering Technology & Management, Nagpur",Un-Aided,Un-Aided,false,57,419291110,Computer Science and Engineering(Artificial,60,48,0,9,3,0,6,419291111T,3,FE_2023_SeatMatrix.pdf,1245,false,
2023-24,FE,4196,"Gurunanak Educational Society's Gurunanak Institute of Technology, Nagpur",Un-Aided,Un-Aided,false,60,419619110,Civil Engineering,60,51,0,9,0,1,6,,0,FE_2023_SeatMatrix.pdf,1246,false,
2023-24,FE,4196,"Gurunanak Educational Society's Gurunanak Institute of Technology, Nagpur",Un-Aided,Un-Aided,false,48,419624210,Computer Science and Engineering,60,39,0,9,12,0,6,419624211T,3,FE_2023_SeatMatrix.pdf,1247,false,
2023-24,FE,4196,"Gurunanak Educational Society's Gurunanak Institute of Technology, Nagpur",Un-Aided,Un-Aided,false,60,419637210,Electronics and Telecommunication Engg,60,51,0,9,0,1,6,419637211T,3,FE_2023_SeatMatrix.pdf,1248,false,
2023-24,FE,4196,"Gurunanak Educational Society's Gurunanak Institute of Technology, Nagpur",Un-Aided,Un-Aided,false,60,419661210,Mechanical Engineering,60,51,0,9,0,1,6,,0,FE_2023_SeatMatrix.pdf,1249,false,
2023-24,FE,4196,"Gurunanak Educational Society's Gurunanak Institute of Technology, Nagpur",Un-Aided,Un-Aided,false,60,419691210,Computer Science and Engineering(Data Science),60,51,0,9,0,1,6,419691211T,3,FE_2023_SeatMatrix.pdf,1250,false,
2023-24,FE,4196,"Gurunanak Educational Society's Gurunanak Institute of Technology, Nagpur",Un-Aided,Un-Aided,false,60,419692110,Artificial Intelligence and Machine Learning,60,51,0,9,0,1,6,419692111T,3,FE_2023_SeatMatrix.pdf,1251,false,
2023-24,FE,4197,"Jai Mahakali Shikshan Sanstha, Agnihotri College of Engineering, Sindhi(Meghe)",Un-Aided,Un-Aided,false,30,419719110,Civil Engineering,30,25,0,5,0,0,3,,0,FE_2023_SeatMatrix.pdf,1252,false,
2023-24,FE,4197,"Jai Mahakali Shikshan Sanstha, Agnihotri College of Engineering, Sindhi(Meghe)",Un-Aided,Un-Aided,false,30,419724210,Computer Science and Engineering,30,25,0,5,0,0,3,419724211T,2,FE_2023_SeatMatrix.pdf,1253,false,
2023-24,FE,4197,"Jai Mahakali Shikshan Sanstha, Agnihotri College of Engineering, Sindhi(Meghe)",Un-Aided,Un-Aided,false,30,419729310,Electrical Engineering,30,25,0,5,0,0,3,,0,FE_2023_SeatMatrix.pdf,1254,false,
2023-24,FE,4197,"Jai Mahakali Shikshan Sanstha, Agnihotri College of Engineering, Sindhi(Meghe)",Un-Aided,Un-Aided,false,30,419737010,Electronics and Communication Engineering,30,25,0,5,0,0,3,419737011T,2,FE_2023_SeatMatrix.pdf,1255,false,
2023-24,FE,4197,"Jai Mahakali Shikshan Sanstha, Agnihotri College of Engineering, Sindhi(Meghe)",Un-Aided,Un-Aided,false,15,419761210,Mechanical Engineering,15,13,0,2,0,0,2,,0,FE_2023_SeatMatrix.pdf,1256,false,
2023-24,FE,4285,"V M Institute of Engineering and Technology, Dongargaon, Nagpur",Un-Aided,Un-Aided,false,60,428519110,Civil Engineering,60,51,0,9,0,1,6,,0,FE_2023_SeatMatrix.pdf,1257,false,
2023-24,FE,4285,"V M Institute of Engineering and Technology, Dongargaon, Nagpur",Un-Aided,Un-Aided,false,60,428524610,Information Technology,60,51,0,9,0,1,6,428524611T,3,FE_2023_SeatMatrix.pdf,1258,false,
2023-24,FE,4285,"V M Institute of Engineering and Technology, Dongargaon, Nagpur",Un-Aided,Un-Aided,false,60,428529310,Electrical Engineering,60,51,0,9,0,1,6,428529311T,3,FE_2023_SeatMatrix.pdf,1259,false,
2023-24,FE,4285,"V M Institute of Engineering and Technology, Dongargaon, Nagpur",Un-Aided,Un-Aided,false,120,428561210,Mechanical Engineering,120,102,0,18,0,1,12,428561211T,6,FE_2023_SeatMatrix.pdf,1260,false,
2023-24,FE,4302,"Gondia Education Society's Manoharbhai Patel Institute Of Engineering & Technology, Shahapur, Bhandara",Un-Aided,Un-Aided,false,30,430219110,Civil Engineering,30,25,0,5,0,0,3,430219111T,2,FE_2023_SeatMatrix.pdf,1261,false,
2023-24,FE,4302,"Gondia Education Society's Manoharbhai Patel Institute Of Engineering & Technology, Shahapur, Bhandara",Un-Aided,Un-Aided,false,54,430224510,Computer Engineering,54,46,0,8,0,0,5,430224511T,3,FE_2023_SeatMatrix.pdf,1262,false,
2023-24,FE,4302,"Gondia Education Society's Manoharbhai Patel Institute Of Engineering & Technology, Shahapur, Bhandara",Un-Aided,Un-Aided,false,30,430261210,Mechanical Engineering,30,25,0,5,0,0,3,430261211T,2,FE_2023_SeatMatrix.pdf,1263,false,
2023-24,FE,4613,"Suryodaya College of Engineering & Technology, Nagpur",Un-Aided,Un-Aided,false,30,461319110,Civil Engineering,30,25,0,5,0,0,3,461319111T,2,FE_2023_SeatMatrix.pdf,1267,false,
2023-24,FE,4613,"Suryodaya College of Engineering & Technology, Nagpur",Un-Aided,Un-Aided,false,72,461324510,Computer Engineering,90,58,0,14,18,1,9,461324511T,5,FE_2023_SeatMatrix.pdf,1268,false,
2023-24,FE,4613,"Suryodaya College of Engineering & Technology, Nagpur",Un-Aided,Un-Aided,false,60,461329310,Electrical Engineering,60,51,0,9,0,1,6,461329311T,3,FE_2023_SeatMatrix.pdf,1269,false,
2023-24,FE,4613,"Suryodaya College of Engineering & Technology, Nagpur",Un-Aided,Un-Aided,false,60,461337210,Electronics and Telecommunication Engg,60,51,0,9,0,1,6,461337211T,3,FE_2023_SeatMatrix.pdf,1270,false,
2023-24,FE,4613,"Suryodaya College of Engineering & Technology, Nagpur",Un-Aided,Un-Aided,false,60,461361210,Mechanical Engineering,60,51,0,9,0,1,6,461361211T,3,FE_2023_SeatMatrix.pdf,1271,false,
2023-24,FE,4613,"Suryodaya College of Engineering & Technology, Nagpur",Un-Aided,Un-Aided,false,48,461391210,Computer Science and Engineering(Data Science),60,39,0,9,12,0,6,461391211T,3,FE_2023_SeatMatrix.pdf,1272,false,
2023-24,FE,4648,"R.V. Parankar College of Engineering & Technology, Arvi, Dist Wardha",Un-Aided,Un-Aided,false,30,464819110,Civil Engineering,30,25,0,5,0,0,3,,0,FE_2023_SeatMatrix.pdf,1273,false,
2023-24,FE,4648,"R.V. Parankar College of Engineering & Technology, Arvi, Dist Wardha",Un-Aided,Un-Aided,false,48,464824210,Computer Science and Engineering,60,39,0,9,12,0,6,,0,FE_2023_SeatMatrix.pdf,1274,false,
2023-24,FE,4648,"R.V. Parankar College of Engineering & Technology, Arvi, Dist Wardha",Un-Aided,Un-Aided,false,24,464824610,Information Technology,30,19,0,5,6,0,3,,0,FE_2023_SeatMatrix.pdf,1275,false,
2023-24,FE,4648,"R.V. Parankar College of Engineering & Technology, Arvi, Dist Wardha",Un-Aided,Un-Aided,false,30,464829310,Electrical Engineering,30,25,0,5,0,0,3,464829311T,2,FE_2023_SeatMatrix.pdf,1276,false,
2023-24,FE,4648,"R.V. Parankar College of Engineering & Technology, Arvi, Dist Wardha",Un-Aided,Un-Aided,false,30,464861210,Mechanical Engineering,30,25,0,5,0,0,3,,0,FE_2023_SeatMatrix.pdf,1277,false,
2023-24,FE,1005,"Sant Gadge Baba Amravati University,Amravati",University Department,University Department,false,15,100550310,Food Technology,15,15,0,0,0,0,2,100550311T,1,FE_2023_SeatMatrix.pdf,1278,false,
2023-24,FE,1005,"Sant Gadge Baba Amravati University,Amravati",University Department,University Department,false,15,100551710,Oil and Paints Technology,15,15,0,0,0,0,2,,0,FE_2023_SeatMatrix.pdf,1279,false,
2023-24,FE,1005,"Sant Gadge Baba Amravati University,Amravati",University Department,University Department,false,15,100552410,Paper and Pulp Technology,15,15,0,0,0,0,2,,0,FE_2023_SeatMatrix.pdf,1280,false,
2023-24,FE,1005,"Sant Gadge Baba Amravati University,Amravati",University Department,University Department,false,15,100552710,Petro Chemical Engineering,15,15,0,0,0,0,2,,0,FE_2023_SeatMatrix.pdf,1281,false,
2023-24,FE,1101,"Shri Sant Gajanan Maharaj College of Engineering,Shegaon",Un-Aided,Un-Aided,false,48,110124210,Computer Science and Engineering,60,39,0,9,12,0,6,110124211T,3,FE_2023_SeatMatrix.pdf,1282,false,
2023-24,FE,1101,"Shri Sant Gajanan Maharaj College of Engineering,Shegaon",Un-Aided,Un-Aided,false,48,110124610,Information Technology,60,39,0,9,12,0,6,110124611T,3,FE_2023_SeatMatrix.pdf,1283,false,
2023-24,FE,1101,"Shri Sant Gajanan Maharaj College of Engineering,Shegaon",Un-Aided,Un-Aided,false,48,110135610,Electrical Engg[Electronics and Power],60,39,0,9,12,0,6,110135611T,3,FE_2023_SeatMatrix.pdf,1284,false,
2023-24,FE,1101,"Shri Sant Gajanan Maharaj College of Engineering,Shegaon",Un-Aided,Un-Aided,false,96,110137210,Electronics and Telecommunication Engg,120,78,0,18,24,1,12,110137211T,6,FE_2023_SeatMatrix.pdf,1285,false,
2023-24,FE,1101,"Shri Sant Gajanan Maharaj College of Engineering,Shegaon",Un-Aided,Un-Aided,false,48,110161210,Mechanical Engineering,60,39,0,9,12,0,6,110161211T,3,FE_2023_SeatMatrix.pdf,1286,false,
2023-24,FE,1107,"P. R. Pote (Patil) Education & Welfare Trust's Group of Institution(Integrated Campus), Amravati",Un-Aided,Un-Aided,false,54,110719110,Civil Engineering,60,45,0,9,6,0,6,110719111T,3,FE_2023_SeatMatrix.pdf,1287,false,
2023-24,FE,1107,"P. R. Pote (Patil) Education & Welfare Trust's Group of Institution(Integrated Campus), Amravati",Un-Aided,Un-Aided,false,144,110724210,Computer Science and Engineering,180,117,0,27,36,1,18,110724211T,9,FE_2023_SeatMatrix.pdf,1288,false,
2023-24,FE,1107,"P. R. Pote (Patil) Education & Welfare Trust's Group of Institution(Integrated Campus), Amravati",Un-Aided,Un-Aided,false,48,110729310,Electrical Engineering,60,39,0,9,12,0,6,110729311T,3,FE_2023_SeatMatrix.pdf,1289,false,
2023-24,FE,1107,"P. R. Pote (Patil) Education & Welfare Trust's Group of Institution(Integrated Campus), Amravati",Un-Aided,Un-Aided,false,48,110737210,Electronics and Telecommunication Engg,60,39,0,9,12,0,6,110737211T,3,FE_2023_SeatMatrix.pdf,1290,false,
2023-24,FE,1107,"P. R. Pote (Patil) Education & Welfare Trust's Group of Institution(Integrated Campus), Amravati",Un-Aided,Un-Aided,false,57,110761210,Mechanical Engineering,60,48,0,9,3,0,6,110761211T,3,FE_2023_SeatMatrix.pdf,1291,false,
2023-24,FE,1107,"P. R. Pote (Patil) Education & Welfare Trust's Group of Institution(Integrated Campus), Amravati",Un-Aided,Un-Aided,false,48,110799510,Artificial Intelligence and Data Science,60,39,0,9,12,0,6,110799511T,3,FE_2023_SeatMatrix.pdf,1292,false,
2023-24,FE,1114,"Sipna Shikshan Prasarak Mandal College of Engineering & Technology, Amravati",Un-Aided,Un-Aided,false,51,111419110,Civil Engineering,60,42,0,9,9,0,6,111419111T,3,FE_2023_SeatMatrix.pdf,1293,false,
2023-24,FE,1114,"Sipna Shikshan Prasarak Mandal College of Engineering & Technology, Amravati",Un-Aided,Un-Aided,false,144,111424210,Computer Science and Engineering,180,117,0,27,36,1,18,111424211T,9,FE_2023_SeatMatrix.pdf,1294,false,
2023-24,FE,1114,"Sipna Shikshan Prasarak Mandal College of Engineering & Technology, Amravati",Un-Aided,Un-Aided,false,96,111424610,Information Technology,120,78,0,18,24,1,12,111424611T,6,FE_2023_SeatMatrix.pdf,1295,false,
2023-24,FE,1114,"Sipna Shikshan Prasarak Mandal College of Engineering & Technology, Amravati",Un-Aided,Un-Aided,false,96,111437210,Electronics and Telecommunication Engg,120,78,0,18,24,1,12,111437211T,6,FE_2023_SeatMatrix.pdf,1296,false,
2023-24,FE,1114,"Sipna Shikshan Prasarak Mandal College of Engineering & Technology, Amravati",Un-Aided,Un-Aided,false,57,111461210,Mechanical Engineering,60,48,0,9,3,0,6,111461211T,3,FE_2023_SeatMatrix.pdf,1297,false,
2023-24,FE,1116,"Shri Shivaji Education Society's College of Engineering and Technology, Akola",Un-Aided,Un-Aided,false,60,111619110,Civil Engineering,60,51,0,9,0,1,6,111619111T,3,FE_2023_SeatMatrix.pdf,1298,false,
2023-24,FE,1116,"Shri Shivaji Education Society's College of Engineering and Technology, Akola",Un-Aided,Un-Aided,false,108,111624210,Computer Science and Engineering,120,90,0,18,12,1,12,111624211T,6,FE_2023_SeatMatrix.pdf,1299,false,
2023-24,FE,1116,"Shri Shivaji Education Society's College of Engineering and Technology, Akola",Un-Aided,Un-Aided,false,60,111650710,Chemical Engineering,60,51,0,9,0,1,6,111650711T,3,FE_2023_SeatMatrix.pdf,1300,false,
2023-24,FE,1116,"Shri Shivaji Education Society's College of Engineering and Technology, Akola",Un-Aided,Un-Aided,false,60,111661210,Mechanical Engineering,60,51,0,9,0,1,6,111661211T,3,FE_2023_SeatMatrix.pdf,1301,false,
2023-24,FE,1117,"Janata Shikshan Prasarak Mandal’s Babasaheb Naik College Of Engineering, Pusad",Un-Aided,Un-Aided,false,48,111719110,Civil Engineering,60,39,0,9,12,0,6,111719111T,3,FE_2023_SeatMatrix.pdf,1302,false,
2023-24,FE,1117,"Janata Shikshan Prasarak Mandal’s Babasaheb Naik College Of Engineering, Pusad",Un-Aided,Un-Aided,false,96,111724210,Computer Science and Engineering,120,78,0,18,24,1,12,111724211T,6,FE_2023_SeatMatrix.pdf,1303,false,
2023-24,FE,1117,"Janata Shikshan Prasarak Mandal’s Babasaheb Naik College Of Engineering, Pusad",Un-Aided,Un-Aided,false,24,111735610,Electrical Engg[Electronics and Power],30,19,0,5,6,0,3,111735611T,2,FE_2023_SeatMatrix.pdf,1304,false,
2023-24,FE,1117,"Janata Shikshan Prasarak Mandal’s Babasaheb Naik College Of Engineering, Pusad",Un-Aided,Un-Aided,false,48,111761210,Mechanical Engineering,60,39,0,9,12,0,6,111761211T,3,FE_2023_SeatMatrix.pdf,1305,false,
2023-24,FE,1117,"Janata Shikshan Prasarak Mandal’s Babasaheb Naik College Of Engineering, Pusad",Un-Aided,Un-Aided,false,48,111799510,Artificial Intelligence and Data Science,60,39,0,9,12,0,6,111799511T,3,FE_2023_SeatMatrix.pdf,1306,false,
2023-24,FE,1119,"Paramhansa Ramkrishna Maunibaba Shikshan Santha's , Anuradha Engineering College, Chikhali",Un-Aided,Un-Aided,false,48,111924210,Computer Science and Engineering,60,39,0,9,12,0,6,111924211T,3,FE_2023_SeatMatrix.pdf,1307,false,
2023-24,FE,1119,"Paramhansa Ramkrishna Maunibaba Shikshan Santha's , Anuradha Engineering College, Chikhali",Un-Aided,Un-Aided,false,48,111924610,Information Technology,60,39,0,9,12,0,6,111924611T,3,FE_2023_SeatMatrix.pdf,1308,false,
2023-24,FE,1119,"Paramhansa Ramkrishna Maunibaba Shikshan Santha's , Anuradha Engineering College, Chikhali",Un-Aided,Un-Aided,false,60,111937210,Electronics and Telecommunication Engg,60,51,0,9,0,1,6,111937211T,3,FE_2023_SeatMatrix.pdf,1309,false,
2023-24,FE,1119,"Paramhansa Ramkrishna Maunibaba Shikshan Santha's , Anuradha Engineering College, Chikhali",Un-Aided,Un-Aided,false,45,111950710,Chemical Engineering,45,38,0,7,0,0,5,,0,FE_2023_SeatMatrix.pdf,1310,false,
2023-24,FE,1119,"Paramhansa Ramkrishna Maunibaba Shikshan Santha's , Anuradha Engineering College, Chikhali",Un-Aided,Un-Aided,false,60,111961210,Mechanical Engineering,60,51,0,9,0,1,6,111961211T,3,FE_2023_SeatMatrix.pdf,1311,false,
2023-24,FE,1120,"Jawaharlal Darda Institute of Engineering and Technology, Yavatmal",Un-Aided Linguistic Minority - Hindi,Un-Aided Linguistic Minority - Hindi,false,60,112019110,Civil Engineering,60,25,31,4,0,0,0,112019111T,3,FE_2023_SeatMatrix.pdf,1312,false,
2023-24,FE,1120,"Jawaharlal Darda Institute of Engineering and Technology, Yavatmal",Un-Aided Linguistic Minority - Hindi,Un-Aided Linguistic Minority - Hindi,false,48,112024210,Computer Science and Engineering,60,14,31,3,12,0,0,112024211T,3,FE_2023_SeatMatrix.pdf,1313,false,
2023-24,FE,1120,"Jawaharlal Darda Institute of Engineering and Technology, Yavatmal",Un-Aided Linguistic Minority - Hindi,Un-Aided Linguistic Minority - Hindi,false,60,112029310,Electrical Engineering,60,25,31,4,0,0,0,112029311T,3,FE_2023_SeatMatrix.pdf,1314,false,
2023-24,FE,1120,"Jawaharlal Darda Institute of Engineering and Technology, Yavatmal",Un-Aided Linguistic Minority - Hindi,Un-Aided Linguistic Minority - Hindi,false,24,112037210,Electronics and Telecommunication Engg,30,8,15,1,6,0,0,112037211T,2,FE_2023_SeatMatrix.pdf,1315,false,
2023-24,FE,1120,"Jawaharlal Darda Institute of Engineering and Technology, Yavatmal",Un-Aided Linguistic Minority - Hindi,Un-Aided Linguistic Minority - Hindi,false,30,112050710,Chemical Engineering,30,13,15,2,0,0,0,,0,FE_2023_SeatMatrix.pdf,1316,false,
2023-24,FE,1120,"Jawaharlal Darda Institute of Engineering and Technology, Yavatmal",Un-Aided Linguistic Minority - Hindi,Un-Aided Linguistic Minority - Hindi,false,60,112061210,Mechanical Engineering,60,25,31,4,0,0,0,112061211T,3,FE_2023_SeatMatrix.pdf,1317,false,
2023-24,FE,1120,"Jawaharlal Darda Institute of Engineering and Technology, Yavatmal",Un-Aided Linguistic Minority - Hindi,Un-Aided Linguistic Minority - Hindi,false,30,112089310,Textile Engineering / Technology,30,13,15,2,0,0,0,112089311T,2,FE_2023_SeatMatrix.pdf,1318,false,
2023-24,FE,1121,"Shri Hanuman Vyayam Prasarak Mandals College of Engineering & Technology, Amravati",Un-Aided,Un-Aided,false,54,112124210,Computer Science and Engineering,60,45,0,9,6,0,6,112124211T,3,FE_2023_SeatMatrix.pdf,1319,false,
2023-24,FE,1121,"Shri Hanuman Vyayam Prasarak Mandals College of Engineering & Technology, Amravati",Un-Aided,Un-Aided,false,54,112124610,Information Technology,60,45,0,9,6,0,6,112124611T,3,FE_2023_SeatMatrix.pdf,1320,false,
2023-24,FE,1121,"Shri Hanuman Vyayam Prasarak Mandals College of Engineering & Technology, Amravati",Un-Aided,Un-Aided,false,60,112137210,Electronics and Telecommunication Engg,60,51,0,9,0,1,6,112137211T,3,FE_2023_SeatMatrix.pdf,1321,false,
2023-24,FE,1121,"Shri Hanuman Vyayam Prasarak Mandals College of Engineering & Technology, Amravati",Un-Aided,Un-Aided,false,60,112161210,Mechanical Engineering,60,51,0,9,0,1,6,112161211T,3,FE_2023_SeatMatrix.pdf,1322,false,
2023-24,FE,1123,"Dr.Rajendra Gode Institute of Technology & Research, Amravati",Un-Aided,Un-Aided,false,60,112319110,Civil Engineering,60,51,0,9,0,1,6,112319111T,3,FE_2023_SeatMatrix.pdf,1323,false,
2023-24,FE,1123,"Dr.Rajendra Gode Institute of Technology & Research, Amravati",Un-Aided,Un-Aided,false,60,112324210,Computer Science and Engineering,60,51,0,9,0,1,6,112324211T,3,FE_2023_SeatMatrix.pdf,1324,false,
2023-24,FE,1123,"Dr.Rajendra Gode Institute of Technology & Research, Amravati",Un-Aided,Un-Aided,false,60,112337210,Electronics and Telecommunication Engg,60,51,0,9,0,1,6,112337211T,3,FE_2023_SeatMatrix.pdf,1325,false,
2023-24,FE,1123,"Dr.Rajendra Gode Institute of Technology & Research, Amravati",Un-Aided,Un-Aided,false,60,112361210,Mechanical Engineering,60,51,0,9,0,1,6,112361211T,3,FE_2023_SeatMatrix.pdf,1326,false,
2023-24,FE,1125,"Dwarka Bahu Uddeshiya Gramin Vikas Foundation, Rajarshi Shahu College of Engineering, Buldhana",Un-Aided,Un-Aided,false,60,112519110,Civil Engineering,60,51,0,9,0,1,6,,0,FE_2023_SeatMatrix.pdf,1327,false,
2023-24,FE,1125,"Dwarka Bahu Uddeshiya Gramin Vikas Foundation, Rajarshi Shahu College of Engineering, Buldhana",Un-Aided,Un-Aided,false,24,112524210,Computer Science and Engineering,30,19,0,5,6,0,3,112524211T,2,FE_2023_SeatMatrix.pdf,1328,false,
2023-24,FE,1125,"Dwarka Bahu Uddeshiya Gramin Vikas Foundation, Rajarshi Shahu College of Engineering, Buldhana",Un-Aided,Un-Aided,false,30,112529310,Electrical Engineering,30,25,0,5,0,0,3,,0,FE_2023_SeatMatrix.pdf,1329,false,
2023-24,FE,1125,"Dwarka Bahu Uddeshiya Gramin Vikas Foundation, Rajarshi Shahu College of Engineering, Buldhana",Un-Aided,Un-Aided,false,30,112561210,Mechanical Engineering,30,25,0,5,0,0,3,,0,FE_2023_SeatMatrix.pdf,1330,false,
2023-24,FE,1126,"Shri. Dadasaheb Gawai Charitable Trust's Dr. Smt. Kamaltai Gawai Institute of Engineering & Technology, Darapur, Amravati",Un-Aided,Un-Aided,false,60,112619110,Civil Engineering,60,51,0,9,0,1,6,,0,FE_2023_SeatMatrix.pdf,1331,false,
2023-24,FE,1126,"Shri. Dadasaheb Gawai Charitable Trust's Dr. Smt. Kamaltai Gawai Institute of Engineering & Technology, Darapur, Amravati",Un-Aided,Un-Aided,false,54,112624210,Computer Science and Engineering,60,45,0,9,6,0,6,112624211T,3,FE_2023_SeatMatrix.pdf,1332,false,
2023-24,FE,1126,"Shri. Dadasaheb Gawai Charitable Trust's Dr. Smt. Kamaltai Gawai Institute of Engineering & Technology, Darapur, Amravati",Un-Aided,Un-Aided,false,60,112629310,Electrical Engineering,60,51,0,9,0,1,6,112629311T,3,FE_2023_SeatMatrix.pdf,1333,false,
2023-24,FE,1126,"Shri. Dadasaheb Gawai Charitable Trust's Dr. Smt. Kamaltai Gawai Institute of Engineering & Technology, Darapur, Amravati",Un-Aided,Un-Aided,false,30,112637210,Electronics and Telecommunication Engg,30,25,0,5,0,0,3,112637211T,2,FE_2023_SeatMatrix.pdf,1334,false,
2023-24,FE,1126,"Shri. Dadasaheb Gawai Charitable Trust's Dr. Smt. Kamaltai Gawai Institute of Engineering & Technology, Darapur, Amravati",Un-Aided,Un-Aided,false,30,112661210,Mechanical Engineering,30,25,0,5,0,0,3,112661211T,2,FE_2023_SeatMatrix.pdf,1335,false,
2023-24,FE,1127,"Jagadambha Bahuuddeshiya Gramin Vikas Sanstha's Jagdambha College of Engineering and Technology, Yavatmal",Un-Aided,Un-Aided,false,30,112719110,Civil Engineering,30,25,0,5,0,0,3,112719111T,2,FE_2023_SeatMatrix.pdf,1336,false,
2023-24,FE,1127,"Jagadambha Bahuuddeshiya Gramin Vikas Sanstha's Jagdambha College of Engineering and Technology, Yavatmal",Un-Aided,Un-Aided,false,102,112724510,Computer Engineering,120,84,0,18,18,1,12,112724511T,6,FE_2023_SeatMatrix.pdf,1337,false,
2023-24,FE,1127,"Jagadambha Bahuuddeshiya Gramin Vikas Sanstha's Jagdambha College of Engineering and Technology, Yavatmal",Un-Aided,Un-Aided,false,60,112729310,Electrical Engineering,60,51,0,9,0,1,6,112729311T,3,FE_2023_SeatMatrix.pdf,1338,false,
2023-24,FE,1127,"Jagadambha Bahuuddeshiya Gramin Vikas Sanstha's Jagdambha College of Engineering and Technology, Yavatmal",Un-Aided,Un-Aided,false,27,112737210,Electronics and Telecommunication Engg,30,22,0,5,3,0,3,112737211T,2,FE_2023_SeatMatrix.pdf,1339,false,
2023-24,FE,1127,"Jagadambha Bahuuddeshiya Gramin Vikas Sanstha's Jagdambha College of Engineering and Technology, Yavatmal",Un-Aided,Un-Aided,false,30,112761210,Mechanical Engineering,30,25,0,5,0,0,3,112761211T,2,FE_2023_SeatMatrix.pdf,1340,false,
2023-24,FE,1128,"Prof Ram Meghe College of Engineering and Management, Badnera",Un-Aided,Un-Aided,false,60,112819110,Civil Engineering,60,51,0,9,0,1,6,112819111T,3,FE_2023_SeatMatrix.pdf,1341,false,
2023-24,FE,1128,"Prof Ram Meghe College of Engineering and Management, Badnera",Un-Aided,Un-Aided,false,96,112824210,Computer Science and Engineering,120,78,0,18,24,1,12,112824211T,6,FE_2023_SeatMatrix.pdf,1342,false,
2023-24,FE,1128,"Prof Ram Meghe College of Engineering and Management, Badnera",Un-Aided,Un-Aided,false,96,112824610,Information Technology,120,78,0,18,24,1,12,112824611T,6,FE_2023_SeatMatrix.pdf,1343,false,
2023-24,FE,1128,"Prof Ram Meghe College of Engineering and Management, Badnera",Un-Aided,Un-Aided,false,60,112829310,Electrical Engineering,60,51,0,9,0,1,6,112829311T,3,FE_2023_SeatMatrix.pdf,1344,false,
2023-24,FE,1128,"Prof Ram Meghe College of Engineering and Management, Badnera",Un-Aided,Un-Aided,false,48,112837210,Electronics and Telecommunication Engg,60,39,0,9,12,0,6,112837211T,3,FE_2023_SeatMatrix.pdf,1345,false,
2023-24,FE,1128,"Prof Ram Meghe College of Engineering and Management, Badnera",Un-Aided,Un-Aided,false,48,112891210,Computer Science and Engineering(Data Science),60,39,0,9,12,0,6,112891211T,3,FE_2023_SeatMatrix.pdf,1346,false,
2023-24,FE,1130,"Vision Buldhana Educational & Welfare Society's Pankaj Laddhad Institute of Technology & Management Studies, Yelgaon",Un-Aided,Un-Aided,false,30,113019110,Civil Engineering,30,25,0,5,0,0,3,,0,FE_2023_SeatMatrix.pdf,1347,false,
2023-24,FE,1130,"Vision Buldhana Educational & Welfare Society's Pankaj Laddhad Institute of Technology & Management Studies, Yelgaon",Un-Aided,Un-Aided,false,48,113024210,Computer Science and Engineering,60,39,0,9,12,0,6,113024211T,3,FE_2023_SeatMatrix.pdf,1348,false,
2023-24,FE,1130,"Vision Buldhana Educational & Welfare Society's Pankaj Laddhad Institute of Technology & Management Studies, Yelgaon",Un-Aided,Un-Aided,false,30,113035610,Electrical Engg[Electronics and Power],30,25,0,5,0,0,3,,0,FE_2023_SeatMatrix.pdf,1349,false,
2023-24,FE,1130,"Vision Buldhana Educational & Welfare Society's Pankaj Laddhad Institute of Technology & Management Studies, Yelgaon",Un-Aided,Un-Aided,false,30,113037210,Electronics and Telecommunication Engg,30,25,0,5,0,0,3,,0,FE_2023_SeatMatrix.pdf,1350,false,
2023-24,FE,1130,"Vision Buldhana Educational & Welfare Society's Pankaj Laddhad Institute of Technology & Management Studies, Yelgaon",Un-Aided,Un-Aided,false,30,113061210,Mechanical Engineering,30,25,0,5,0,0,3,,0,FE_2023_SeatMatrix.pdf,1351,false,
2023-24,FE,1180,"Sanmati Engineering College, Sawargaon Barde, Washim",Un-Aided,Un-Aided,false,60,118019110,Civil Engineering,60,51,0,9,0,1,6,,0,FE_2023_SeatMatrix.pdf,1352,false,
2023-24,FE,1180,"Sanmati Engineering College, Sawargaon Barde, Washim",Un-Aided,Un-Aided,false,60,118024210,Computer Science and Engineering,60,51,0,9,0,1,6,118024211T,3,FE_2023_SeatMatrix.pdf,1353,false,
2023-24,FE,1180,"Sanmati Engineering College, Sawargaon Barde, Washim",Un-Aided,Un-Aided,false,60,118026310,Artificial Intelligence (AI) and Data Science,60,51,0,9,0,1,6,,0,FE_2023_SeatMatrix.pdf,1354,false,
2023-24,FE,1180,"Sanmati Engineering College, Sawargaon Barde, Washim",Un-Aided,Un-Aided,false,60,118029310,Electrical Engineering,60,51,0,9,0,1,6,,0,FE_2023_SeatMatrix.pdf,1355,false,
2023-24,FE,1180,"Sanmati Engineering College, Sawargaon Barde, Washim",Un-Aided,Un-Aided,false,60,118061210,Mechanical Engineering,60,51,0,9,0,1,6,,0,FE_2023_SeatMatrix.pdf,1356,false,
2023-24,FE,1182,"Padmashri Dr. V.B. Kolte College of Engineering, Malkapur, Buldhana",Un-Aided,Un-Aided,false,60,118219110,Civil Engineering,60,51,0,9,0,1,6,118219111T,3,FE_2023_SeatMatrix.pdf,1357,false,
2023-24,FE,1182,"Padmashri Dr. V.B. Kolte College of Engineering, Malkapur, Buldhana",Un-Aided,Un-Aided,false,60,118224210,Computer Science and Engineering,60,51,0,9,0,1,6,118224211T,3,FE_2023_SeatMatrix.pdf,1358,false,
2023-24,FE,1182,"Padmashri Dr. V.B. Kolte College of Engineering, Malkapur, Buldhana",Un-Aided,Un-Aided,false,60,118229310,Electrical Engineering,60,51,0,9,0,1,6,118229311T,3,FE_2023_SeatMatrix.pdf,1359,false,
2023-24,FE,1182,"Padmashri Dr. V.B. Kolte College of Engineering, Malkapur, Buldhana",Un-Aided,Un-Aided,false,60,118261210,Mechanical Engineering,60,51,0,9,0,1,6,118261211T,3,FE_2023_SeatMatrix.pdf,1360,false,
2023-24,FE,1265,"Mauli Group of Institutions, College of Engineering and Technology, Shegaon.",Un-Aided,Un-Aided,false,60,126519110,Civil Engineering,60,51,0,9,0,1,6,126519111T,3,FE_2023_SeatMatrix.pdf,1361,false,
2023-24,FE,1265,"Mauli Group of Institutions, College of Engineering and Technology, Shegaon.",Un-Aided,Un-Aided,false,48,126524210,Computer Science and Engineering,60,39,0,9,12,0,6,126524211T,3,FE_2023_SeatMatrix.pdf,1362,false,
2023-24,FE,1265,"Mauli Group of Institutions, College of Engineering and Technology, Shegaon.",Un-Aided,Un-Aided,false,48,126524610,Information Technology,60,39,0,9,12,0,6,126524611T,3,FE_2023_SeatMatrix.pdf,1363,false,
2023-24,FE,1265,"Mauli Group of Institutions, College of Engineering and Technology, Shegaon.",Un-Aided,Un-Aided,false,54,126535610,Electrical Engg[Electronics and Power],60,45,0,9,6,0,6,126535611T,3,FE_2023_SeatMatrix.pdf,1364,false,
2023-24,FE,1265,"Mauli Group of Institutions, College of Engineering and Technology, Shegaon.",Un-Aided,Un-Aided,false,48,126537210,Electronics and Telecommunication Engg,60,39,0,9,12,0,6,126537211T,3,FE_2023_SeatMatrix.pdf,1365,false,
2023-24,FE,1265,"Mauli Group of Institutions, College of Engineering and Technology, Shegaon.",Un-Aided,Un-Aided,false,60,126561210,Mechanical Engineering,60,51,0,9,0,1,6,126561211T,3,FE_2023_SeatMatrix.pdf,1366,false,
2023-24,FE,1268,"Siddhivinayak Technical Campus, School of Engineering & Research Technology, Shirasgon, Nile",Un-Aided,Un-Aided,false,30,126819110,Civil Engineering,30,25,0,5,0,0,3,,0,FE_2023_SeatMatrix.pdf,1367,false,
2023-24,FE,1268,"Siddhivinayak Technical Campus, School of Engineering & Research Technology, Shirasgon, Nile",Un-Aided,Un-Aided,false,30,126824210,Computer Science and Engineering,30,25,0,5,0,0,3,126824211T,2,FE_2023_SeatMatrix.pdf,1368,false,
2023-24,FE,1268,"Siddhivinayak Technical Campus, School of Engineering & Research Technology, Shirasgon, Nile",Un-Aided,Un-Aided,false,30,126835610,Electrical Engg[Electronics and Power],30,25,0,5,0,0,3,,0,FE_2023_SeatMatrix.pdf,1369,false,
2023-24,FE,1268,"Siddhivinayak Technical Campus, School of Engineering & Research Technology, Shirasgon, Nile",Un-Aided,Un-Aided,false,30,126837210,Electronics and Telecommunication Engg,30,25,0,5,0,0,3,126837211T,2,FE_2023_SeatMatrix.pdf,1370,false,
2023-24,FE,1268,"Siddhivinayak Technical Campus, School of Engineering & Research Technology, Shirasgon, Nile",Un-Aided,Un-Aided,false,30,126861210,Mechanical Engineering,30,25,0,5,0,0,3,,0,FE_2023_SeatMatrix.pdf,1371,false,
2023-24,FE,1276,"Manav School of Engineering & Technology, Gut No. 1035 Nagpur Surat Highway, NH No. 6 Tal.Vyala, Balapur, Akola, 444302",Un-Aided,Un-Aided,false,27,127619110,Civil Engineering,27,23,0,4,0,0,3,,0,FE_2023_SeatMatrix.pdf,1372,false,
2023-24,FE,1276,"Manav School of Engineering & Technology, Gut No. 1035 Nagpur Surat Highway, NH No. 6 Tal.Vyala, Balapur, Akola, 444302",Un-Aided,Un-Aided,false,22,127624510,Computer Engineering,27,18,0,4,5,0,3,127624511T,1,FE_2023_SeatMatrix.pdf,1373,false,
2023-24,FE,1276,"Manav School of Engineering & Technology, Gut No. 1035 Nagpur Surat Highway, NH No. 6 Tal.Vyala, Balapur, Akola, 444302",Un-Aided,Un-Aided,false,27,127629310,Electrical Engineering,27,23,0,4,0,0,3,,0,FE_2023_SeatMatrix.pdf,1374,false,
2023-24,FE,1276,"Manav School of Engineering & Technology, Gut No. 1035 Nagpur Surat Highway, NH No. 6 Tal.Vyala, Balapur, Akola, 444302",Un-Aided,Un-Aided,false,27,127661210,Mechanical Engineering,27,23,0,4,0,0,3,,0,FE_2023_SeatMatrix.pdf,1375,false,
2023-24,FE,5108,"Maratha Vidya Prasarak Samaj's Karmaveer Adv. Baburao Ganpatrao Thakare College Of Engineering, Nashik",Un-Aided,Un-Aided,false,57,510819110,Civil Engineering,60,48,0,9,3,0,6,510819111T,3,FE_2023_SeatMatrix.pdf,1376,false,
2023-24,FE,5108,"Maratha Vidya Prasarak Samaj's Karmaveer Adv. Baburao Ganpatrao Thakare College Of Engineering, Nashik",Un-Aided,Un-Aided,false,96,510824510,Computer Engineering,120,78,0,18,24,1,12,510824511T,6,FE_2023_SeatMatrix.pdf,1377,false,
2023-24,FE,5108,"Maratha Vidya Prasarak Samaj's Karmaveer Adv. Baburao Ganpatrao Thakare College Of Engineering, Nashik",Un-Aided,Un-Aided,false,96,510824610,Information Technology,120,78,0,18,24,1,12,510824611T,6,FE_2023_SeatMatrix.pdf,1378,false,
2023-24,FE,5108,"Maratha Vidya Prasarak Samaj's Karmaveer Adv. Baburao Ganpatrao Thakare College Of Engineering, Nashik",Un-Aided,Un-Aided,false,48,510826310,Artificial Intelligence (AI) and Data Science,60,39,0,9,12,0,6,510826311T,3,FE_2023_SeatMatrix.pdf,1379,false,
2023-24,FE,5108,"Maratha Vidya Prasarak Samaj's Karmaveer Adv. Baburao Ganpatrao Thakare College Of Engineering, Nashik",Un-Aided,Un-Aided,false,54,510837210,Electronics and Telecommunication Engg,60,45,0,9,6,0,6,510837211T,3,FE_2023_SeatMatrix.pdf,1380,false,
2023-24,FE,5108,"Maratha Vidya Prasarak Samaj's Karmaveer Adv. Baburao Ganpatrao Thakare College Of Engineering, Nashik",Un-Aided,Un-Aided,false,40,510846410,Instrumentation and Control Engineering,40,34,0,6,0,0,4,510846411T,2,FE_2023_SeatMatrix.pdf,1381,false,
2023-24,FE,5108,"Maratha Vidya Prasarak Samaj's Karmaveer Adv. Baburao Ganpatrao Thakare College Of Engineering, Nashik",Un-Aided,Un-Aided,false,120,510861210,Mechanical Engineering,120,102,0,18,0,1,12,510861211T,6,FE_2023_SeatMatrix.pdf,1382,false,
2023-24,FE,5124,"Jagadamba Education Soc. Nashik's S.N.D. College of Engineering & Reserch, Babulgaon",Un-Aided,Un-Aided,false,60,512419110,Civil Engineering,60,51,0,9,0,1,6,,0,FE_2023_SeatMatrix.pdf,1383,false,
2023-24,FE,5124,"Jagadamba Education Soc. Nashik's S.N.D. College of Engineering & Reserch, Babulgaon",Un-Aided,Un-Aided,false,48,512424510,Computer Engineering,60,39,0,9,12,0,6,512424511T,3,FE_2023_SeatMatrix.pdf,1384,false,
2023-24,FE,5124,"Jagadamba Education Soc. Nashik's S.N.D. College of Engineering & Reserch, Babulgaon",Un-Aided,Un-Aided,false,48,512424610,Information Technology,60,39,0,9,12,0,6,512424611T,3,FE_2023_SeatMatrix.pdf,1385,false,
2023-24,FE,5124,"Jagadamba Education Soc. Nashik's S.N.D. College of Engineering & Reserch, Babulgaon",Un-Aided,Un-Aided,false,120,512429310,Electrical Engineering,120,102,0,18,0,1,12,512429311T,6,FE_2023_SeatMatrix.pdf,1386,false,
2023-24,FE,5124,"Jagadamba Education Soc. Nashik's S.N.D. College of Engineering & Reserch, Babulgaon",Un-Aided,Un-Aided,false,60,512461210,Mechanical Engineering,60,51,0,9,0,1,6,,0,FE_2023_SeatMatrix.pdf,1387,false,
2023-24,FE,5124,"Jagadamba Education Soc. Nashik's S.N.D. College of Engineering & Reserch, Babulgaon",Un-Aided,Un-Aided,false,60,512462410,Mechatronics Engineering,60,51,0,9,0,1,6,512462411T,3,FE_2023_SeatMatrix.pdf,1388,false,
2023-24,FE,5124,"Jagadamba Education Soc. Nashik's S.N.D. College of Engineering & Reserch, Babulgaon",Un-Aided,Un-Aided,false,60,512484410,Electronics and Computer Engineering,60,51,0,9,0,1,6,512484411T,3,FE_2023_SeatMatrix.pdf,1389,false,
2023-24,FE,5125,"Pravara Rural Education Society's Sir Visvesvaraya Institute of Technology, Chincholi Dist. Nashik",Un-Aided,Un-Aided,false,54,512524510,Computer Engineering,60,45,0,9,6,0,6,512524511T,3,FE_2023_SeatMatrix.pdf,1390,false,
2023-24,FE,5125,"Pravara Rural Education Society's Sir Visvesvaraya Institute of Technology, Chincholi Dist. Nashik",Un-Aided,Un-Aided,false,54,512524610,Information Technology,60,45,0,9,6,0,6,512524611T,3,FE_2023_SeatMatrix.pdf,1391,false,
2023-24,FE,5125,"Pravara Rural Education Society's Sir Visvesvaraya Institute of Technology, Chincholi Dist. Nashik",Un-Aided,Un-Aided,false,60,512550710,Chemical Engineering,60,51,0,9,0,1,6,512550711T,3,FE_2023_SeatMatrix.pdf,1392,false,
2023-24,FE,5125,"Pravara Rural Education Society's Sir Visvesvaraya Institute of Technology, Chincholi Dist. Nashik",Un-Aided,Un-Aided,false,60,512584410,Electronics and Computer Engineering,60,51,0,9,0,1,6,512584411T,3,FE_2023_SeatMatrix.pdf,1393,false,
2023-24,FE,5130,"Brahma Valley College of Engineering & Research, Trimbakeshwar, Nashik",Un-Aided,Un-Aided,false,60,513019110,Civil Engineering,60,51,0,9,0,1,6,,0,FE_2023_SeatMatrix.pdf,1394,false,
2023-24,FE,5130,"Brahma Valley College of Engineering & Research, Trimbakeshwar, Nashik",Un-Aided,Un-Aided,false,60,513024510,Computer Engineering,60,51,0,9,0,1,6,513024511T,3,FE_2023_SeatMatrix.pdf,1395,false,
2023-24,FE,5130,"Brahma Valley College of Engineering & Research, Trimbakeshwar, Nashik",Un-Aided,Un-Aided,false,60,513029310,Electrical Engineering,60,51,0,9,0,1,6,513029311T,3,FE_2023_SeatMatrix.pdf,1396,false,
2023-24,FE,5130,"Brahma Valley College of Engineering & Research, Trimbakeshwar, Nashik",Un-Aided,Un-Aided,false,120,513061210,Mechanical Engineering,120,102,0,18,0,1,12,,0,FE_2023_SeatMatrix.pdf,1397,false,
2023-24,FE,5139,"Pravara Rural College of Engineering, Loni, Pravaranagar, Ahmednagar.",Un-Aided,Un-Aided,false,60,513919110,Civil Engineering,60,51,0,9,0,1,6,513919111T,3,FE_2023_SeatMatrix.pdf,1398,false,
2023-24,FE,5139,"Pravara Rural College of Engineering, Loni, Pravaranagar, Ahmednagar.",Un-Aided,Un-Aided,false,48,513924510,Computer Engineering,60,39,0,9,12,0,6,513924511T,3,FE_2023_SeatMatrix.pdf,1399,false,
2023-24,FE,5139,"Pravara Rural College of Engineering, Loni, Pravaranagar, Ahmednagar.",Un-Aided,Un-Aided,false,48,513924610,Information Technology,60,39,0,9,12,0,6,513924611T,3,FE_2023_SeatMatrix.pdf,1400,false,
2023-24,FE,5139,"Pravara Rural College of Engineering, Loni, Pravaranagar, Ahmednagar.",Un-Aided,Un-Aided,false,51,513937210,Electronics and Telecommunication Engg,60,42,0,9,9,0,6,513937211T,3,FE_2023_SeatMatrix.pdf,1401,false,
2023-24,FE,5139,"Pravara Rural College of Engineering, Loni, Pravaranagar, Ahmednagar.",Un-Aided,Un-Aided,false,30,513946410,Instrumentation and Control Engineering,30,25,0,5,0,0,3,513946411T,2,FE_2023_SeatMatrix.pdf,1402,false,
2023-24,FE,5139,"Pravara Rural College of Engineering, Loni, Pravaranagar, Ahmednagar.",Un-Aided,Un-Aided,false,60,513950710,Chemical Engineering,60,51,0,9,0,1,6,513950711T,3,FE_2023_SeatMatrix.pdf,1403,false,
2023-24,FE,5139,"Pravara Rural College of Engineering, Loni, Pravaranagar, Ahmednagar.",Un-Aided,Un-Aided,false,60,513961210,Mechanical Engineering,60,51,0,9,0,1,6,513961211T,3,FE_2023_SeatMatrix.pdf,1404,false,
2023-24,FE,5139,"Pravara Rural College of Engineering, Loni, Pravaranagar, Ahmednagar.",Un-Aided,Un-Aided,false,48,513984410,Electronics and Computer Engineering,60,39,0,9,12,0,6,513984411T,3,FE_2023_SeatMatrix.pdf,1405,false,
2023-24,FE,5139,"Pravara Rural College of Engineering, Loni, Pravaranagar, Ahmednagar.",Un-Aided,Un-Aided,false,30,513991610,Automation and Robotics,30,25,0,5,0,0,3,513991611T,2,FE_2023_SeatMatrix.pdf,1406,false,
2023-24,FE,5151,"MET Bhujbal Knowledge City MET League's Engineering College, Adgaon, Nashik.",Un-Aided,Un-Aided,false,60,515119110,Civil Engineering,60,51,0,9,0,1,6,515119111T,3,FE_2023_SeatMatrix.pdf,1407,false,
2023-24,FE,5151,"MET Bhujbal Knowledge City MET League's Engineering College, Adgaon, Nashik.",Un-Aided,Un-Aided,false,96,515124510,Computer Engineering,120,78,0,18,24,1,12,515124511T,6,FE_2023_SeatMatrix.pdf,1408,false,
2023-24,FE,5151,"MET Bhujbal Knowledge City MET League's Engineering College, Adgaon, Nashik.",Un-Aided,Un-Aided,false,48,515124610,Information Technology,60,39,0,9,12,0,6,515124611T,3,FE_2023_SeatMatrix.pdf,1409,false,
2023-24,FE,5151,"MET Bhujbal Knowledge City MET League's Engineering College, Adgaon, Nashik.",Un-Aided,Un-Aided,false,57,515129310,Electrical Engineering,60,48,0,9,3,0,6,515129311T,3,FE_2023_SeatMatrix.pdf,1410,false,
2023-24,FE,5151,"MET Bhujbal Knowledge City MET League's Engineering College, Adgaon, Nashik.",Un-Aided,Un-Aided,false,48,515137210,Electronics and Telecommunication Engg,60,39,0,9,12,0,6,515137211T,3,FE_2023_SeatMatrix.pdf,1411,false,
2023-24,FE,5151,"MET Bhujbal Knowledge City MET League's Engineering College, Adgaon, Nashik.",Un-Aided,Un-Aided,false,120,515161210,Mechanical Engineering,120,102,0,18,0,1,12,515161211T,6,FE_2023_SeatMatrix.pdf,1412,false,
2023-24,FE,5151,"MET Bhujbal Knowledge City MET League's Engineering College, Adgaon, Nashik.",Un-Aided,Un-Aided,false,48,515199510,Artificial Intelligence and Data Science,60,39,0,9,12,0,6,515199511T,3,FE_2023_SeatMatrix.pdf,1413,false,
2023-24,FE,5161,"Dr. Vithalrao Vikhe Patil College of Engineering, Ahmednagar",Un-Aided,Un-Aided,false,60,516119110,Civil Engineering,60,51,0,9,0,1,6,516119111T,3,FE_2023_SeatMatrix.pdf,1414,false,
2023-24,FE,5161,"Dr. Vithalrao Vikhe Patil College of Engineering, Ahmednagar",Un-Aided,Un-Aided,false,48,516124510,Computer Engineering,60,39,0,9,12,0,6,516124511T,3,FE_2023_SeatMatrix.pdf,1415,false,
2023-24,FE,5161,"Dr. Vithalrao Vikhe Patil College of Engineering, Ahmednagar",Un-Aided,Un-Aided,false,48,516124610,Information Technology,60,39,0,9,12,0,6,516124611T,3,FE_2023_SeatMatrix.pdf,1416,false,
2023-24,FE,5161,"Dr. Vithalrao Vikhe Patil College of Engineering, Ahmednagar",Un-Aided,Un-Aided,false,48,516125710,Computer Science and Design,60,39,0,9,12,0,6,516125711T,3,FE_2023_SeatMatrix.pdf,1417,false,
2023-24,FE,5161,"Dr. Vithalrao Vikhe Patil College of Engineering, Ahmednagar",Un-Aided,Un-Aided,false,60,516129310,Electrical Engineering,60,51,0,9,0,1,6,516129311T,3,FE_2023_SeatMatrix.pdf,1418,false,
2023-24,FE,5161,"Dr. Vithalrao Vikhe Patil College of Engineering, Ahmednagar",Un-Aided,Un-Aided,false,59,516137210,Electronics and Telecommunication Engg,60,50,0,9,1,1,6,516137211T,3,FE_2023_SeatMatrix.pdf,1419,false,
2023-24,FE,5161,"Dr. Vithalrao Vikhe Patil College of Engineering, Ahmednagar",Un-Aided,Un-Aided,false,60,516137810,Electronics Engineering ( VLSI Design and,60,51,0,9,0,1,6,516137811T,3,FE_2023_SeatMatrix.pdf,1420,false,
2023-24,FE,5161,"Dr. Vithalrao Vikhe Patil College of Engineering, Ahmednagar",Un-Aided,Un-Aided,false,60,516161210,Mechanical Engineering,60,51,0,9,0,1,6,516161211T,3,FE_2023_SeatMatrix.pdf,1421,false,
2023-24,FE,5162,"Amrutvahini Sheti & Shikshan Vikas Sanstha's Amrutvahini College of Engineering, Sangamner",Un-Aided,Un-Aided,false,120,516219110,Civil Engineering,120,102,0,18,0,1,12,516219111T,6,FE_2023_SeatMatrix.pdf,1422,false,
2023-24,FE,5162,"Amrutvahini Sheti & Shikshan Vikas Sanstha's Amrutvahini College of Engineering, Sangamner",Un-Aided,Un-Aided,false,96,516224510,Computer Engineering,120,78,0,18,24,1,12,516224511T,6,FE_2023_SeatMatrix.pdf,1423,false,
2023-24,FE,5162,"Amrutvahini Sheti & Shikshan Vikas Sanstha's Amrutvahini College of Engineering, Sangamner",Un-Aided,Un-Aided,false,96,516224610,Information Technology,120,78,0,18,24,1,12,516224611T,6,FE_2023_SeatMatrix.pdf,1424,false,
2023-24,FE,5162,"Amrutvahini Sheti & Shikshan Vikas Sanstha's Amrutvahini College of Engineering, Sangamner",Un-Aided,Un-Aided,false,48,516226310,Artificial Intelligence (AI) and Data Science,60,39,0,9,12,0,6,516226311T,3,FE_2023_SeatMatrix.pdf,1425,false,
2023-24,FE,5162,"Amrutvahini Sheti & Shikshan Vikas Sanstha's Amrutvahini College of Engineering, Sangamner",Un-Aided,Un-Aided,false,60,516229310,Electrical Engineering,60,51,0,9,0,1,6,516229311T,3,FE_2023_SeatMatrix.pdf,1426,false,
2023-24,FE,5162,"Amrutvahini Sheti & Shikshan Vikas Sanstha's Amrutvahini College of Engineering, Sangamner",Un-Aided,Un-Aided,false,104,516237210,Electronics and Telecommunication Engg,120,86,0,18,16,1,12,516237211T,6,FE_2023_SeatMatrix.pdf,1427,false,
2023-24,FE,5162,"Amrutvahini Sheti & Shikshan Vikas Sanstha's Amrutvahini College of Engineering, Sangamner",Un-Aided,Un-Aided,false,120,516261210,Mechanical Engineering,120,102,0,18,0,1,12,516261211T,6,FE_2023_SeatMatrix.pdf,1428,false,
2023-24,FE,5162,"Amrutvahini Sheti & Shikshan Vikas Sanstha's Amrutvahini College of Engineering, Sangamner",Un-Aided,Un-Aided,false,48,516284410,Electronics and Computer Engineering,60,39,0,9,12,0,6,516284411T,3,FE_2023_SeatMatrix.pdf,1429,false,
2023-24,FE,5162,"Amrutvahini Sheti & Shikshan Vikas Sanstha's Amrutvahini College of Engineering, Sangamner",Un-Aided,Un-Aided,false,60,516291610,Automation and Robotics,60,51,0,9,0,1,6,516291611T,3,FE_2023_SeatMatrix.pdf,1430,false,
2023-24,FE,5173,"SNJB's Late Sau. Kantabai Bhavarlalji Jain College of Engineering, (Jain Gurukul), Neminagar,Chandwad,(Nashik)",Un-Aided Religious Minority - Jain,Un-Aided Religious Minority - Jain,false,60,517319110,Civil Engineering,60,25,31,4,0,0,0,517319111T,3,FE_2023_SeatMatrix.pdf,1431,false,
2023-24,FE,5173,"SNJB's Late Sau. Kantabai Bhavarlalji Jain College of Engineering, (Jain Gurukul), Neminagar,Chandwad,(Nashik)",Un-Aided Religious Minority - Jain,Un-Aided Religious Minority - Jain,false,120,517324510,Computer Engineering,150,37,77,6,30,0,0,517324511T,8,FE_2023_SeatMatrix.pdf,1432,false,
2023-24,FE,5173,"SNJB's Late Sau. Kantabai Bhavarlalji Jain College of Engineering, (Jain Gurukul), Neminagar,Chandwad,(Nashik)",Un-Aided Religious Minority - Jain,Un-Aided Religious Minority - Jain,false,54,517337210,Electronics and Telecommunication Engg,60,20,31,3,6,0,0,517337211T,3,FE_2023_SeatMatrix.pdf,1433,false,
2023-24,FE,5173,"SNJB's Late Sau. Kantabai Bhavarlalji Jain College of Engineering, (Jain Gurukul), Neminagar,Chandwad,(Nashik)",Un-Aided Religious Minority - Jain,Un-Aided Religious Minority - Jain,false,54,517361210,Mechanical Engineering,60,20,31,3,6,0,0,517361211T,3,FE_2023_SeatMatrix.pdf,1434,false,
2023-24,FE,5173,"SNJB's Late Sau. Kantabai Bhavarlalji Jain College of Engineering, (Jain Gurukul), Neminagar,Chandwad,(Nashik)",Un-Aided Religious Minority - Jain,Un-Aided Religious Minority - Jain,false,48,517399510,Artificial Intelligence and Data Science,60,14,31,3,12,0,0,517399511T,3,FE_2023_SeatMatrix.pdf,1435,false,
2023-24,FE,5177,"Matoshri College of Engineering and Research Centre, Eklahare, Nashik",Un-Aided,Un-Aided,false,120,517719110,Civil Engineering,120,102,0,18,0,1,12,,0,FE_2023_SeatMatrix.pdf,1436,false,
2023-24,FE,5177,"Matoshri College of Engineering and Research Centre, Eklahare, Nashik",Un-Aided,Un-Aided,false,96,517724510,Computer Engineering,120,78,0,18,24,1,12,517724511T,6,FE_2023_SeatMatrix.pdf,1437,false,
2023-24,FE,5177,"Matoshri College of Engineering and Research Centre, Eklahare, Nashik",Un-Aided,Un-Aided,false,48,517724610,Information Technology,60,39,0,9,12,0,6,517724611T,3,FE_2023_SeatMatrix.pdf,1438,false,
2023-24,FE,5177,"Matoshri College of Engineering and Research Centre, Eklahare, Nashik",Un-Aided,Un-Aided,false,60,517729310,Electrical Engineering,60,51,0,9,0,1,6,517729311T,3,FE_2023_SeatMatrix.pdf,1439,false,
2023-24,FE,5177,"Matoshri College of Engineering and Research Centre, Eklahare, Nashik",Un-Aided,Un-Aided,false,60,517737210,Electronics and Telecommunication Engg,60,51,0,9,0,1,6,517737211T,3,FE_2023_SeatMatrix.pdf,1440,false,
2023-24,FE,5177,"Matoshri College of Engineering and Research Centre, Eklahare, Nashik",Un-Aided,Un-Aided,false,60,517761210,Mechanical Engineering,60,51,0,9,0,1,6,517761211T,3,FE_2023_SeatMatrix.pdf,1441,false,
2023-24,FE,5177,"Matoshri College of Engineering and Research Centre, Eklahare, Nashik",Un-Aided,Un-Aided,false,60,517784410,Electronics and Computer Engineering,60,51,0,9,0,1,6,517784411T,3,FE_2023_SeatMatrix.pdf,1442,false,
2023-24,FE,5177,"Matoshri College of Engineering and Research Centre, Eklahare, Nashik",Un-Aided,Un-Aided,false,48,517799510,Artificial Intelligence and Data Science,60,39,0,9,12,0,6,517799511T,3,FE_2023_SeatMatrix.pdf,1443,false,
2023-24,FE,5179,"Vishwabharati Academy's College of Engineering, Ahmednagar",Un-Aided,Un-Aided,false,60,517919110,Civil Engineering,60,51,0,9,0,1,6,,0,FE_2023_SeatMatrix.pdf,1444,false,
2023-24,FE,5179,"Vishwabharati Academy's College of Engineering, Ahmednagar",Un-Aided,Un-Aided,false,72,517924510,Computer Engineering,90,58,0,14,18,1,9,517924511T,5,FE_2023_SeatMatrix.pdf,1445,false,
2023-24,FE,5179,"Vishwabharati Academy's College of Engineering, Ahmednagar",Un-Aided,Un-Aided,false,54,517926310,Artificial Intelligence (AI) and Data Science,60,45,0,9,6,0,6,517926311T,3,FE_2023_SeatMatrix.pdf,1446,false,
2023-24,FE,5179,"Vishwabharati Academy's College of Engineering, Ahmednagar",Un-Aided,Un-Aided,false,60,517961210,Mechanical Engineering,60,51,0,9,0,1,6,,0,FE_2023_SeatMatrix.pdf,1447,false,
2023-24,FE,5179,"Vishwabharati Academy's College of Engineering, Ahmednagar",Un-Aided,Un-Aided,false,30,517962510,Mechanical Engineering[Sandwich],30,25,0,5,0,0,3,,0,FE_2023_SeatMatrix.pdf,1448,false,
2023-24,FE,5179,"Vishwabharati Academy's College of Engineering, Ahmednagar",Un-Aided,Un-Aided,false,54,517984410,Electronics and Computer Engineering,60,45,0,9,6,0,6,517984411T,3,FE_2023_SeatMatrix.pdf,1449,false,
2023-24,FE,5181,"Gokhale Education Society's, R.H. Sapat College of Engineering, Management Studies and Research, Nashik",Un-Aided,Un-Aided,false,60,518119110,Civil Engineering,60,51,0,9,0,1,6,,0,FE_2023_SeatMatrix.pdf,1450,false,
2023-24,FE,5181,"Gokhale Education Society's, R.H. Sapat College of Engineering, Management Studies and Research, Nashik",Un-Aided,Un-Aided,false,96,518124510,Computer Engineering,120,78,0,18,24,1,12,518124511T,6,FE_2023_SeatMatrix.pdf,1451,false,
2023-24,FE,5181,"Gokhale Education Society's, R.H. Sapat College of Engineering, Management Studies and Research, Nashik",Un-Aided,Un-Aided,false,117,518129310,Electrical Engineering,120,99,0,18,3,1,12,518129311T,6,FE_2023_SeatMatrix.pdf,1452,false,
2023-24,FE,5181,"Gokhale Education Society's, R.H. Sapat College of Engineering, Management Studies and Research, Nashik",Un-Aided,Un-Aided,false,51,518137210,Electronics and Telecommunication Engg,60,42,0,9,9,0,6,518137211T,3,FE_2023_SeatMatrix.pdf,1453,false,
2023-24,FE,5181,"Gokhale Education Society's, R.H. Sapat College of Engineering, Management Studies and Research, Nashik",Un-Aided,Un-Aided,false,114,518161210,Mechanical Engineering,120,96,0,18,6,1,12,,0,FE_2023_SeatMatrix.pdf,1454,false,
2023-24,FE,5182,"Kalyani Charitable Trust, Late Gambhirrao Natuba Sapkal College of Engineering, Anjaneri, Trimbakeshwar Road, Nashik",Un-Aided,Un-Aided,false,60,518219110,Civil Engineering,60,51,0,9,0,1,6,,0,FE_2023_SeatMatrix.pdf,1455,false,
2023-24,FE,5182,"Kalyani Charitable Trust, Late Gambhirrao Natuba Sapkal College of Engineering, Anjaneri, Trimbakeshwar Road, Nashik",Un-Aided,Un-Aided,false,96,518224510,Computer Engineering,120,78,0,18,24,1,12,518224511T,6,FE_2023_SeatMatrix.pdf,1456,false,
2023-24,FE,5182,"Kalyani Charitable Trust, Late Gambhirrao Natuba Sapkal College of Engineering, Anjaneri, Trimbakeshwar Road, Nashik",Un-Aided,Un-Aided,false,54,518226310,Artificial Intelligence (AI) and Data Science,60,45,0,9,6,0,6,518226311T,3,FE_2023_SeatMatrix.pdf,1457,false,
2023-24,FE,5182,"Kalyani Charitable Trust, Late Gambhirrao Natuba Sapkal College of Engineering, Anjaneri, Trimbakeshwar Road, Nashik",Un-Aided,Un-Aided,false,30,518229310,Electrical Engineering,30,25,0,5,0,0,3,,0,FE_2023_SeatMatrix.pdf,1458,false,
2023-24,FE,5182,"Kalyani Charitable Trust, Late Gambhirrao Natuba Sapkal College of Engineering, Anjaneri, Trimbakeshwar Road, Nashik",Un-Aided,Un-Aided,false,54,518237210,Electronics and Telecommunication Engg,60,45,0,9,6,0,6,518237211T,3,FE_2023_SeatMatrix.pdf,1459,false,
2023-24,FE,5182,"Kalyani Charitable Trust, Late Gambhirrao Natuba Sapkal College of Engineering, Anjaneri, Trimbakeshwar Road, Nashik",Un-Aided,Un-Aided,false,60,518261210,Mechanical Engineering,60,51,0,9,0,1,6,,0,FE_2023_SeatMatrix.pdf,1460,false,
2023-24,FE,5184,"Amruta Vaishnavi Education & Welfare Trust's Shatabdi Institute of Engineering & Research, Agaskhind Tal. Sinnar",Un-Aided Religious Minority - Christian,Un-Aided Religious Minority - Christian,false,27,518419110,Civil Engineering,27,11,14,2,0,0,0,,0,FE_2023_SeatMatrix.pdf,1461,false,
2023-24,FE,5184,"Amruta Vaishnavi Education & Welfare Trust's Shatabdi Institute of Engineering & Research, Agaskhind Tal. Sinnar",Un-Aided Religious Minority - Christian,Un-Aided Religious Minority - Christian,false,27,518424510,Computer Engineering,27,11,14,2,0,0,0,518424511T,1,FE_2023_SeatMatrix.pdf,1462,false,
2023-24,FE,5184,"Amruta Vaishnavi Education & Welfare Trust's Shatabdi Institute of Engineering & Research, Agaskhind Tal. Sinnar",Un-Aided Religious Minority - Christian,Un-Aided Religious Minority - Christian,false,30,518429310,Electrical Engineering,30,13,15,2,0,0,0,,0,FE_2023_SeatMatrix.pdf,1463,false,
2023-24,FE,5184,"Amruta Vaishnavi Education & Welfare Trust's Shatabdi Institute of Engineering & Research, Agaskhind Tal. Sinnar",Un-Aided Religious Minority - Christian,Un-Aided Religious Minority - Christian,false,27,518437210,Electronics and Telecommunication Engg,27,11,14,2,0,0,0,,0,FE_2023_SeatMatrix.pdf,1464,false,
2023-24,FE,5184,"Amruta Vaishnavi Education & Welfare Trust's Shatabdi Institute of Engineering & Research, Agaskhind Tal. Sinnar",Un-Aided Religious Minority - Christian,Un-Aided Religious Minority - Christian,false,27,518461210,Mechanical Engineering,27,11,14,2,0,0,0,,0,FE_2023_SeatMatrix.pdf,1465,false,
2023-24,FE,5303,"Hon. Shri. Babanrao Pachpute Vichardhara Trust, Group of Institutions (Integrated Campus)-Parikrama, Kashti Shrigondha,",Un-Aided,Un-Aided,false,60,530319110,Civil Engineering,60,51,0,9,0,1,6,,0,FE_2023_SeatMatrix.pdf,1466,false,
2023-24,FE,5303,"Hon. Shri. Babanrao Pachpute Vichardhara Trust, Group of Institutions (Integrated Campus)-Parikrama, Kashti Shrigondha,",Un-Aided,Un-Aided,false,108,530324510,Computer Engineering,120,90,0,18,12,1,12,530324511T,6,FE_2023_SeatMatrix.pdf,1467,false,
2023-24,FE,5303,"Hon. Shri. Babanrao Pachpute Vichardhara Trust, Group of Institutions (Integrated Campus)-Parikrama, Kashti Shrigondha,",Un-Aided,Un-Aided,false,60,530329310,Electrical Engineering,60,51,0,9,0,1,6,530329311T,3,FE_2023_SeatMatrix.pdf,1468,false,
2023-24,FE,5303,"Hon. Shri. Babanrao Pachpute Vichardhara Trust, Group of Institutions (Integrated Campus)-Parikrama, Kashti Shrigondha,",Un-Aided,Un-Aided,false,60,530361210,Mechanical Engineering,60,51,0,9,0,1,6,,0,FE_2023_SeatMatrix.pdf,1469,false,
2023-24,FE,5303,"Hon. Shri. Babanrao Pachpute Vichardhara Trust, Group of Institutions (Integrated Campus)-Parikrama, Kashti Shrigondha,",Un-Aided,Un-Aided,false,60,530384410,Electronics and Computer Engineering,60,51,0,9,0,1,6,530384411T,3,FE_2023_SeatMatrix.pdf,1470,false,
2023-24,FE,5330,"PUNE VIDYARTHI GRIHA’S COLLEGE OF ENGINEERING & SHRIKRUSHNA S. DHAMANKAR INSTITUTE OF MANAGEMENT, NASHIK",Un-Aided,Un-Aided,false,48,533024510,Computer Engineering,60,39,0,9,12,0,6,533024511T,3,FE_2023_SeatMatrix.pdf,1471,false,
2023-24,FE,5330,"PUNE VIDYARTHI GRIHA’S COLLEGE OF ENGINEERING & SHRIKRUSHNA S. DHAMANKAR INSTITUTE OF MANAGEMENT, NASHIK",Un-Aided,Un-Aided,false,48,533024610,Information Technology,60,39,0,9,12,0,6,533024611T,3,FE_2023_SeatMatrix.pdf,1472,false,
2023-24,FE,5330,"PUNE VIDYARTHI GRIHA’S COLLEGE OF ENGINEERING & SHRIKRUSHNA S. DHAMANKAR INSTITUTE OF MANAGEMENT, NASHIK",Un-Aided,Un-Aided,false,60,533037210,Electronics and Telecommunication Engg,60,51,0,9,0,1,6,533037211T,3,FE_2023_SeatMatrix.pdf,1473,false,
2023-24,FE,5330,"PUNE VIDYARTHI GRIHA’S COLLEGE OF ENGINEERING & SHRIKRUSHNA S. DHAMANKAR INSTITUTE OF MANAGEMENT, NASHIK",Un-Aided,Un-Aided,false,60,533061210,Mechanical Engineering,60,51,0,9,0,1,6,,0,FE_2023_SeatMatrix.pdf,1474,false,
2023-24,FE,5330,"PUNE VIDYARTHI GRIHA’S COLLEGE OF ENGINEERING & SHRIKRUSHNA S. DHAMANKAR INSTITUTE OF MANAGEMENT, NASHIK",Un-Aided,Un-Aided,false,48,533099510,Artificial Intelligence and Data Science,60,39,0,9,12,0,6,533099511T,3,FE_2023_SeatMatrix.pdf,1475,false,
2023-24,FE,5331,"Sandip Foundation's, Sandip Institute of Engineering & Management, Nashik",Un-Aided,Un-Aided,false,120,533119110,Civil Engineering,120,102,0,18,0,1,12,,0,FE_2023_SeatMatrix.pdf,1476,false,
2023-24,FE,5331,"Sandip Foundation's, Sandip Institute of Engineering & Management, Nashik",Un-Aided,Un-Aided,false,48,533124510,Computer Engineering,60,39,0,9,12,0,6,533124511T,3,FE_2023_SeatMatrix.pdf,1477,false,
2023-24,FE,5331,"Sandip Foundation's, Sandip Institute of Engineering & Management, Nashik",Un-Aided,Un-Aided,false,60,533129310,Electrical Engineering,60,51,0,9,0,1,6,533129311T,3,FE_2023_SeatMatrix.pdf,1478,false,
2023-24,FE,5331,"Sandip Foundation's, Sandip Institute of Engineering & Management, Nashik",Un-Aided,Un-Aided,false,54,533137210,Electronics and Telecommunication Engg,60,45,0,9,6,0,6,533137211T,3,FE_2023_SeatMatrix.pdf,1479,false,
2023-24,FE,5331,"Sandip Foundation's, Sandip Institute of Engineering & Management, Nashik",Un-Aided,Un-Aided,false,60,533161210,Mechanical Engineering,60,51,0,9,0,1,6,533161211T,3,FE_2023_SeatMatrix.pdf,1480,false,
2023-24,FE,5380,"Adsul's Technical Campus, Chas Dist. Ahmednagar",Un-Aided,Un-Aided,false,30,538019110,Civil Engineering,30,25,0,5,0,0,3,,0,FE_2023_SeatMatrix.pdf,1481,false,
2023-24,FE,5380,"Adsul's Technical Campus, Chas Dist. Ahmednagar",Un-Aided,Un-Aided,false,180,538024510,Computer Engineering,180,153,0,27,0,2,18,538024511T,9,FE_2023_SeatMatrix.pdf,1482,false,
2023-24,FE,5380,"Adsul's Technical Campus, Chas Dist. Ahmednagar",Un-Aided,Un-Aided,false,30,538029310,Electrical Engineering,30,25,0,5,0,0,3,,0,FE_2023_SeatMatrix.pdf,1483,false,
2023-24,FE,5380,"Adsul's Technical Campus, Chas Dist. Ahmednagar",Un-Aided,Un-Aided,false,60,538037210,Electronics and Telecommunication Engg,60,51,0,9,0,1,6,538037211T,3,FE_2023_SeatMatrix.pdf,1484,false,
2023-24,FE,5380,"Adsul's Technical Campus, Chas Dist. Ahmednagar",Un-Aided,Un-Aided,false,60,538061210,Mechanical Engineering,60,51,0,9,0,1,6,538061211T,3,FE_2023_SeatMatrix.pdf,1485,false,
2023-24,FE,5382,"Ahmednagar Jilha Maratha Vidya Prasarak Samajache, Shri. Chhatrapati Shivaji Maharaj College of Engineering, Nepti",Un-Aided,Un-Aided,false,60,538219110,Civil Engineering,60,51,0,9,0,1,6,,0,FE_2023_SeatMatrix.pdf,1486,false,
2023-24,FE,5382,"Ahmednagar Jilha Maratha Vidya Prasarak Samajache, Shri. Chhatrapati Shivaji Maharaj College of Engineering, Nepti",Un-Aided,Un-Aided,false,48,538224510,Computer Engineering,60,39,0,9,12,0,6,538224511T,3,FE_2023_SeatMatrix.pdf,1487,false,
2023-24,FE,5382,"Ahmednagar Jilha Maratha Vidya Prasarak Samajache, Shri. Chhatrapati Shivaji Maharaj College of Engineering, Nepti",Un-Aided,Un-Aided,false,54,538226310,Artificial Intelligence (AI) and Data Science,60,45,0,9,6,0,6,538226311T,3,FE_2023_SeatMatrix.pdf,1488,false,
2023-24,FE,5382,"Ahmednagar Jilha Maratha Vidya Prasarak Samajache, Shri. Chhatrapati Shivaji Maharaj College of Engineering, Nepti",Un-Aided,Un-Aided,false,60,538237210,Electronics and Telecommunication Engg,60,51,0,9,0,1,6,538237211T,3,FE_2023_SeatMatrix.pdf,1489,false,
2023-24,FE,5382,"Ahmednagar Jilha Maratha Vidya Prasarak Samajache, Shri. Chhatrapati Shivaji Maharaj College of Engineering, Nepti",Un-Aided,Un-Aided,false,60,538261210,Mechanical Engineering,60,51,0,9,0,1,6,538261211T,3,FE_2023_SeatMatrix.pdf,1490,false,
2023-24,FE,5390,"K.V.N. Naik S. P. Sansth's Loknete Gopinathji Munde Institute of Engineering Education & Research, Nashik.",Un-Aided,Un-Aided,false,60,539019110,Civil Engineering,60,51,0,9,0,1,6,,0,FE_2023_SeatMatrix.pdf,1491,false,
2023-24,FE,5390,"K.V.N. Naik S. P. Sansth's Loknete Gopinathji Munde Institute of Engineering Education & Research, Nashik.",Un-Aided,Un-Aided,false,48,539024510,Computer Engineering,60,39,0,9,12,0,6,539024511T,3,FE_2023_SeatMatrix.pdf,1492,false,
2023-24,FE,5390,"K.V.N. Naik S. P. Sansth's Loknete Gopinathji Munde Institute of Engineering Education & Research, Nashik.",Un-Aided,Un-Aided,false,60,539029310,Electrical Engineering,60,51,0,9,0,1,6,539029311T,3,FE_2023_SeatMatrix.pdf,1493,false,
2023-24,FE,5390,"K.V.N. Naik S. P. Sansth's Loknete Gopinathji Munde Institute of Engineering Education & Research, Nashik.",Un-Aided,Un-Aided,false,60,539061210,Mechanical Engineering,60,51,0,9,0,1,6,,0,FE_2023_SeatMatrix.pdf,1494,false,
2023-24,FE,5390,"K.V.N. Naik S. P. Sansth's Loknete Gopinathji Munde Institute of Engineering Education & Research, Nashik.",Un-Aided,Un-Aided,false,24,539092110,Artificial Intelligence and Machine Learning,30,19,0,5,6,0,3,539092111T,2,FE_2023_SeatMatrix.pdf,1495,false,
2023-24,FE,5399,"Sanghavi College of Engineering, Varvandi, Nashik.",Un-Aided,Un-Aided,false,60,539919110,Civil Engineering,60,51,0,9,0,1,6,,0,FE_2023_SeatMatrix.pdf,1496,false,
2023-24,FE,5399,"Sanghavi College of Engineering, Varvandi, Nashik.",Un-Aided,Un-Aided,false,48,539924510,Computer Engineering,60,39,0,9,12,0,6,539924511T,3,FE_2023_SeatMatrix.pdf,1497,false,
2023-24,FE,5399,"Sanghavi College of Engineering, Varvandi, Nashik.",Un-Aided,Un-Aided,false,60,539929310,Electrical Engineering,60,51,0,9,0,1,6,,0,FE_2023_SeatMatrix.pdf,1498,false,
2023-24,FE,5399,"Sanghavi College of Engineering, Varvandi, Nashik.",Un-Aided,Un-Aided,false,60,539961210,Mechanical Engineering,60,51,0,9,0,1,6,,0,FE_2023_SeatMatrix.pdf,1499,false,
2023-24,FE,5401,"Jawahar Education Society's Institute of Technology, Management & Research, Nashik.",Un-Aided,Un-Aided,false,18,540119110,Civil Engineering,23,15,0,3,5,0,2,,0,FE_2023_SeatMatrix.pdf,1500,false,
2023-24,FE,5401,"Jawahar Education Society's Institute of Technology, Management & Research, Nashik.",Un-Aided,Un-Aided,false,72,540124510,Computer Engineering,90,58,0,14,18,1,9,540124511T,5,FE_2023_SeatMatrix.pdf,1501,false,
2023-24,FE,5401,"Jawahar Education Society's Institute of Technology, Management & Research, Nashik.",Un-Aided,Un-Aided,false,48,540124610,Information Technology,60,39,0,9,12,0,6,540124611T,3,FE_2023_SeatMatrix.pdf,1502,false,
2023-24,FE,5401,"Jawahar Education Society's Institute of Technology, Management & Research, Nashik.",Un-Aided,Un-Aided,false,48,540126310,Artificial Intelligence (AI) and Data Science,60,39,0,9,12,0,6,540126311T,3,FE_2023_SeatMatrix.pdf,1503,false,
2023-24,FE,5401,"Jawahar Education Society's Institute of Technology, Management & Research, Nashik.",Un-Aided,Un-Aided,false,48,540129310,Electrical Engineering,60,39,0,9,12,0,6,,0,FE_2023_SeatMatrix.pdf,1504,false,
2023-24,FE,5401,"Jawahar Education Society's Institute of Technology, Management & Research, Nashik.",Un-Aided,Un-Aided,false,18,540161210,Mechanical Engineering,23,15,0,3,5,0,2,,0,FE_2023_SeatMatrix.pdf,1505,false,
2023-24,FE,5408,"Vidya Niketan College of Engineering, Bota Sangamner",Un-Aided,Un-Aided,false,60,540819110,Civil Engineering,60,51,0,9,0,1,6,,0,FE_2023_SeatMatrix.pdf,1506,false,
2023-24,FE,5408,"Vidya Niketan College of Engineering, Bota Sangamner",Un-Aided,Un-Aided,false,60,540824510,Computer Engineering,60,51,0,9,0,1,6,540824511T,3,FE_2023_SeatMatrix.pdf,1507,false,
2023-24,FE,5408,"Vidya Niketan College of Engineering, Bota Sangamner",Un-Aided,Un-Aided,false,30,540829310,Electrical Engineering,30,25,0,5,0,0,3,,0,FE_2023_SeatMatrix.pdf,1508,false,
2023-24,FE,5408,"Vidya Niketan College of Engineering, Bota Sangamner",Un-Aided,Un-Aided,false,60,540837210,Electronics and Telecommunication Engg,60,51,0,9,0,1,6,,0,FE_2023_SeatMatrix.pdf,1509,false,
2023-24,FE,5408,"Vidya Niketan College of Engineering, Bota Sangamner",Un-Aided,Un-Aided,false,60,540861210,Mechanical Engineering,60,51,0,9,0,1,6,,0,FE_2023_SeatMatrix.pdf,1510,false,
2023-24,FE,5409,"Rajiv Gandhi College of Engineering, At Post Karjule Hariya Tal.Parner, Dist.Ahmednagar",Un-Aided,Un-Aided,false,120,540924510,Computer Engineering,120,102,0,18,0,1,12,540924511T,6,FE_2023_SeatMatrix.pdf,1511,false,
2023-24,FE,5409,"Rajiv Gandhi College of Engineering, At Post Karjule Hariya Tal.Parner, Dist.Ahmednagar",Un-Aided,Un-Aided,false,60,540929310,Electrical Engineering,60,51,0,9,0,1,6,540929311T,3,FE_2023_SeatMatrix.pdf,1512,false,
2023-24,FE,5409,"Rajiv Gandhi College of Engineering, At Post Karjule Hariya Tal.Parner, Dist.Ahmednagar",Un-Aided,Un-Aided,false,60,540937210,Electronics and Telecommunication Engg,60,51,0,9,0,1,6,540937211T,3,FE_2023_SeatMatrix.pdf,1513,false,
2023-24,FE,5409,"Rajiv Gandhi College of Engineering, At Post Karjule Hariya Tal.Parner, Dist.Ahmednagar",Un-Aided,Un-Aided,false,120,540961210,Mechanical Engineering,120,102,0,18,0,1,12,540961211T,6,FE_2023_SeatMatrix.pdf,1514,false,
2023-24,FE,5411,"Maulana Mukhtar Ahmad Nadvi Technical Campus, Malegaon.",Un-Aided Religious Minority - Muslim,Un-Aided Religious Minority - Muslim,false,60,541119110,Civil Engineering,60,25,31,4,0,0,0,,0,FE_2023_SeatMatrix.pdf,1515,false,
2023-24,FE,5411,"Maulana Mukhtar Ahmad Nadvi Technical Campus, Malegaon.",Un-Aided Religious Minority - Muslim,Un-Aided Religious Minority - Muslim,false,120,541124510,Computer Engineering,120,50,61,9,0,0,0,541124511T,6,FE_2023_SeatMatrix.pdf,1516,false,
2023-24,FE,5411,"Maulana Mukhtar Ahmad Nadvi Technical Campus, Malegaon.",Un-Aided Religious Minority - Muslim,Un-Aided Religious Minority - Muslim,false,30,541129310,Electrical Engineering,30,13,15,2,0,0,0,,0,FE_2023_SeatMatrix.pdf,1517,false,
2023-24,FE,5411,"Maulana Mukhtar Ahmad Nadvi Technical Campus, Malegaon.",Un-Aided Religious Minority - Muslim,Un-Aided Religious Minority - Muslim,false,30,541137210,Electronics and Telecommunication Engg,30,13,15,2,0,0,0,,0,FE_2023_SeatMatrix.pdf,1518,false,
2023-24,FE,5411,"Maulana Mukhtar Ahmad Nadvi Technical Campus, Malegaon.",Un-Aided Religious Minority - Muslim,Un-Aided Religious Minority - Muslim,false,60,541161210,Mechanical Engineering,60,25,31,4,0,0,0,,0,FE_2023_SeatMatrix.pdf,1519,false,
2023-24,FE,5418,"Guru Gobind Singh College of Engineering & Research Centre, Nashik.",Un-Aided,Un-Aided,false,60,541819110,Civil Engineering,60,51,0,9,0,1,6,541819111T,3,FE_2023_SeatMatrix.pdf,1520,false,
2023-24,FE,5418,"Guru Gobind Singh College of Engineering & Research Centre, Nashik.",Un-Aided,Un-Aided,false,96,541824510,Computer Engineering,120,78,0,18,24,1,12,541824511T,6,FE_2023_SeatMatrix.pdf,1521,false,
2023-24,FE,5418,"Guru Gobind Singh College of Engineering & Research Centre, Nashik.",Un-Aided,Un-Aided,false,48,541826310,Artificial Intelligence (AI) and Data Science,60,39,0,9,12,0,6,541826311T,3,FE_2023_SeatMatrix.pdf,1522,false,
2023-24,FE,5418,"Guru Gobind Singh College of Engineering & Research Centre, Nashik.",Un-Aided,Un-Aided,false,60,541829310,Electrical Engineering,60,51,0,9,0,1,6,541829311T,3,FE_2023_SeatMatrix.pdf,1523,false,
2023-24,FE,5418,"Guru Gobind Singh College of Engineering & Research Centre, Nashik.",Un-Aided,Un-Aided,false,60,541861210,Mechanical Engineering,60,51,0,9,0,1,6,541861211T,3,FE_2023_SeatMatrix.pdf,1524,false,
2023-24,FE,5418,"Guru Gobind Singh College of Engineering & Research Centre, Nashik.",Un-Aided,Un-Aided,false,60,541891610,Automation and Robotics,60,51,0,9,0,1,6,541891611T,3,FE_2023_SeatMatrix.pdf,1525,false,
2023-24,FE,6004,"Government College of Engineering & Research, Avasari Khurd",Government,Government,false,60,600419110,Civil Engineering,60,60,0,0,0,1,6,600419111T,3,FE_2023_SeatMatrix.pdf,1526,false,
2023-24,FE,6004,"Government College of Engineering & Research, Avasari Khurd",Government,Government,false,60,600424510,Computer Engineering,60,60,0,0,0,1,6,600424511T,3,FE_2023_SeatMatrix.pdf,1527,false,
2023-24,FE,6004,"Government College of Engineering & Research, Avasari Khurd",Government,Government,false,60,600437210,Electronics and Telecommunication Engg,60,60,0,0,0,1,6,600437211T,3,FE_2023_SeatMatrix.pdf,1528,false,
2023-24,FE,6004,"Government College of Engineering & Research, Avasari Khurd",Government,Government,false,60,600446410,Instrumentation and Control Engineering,60,60,0,0,0,1,6,600446411T,3,FE_2023_SeatMatrix.pdf,1529,false,
2023-24,FE,6004,"Government College of Engineering & Research, Avasari Khurd",Government,Government,false,60,600460210,Automobile Engineering,60,60,0,0,0,1,6,600460211T,3,FE_2023_SeatMatrix.pdf,1530,false,
2023-24,FE,6004,"Government College of Engineering & Research, Avasari Khurd",Government,Government,false,60,600461210,Mechanical Engineering,60,60,0,0,0,1,6,600461211T,3,FE_2023_SeatMatrix.pdf,1531,false,
2023-24,FE,6122,"TSSMS's Pd. Vasantdada Patil Institute of Technology, Bavdhan, Pune",Un-Aided,Un-Aided,false,60,612219110,Civil Engineering,60,51,0,9,0,1,6,,0,FE_2023_SeatMatrix.pdf,1532,false,
2023-24,FE,6122,"TSSMS's Pd. Vasantdada Patil Institute of Technology, Bavdhan, Pune",Un-Aided,Un-Aided,false,144,612224510,Computer Engineering,180,117,0,27,36,1,18,612224511T,9,FE_2023_SeatMatrix.pdf,1533,false,
2023-24,FE,6122,"TSSMS's Pd. Vasantdada Patil Institute of Technology, Bavdhan, Pune",Un-Aided,Un-Aided,false,60,612237210,Electronics and Telecommunication Engg,60,51,0,9,0,1,6,612237211T,3,FE_2023_SeatMatrix.pdf,1534,false,
2023-24,FE,6122,"TSSMS's Pd. Vasantdada Patil Institute of Technology, Bavdhan, Pune",Un-Aided,Un-Aided,false,120,612261210,Mechanical Engineering,120,102,0,18,0,1,12,,0,FE_2023_SeatMatrix.pdf,1535,false,
2023-24,FE,6122,"TSSMS's Pd. Vasantdada Patil Institute of Technology, Bavdhan, Pune",Un-Aided,Un-Aided,false,48,612291210,Computer Science and Engineering(Data Science),60,39,0,9,12,0,6,612291211T,3,FE_2023_SeatMatrix.pdf,1536,false,
2023-24,FE,6138,"Genba Sopanrao Moze Trust Parvatibai Genba Moze College of Engineering,Wagholi, Pune",Un-Aided,Un-Aided,false,30,613819110,Civil Engineering,30,25,0,5,0,0,3,,0,FE_2023_SeatMatrix.pdf,1537,false,
2023-24,FE,6138,"Genba Sopanrao Moze Trust Parvatibai Genba Moze College of Engineering,Wagholi, Pune",Un-Aided,Un-Aided,false,96,613824510,Computer Engineering,120,78,0,18,24,1,12,613824511T,6,FE_2023_SeatMatrix.pdf,1538,false,
2023-24,FE,6138,"Genba Sopanrao Moze Trust Parvatibai Genba Moze College of Engineering,Wagholi, Pune",Un-Aided,Un-Aided,false,72,613824610,Information Technology,90,58,0,14,18,1,9,613824611T,5,FE_2023_SeatMatrix.pdf,1539,false,
2023-24,FE,6138,"Genba Sopanrao Moze Trust Parvatibai Genba Moze College of Engineering,Wagholi, Pune",Un-Aided,Un-Aided,false,72,613826310,Artificial Intelligence (AI) and Data Science,90,58,0,14,18,1,9,613826311T,5,FE_2023_SeatMatrix.pdf,1540,false,
2023-24,FE,6138,"Genba Sopanrao Moze Trust Parvatibai Genba Moze College of Engineering,Wagholi, Pune",Un-Aided,Un-Aided,false,48,613837210,Electronics and Telecommunication Engg,60,39,0,9,12,0,6,613837211T,3,FE_2023_SeatMatrix.pdf,1541,false,
2023-24,FE,6138,"Genba Sopanrao Moze Trust Parvatibai Genba Moze College of Engineering,Wagholi, Pune",Un-Aided,Un-Aided,false,30,613861210,Mechanical Engineering,30,25,0,5,0,0,3,,0,FE_2023_SeatMatrix.pdf,1542,false,
2023-24,FE,6139,"Progressive Education Society's Modern College of Engineering, Pune",Un-Aided,Un-Aided,false,144,613924510,Computer Engineering,180,117,0,27,36,1,18,613924511T,9,FE_2023_SeatMatrix.pdf,1543,false,
2023-24,FE,6139,"Progressive Education Society's Modern College of Engineering, Pune",Un-Aided,Un-Aided,false,96,613924610,Information Technology,120,78,0,18,24,1,12,613924611T,6,FE_2023_SeatMatrix.pdf,1544,false,
2023-24,FE,6139,"Progressive Education Society's Modern College of Engineering, Pune",Un-Aided,Un-Aided,false,120,613929310,Electrical Engineering,120,102,0,18,0,1,12,613929311T,6,FE_2023_SeatMatrix.pdf,1545,false,
2023-24,FE,6139,"Progressive Education Society's Modern College of Engineering, Pune",Un-Aided,Un-Aided,false,114,613937210,Electronics and Telecommunication Engg,120,96,0,18,6,1,12,613937211T,6,FE_2023_SeatMatrix.pdf,1546,false,
2023-24,FE,6139,"Progressive Education Society's Modern College of Engineering, Pune",Un-Aided,Un-Aided,false,180,613961210,Mechanical Engineering,180,153,0,27,0,2,18,613961211T,9,FE_2023_SeatMatrix.pdf,1547,false,
2023-24,FE,6139,"Progressive Education Society's Modern College of Engineering, Pune",Un-Aided,Un-Aided,false,48,613984410,Electronics and Computer Engineering,60,39,0,9,12,0,6,613984411T,3,FE_2023_SeatMatrix.pdf,1548,false,
2023-24,FE,6139,"Progressive Education Society's Modern College of Engineering, Pune",Un-Aided,Un-Aided,false,48,613992110,Artificial Intelligence and Machine Learning,60,39,0,9,12,0,6,613992111T,3,FE_2023_SeatMatrix.pdf,1549,false,
2023-24,FE,6139,"Progressive Education Society's Modern College of Engineering, Pune",Un-Aided,Un-Aided,false,96,613999510,Artificial Intelligence and Data Science,120,78,0,18,24,1,12,613999511T,6,FE_2023_SeatMatrix.pdf,1550,false,
2023-24,FE,6144,"Genba Sopanrao Moze College of Engineering, Baner-Balewadi, Pune",Un-Aided,Un-Aided,false,60,614419110,Civil Engineering,60,51,0,9,0,1,6,,0,FE_2023_SeatMatrix.pdf,1551,false,
2023-24,FE,6144,"Genba Sopanrao Moze College of Engineering, Baner-Balewadi, Pune",Un-Aided,Un-Aided,false,120,614424510,Computer Engineering,150,97,0,23,30,1,15,614424511T,8,FE_2023_SeatMatrix.pdf,1552,false,
2023-24,FE,6144,"Genba Sopanrao Moze College of Engineering, Baner-Balewadi, Pune",Un-Aided,Un-Aided,false,72,614424610,Information Technology,90,58,0,14,18,1,9,614424611T,5,FE_2023_SeatMatrix.pdf,1553,false,
2023-24,FE,6144,"Genba Sopanrao Moze College of Engineering, Baner-Balewadi, Pune",Un-Aided,Un-Aided,false,24,614437210,Electronics and Telecommunication Engg,30,19,0,5,6,0,3,614437211T,2,FE_2023_SeatMatrix.pdf,1554,false,
2023-24,FE,6144,"Genba Sopanrao Moze College of Engineering, Baner-Balewadi, Pune",Un-Aided,Un-Aided,false,30,614461210,Mechanical Engineering,30,25,0,5,0,0,3,,0,FE_2023_SeatMatrix.pdf,1555,false,
2023-24,FE,6144,"Genba Sopanrao Moze College of Engineering, Baner-Balewadi, Pune",Un-Aided,Un-Aided,false,24,614492110,Artificial Intelligence and Machine Learning,30,19,0,5,6,0,3,614492111T,2,FE_2023_SeatMatrix.pdf,1556,false,
2023-24,FE,6144,"Genba Sopanrao Moze College of Engineering, Baner-Balewadi, Pune",Un-Aided,Un-Aided,false,72,614499510,Artificial Intelligence and Data Science,90,58,0,14,18,1,9,614499511T,5,FE_2023_SeatMatrix.pdf,1557,false,
2023-24,FE,6145,"JSPM'S Jaywantrao Sawant College of Engineering,Pune",Un-Aided,Un-Aided,false,96,614524510,Computer Engineering,120,78,0,18,24,1,12,614524511T,6,FE_2023_SeatMatrix.pdf,1558,false,
2023-24,FE,6145,"JSPM'S Jaywantrao Sawant College of Engineering,Pune",Un-Aided,Un-Aided,false,96,614524610,Information Technology,120,78,0,18,24,1,12,614524611T,6,FE_2023_SeatMatrix.pdf,1559,false,
2023-24,FE,6145,"JSPM'S Jaywantrao Sawant College of Engineering,Pune",Un-Aided,Un-Aided,false,48,614526310,Artificial Intelligence (AI) and Data Science,60,39,0,9,12,0,6,614526311T,3,FE_2023_SeatMatrix.pdf,1560,false,
2023-24,FE,6145,"JSPM'S Jaywantrao Sawant College of Engineering,Pune",Un-Aided,Un-Aided,false,60,614529310,Electrical Engineering,60,51,0,9,0,1,6,614529311T,3,FE_2023_SeatMatrix.pdf,1561,false,
2023-24,FE,6145,"JSPM'S Jaywantrao Sawant College of Engineering,Pune",Un-Aided,Un-Aided,false,108,614537210,Electronics and Telecommunication Engg,120,90,0,18,12,1,12,614537211T,6,FE_2023_SeatMatrix.pdf,1562,false,
2023-24,FE,6145,"JSPM'S Jaywantrao Sawant College of Engineering,Pune",Un-Aided,Un-Aided,false,120,614561210,Mechanical Engineering,120,102,0,18,0,1,12,,0,FE_2023_SeatMatrix.pdf,1563,false,
2023-24,FE,6149,"Siddhant College of Engineering, A/p Sudumbare, Tal.Maval, Dist-Pune",Un-Aided Linguistic Minority - Hindi,Un-Aided Linguistic Minority - Hindi,false,60,614919110,Civil Engineering,60,25,31,4,0,0,0,,0,FE_2023_SeatMatrix.pdf,1564,false,
2023-24,FE,6149,"Siddhant College of Engineering, A/p Sudumbare, Tal.Maval, Dist-Pune",Un-Aided Linguistic Minority - Hindi,Un-Aided Linguistic Minority - Hindi,false,96,614924510,Computer Engineering,120,30,61,5,24,0,0,614924511T,6,FE_2023_SeatMatrix.pdf,1565,false,
2023-24,FE,6149,"Siddhant College of Engineering, A/p Sudumbare, Tal.Maval, Dist-Pune",Un-Aided Linguistic Minority - Hindi,Un-Aided Linguistic Minority - Hindi,false,48,614924610,Information Technology,60,14,31,3,12,0,0,614924611T,3,FE_2023_SeatMatrix.pdf,1566,false,
2023-24,FE,6149,"Siddhant College of Engineering, A/p Sudumbare, Tal.Maval, Dist-Pune",Un-Aided Linguistic Minority - Hindi,Un-Aided Linguistic Minority - Hindi,false,60,614937210,Electronics and Telecommunication Engg,60,25,31,4,0,0,0,614937211T,3,FE_2023_SeatMatrix.pdf,1567,false,
2023-24,FE,6149,"Siddhant College of Engineering, A/p Sudumbare, Tal.Maval, Dist-Pune",Un-Aided Linguistic Minority - Hindi,Un-Aided Linguistic Minority - Hindi,false,60,614961210,Mechanical Engineering,60,25,31,4,0,0,0,,0,FE_2023_SeatMatrix.pdf,1568,false,
2023-24,FE,6156,"Marathwada Mitra Mandal's College of Engineering, Karvenagar, Pune",Un-Aided,Un-Aided,false,96,615624510,Computer Engineering,120,78,0,18,24,1,12,615624511T,6,FE_2023_SeatMatrix.pdf,1569,false,
2023-24,FE,6156,"Marathwada Mitra Mandal's College of Engineering, Karvenagar, Pune",Un-Aided,Un-Aided,false,48,615624610,Information Technology,60,39,0,9,12,0,6,615624611T,3,FE_2023_SeatMatrix.pdf,1570,false,
2023-24,FE,6156,"Marathwada Mitra Mandal's College of Engineering, Karvenagar, Pune",Un-Aided,Un-Aided,false,57,615629310,Electrical Engineering,60,48,0,9,3,0,6,615629311T,3,FE_2023_SeatMatrix.pdf,1571,false,
2023-24,FE,6156,"Marathwada Mitra Mandal's College of Engineering, Karvenagar, Pune",Un-Aided,Un-Aided,false,96,615637210,Electronics and Telecommunication Engg,120,78,0,18,24,1,12,615637211T,6,FE_2023_SeatMatrix.pdf,1572,false,
2023-24,FE,6156,"Marathwada Mitra Mandal's College of Engineering, Karvenagar, Pune",Un-Aided,Un-Aided,false,114,615661210,Mechanical Engineering,120,96,0,18,6,1,12,615661211T,6,FE_2023_SeatMatrix.pdf,1573,false,
2023-24,FE,6156,"Marathwada Mitra Mandal's College of Engineering, Karvenagar, Pune",Un-Aided,Un-Aided,false,48,615699510,Artificial Intelligence and Data Science,60,39,0,9,12,0,6,615699511T,3,FE_2023_SeatMatrix.pdf,1574,false,
2023-24,FE,6177,"Sinhgad College of Engineering, Vadgaon (BK), Pune",Un-Aided,Un-Aided,false,60,617708210,Bio Technology,60,51,0,9,0,1,6,617708211T,3,FE_2023_SeatMatrix.pdf,1575,false,
2023-24,FE,6177,"Sinhgad College of Engineering, Vadgaon (BK), Pune",Un-Aided,Un-Aided,false,180,617719110,Civil Engineering,180,153,0,27,0,2,18,,0,FE_2023_SeatMatrix.pdf,1576,false,
2023-24,FE,6177,"Sinhgad College of Engineering, Vadgaon (BK), Pune",Un-Aided,Un-Aided,false,144,617724510,Computer Engineering,180,117,0,27,36,1,18,617724511T,9,FE_2023_SeatMatrix.pdf,1577,false,
2023-24,FE,6177,"Sinhgad College of Engineering, Vadgaon (BK), Pune",Un-Aided,Un-Aided,false,96,617724610,Information Technology,120,78,0,18,24,1,12,617724611T,6,FE_2023_SeatMatrix.pdf,1578,false,
2023-24,FE,6177,"Sinhgad College of Engineering, Vadgaon (BK), Pune",Un-Aided,Un-Aided,false,192,617737210,Electronics and Telecommunication Engg,240,156,0,36,48,2,24,617737211T,12,FE_2023_SeatMatrix.pdf,1579,false,
2023-24,FE,6177,"Sinhgad College of Engineering, Vadgaon (BK), Pune",Un-Aided,Un-Aided,false,60,617750710,Chemical Engineering,60,51,0,9,0,1,6,617750711T,3,FE_2023_SeatMatrix.pdf,1580,false,
2023-24,FE,6177,"Sinhgad College of Engineering, Vadgaon (BK), Pune",Un-Aided,Un-Aided,false,60,617760610,Production Engineering,60,51,0,9,0,1,6,,0,FE_2023_SeatMatrix.pdf,1581,false,
2023-24,FE,6177,"Sinhgad College of Engineering, Vadgaon (BK), Pune",Un-Aided,Un-Aided,false,300,617761210,Mechanical Engineering,300,255,0,45,0,3,30,617761211T,15,FE_2023_SeatMatrix.pdf,1582,false,
2023-24,FE,6178,"Sinhgad Technical Education Society's Smt. Kashibai Navale College of Engineering,Vadgaon,Pune",Un-Aided,Un-Aided,false,240,617824510,Computer Engineering,300,195,0,45,60,2,30,617824511T,15,FE_2023_SeatMatrix.pdf,1583,false,
2023-24,FE,6178,"Sinhgad Technical Education Society's Smt. Kashibai Navale College of Engineering,Vadgaon,Pune",Un-Aided,Un-Aided,false,96,617824610,Information Technology,120,78,0,18,24,1,12,617824611T,6,FE_2023_SeatMatrix.pdf,1584,false,
2023-24,FE,6178,"Sinhgad Technical Education Society's Smt. Kashibai Navale College of Engineering,Vadgaon,Pune",Un-Aided,Un-Aided,false,240,617837210,Electronics and Telecommunication Engg,300,195,0,45,60,2,30,617837211T,15,FE_2023_SeatMatrix.pdf,1585,false,
2023-24,FE,6178,"Sinhgad Technical Education Society's Smt. Kashibai Navale College of Engineering,Vadgaon,Pune",Un-Aided,Un-Aided,false,330,617861210,Mechanical Engineering,330,280,0,50,0,3,33,,0,FE_2023_SeatMatrix.pdf,1586,false,
2023-24,FE,6179,"Indira College of Engineering & Management, Pune",Un-Aided,Un-Aided,false,30,617919110,Civil Engineering,30,25,0,5,0,0,3,,0,FE_2023_SeatMatrix.pdf,1587,false,
2023-24,FE,6179,"Indira College of Engineering & Management, Pune",Un-Aided,Un-Aided,false,96,617924510,Computer Engineering,120,78,0,18,24,1,12,617924511T,6,FE_2023_SeatMatrix.pdf,1588,false,
2023-24,FE,6179,"Indira College of Engineering & Management, Pune",Un-Aided,Un-Aided,false,24,617937210,Electronics and Telecommunication Engg,30,19,0,5,6,0,3,617937211T,2,FE_2023_SeatMatrix.pdf,1589,false,
2023-24,FE,6179,"Indira College of Engineering & Management, Pune",Un-Aided,Un-Aided,false,60,617961210,Mechanical Engineering,60,51,0,9,0,1,6,,0,FE_2023_SeatMatrix.pdf,1590,false,
2023-24,FE,6179,"Indira College of Engineering & Management, Pune",Un-Aided,Un-Aided,false,48,617999510,Artificial Intelligence and Data Science,60,39,0,9,12,0,6,617999511T,3,FE_2023_SeatMatrix.pdf,1591,false,
2023-24,FE,6182,"Sinhgad Technical Education Society, Sinhgad Institute of Technology and Science, Narhe (Ambegaon)",Un-Aided,Un-Aided,false,60,618219110,Civil Engineering,60,51,0,9,0,1,6,,0,FE_2023_SeatMatrix.pdf,1592,false,
2023-24,FE,6182,"Sinhgad Technical Education Society, Sinhgad Institute of Technology and Science, Narhe (Ambegaon)",Un-Aided,Un-Aided,false,96,618224510,Computer Engineering,120,78,0,18,24,1,12,618224511T,6,FE_2023_SeatMatrix.pdf,1593,false,
2023-24,FE,6182,"Sinhgad Technical Education Society, Sinhgad Institute of Technology and Science, Narhe (Ambegaon)",Un-Aided,Un-Aided,false,48,618224610,Information Technology,60,39,0,9,12,0,6,618224611T,3,FE_2023_SeatMatrix.pdf,1594,false,
2023-24,FE,6182,"Sinhgad Technical Education Society, Sinhgad Institute of Technology and Science, Narhe (Ambegaon)",Un-Aided,Un-Aided,false,96,618237210,Electronics and Telecommunication Engg,120,78,0,18,24,1,12,618237211T,6,FE_2023_SeatMatrix.pdf,1595,false,
2023-24,FE,6182,"Sinhgad Technical Education Society, Sinhgad Institute of Technology and Science, Narhe (Ambegaon)",Un-Aided,Un-Aided,false,90,618261210,Mechanical Engineering,90,76,0,14,0,1,9,,0,FE_2023_SeatMatrix.pdf,1596,false,
2023-24,FE,6183,"Al-Ameen Educational and Medical Foundation, College of Engineering, Koregaon, Bhima",Un-Aided Religious Minority - Muslim,Un-Aided Religious Minority - Muslim,false,43,618324510,Computer Engineering,54,13,28,2,11,0,0,,0,FE_2023_SeatMatrix.pdf,1597,false,
2023-24,FE,6183,"Al-Ameen Educational and Medical Foundation, College of Engineering, Koregaon, Bhima",Un-Aided Religious Minority - Muslim,Un-Aided Religious Minority - Muslim,false,24,618337210,Electronics and Telecommunication Engg,30,8,15,1,6,0,0,,0,FE_2023_SeatMatrix.pdf,1598,false,
2023-24,FE,6183,"Al-Ameen Educational and Medical Foundation, College of Engineering, Koregaon, Bhima",Un-Aided Religious Minority - Muslim,Un-Aided Religious Minority - Muslim,false,43,618361210,Mechanical Engineering,54,13,28,2,11,0,0,,0,FE_2023_SeatMatrix.pdf,1599,false,
2023-24,FE,6184,"K. J.'s Educational Institut Trinity College of Engineering and Research, Pisoli, Haveli",Un-Aided,Un-Aided,false,60,618419110,Civil Engineering,60,51,0,9,0,1,6,,0,FE_2023_SeatMatrix.pdf,1600,false,
2023-24,FE,6184,"K. J.'s Educational Institut Trinity College of Engineering and Research, Pisoli, Haveli",Un-Aided,Un-Aided,false,108,618424510,Computer Engineering,120,90,0,18,12,1,12,618424511T,6,FE_2023_SeatMatrix.pdf,1601,false,
2023-24,FE,6184,"K. J.'s Educational Institut Trinity College of Engineering and Research, Pisoli, Haveli",Un-Aided,Un-Aided,false,60,618424610,Information Technology,60,51,0,9,0,1,6,618424611T,3,FE_2023_SeatMatrix.pdf,1602,false,
2023-24,FE,6184,"K. J.'s Educational Institut Trinity College of Engineering and Research, Pisoli, Haveli",Un-Aided,Un-Aided,false,60,618429310,Electrical Engineering,60,51,0,9,0,1,6,618429311T,3,FE_2023_SeatMatrix.pdf,1603,false,
2023-24,FE,6184,"K. J.'s Educational Institut Trinity College of Engineering and Research, Pisoli, Haveli",Un-Aided,Un-Aided,false,60,618437210,Electronics and Telecommunication Engg,60,51,0,9,0,1,6,618437211T,3,FE_2023_SeatMatrix.pdf,1604,false,
2023-24,FE,6184,"K. J.'s Educational Institut Trinity College of Engineering and Research, Pisoli, Haveli",Un-Aided,Un-Aided,false,60,618461210,Mechanical Engineering,60,51,0,9,0,1,6,,0,FE_2023_SeatMatrix.pdf,1605,false,
2023-24,FE,6185,Sinhgad Institute of Technology,Un-Aided,Un-Aided,false,144,618524510,Computer Engineering,180,117,0,27,36,1,18,618524511T,9,FE_2023_SeatMatrix.pdf,1606,false,
2023-24,FE,6185,Sinhgad Institute of Technology,Un-Aided,Un-Aided,false,48,618524610,Information Technology,60,39,0,9,12,0,6,618524611T,3,FE_2023_SeatMatrix.pdf,1607,false,
2023-24,FE,6185,Sinhgad Institute of Technology,Un-Aided,Un-Aided,false,60,618529310,Electrical Engineering,60,51,0,9,0,1,6,618529311T,3,FE_2023_SeatMatrix.pdf,1608,false,
2023-24,FE,6185,Sinhgad Institute of Technology,Un-Aided,Un-Aided,false,108,618537210,Electronics and Telecommunication Engg,120,90,0,18,12,1,12,618537211T,6,FE_2023_SeatMatrix.pdf,1609,false,
2023-24,FE,6185,Sinhgad Institute of Technology,Un-Aided,Un-Aided,false,210,618561210,Mechanical Engineering,210,178,0,32,0,2,21,,0,FE_2023_SeatMatrix.pdf,1610,false,
2023-24,FE,6187,"Sinhgad Academy of Engineering, Kondhwa (BK) Kondhwa-Saswad Road, Pune",Un-Aided,Un-Aided,false,90,618719110,Civil Engineering,90,76,0,14,0,1,9,,0,FE_2023_SeatMatrix.pdf,1611,false,
2023-24,FE,6187,"Sinhgad Academy of Engineering, Kondhwa (BK) Kondhwa-Saswad Road, Pune",Un-Aided,Un-Aided,false,144,618724510,Computer Engineering,180,117,0,27,36,1,18,618724511T,9,FE_2023_SeatMatrix.pdf,1612,false,
2023-24,FE,6187,"Sinhgad Academy of Engineering, Kondhwa (BK) Kondhwa-Saswad Road, Pune",Un-Aided,Un-Aided,false,48,618724610,Information Technology,60,39,0,9,12,0,6,618724611T,3,FE_2023_SeatMatrix.pdf,1613,false,
2023-24,FE,6187,"Sinhgad Academy of Engineering, Kondhwa (BK) Kondhwa-Saswad Road, Pune",Un-Aided,Un-Aided,false,96,618737210,Electronics and Telecommunication Engg,120,78,0,18,24,1,12,618737211T,6,FE_2023_SeatMatrix.pdf,1614,false,
2023-24,FE,6187,"Sinhgad Academy of Engineering, Kondhwa (BK) Kondhwa-Saswad Road, Pune",Un-Aided,Un-Aided,false,150,618761210,Mechanical Engineering,150,127,0,23,0,1,15,,0,FE_2023_SeatMatrix.pdf,1615,false,
2023-24,FE,6203,"Marathwada Mitra Mandal's Institute of Technology, Lohgaon, Pune",Un-Aided,Un-Aided,false,60,620319110,Civil Engineering,60,51,0,9,0,1,6,,0,FE_2023_SeatMatrix.pdf,1616,false,
2023-24,FE,6203,"Marathwada Mitra Mandal's Institute of Technology, Lohgaon, Pune",Un-Aided,Un-Aided,false,96,620324510,Computer Engineering,120,78,0,18,24,1,12,620324511T,6,FE_2023_SeatMatrix.pdf,1617,false,
2023-24,FE,6203,"Marathwada Mitra Mandal's Institute of Technology, Lohgaon, Pune",Un-Aided,Un-Aided,false,60,620361210,Mechanical Engineering,60,51,0,9,0,1,6,620361211T,3,FE_2023_SeatMatrix.pdf,1618,false,
2023-24,FE,6203,"Marathwada Mitra Mandal's Institute of Technology, Lohgaon, Pune",Un-Aided,Un-Aided,false,57,620362410,Mechatronics Engineering,60,48,0,9,3,0,6,620362411T,3,FE_2023_SeatMatrix.pdf,1619,false,
2023-24,FE,6203,"Marathwada Mitra Mandal's Institute of Technology, Lohgaon, Pune",Un-Aided,Un-Aided,false,48,620399510,Artificial Intelligence and Data Science,60,39,0,9,12,0,6,620399511T,3,FE_2023_SeatMatrix.pdf,1620,false,
2023-24,FE,6206,"Pune District Education Association's College of Engineering, Pune",Un-Aided,Un-Aided,false,144,620624510,Computer Engineering,180,117,0,27,36,1,18,620624511T,9,FE_2023_SeatMatrix.pdf,1621,false,
2023-24,FE,6206,"Pune District Education Association's College of Engineering, Pune",Un-Aided,Un-Aided,false,48,620624610,Information Technology,60,39,0,9,12,0,6,620624611T,3,FE_2023_SeatMatrix.pdf,1622,false,
2023-24,FE,6206,"Pune District Education Association's College of Engineering, Pune",Un-Aided,Un-Aided,false,60,620637210,Electronics and Telecommunication Engg,60,51,0,9,0,1,6,620637211T,3,FE_2023_SeatMatrix.pdf,1623,false,
2023-24,FE,6206,"Pune District Education Association's College of Engineering, Pune",Un-Aided,Un-Aided,false,60,620661210,Mechanical Engineering,60,51,0,9,0,1,6,,0,FE_2023_SeatMatrix.pdf,1624,false,
2023-24,FE,6207,"Dr. D. Y. Patil Unitech Society's Dr. D. Y. Patil Institute of Technology, Pimpri, Pune",Un-Aided,Un-Aided,false,120,620719110,Civil Engineering,120,102,0,18,0,1,12,620719111T,6,FE_2023_SeatMatrix.pdf,1625,false,
2023-24,FE,6207,"Dr. D. Y. Patil Unitech Society's Dr. D. Y. Patil Institute of Technology, Pimpri, Pune",Un-Aided,Un-Aided,false,192,620724510,Computer Engineering,240,156,0,36,48,2,24,620724511T,12,FE_2023_SeatMatrix.pdf,1626,false,
2023-24,FE,6207,"Dr. D. Y. Patil Unitech Society's Dr. D. Y. Patil Institute of Technology, Pimpri, Pune",Un-Aided,Un-Aided,false,48,620724610,Information Technology,60,39,0,9,12,0,6,620724611T,3,FE_2023_SeatMatrix.pdf,1627,false,
2023-24,FE,6207,"Dr. D. Y. Patil Unitech Society's Dr. D. Y. Patil Institute of Technology, Pimpri, Pune",Un-Aided,Un-Aided,false,48,620729310,Electrical Engineering,60,39,0,9,12,0,6,620729311T,3,FE_2023_SeatMatrix.pdf,1628,false,
2023-24,FE,6207,"Dr. D. Y. Patil Unitech Society's Dr. D. Y. Patil Institute of Technology, Pimpri, Pune",Un-Aided,Un-Aided,false,144,620737210,Electronics and Telecommunication Engg,180,117,0,27,36,1,18,620737211T,9,FE_2023_SeatMatrix.pdf,1629,false,
2023-24,FE,6207,"Dr. D. Y. Patil Unitech Society's Dr. D. Y. Patil Institute of Technology, Pimpri, Pune",Un-Aided,Un-Aided,false,30,620746610,Instrumentation Engineering,30,25,0,5,0,0,3,620746611T,2,FE_2023_SeatMatrix.pdf,1630,false,
2023-24,FE,6207,"Dr. D. Y. Patil Unitech Society's Dr. D. Y. Patil Institute of Technology, Pimpri, Pune",Un-Aided,Un-Aided,false,162,620761210,Mechanical Engineering,180,135,0,27,18,1,18,620761211T,9,FE_2023_SeatMatrix.pdf,1631,false,
2023-24,FE,6207,"Dr. D. Y. Patil Unitech Society's Dr. D. Y. Patil Institute of Technology, Pimpri, Pune",Un-Aided,Un-Aided,false,48,620791610,Automation and Robotics,60,39,0,9,12,0,6,620791611T,3,FE_2023_SeatMatrix.pdf,1632,false,
2023-24,FE,6207,"Dr. D. Y. Patil Unitech Society's Dr. D. Y. Patil Institute of Technology, Pimpri, Pune",Un-Aided,Un-Aided,false,144,620799510,Artificial Intelligence and Data Science,180,117,0,27,36,1,18,620799511T,9,FE_2023_SeatMatrix.pdf,1633,false,
2023-24,FE,6271,"Pune Institute of Computer Technology, Dhankavdi, Pune",Un-Aided,Un-Aided,false,192,627124510,Computer Engineering,240,156,0,36,48,2,24,627124511T,12,FE_2023_SeatMatrix.pdf,1634,false,
2023-24,FE,6271,"Pune Institute of Computer Technology, Dhankavdi, Pune",Un-Aided,Un-Aided,false,144,627124610,Information Technology,180,117,0,27,36,1,18,627124611T,9,FE_2023_SeatMatrix.pdf,1635,false,
2023-24,FE,6271,"Pune Institute of Computer Technology, Dhankavdi, Pune",Un-Aided,Un-Aided,false,48,627126310,Artificial Intelligence (AI) and Data Science,60,39,0,9,12,0,6,627126311T,3,FE_2023_SeatMatrix.pdf,1636,false,
2023-24,FE,6271,"Pune Institute of Computer Technology, Dhankavdi, Pune",Un-Aided,Un-Aided,false,192,627137210,Electronics and Telecommunication Engg,240,156,0,36,48,2,24,627137211T,12,FE_2023_SeatMatrix.pdf,1637,false,
2023-24,FE,6271,"Pune Institute of Computer Technology, Dhankavdi, Pune",Un-Aided,Un-Aided,false,48,627184410,Electronics and Computer Engineering,60,39,0,9,12,0,6,627184411T,3,FE_2023_SeatMatrix.pdf,1638,false,
2023-24,FE,6272,"Dr. D. Y. Patil Pratishthan's D.Y.Patil College of Engineering Akurdi, Pune",Un-Aided,Un-Aided,false,120,627219110,Civil Engineering,120,102,0,18,0,1,12,627219111T,6,FE_2023_SeatMatrix.pdf,1639,false,
2023-24,FE,6272,"Dr. D. Y. Patil Pratishthan's D.Y.Patil College of Engineering Akurdi, Pune",Un-Aided,Un-Aided,false,48,627221910,Robotics and Automation,60,39,0,9,12,0,6,627221911T,3,FE_2023_SeatMatrix.pdf,1640,false,
2023-24,FE,6272,"Dr. D. Y. Patil Pratishthan's D.Y.Patil College of Engineering Akurdi, Pune",Un-Aided,Un-Aided,false,144,627224510,Computer Engineering,180,117,0,27,36,1,18,627224511T,9,FE_2023_SeatMatrix.pdf,1641,false,
2023-24,FE,6272,"Dr. D. Y. Patil Pratishthan's D.Y.Patil College of Engineering Akurdi, Pune",Un-Aided,Un-Aided,false,144,627224610,Information Technology,180,117,0,27,36,1,18,627224611T,9,FE_2023_SeatMatrix.pdf,1642,false,
2023-24,FE,6272,"Dr. D. Y. Patil Pratishthan's D.Y.Patil College of Engineering Akurdi, Pune",Un-Aided,Un-Aided,false,144,627237210,Electronics and Telecommunication Engg,180,117,0,27,36,1,18,627237211T,9,FE_2023_SeatMatrix.pdf,1643,false,
2023-24,FE,6272,"Dr. D. Y. Patil Pratishthan's D.Y.Patil College of Engineering Akurdi, Pune",Un-Aided,Un-Aided,false,60,627246610,Instrumentation Engineering,60,51,0,9,0,1,6,627246611T,3,FE_2023_SeatMatrix.pdf,1644,false,
2023-24,FE,6272,"Dr. D. Y. Patil Pratishthan's D.Y.Patil College of Engineering Akurdi, Pune",Un-Aided,Un-Aided,false,96,627261210,Mechanical Engineering,120,78,0,18,24,1,12,627261211T,6,FE_2023_SeatMatrix.pdf,1645,false,
2023-24,FE,6272,"Dr. D. Y. Patil Pratishthan's D.Y.Patil College of Engineering Akurdi, Pune",Un-Aided,Un-Aided,false,144,627299510,Artificial Intelligence and Data Science,180,117,0,27,36,1,18,627299511T,9,FE_2023_SeatMatrix.pdf,1646,false,
2023-24,FE,6274,"Pune Vidyarthi Griha's College of Engineering and Technology and G K Pate(Wani) Institute of Management, Pune",Un-Aided,Un-Aided,false,60,627424510,Computer Engineering,60,51,0,9,0,1,6,627424511T,3,FE_2023_SeatMatrix.pdf,1647,false,
2023-24,FE,6274,"Pune Vidyarthi Griha's College of Engineering and Technology and G K Pate(Wani) Institute of Management, Pune",Un-Aided,Un-Aided,false,60,627424610,Information Technology,60,51,0,9,0,1,6,627424611T,3,FE_2023_SeatMatrix.pdf,1648,false,
2023-24,FE,6274,"Pune Vidyarthi Griha's College of Engineering and Technology and G K Pate(Wani) Institute of Management, Pune",Un-Aided,Un-Aided,false,60,627429310,Electrical Engineering,60,51,0,9,0,1,6,627429311T,3,FE_2023_SeatMatrix.pdf,1649,false,
2023-24,FE,6274,"Pune Vidyarthi Griha's College of Engineering and Technology and G K Pate(Wani) Institute of Management, Pune",Un-Aided,Un-Aided,false,120,627437210,Electronics and Telecommunication Engg,120,102,0,18,0,1,12,627437211T,6,FE_2023_SeatMatrix.pdf,1650,false,
2023-24,FE,6274,"Pune Vidyarthi Griha's College of Engineering and Technology and G K Pate(Wani) Institute of Management, Pune",Un-Aided,Un-Aided,false,120,627461210,Mechanical Engineering,120,102,0,18,0,1,12,627461211T,6,FE_2023_SeatMatrix.pdf,1651,false,
2023-24,FE,6274,"Pune Vidyarthi Griha's College of Engineering and Technology and G K Pate(Wani) Institute of Management, Pune",Un-Aided,Un-Aided,false,60,627484310,Printing Technology,60,51,0,9,0,1,6,,0,FE_2023_SeatMatrix.pdf,1652,false,
2023-24,FE,6274,"Pune Vidyarthi Griha's College of Engineering and Technology and G K Pate(Wani) Institute of Management, Pune",Un-Aided,Un-Aided,false,60,627499510,Artificial Intelligence and Data Science,60,51,0,9,0,1,6,627499511T,3,FE_2023_SeatMatrix.pdf,1653,false,
2023-24,FE,6275,"Shivnagar Vidya Prasarak Mandal's College of Engineering, Malegaon-Baramati",Un-Aided,Un-Aided,false,60,627519110,Civil Engineering,60,51,0,9,0,1,6,,0,FE_2023_SeatMatrix.pdf,1654,false,
2023-24,FE,6275,"Shivnagar Vidya Prasarak Mandal's College of Engineering, Malegaon-Baramati",Un-Aided,Un-Aided,false,72,627524510,Computer Engineering,90,58,0,14,18,1,9,627524511T,5,FE_2023_SeatMatrix.pdf,1655,false,
2023-24,FE,6275,"Shivnagar Vidya Prasarak Mandal's College of Engineering, Malegaon-Baramati",Un-Aided,Un-Aided,false,48,627524610,Information Technology,60,39,0,9,12,0,6,627524611T,3,FE_2023_SeatMatrix.pdf,1656,false,
2023-24,FE,6275,"Shivnagar Vidya Prasarak Mandal's College of Engineering, Malegaon-Baramati",Un-Aided,Un-Aided,false,60,627529310,Electrical Engineering,60,51,0,9,0,1,6,627529311T,3,FE_2023_SeatMatrix.pdf,1657,false,
2023-24,FE,6275,"Shivnagar Vidya Prasarak Mandal's College of Engineering, Malegaon-Baramati",Un-Aided,Un-Aided,false,54,627537210,Electronics and Telecommunication Engg,60,45,0,9,6,0,6,627537211T,3,FE_2023_SeatMatrix.pdf,1658,false,
2023-24,FE,6275,"Shivnagar Vidya Prasarak Mandal's College of Engineering, Malegaon-Baramati",Un-Aided,Un-Aided,false,60,627561210,Mechanical Engineering,60,51,0,9,0,1,6,627561211T,3,FE_2023_SeatMatrix.pdf,1659,false,
2023-24,FE,6278,"All India Shri Shivaji Memorial Society's College of Engineering, Pune",Un-Aided,Un-Aided,false,112,627819110,Civil Engineering,120,94,0,18,8,1,12,627819111T,6,FE_2023_SeatMatrix.pdf,1660,false,
2023-24,FE,6278,"All India Shri Shivaji Memorial Society's College of Engineering, Pune",Un-Aided,Un-Aided,false,24,627821910,Robotics and Automation,30,19,0,5,6,0,3,627821911T,2,FE_2023_SeatMatrix.pdf,1661,false,
2023-24,FE,6278,"All India Shri Shivaji Memorial Society's College of Engineering, Pune",Un-Aided,Un-Aided,false,96,627824510,Computer Engineering,120,78,0,18,24,1,12,627824511T,6,FE_2023_SeatMatrix.pdf,1662,false,
2023-24,FE,6278,"All India Shri Shivaji Memorial Society's College of Engineering, Pune",Un-Aided,Un-Aided,false,48,627829310,Electrical Engineering,60,39,0,9,12,0,6,627829311T,3,FE_2023_SeatMatrix.pdf,1663,false,
2023-24,FE,6278,"All India Shri Shivaji Memorial Society's College of Engineering, Pune",Un-Aided,Un-Aided,false,48,627837210,Electronics and Telecommunication Engg,60,39,0,9,12,0,6,627837211T,3,FE_2023_SeatMatrix.pdf,1664,false,
2023-24,FE,6278,"All India Shri Shivaji Memorial Society's College of Engineering, Pune",Un-Aided,Un-Aided,false,48,627837810,Electronics Engineering ( VLSI Design and,60,39,0,9,12,0,6,627837811T,3,FE_2023_SeatMatrix.pdf,1665,false,
2023-24,FE,6278,"All India Shri Shivaji Memorial Society's College of Engineering, Pune",Un-Aided,Un-Aided,false,56,627850710,Chemical Engineering,60,47,0,9,4,0,6,627850711T,3,FE_2023_SeatMatrix.pdf,1666,false,
2023-24,FE,6278,"All India Shri Shivaji Memorial Society's College of Engineering, Pune",Un-Aided,Un-Aided,false,112,627861210,Mechanical Engineering,120,94,0,18,8,1,12,627861211T,6,FE_2023_SeatMatrix.pdf,1667,false,
2023-24,FE,6278,"All India Shri Shivaji Memorial Society's College of Engineering, Pune",Un-Aided,Un-Aided,false,56,627862510,Mechanical Engineering[Sandwich],60,47,0,9,4,0,6,627862511T,3,FE_2023_SeatMatrix.pdf,1668,false,
2023-24,FE,6281,"Modern Education Society's College of Engineering, Pune",Un-Aided,Un-Aided,false,180,628124510,Computer Engineering,180,153,0,27,0,2,18,628124511T,9,FE_2023_SeatMatrix.pdf,1669,false,
2023-24,FE,6281,"Modern Education Society's College of Engineering, Pune",Un-Aided,Un-Aided,false,120,628137210,Electronics and Telecommunication Engg,120,102,0,18,0,1,12,628137211T,6,FE_2023_SeatMatrix.pdf,1670,false,
2023-24,FE,6281,"Modern Education Society's College of Engineering, Pune",Un-Aided,Un-Aided,false,120,628161210,Mechanical Engineering,120,102,0,18,0,1,12,628161211T,6,FE_2023_SeatMatrix.pdf,1671,false,
2023-24,FE,6281,"Modern Education Society's College of Engineering, Pune",Un-Aided,Un-Aided,false,60,628191610,Automation and Robotics,60,51,0,9,0,1,6,628191611T,3,FE_2023_SeatMatrix.pdf,1672,false,
2023-24,FE,6298,"Zeal Education Society's Zeal College of Engineering & Reserch, Narhe, Pune",Un-Aided,Un-Aided,false,60,629819110,Civil Engineering,60,51,0,9,0,1,6,,0,FE_2023_SeatMatrix.pdf,1676,false,
2023-24,FE,6298,"Zeal Education Society's Zeal College of Engineering & Reserch, Narhe, Pune",Un-Aided,Un-Aided,false,60,629821910,Robotics and Automation,60,51,0,9,0,1,6,629821911T,3,FE_2023_SeatMatrix.pdf,1677,false,
2023-24,FE,6298,"Zeal Education Society's Zeal College of Engineering & Reserch, Narhe, Pune",Un-Aided,Un-Aided,false,144,629824510,Computer Engineering,180,117,0,27,36,1,18,629824511T,9,FE_2023_SeatMatrix.pdf,1678,false,
2023-24,FE,6298,"Zeal Education Society's Zeal College of Engineering & Reserch, Narhe, Pune",Un-Aided,Un-Aided,false,96,629824610,Information Technology,120,78,0,18,24,1,12,629824611T,6,FE_2023_SeatMatrix.pdf,1679,false,
2023-24,FE,6298,"Zeal Education Society's Zeal College of Engineering & Reserch, Narhe, Pune",Un-Aided,Un-Aided,false,60,629829310,Electrical Engineering,60,51,0,9,0,1,6,629829311T,3,FE_2023_SeatMatrix.pdf,1680,false,
2023-24,FE,6298,"Zeal Education Society's Zeal College of Engineering & Reserch, Narhe, Pune",Un-Aided,Un-Aided,false,114,629837210,Electronics and Telecommunication Engg,120,96,0,18,6,1,12,629837211T,6,FE_2023_SeatMatrix.pdf,1681,false,
2023-24,FE,6298,"Zeal Education Society's Zeal College of Engineering & Reserch, Narhe, Pune",Un-Aided,Un-Aided,false,120,629861210,Mechanical Engineering,120,102,0,18,0,1,12,629861211T,6,FE_2023_SeatMatrix.pdf,1682,false,
2023-24,FE,6298,"Zeal Education Society's Zeal College of Engineering & Reserch, Narhe, Pune",Un-Aided,Un-Aided,false,48,629884410,Electronics and Computer Engineering,60,39,0,9,12,0,6,629884411T,3,FE_2023_SeatMatrix.pdf,1683,false,
2023-24,FE,6298,"Zeal Education Society's Zeal College of Engineering & Reserch, Narhe, Pune",Un-Aided,Un-Aided,false,48,629892110,Artificial Intelligence and Machine Learning,60,39,0,9,12,0,6,629892111T,3,FE_2023_SeatMatrix.pdf,1684,false,
2023-24,FE,6298,"Zeal Education Society's Zeal College of Engineering & Reserch, Narhe, Pune",Un-Aided,Un-Aided,false,48,629899510,Artificial Intelligence and Data Science,60,39,0,9,12,0,6,629899511T,3,FE_2023_SeatMatrix.pdf,1685,false,
2023-24,FE,6307,"Dhole Patil Education Society, Dhole Patil College of Engineering, Wagholi, Tal. Haveli",Un-Aided,Un-Aided,false,72,630724510,Computer Engineering,90,58,0,14,18,1,9,630724511T,5,FE_2023_SeatMatrix.pdf,1686,false,
2023-24,FE,6307,"Dhole Patil Education Society, Dhole Patil College of Engineering, Wagholi, Tal. Haveli",Un-Aided,Un-Aided,false,36,630724610,Information Technology,45,29,0,7,9,0,5,630724611T,2,FE_2023_SeatMatrix.pdf,1687,false,
2023-24,FE,6307,"Dhole Patil Education Society, Dhole Patil College of Engineering, Wagholi, Tal. Haveli",Un-Aided,Un-Aided,false,48,630737210,Electronics and Telecommunication Engg,60,39,0,9,12,0,6,630737211T,3,FE_2023_SeatMatrix.pdf,1688,false,
2023-24,FE,6307,"Dhole Patil Education Society, Dhole Patil College of Engineering, Wagholi, Tal. Haveli",Un-Aided,Un-Aided,false,48,630760210,Automobile Engineering,60,39,0,9,12,0,6,,0,FE_2023_SeatMatrix.pdf,1689,false,
2023-24,FE,6310,"Nutan Maharashtra Vidya Prasarak Mandal, Nutan Maharashtra Institute of Engineering &Technology, Talegaon station, Pune",Un-Aided,Un-Aided,false,144,631024510,Computer Engineering,180,117,0,27,36,1,18,631024511T,9,FE_2023_SeatMatrix.pdf,1690,false,
2023-24,FE,6310,"Nutan Maharashtra Vidya Prasarak Mandal, Nutan Maharashtra Institute of Engineering &Technology, Talegaon station, Pune",Un-Aided,Un-Aided,false,48,631024610,Information Technology,60,39,0,9,12,0,6,631024611T,3,FE_2023_SeatMatrix.pdf,1691,false,
2023-24,FE,6310,"Nutan Maharashtra Vidya Prasarak Mandal, Nutan Maharashtra Institute of Engineering &Technology, Talegaon station, Pune",Un-Aided,Un-Aided,false,48,631037210,Electronics and Telecommunication Engg,60,39,0,9,12,0,6,631037211T,3,FE_2023_SeatMatrix.pdf,1692,false,
2023-24,FE,6310,"Nutan Maharashtra Vidya Prasarak Mandal, Nutan Maharashtra Institute of Engineering &Technology, Talegaon station, Pune",Un-Aided,Un-Aided,false,48,631061210,Mechanical Engineering,60,39,0,9,12,0,6,631061211T,3,FE_2023_SeatMatrix.pdf,1693,false,
2023-24,FE,6311,"Jayawant Shikshan Prasarak Mandal, Bhivarabai Sawant Institute of Technology & Research, Wagholi",Un-Aided,Un-Aided,false,144,631124510,Computer Engineering,180,117,0,27,36,1,18,631124511T,9,FE_2023_SeatMatrix.pdf,1694,false,
2023-24,FE,6311,"Jayawant Shikshan Prasarak Mandal, Bhivarabai Sawant Institute of Technology & Research, Wagholi",Un-Aided,Un-Aided,false,96,631124610,Information Technology,120,78,0,18,24,1,12,631124611T,6,FE_2023_SeatMatrix.pdf,1695,false,
2023-24,FE,6311,"Jayawant Shikshan Prasarak Mandal, Bhivarabai Sawant Institute of Technology & Research, Wagholi",Un-Aided,Un-Aided,false,60,631129310,Electrical Engineering,60,51,0,9,0,1,6,631129311T,3,FE_2023_SeatMatrix.pdf,1696,false,
2023-24,FE,6311,"Jayawant Shikshan Prasarak Mandal, Bhivarabai Sawant Institute of Technology & Research, Wagholi",Un-Aided,Un-Aided,false,57,631137210,Electronics and Telecommunication Engg,60,48,0,9,3,0,6,631137211T,3,FE_2023_SeatMatrix.pdf,1697,false,
2023-24,FE,6311,"Jayawant Shikshan Prasarak Mandal, Bhivarabai Sawant Institute of Technology & Research, Wagholi",Un-Aided,Un-Aided,false,120,631161210,Mechanical Engineering,120,102,0,18,0,1,12,,0,FE_2023_SeatMatrix.pdf,1698,false,
2023-24,FE,6319,"Shahajirao Patil Vikas Pratishthan, S.B.Patil College of Engineering, Vangali, Tal. Indapur",Un-Aided,Un-Aided,false,60,631919110,Civil Engineering,60,51,0,9,0,1,6,,0,FE_2023_SeatMatrix.pdf,1699,false,
2023-24,FE,6319,"Shahajirao Patil Vikas Pratishthan, S.B.Patil College of Engineering, Vangali, Tal. Indapur",Un-Aided,Un-Aided,false,120,631924510,Computer Engineering,120,102,0,18,0,1,12,631924511T,6,FE_2023_SeatMatrix.pdf,1700,false,
2023-24,FE,6319,"Shahajirao Patil Vikas Pratishthan, S.B.Patil College of Engineering, Vangali, Tal. Indapur",Un-Aided,Un-Aided,false,30,631926310,Artificial Intelligence (AI) and Data Science,30,25,0,5,0,0,3,631926311T,2,FE_2023_SeatMatrix.pdf,1701,false,
2023-24,FE,6319,"Shahajirao Patil Vikas Pratishthan, S.B.Patil College of Engineering, Vangali, Tal. Indapur",Un-Aided,Un-Aided,false,60,631929310,Electrical Engineering,60,51,0,9,0,1,6,631929311T,3,FE_2023_SeatMatrix.pdf,1702,false,
2023-24,FE,6319,"Shahajirao Patil Vikas Pratishthan, S.B.Patil College of Engineering, Vangali, Tal. Indapur",Un-Aided,Un-Aided,false,60,631937210,Electronics and Telecommunication Engg,60,51,0,9,0,1,6,631937211T,3,FE_2023_SeatMatrix.pdf,1703,false,
2023-24,FE,6319,"Shahajirao Patil Vikas Pratishthan, S.B.Patil College of Engineering, Vangali, Tal. Indapur",Un-Aided,Un-Aided,false,30,631961210,Mechanical Engineering,30,25,0,5,0,0,3,631961211T,2,FE_2023_SeatMatrix.pdf,1704,false,
2023-24,FE,6320,"K.J.'s Educational Institute's K.J.College of Engineering & Management Research, Pisoli",Un-Aided,Un-Aided,false,60,632019110,Civil Engineering,60,51,0,9,0,1,6,,0,FE_2023_SeatMatrix.pdf,1705,false,
2023-24,FE,6320,"K.J.'s Educational Institute's K.J.College of Engineering & Management Research, Pisoli",Un-Aided,Un-Aided,false,162,632024510,Computer Engineering,180,135,0,27,18,1,18,632024511T,9,FE_2023_SeatMatrix.pdf,1706,false,
2023-24,FE,6320,"K.J.'s Educational Institute's K.J.College of Engineering & Management Research, Pisoli",Un-Aided,Un-Aided,false,60,632029310,Electrical Engineering,60,51,0,9,0,1,6,,0,FE_2023_SeatMatrix.pdf,1707,false,
2023-24,FE,6320,"K.J.'s Educational Institute's K.J.College of Engineering & Management Research, Pisoli",Un-Aided,Un-Aided,false,60,632037210,Electronics and Telecommunication Engg,60,51,0,9,0,1,6,632037211T,3,FE_2023_SeatMatrix.pdf,1708,false,
2023-24,FE,6320,"K.J.'s Educational Institute's K.J.College of Engineering & Management Research, Pisoli",Un-Aided,Un-Aided,false,60,632037810,Electronics Engineering ( VLSI Design and,60,51,0,9,0,1,6,632037811T,3,FE_2023_SeatMatrix.pdf,1709,false,
2023-24,FE,6320,"K.J.'s Educational Institute's K.J.College of Engineering & Management Research, Pisoli",Un-Aided,Un-Aided,false,90,632061210,Mechanical Engineering,90,76,0,14,0,1,9,,0,FE_2023_SeatMatrix.pdf,1710,false,
2023-24,FE,6320,"K.J.'s Educational Institute's K.J.College of Engineering & Management Research, Pisoli",Un-Aided,Un-Aided,false,60,632092810,Electronics and Communication(Advanced,60,51,0,9,0,1,6,632092811T,3,FE_2023_SeatMatrix.pdf,1711,false,
2023-24,FE,6322,"Shree Gajanan Maharaj Shikshan Prasarak Manda'l Sharadchandra Pawar College of Engineering, Dumbarwadi",Un-Aided,Un-Aided,false,27,632224510,Computer Engineering,30,22,0,5,3,0,3,632224511T,2,FE_2023_SeatMatrix.pdf,1712,false,
2023-24,FE,6322,"Shree Gajanan Maharaj Shikshan Prasarak Manda'l Sharadchandra Pawar College of Engineering, Dumbarwadi",Un-Aided,Un-Aided,false,30,632237210,Electronics and Telecommunication Engg,30,25,0,5,0,0,3,,0,FE_2023_SeatMatrix.pdf,1713,false,
2023-24,FE,6322,"Shree Gajanan Maharaj Shikshan Prasarak Manda'l Sharadchandra Pawar College of Engineering, Dumbarwadi",Un-Aided,Un-Aided,false,30,632261210,Mechanical Engineering,30,25,0,5,0,0,3,,0,FE_2023_SeatMatrix.pdf,1714,false,
2023-24,FE,6324,"Rajgad Dnyanpeeth's Technical Campus,Dhangwadi, Bhor",Un-Aided,Un-Aided,false,60,632419110,Civil Engineering,60,51,0,9,0,1,6,,0,FE_2023_SeatMatrix.pdf,1715,false,
2023-24,FE,6324,"Rajgad Dnyanpeeth's Technical Campus,Dhangwadi, Bhor",Un-Aided,Un-Aided,false,84,632424510,Computer Engineering,90,70,0,14,6,1,9,632424511T,5,FE_2023_SeatMatrix.pdf,1716,false,
2023-24,FE,6324,"Rajgad Dnyanpeeth's Technical Campus,Dhangwadi, Bhor",Un-Aided,Un-Aided,false,87,632426310,Artificial Intelligence (AI) and Data Science,90,73,0,14,3,1,9,632426311T,5,FE_2023_SeatMatrix.pdf,1717,false,
2023-24,FE,6324,"Rajgad Dnyanpeeth's Technical Campus,Dhangwadi, Bhor",Un-Aided,Un-Aided,false,60,632437210,Electronics and Telecommunication Engg,60,51,0,9,0,1,6,632437211T,3,FE_2023_SeatMatrix.pdf,1718,false,
2023-24,FE,6324,"Rajgad Dnyanpeeth's Technical Campus,Dhangwadi, Bhor",Un-Aided,Un-Aided,false,60,632461210,Mechanical Engineering,60,51,0,9,0,1,6,632461211T,3,FE_2023_SeatMatrix.pdf,1719,false,
2023-24,FE,6325,"Alard Charitable Trust's Alard College of Engineering and Management, Pune",Un-Aided Linguistic Minority - Hindi,Un-Aided Linguistic Minority - Hindi,false,30,632519110,Civil Engineering,30,13,15,2,0,0,0,,0,FE_2023_SeatMatrix.pdf,1720,false,
2023-24,FE,6325,"Alard Charitable Trust's Alard College of Engineering and Management, Pune",Un-Aided Linguistic Minority - Hindi,Un-Aided Linguistic Minority - Hindi,false,48,632524510,Computer Engineering,60,14,31,3,12,0,0,632524511T,3,FE_2023_SeatMatrix.pdf,1721,false,
2023-24,FE,6325,"Alard Charitable Trust's Alard College of Engineering and Management, Pune",Un-Aided Linguistic Minority - Hindi,Un-Aided Linguistic Minority - Hindi,false,60,632525710,Computer Science and Design,60,25,31,4,0,0,0,632525711T,3,FE_2023_SeatMatrix.pdf,1722,false,
2023-24,FE,6325,"Alard Charitable Trust's Alard College of Engineering and Management, Pune",Un-Aided Linguistic Minority - Hindi,Un-Aided Linguistic Minority - Hindi,false,30,632529310,Electrical Engineering,30,13,15,2,0,0,0,632529311T,2,FE_2023_SeatMatrix.pdf,1723,false,
2023-24,FE,6325,"Alard Charitable Trust's Alard College of Engineering and Management, Pune",Un-Aided Linguistic Minority - Hindi,Un-Aided Linguistic Minority - Hindi,false,54,632537210,Electronics and Telecommunication Engg,60,20,31,3,6,0,0,632537211T,3,FE_2023_SeatMatrix.pdf,1724,false,
2023-24,FE,6325,"Alard Charitable Trust's Alard College of Engineering and Management, Pune",Un-Aided Linguistic Minority - Hindi,Un-Aided Linguistic Minority - Hindi,false,60,632537810,Electronics Engineering ( VLSI Design and,60,25,31,4,0,0,0,632537811T,3,FE_2023_SeatMatrix.pdf,1725,false,
2023-24,FE,6325,"Alard Charitable Trust's Alard College of Engineering and Management, Pune",Un-Aided Linguistic Minority - Hindi,Un-Aided Linguistic Minority - Hindi,false,60,632561210,Mechanical Engineering,60,25,31,4,0,0,0,,0,FE_2023_SeatMatrix.pdf,1726,false,
2023-24,FE,6325,"Alard Charitable Trust's Alard College of Engineering and Management, Pune",Un-Aided Linguistic Minority - Hindi,Un-Aided Linguistic Minority - Hindi,false,54,632592110,Artificial Intelligence and Machine Learning,60,20,31,3,6,0,0,632592111T,3,FE_2023_SeatMatrix.pdf,1727,false,
2023-24,FE,6325,"Alard Charitable Trust's Alard College of Engineering and Management, Pune",Un-Aided Linguistic Minority - Hindi,Un-Aided Linguistic Minority - Hindi,false,60,632593310,Electronics and Communication (Advanced,60,25,31,4,0,0,0,632593311T,3,FE_2023_SeatMatrix.pdf,1728,false,
2023-24,FE,6609,"Jaihind College Of Engineering,Kuran",Un-Aided,Un-Aided,false,60,660919110,Civil Engineering,60,51,0,9,0,1,6,,0,FE_2023_SeatMatrix.pdf,1729,false,
2023-24,FE,6609,"Jaihind College Of Engineering,Kuran",Un-Aided,Un-Aided,false,48,660924510,Computer Engineering,60,39,0,9,12,0,6,660924511T,3,FE_2023_SeatMatrix.pdf,1730,false,
2023-24,FE,6609,"Jaihind College Of Engineering,Kuran",Un-Aided,Un-Aided,false,48,660926310,Artificial Intelligence (AI) and Data Science,60,39,0,9,12,0,6,660926311T,3,FE_2023_SeatMatrix.pdf,1731,false,
2023-24,FE,6609,"Jaihind College Of Engineering,Kuran",Un-Aided,Un-Aided,false,60,660937210,Electronics and Telecommunication Engg,60,51,0,9,0,1,6,660937211T,3,FE_2023_SeatMatrix.pdf,1732,false,
2023-24,FE,6609,"Jaihind College Of Engineering,Kuran",Un-Aided,Un-Aided,false,60,660961210,Mechanical Engineering,60,51,0,9,0,1,6,660961211T,3,FE_2023_SeatMatrix.pdf,1733,false,
2023-24,FE,6622,ISBM College Of Engineering Pune,Un-Aided Linguistic Minority - Hindi,Un-Aided Linguistic Minority - Hindi,false,135,662224510,Computer Engineering,150,49,77,9,15,0,0,662224511T,8,FE_2023_SeatMatrix.pdf,1734,false,
2023-24,FE,6622,ISBM College Of Engineering Pune,Un-Aided Linguistic Minority - Hindi,Un-Aided Linguistic Minority - Hindi,false,30,662237210,Electronics and Telecommunication Engg,30,13,15,2,0,0,0,662237211T,2,FE_2023_SeatMatrix.pdf,1735,false,
2023-24,FE,6622,ISBM College Of Engineering Pune,Un-Aided Linguistic Minority - Hindi,Un-Aided Linguistic Minority - Hindi,false,60,662261210,Mechanical Engineering,60,25,31,4,0,0,0,,0,FE_2023_SeatMatrix.pdf,1736,false,
2023-24,FE,6622,ISBM College Of Engineering Pune,Un-Aided Linguistic Minority - Hindi,Un-Aided Linguistic Minority - Hindi,false,48,662292110,Artificial Intelligence and Machine Learning,60,14,31,3,12,0,0,662292111T,3,FE_2023_SeatMatrix.pdf,1737,false,
2023-24,FE,6622,ISBM College Of Engineering Pune,Un-Aided Linguistic Minority - Hindi,Un-Aided Linguistic Minority - Hindi,false,48,662299510,Artificial Intelligence and Data Science,60,14,31,3,12,0,0,662299511T,3,FE_2023_SeatMatrix.pdf,1738,false,
2023-24,FE,6625,"Universal College of Engineering & Research, Sasewadi",Un-Aided,Un-Aided,false,18,662519110,Civil Engineering,23,15,0,3,5,0,2,,0,FE_2023_SeatMatrix.pdf,1739,false,
2023-24,FE,6625,"Universal College of Engineering & Research, Sasewadi",Un-Aided,Un-Aided,false,12,662524510,Computer Engineering,15,10,0,2,3,0,2,662524511T,1,FE_2023_SeatMatrix.pdf,1740,false,
2023-24,FE,6625,"Universal College of Engineering & Research, Sasewadi",Un-Aided,Un-Aided,false,18,662529310,Electrical Engineering,23,15,0,3,5,0,2,,0,FE_2023_SeatMatrix.pdf,1741,false,
2023-24,FE,6625,"Universal College of Engineering & Research, Sasewadi",Un-Aided,Un-Aided,false,24,662561210,Mechanical Engineering,30,19,0,5,6,0,3,,0,FE_2023_SeatMatrix.pdf,1742,false,
2023-24,FE,6628,"Dattakala Group Of Institutions, Swami - Chincholi Tal. Daund Dist. Pune",Un-Aided,Un-Aided,false,60,662819110,Civil Engineering,60,51,0,9,0,1,6,,0,FE_2023_SeatMatrix.pdf,1743,false,
2023-24,FE,6628,"Dattakala Group Of Institutions, Swami - Chincholi Tal. Daund Dist. Pune",Un-Aided,Un-Aided,false,120,662824510,Computer Engineering,120,102,0,18,0,1,12,662824511T,6,FE_2023_SeatMatrix.pdf,1744,false,
2023-24,FE,6628,"Dattakala Group Of Institutions, Swami - Chincholi Tal. Daund Dist. Pune",Un-Aided,Un-Aided,false,60,662824610,Information Technology,60,51,0,9,0,1,6,,0,FE_2023_SeatMatrix.pdf,1745,false,
2023-24,FE,6628,"Dattakala Group Of Institutions, Swami - Chincholi Tal. Daund Dist. Pune",Un-Aided,Un-Aided,false,60,662829310,Electrical Engineering,60,51,0,9,0,1,6,,0,FE_2023_SeatMatrix.pdf,1746,false,
2023-24,FE,6628,"Dattakala Group Of Institutions, Swami - Chincholi Tal. Daund Dist. Pune",Un-Aided,Un-Aided,false,30,662861210,Mechanical Engineering,30,25,0,5,0,0,3,,0,FE_2023_SeatMatrix.pdf,1747,false,
2023-24,FE,6628,"Dattakala Group Of Institutions, Swami - Chincholi Tal. Daund Dist. Pune",Un-Aided,Un-Aided,false,60,662884410,Electronics and Computer Engineering,60,51,0,9,0,1,6,,0,FE_2023_SeatMatrix.pdf,1748,false,
2023-24,FE,6632,Navsahyadri Education Society's Group of Institutions,Un-Aided,Un-Aided,false,30,663219110,Civil Engineering,30,25,0,5,0,0,3,,0,FE_2023_SeatMatrix.pdf,1749,false,
2023-24,FE,6632,Navsahyadri Education Society's Group of Institutions,Un-Aided,Un-Aided,false,96,663224510,Computer Engineering,120,78,0,18,24,1,12,663224511T,6,FE_2023_SeatMatrix.pdf,1750,false,
2023-24,FE,6632,Navsahyadri Education Society's Group of Institutions,Un-Aided,Un-Aided,false,60,663229310,Electrical Engineering,60,51,0,9,0,1,6,663229311T,3,FE_2023_SeatMatrix.pdf,1751,false,
2023-24,FE,6632,Navsahyadri Education Society's Group of Institutions,Un-Aided,Un-Aided,false,60,663237210,Electronics and Telecommunication Engg,60,51,0,9,0,1,6,663237211T,3,FE_2023_SeatMatrix.pdf,1752,false,
2023-24,FE,6632,Navsahyadri Education Society's Group of Institutions,Un-Aided,Un-Aided,false,30,663261210,Mechanical Engineering,30,25,0,5,0,0,3,,0,FE_2023_SeatMatrix.pdf,1753,false,
2023-24,FE,6632,Navsahyadri Education Society's Group of Institutions,Un-Aided,Un-Aided,false,60,663292110,Artificial Intelligence and Machine Learning,60,51,0,9,0,1,6,663292111T,3,FE_2023_SeatMatrix.pdf,1754,false,
2023-24,FE,6634,"KJEI's Trinity Academy of Engineering, Yewalewadi, Pune",Un-Aided,Un-Aided,false,60,663419110,Civil Engineering,60,51,0,9,0,1,6,,0,FE_2023_SeatMatrix.pdf,1755,false,
2023-24,FE,6634,"KJEI's Trinity Academy of Engineering, Yewalewadi, Pune",Un-Aided,Un-Aided,false,48,663424510,Computer Engineering,60,39,0,9,12,0,6,663424511T,3,FE_2023_SeatMatrix.pdf,1756,false,
2023-24,FE,6634,"KJEI's Trinity Academy of Engineering, Yewalewadi, Pune",Un-Aided,Un-Aided,false,48,663424610,Information Technology,60,39,0,9,12,0,6,663424611T,3,FE_2023_SeatMatrix.pdf,1757,false,
2023-24,FE,6634,"KJEI's Trinity Academy of Engineering, Yewalewadi, Pune",Un-Aided,Un-Aided,false,120,663437210,Electronics and Telecommunication Engg,120,102,0,18,0,1,12,663437211T,6,FE_2023_SeatMatrix.pdf,1758,false,
2023-24,FE,6634,"KJEI's Trinity Academy of Engineering, Yewalewadi, Pune",Un-Aided,Un-Aided,false,60,663461210,Mechanical Engineering,60,51,0,9,0,1,6,,0,FE_2023_SeatMatrix.pdf,1759,false,
2023-24,FE,6635,"Samarth Group of Institutions, Bangarwadi, Post Belhe Tal. Junnar Dist. Pune",Un-Aided,Un-Aided,false,30,663519110,Civil Engineering,30,25,0,5,0,0,3,,0,FE_2023_SeatMatrix.pdf,1760,false,
2023-24,FE,6635,"Samarth Group of Institutions, Bangarwadi, Post Belhe Tal. Junnar Dist. Pune",Un-Aided,Un-Aided,false,72,663524510,Computer Engineering,90,58,0,14,18,1,9,663524511T,5,FE_2023_SeatMatrix.pdf,1761,false,
2023-24,FE,6635,"Samarth Group of Institutions, Bangarwadi, Post Belhe Tal. Junnar Dist. Pune",Un-Aided,Un-Aided,false,30,663529310,Electrical Engineering,30,25,0,5,0,0,3,663529311T,2,FE_2023_SeatMatrix.pdf,1762,false,
2023-24,FE,6635,"Samarth Group of Institutions, Bangarwadi, Post Belhe Tal. Junnar Dist. Pune",Un-Aided,Un-Aided,false,60,663561210,Mechanical Engineering,60,51,0,9,0,1,6,,0,FE_2023_SeatMatrix.pdf,1763,false,
2023-24,FE,6635,"Samarth Group of Institutions, Bangarwadi, Post Belhe Tal. Junnar Dist. Pune",Un-Aided,Un-Aided,false,30,663591210,Computer Science and Engineering(Data Science),30,25,0,5,0,0,3,663591211T,2,FE_2023_SeatMatrix.pdf,1764,false,
2023-24,FE,6635,"Samarth Group of Institutions, Bangarwadi, Post Belhe Tal. Junnar Dist. Pune",Un-Aided,Un-Aided,false,60,663592110,Artificial Intelligence and Machine Learning,60,51,0,9,0,1,6,663592111T,3,FE_2023_SeatMatrix.pdf,1765,false,
2023-24,FE,6649,"TSSM's Bhivarabai Sawant College of Engineering and Research, Narhe, Pune",Un-Aided,Un-Aided,false,60,664919110,Civil Engineering,60,51,0,9,0,1,6,,0,FE_2023_SeatMatrix.pdf,1766,false,
2023-24,FE,6649,"TSSM's Bhivarabai Sawant College of Engineering and Research, Narhe, Pune",Un-Aided,Un-Aided,false,144,664924510,Computer Engineering,180,117,0,27,36,1,18,664924511T,9,FE_2023_SeatMatrix.pdf,1767,false,
2023-24,FE,6649,"TSSM's Bhivarabai Sawant College of Engineering and Research, Narhe, Pune",Un-Aided,Un-Aided,false,60,664929310,Electrical Engineering,60,51,0,9,0,1,6,664929311T,3,FE_2023_SeatMatrix.pdf,1768,false,
2023-24,FE,6649,"TSSM's Bhivarabai Sawant College of Engineering and Research, Narhe, Pune",Un-Aided,Un-Aided,false,56,664937210,Electronics and Telecommunication Engg,60,47,0,9,4,0,6,664937211T,3,FE_2023_SeatMatrix.pdf,1769,false,
2023-24,FE,6649,"TSSM's Bhivarabai Sawant College of Engineering and Research, Narhe, Pune",Un-Aided,Un-Aided,false,60,664961210,Mechanical Engineering,60,51,0,9,0,1,6,,0,FE_2023_SeatMatrix.pdf,1770,false,
2023-24,FE,6732,"Ajeenkya DY Patil School of Engineering, Lohegaon, Pune",Un-Aided,Un-Aided,false,120,673219110,Civil Engineering,120,102,0,18,0,1,12,,0,FE_2023_SeatMatrix.pdf,1771,false,
2023-24,FE,6732,"Ajeenkya DY Patil School of Engineering, Lohegaon, Pune",Un-Aided,Un-Aided,false,144,673224510,Computer Engineering,180,117,0,27,36,1,18,673224511T,9,FE_2023_SeatMatrix.pdf,1772,false,
2023-24,FE,6732,"Ajeenkya DY Patil School of Engineering, Lohegaon, Pune",Un-Aided,Un-Aided,false,144,673237210,Electronics and Telecommunication Engg,180,117,0,27,36,1,18,673237211T,9,FE_2023_SeatMatrix.pdf,1773,false,
2023-24,FE,6732,"Ajeenkya DY Patil School of Engineering, Lohegaon, Pune",Un-Aided,Un-Aided,false,180,673261210,Mechanical Engineering,180,153,0,27,0,2,18,,0,FE_2023_SeatMatrix.pdf,1774,false,
2023-24,FE,6732,"Ajeenkya DY Patil School of Engineering, Lohegaon, Pune",Un-Aided,Un-Aided,false,144,673299510,Artificial Intelligence and Data Science,180,117,0,27,36,1,18,673299511T,9,FE_2023_SeatMatrix.pdf,1775,false,
2023-24,FE,6754,"International Institute of Information Technology (I²IT), Pune.",Un-Aided,Un-Aided,false,143,675424510,Computer Engineering,179,117,0,26,36,1,18,675424511T,9,FE_2023_SeatMatrix.pdf,1776,false,
2023-24,FE,6754,"International Institute of Information Technology (I²IT), Pune.",Un-Aided,Un-Aided,false,96,675424610,Information Technology,120,78,0,18,24,1,12,675424611T,6,FE_2023_SeatMatrix.pdf,1777,false,
2023-24,FE,6754,"International Institute of Information Technology (I²IT), Pune.",Un-Aided,Un-Aided,false,48,675437210,Electronics and Telecommunication Engg,60,39,0,9,12,0,6,675437211T,3,FE_2023_SeatMatrix.pdf,1778,false,
2023-24,FE,6755,"JSPM Narhe Technical Campus, Pune.",Un-Aided,Un-Aided,false,120,675519110,Civil Engineering,120,102,0,18,0,1,12,,0,FE_2023_SeatMatrix.pdf,1779,false,
2023-24,FE,6755,"JSPM Narhe Technical Campus, Pune.",Un-Aided,Un-Aided,false,96,675524510,Computer Engineering,120,78,0,18,24,1,12,675524511T,6,FE_2023_SeatMatrix.pdf,1780,false,
2023-24,FE,6755,"JSPM Narhe Technical Campus, Pune.",Un-Aided,Un-Aided,false,48,675526310,Artificial Intelligence (AI) and Data Science,60,39,0,9,12,0,6,675526311T,3,FE_2023_SeatMatrix.pdf,1781,false,
2023-24,FE,6755,"JSPM Narhe Technical Campus, Pune.",Un-Aided,Un-Aided,false,54,675537210,Electronics and Telecommunication Engg,60,45,0,9,6,0,6,675537211T,3,FE_2023_SeatMatrix.pdf,1782,false,
2023-24,FE,6755,"JSPM Narhe Technical Campus, Pune.",Un-Aided,Un-Aided,false,120,675561210,Mechanical Engineering,120,102,0,18,0,1,12,,0,FE_2023_SeatMatrix.pdf,1783,false,
2023-24,FE,6758,"Sahyadri Valley College of Engineering & Technology, Rajuri, Pune.",Un-Aided,Un-Aided,false,30,675819110,Civil Engineering,30,25,0,5,0,0,3,,0,FE_2023_SeatMatrix.pdf,1784,false,
2023-24,FE,6758,"Sahyadri Valley College of Engineering & Technology, Rajuri, Pune.",Un-Aided,Un-Aided,false,24,675824510,Computer Engineering,30,19,0,5,6,0,3,675824511T,2,FE_2023_SeatMatrix.pdf,1785,false,
2023-24,FE,6758,"Sahyadri Valley College of Engineering & Technology, Rajuri, Pune.",Un-Aided,Un-Aided,false,30,675837210,Electronics and Telecommunication Engg,30,25,0,5,0,0,3,675837211T,2,FE_2023_SeatMatrix.pdf,1786,false,
2023-24,FE,6758,"Sahyadri Valley College of Engineering & Technology, Rajuri, Pune.",Un-Aided,Un-Aided,false,30,675861210,Mechanical Engineering,30,25,0,5,0,0,3,,0,FE_2023_SeatMatrix.pdf,1787,false,
2023-24,FE,6758,"Sahyadri Valley College of Engineering & Technology, Rajuri, Pune.",Un-Aided,Un-Aided,false,24,675892110,Artificial Intelligence and Machine Learning,30,19,0,5,6,0,3,675892111T,2,FE_2023_SeatMatrix.pdf,1788,false,
2023-24,FE,6758,"Sahyadri Valley College of Engineering & Technology, Rajuri, Pune.",Un-Aided,Un-Aided,false,24,675899510,Artificial Intelligence and Data Science,30,19,0,5,6,0,3,675899511T,2,FE_2023_SeatMatrix.pdf,1789,false,
2023-24,FE,6759,"Shree Ramchandra College of Engineering, Lonikand,Pune",Un-Aided,Un-Aided,false,48,675919110,Civil Engineering,60,39,0,9,12,0,6,,0,FE_2023_SeatMatrix.pdf,1790,false,
2023-24,FE,6759,"Shree Ramchandra College of Engineering, Lonikand,Pune",Un-Aided,Un-Aided,false,48,675924510,Computer Engineering,60,39,0,9,12,0,6,675924511T,3,FE_2023_SeatMatrix.pdf,1791,false,
2023-24,FE,6759,"Shree Ramchandra College of Engineering, Lonikand,Pune",Un-Aided,Un-Aided,false,24,675929310,Electrical Engineering,30,19,0,5,6,0,3,,0,FE_2023_SeatMatrix.pdf,1792,false,
2023-24,FE,6759,"Shree Ramchandra College of Engineering, Lonikand,Pune",Un-Aided,Un-Aided,false,48,675961210,Mechanical Engineering,60,39,0,9,12,0,6,,0,FE_2023_SeatMatrix.pdf,1793,false,
2023-24,FE,6759,"Shree Ramchandra College of Engineering, Lonikand,Pune",Un-Aided,Un-Aided,false,48,675999510,Artificial Intelligence and Data Science,60,39,0,9,12,0,6,675999511T,3,FE_2023_SeatMatrix.pdf,1794,false,
2023-24,FE,6767,"Suman Ramesh Tulsiani Technical Campus: Faculty of Engineering, Kamshet,Pune.",Un-Aided,Un-Aided,false,144,676724510,Computer Engineering,180,117,0,27,36,1,18,676724511T,9,FE_2023_SeatMatrix.pdf,1795,false,
2023-24,FE,6767,"Suman Ramesh Tulsiani Technical Campus: Faculty of Engineering, Kamshet,Pune.",Un-Aided,Un-Aided,false,24,676761210,Mechanical Engineering,30,19,0,5,6,0,3,,0,FE_2023_SeatMatrix.pdf,1796,false,
2023-24,FE,6767,"Suman Ramesh Tulsiani Technical Campus: Faculty of Engineering, Kamshet,Pune.",Un-Aided,Un-Aided,false,48,676791210,Computer Science and Engineering(Data Science),60,39,0,9,12,0,6,,0,FE_2023_SeatMatrix.pdf,1797,false,
2023-24,FE,6767,"Suman Ramesh Tulsiani Technical Campus: Faculty of Engineering, Kamshet,Pune.",Un-Aided,Un-Aided,false,48,676799510,Artificial Intelligence and Data Science,60,39,0,9,12,0,6,676799511T,3,FE_2023_SeatMatrix.pdf,1798,false,
2023-24,FE,6768,"P.K. Technical Campus, Pune.",Un-Aided,Un-Aided,false,60,676819110,Civil Engineering,60,51,0,9,0,1,6,,0,FE_2023_SeatMatrix.pdf,1799,false,
2023-24,FE,6768,"P.K. Technical Campus, Pune.",Un-Aided,Un-Aided,false,48,676824510,Computer Engineering,60,39,0,9,12,0,6,676824511T,3,FE_2023_SeatMatrix.pdf,1800,false,
2023-24,FE,6768,"P.K. Technical Campus, Pune.",Un-Aided,Un-Aided,false,60,676861210,Mechanical Engineering,60,51,0,9,0,1,6,,0,FE_2023_SeatMatrix.pdf,1801,false,
2023-24,FE,6769,"Rasiklal M. Dhariwal Sinhgad Technical Institutes Campus, Warje, Pune.",Un-Aided,Un-Aided,false,90,676919110,Civil Engineering,90,76,0,14,0,1,9,,0,FE_2023_SeatMatrix.pdf,1802,false,
2023-24,FE,6769,"Rasiklal M. Dhariwal Sinhgad Technical Institutes Campus, Warje, Pune.",Un-Aided,Un-Aided,false,96,676924510,Computer Engineering,120,78,0,18,24,1,12,676924511T,6,FE_2023_SeatMatrix.pdf,1803,false,
2023-24,FE,6769,"Rasiklal M. Dhariwal Sinhgad Technical Institutes Campus, Warje, Pune.",Un-Aided,Un-Aided,false,48,676924610,Information Technology,60,39,0,9,12,0,6,676924611T,3,FE_2023_SeatMatrix.pdf,1804,false,
2023-24,FE,6769,"Rasiklal M. Dhariwal Sinhgad Technical Institutes Campus, Warje, Pune.",Un-Aided,Un-Aided,false,48,676937210,Electronics and Telecommunication Engg,60,39,0,9,12,0,6,676937211T,3,FE_2023_SeatMatrix.pdf,1805,false,
2023-24,FE,6769,"Rasiklal M. Dhariwal Sinhgad Technical Institutes Campus, Warje, Pune.",Un-Aided,Un-Aided,false,150,676961210,Mechanical Engineering,150,127,0,23,0,1,15,,0,FE_2023_SeatMatrix.pdf,1806,false,
2023-24,FE,6770,"SKN Sinhgad Institute of Technology & Science, Kusgaon(BK),Pune.",Un-Aided,Un-Aided,false,108,677024510,Computer Engineering,120,90,0,18,12,1,12,677024511T,6,FE_2023_SeatMatrix.pdf,1807,false,
2023-24,FE,6770,"SKN Sinhgad Institute of Technology & Science, Kusgaon(BK),Pune.",Un-Aided,Un-Aided,false,60,677024610,Information Technology,60,51,0,9,0,1,6,677024611T,3,FE_2023_SeatMatrix.pdf,1808,false,
2023-24,FE,6770,"SKN Sinhgad Institute of Technology & Science, Kusgaon(BK),Pune.",Un-Aided,Un-Aided,false,30,677061210,Mechanical Engineering,30,25,0,5,0,0,3,,0,FE_2023_SeatMatrix.pdf,1809,false,
2023-24,FE,6772,"NBN Sinhgad Technical Institutes Campus, Pune",Un-Aided,Un-Aided,false,96,677224510,Computer Engineering,120,78,0,18,24,1,12,677224511T,6,FE_2023_SeatMatrix.pdf,1810,false,
2023-24,FE,6772,"NBN Sinhgad Technical Institutes Campus, Pune",Un-Aided,Un-Aided,false,48,677224610,Information Technology,60,39,0,9,12,0,6,677224611T,3,FE_2023_SeatMatrix.pdf,1811,false,
2023-24,FE,6772,"NBN Sinhgad Technical Institutes Campus, Pune",Un-Aided,Un-Aided,false,60,677229310,Electrical Engineering,60,51,0,9,0,1,6,677229311T,3,FE_2023_SeatMatrix.pdf,1812,false,
2023-24,FE,6772,"NBN Sinhgad Technical Institutes Campus, Pune",Un-Aided,Un-Aided,false,48,677237210,Electronics and Telecommunication Engg,60,39,0,9,12,0,6,677237211T,3,FE_2023_SeatMatrix.pdf,1813,false,
2023-24,FE,6772,"NBN Sinhgad Technical Institutes Campus, Pune",Un-Aided,Un-Aided,false,150,677261210,Mechanical Engineering,150,127,0,23,0,1,15,,0,FE_2023_SeatMatrix.pdf,1814,false,
2023-24,FE,6794,"Anantrao Pawar College of Engineering & Research, Pune",Un-Aided,Un-Aided,false,60,679419110,Civil Engineering,60,51,0,9,0,1,6,,0,FE_2023_SeatMatrix.pdf,1815,false,
2023-24,FE,6794,"Anantrao Pawar College of Engineering & Research, Pune",Un-Aided,Un-Aided,false,48,679424510,Computer Engineering,60,39,0,9,12,0,6,679424511T,3,FE_2023_SeatMatrix.pdf,1816,false,
2023-24,FE,6794,"Anantrao Pawar College of Engineering & Research, Pune",Un-Aided,Un-Aided,false,48,679424610,Information Technology,60,39,0,9,12,0,6,679424611T,3,FE_2023_SeatMatrix.pdf,1817,false,
2023-24,FE,6794,"Anantrao Pawar College of Engineering & Research, Pune",Un-Aided,Un-Aided,false,54,679437210,Electronics and Telecommunication Engg,60,45,0,9,6,0,6,679437211T,3,FE_2023_SeatMatrix.pdf,1818,false,
2023-24,FE,6794,"Anantrao Pawar College of Engineering & Research, Pune",Un-Aided,Un-Aided,false,60,679437810,Electronics Engineering ( VLSI Design and,60,51,0,9,0,1,6,679437811T,3,FE_2023_SeatMatrix.pdf,1819,false,
2023-24,FE,6794,"Anantrao Pawar College of Engineering & Research, Pune",Un-Aided,Un-Aided,false,60,679461210,Mechanical Engineering,60,51,0,9,0,1,6,,0,FE_2023_SeatMatrix.pdf,1820,false,
2023-24,FE,6794,"Anantrao Pawar College of Engineering & Research, Pune",Un-Aided,Un-Aided,false,60,679492810,Electronics and Communication(Advanced,60,51,0,9,0,1,6,679492811T,3,FE_2023_SeatMatrix.pdf,1821,false,
2023-24,FE,6794,"Anantrao Pawar College of Engineering & Research, Pune",Un-Aided,Un-Aided,false,48,679499510,Artificial Intelligence and Data Science,60,39,0,9,12,0,6,679499511T,3,FE_2023_SeatMatrix.pdf,1822,false,
2023-24,FE,6795,"Shri.Someshwar Shikshan Prasarak Mandal, Sharadchandra Pawar College of Engineering & Technology, Someshwar Nagar",Un-Aided,Un-Aided,false,30,679519110,Civil Engineering,30,25,0,5,0,0,3,,0,FE_2023_SeatMatrix.pdf,1823,false,
2023-24,FE,6795,"Shri.Someshwar Shikshan Prasarak Mandal, Sharadchandra Pawar College of Engineering & Technology, Someshwar Nagar",Un-Aided,Un-Aided,false,96,679524510,Computer Engineering,120,78,0,18,24,1,12,679524511T,6,FE_2023_SeatMatrix.pdf,1824,false,
2023-24,FE,6795,"Shri.Someshwar Shikshan Prasarak Mandal, Sharadchandra Pawar College of Engineering & Technology, Someshwar Nagar",Un-Aided,Un-Aided,false,30,679529310,Electrical Engineering,30,25,0,5,0,0,3,,0,FE_2023_SeatMatrix.pdf,1825,false,
2023-24,FE,6795,"Shri.Someshwar Shikshan Prasarak Mandal, Sharadchandra Pawar College of Engineering & Technology, Someshwar Nagar",Un-Aided,Un-Aided,false,30,679561210,Mechanical Engineering,30,25,0,5,0,0,3,,0,FE_2023_SeatMatrix.pdf,1826,false,
2023-24,FE,6796,"Bharati Vidyapeeth's College of Engineering,Lavale, Pune",Un-Aided,Un-Aided,false,60,679619110,Civil Engineering,60,51,0,9,0,1,6,,0,FE_2023_SeatMatrix.pdf,1827,false,
2023-24,FE,6796,"Bharati Vidyapeeth's College of Engineering,Lavale, Pune",Un-Aided,Un-Aided,false,48,679624510,Computer Engineering,60,39,0,9,12,0,6,679624511T,3,FE_2023_SeatMatrix.pdf,1828,false,
2023-24,FE,6796,"Bharati Vidyapeeth's College of Engineering,Lavale, Pune",Un-Aided,Un-Aided,false,60,679637210,Electronics and Telecommunication Engg,60,51,0,9,0,1,6,679637211T,3,FE_2023_SeatMatrix.pdf,1829,false,
2023-24,FE,6796,"Bharati Vidyapeeth's College of Engineering,Lavale, Pune",Un-Aided,Un-Aided,false,60,679661210,Mechanical Engineering,60,51,0,9,0,1,6,,0,FE_2023_SeatMatrix.pdf,1830,false,
2023-24,FE,6802,"Dr. D.Y.Patil Institute of Engineering, Management & Reseach, Akurdi, Pune",Un-Aided,Un-Aided,false,60,680219110,Civil Engineering,60,51,0,9,0,1,6,680219111T,3,FE_2023_SeatMatrix.pdf,1831,false,
2023-24,FE,6802,"Dr. D.Y.Patil Institute of Engineering, Management & Reseach, Akurdi, Pune",Un-Aided,Un-Aided,false,96,680224510,Computer Engineering,120,78,0,18,24,1,12,680224511T,6,FE_2023_SeatMatrix.pdf,1832,false,
2023-24,FE,6802,"Dr. D.Y.Patil Institute of Engineering, Management & Reseach, Akurdi, Pune",Un-Aided,Un-Aided,false,48,680237210,Electronics and Telecommunication Engg,60,39,0,9,12,0,6,680237211T,3,FE_2023_SeatMatrix.pdf,1833,false,
2023-24,FE,6802,"Dr. D.Y.Patil Institute of Engineering, Management & Reseach, Akurdi, Pune",Un-Aided,Un-Aided,false,60,680250710,Chemical Engineering,60,51,0,9,0,1,6,680250711T,3,FE_2023_SeatMatrix.pdf,1834,false,
2023-24,FE,6802,"Dr. D.Y.Patil Institute of Engineering, Management & Reseach, Akurdi, Pune",Un-Aided,Un-Aided,false,120,680261210,Mechanical Engineering,120,102,0,18,0,1,12,680261211T,6,FE_2023_SeatMatrix.pdf,1835,false,
2023-24,FE,6802,"Dr. D.Y.Patil Institute of Engineering, Management & Reseach, Akurdi, Pune",Un-Aided,Un-Aided,false,96,680299510,Artificial Intelligence and Data Science,120,78,0,18,24,1,12,680299511T,6,FE_2023_SeatMatrix.pdf,1836,false,
2023-24,FE,6808,"Keystone School of Engineering, Pune",Un-Aided,Un-Aided,false,144,680824510,Computer Engineering,180,117,0,27,36,1,18,680824511T,9,FE_2023_SeatMatrix.pdf,1837,false,
2023-24,FE,6808,"Keystone School of Engineering, Pune",Un-Aided,Un-Aided,false,48,680826310,Artificial Intelligence (AI) and Data Science,60,39,0,9,12,0,6,680826311T,3,FE_2023_SeatMatrix.pdf,1838,false,
2023-24,FE,6808,"Keystone School of Engineering, Pune",Un-Aided,Un-Aided,false,43,680837210,Electronics and Telecommunication Engg,54,35,0,8,11,0,5,680837211T,3,FE_2023_SeatMatrix.pdf,1839,false,
2023-24,FE,6808,"Keystone School of Engineering, Pune",Un-Aided,Un-Aided,false,48,680861210,Mechanical Engineering,60,39,0,9,12,0,6,,0,FE_2023_SeatMatrix.pdf,1840,false,
2023-24,FE,6815,"Vidya Prasarini Sabha's College of Engineering & Technology, Lonavala",Un-Aided,Un-Aided,false,24,681519110,Civil Engineering,30,19,0,5,6,0,3,,0,FE_2023_SeatMatrix.pdf,1841,false,
2023-24,FE,6815,"Vidya Prasarini Sabha's College of Engineering & Technology, Lonavala",Un-Aided,Un-Aided,false,24,681524510,Computer Engineering,30,19,0,5,6,0,3,681524511T,2,FE_2023_SeatMatrix.pdf,1842,false,
2023-24,FE,6815,"Vidya Prasarini Sabha's College of Engineering & Technology, Lonavala",Un-Aided,Un-Aided,false,48,681561210,Mechanical Engineering,60,39,0,9,12,0,6,,0,FE_2023_SeatMatrix.pdf,1843,false,
2023-24,FE,6822,"Pimpri Chinchwad Education Trust's Pimpri Chinchwad College Of Engineering And Research, Ravet",Un-Aided,Un-Aided,false,57,682219110,Civil Engineering,60,48,0,9,3,0,6,682219111T,3,FE_2023_SeatMatrix.pdf,1844,false,
2023-24,FE,6822,"Pimpri Chinchwad Education Trust's Pimpri Chinchwad College Of Engineering And Research, Ravet",Un-Aided,Un-Aided,false,192,682224510,Computer Engineering,240,156,0,36,48,2,24,682224511T,12,FE_2023_SeatMatrix.pdf,1845,false,
2023-24,FE,6822,"Pimpri Chinchwad Education Trust's Pimpri Chinchwad College Of Engineering And Research, Ravet",Un-Aided,Un-Aided,false,48,682224610,Information Technology,60,39,0,9,12,0,6,682224611T,3,FE_2023_SeatMatrix.pdf,1846,false,
2023-24,FE,6822,"Pimpri Chinchwad Education Trust's Pimpri Chinchwad College Of Engineering And Research, Ravet",Un-Aided,Un-Aided,false,48,682237210,Electronics and Telecommunication Engg,60,39,0,9,12,0,6,682237211T,3,FE_2023_SeatMatrix.pdf,1847,false,
2023-24,FE,6822,"Pimpri Chinchwad Education Trust's Pimpri Chinchwad College Of Engineering And Research, Ravet",Un-Aided,Un-Aided,false,57,682261210,Mechanical Engineering,60,48,0,9,3,0,6,682261211T,3,FE_2023_SeatMatrix.pdf,1848,false,
2023-24,FE,6834,"Dr.D.Y.Patil College Of Engineering & Innovation,Talegaon",Un-Aided,Un-Aided,false,156,683424510,Computer Engineering,180,129,0,27,24,1,18,683424511T,9,FE_2023_SeatMatrix.pdf,1849,false,
2023-24,FE,6834,"Dr.D.Y.Patil College Of Engineering & Innovation,Talegaon",Un-Aided,Un-Aided,false,54,683426310,Artificial Intelligence (AI) and Data Science,60,45,0,9,6,0,6,683426311T,3,FE_2023_SeatMatrix.pdf,1850,false,
2023-24,FE,6991,"Dr. D.Y. Technical Campus, Varale, Talegaon, Pune",Un-Aided,Un-Aided,false,155,699124510,Computer Engineering,180,128,0,27,25,1,18,699124511T,9,FE_2023_SeatMatrix.pdf,1851,false,
2023-24,FE,6991,"Dr. D.Y. Technical Campus, Varale, Talegaon, Pune",Un-Aided,Un-Aided,false,30,699124610,Information Technology,30,25,0,5,0,0,3,699124611T,2,FE_2023_SeatMatrix.pdf,1852,false,
2023-24,FE,6991,"Dr. D.Y. Technical Campus, Varale, Talegaon, Pune",Un-Aided,Un-Aided,false,30,699126310,Artificial Intelligence (AI) and Data Science,30,25,0,5,0,0,3,699126311T,2,FE_2023_SeatMatrix.pdf,1853,false,
2023-24,FE,6991,"Dr. D.Y. Technical Campus, Varale, Talegaon, Pune",Un-Aided,Un-Aided,false,108,699156610,Computer Science,120,90,0,18,12,1,12,699156611T,6,FE_2023_SeatMatrix.pdf,1854,false,
2023-24,FE,6028,"Department of Technology, Shivaji University, Kolhapur",University Department,University Department,false,60,602819110,Civil Engineering,60,60,0,0,0,1,6,,0,FE_2023_SeatMatrix.pdf,1855,false,
2023-24,FE,6028,"Department of Technology, Shivaji University, Kolhapur",University Department,University Department,false,60,602825410,Computer Science and Technology,60,60,0,0,0,1,6,602825411T,3,FE_2023_SeatMatrix.pdf,1856,false,
2023-24,FE,6028,"Department of Technology, Shivaji University, Kolhapur",University Department,University Department,false,60,602837210,Electronics and Telecommunication Engg,60,60,0,0,0,1,6,602837211T,3,FE_2023_SeatMatrix.pdf,1857,false,
2023-24,FE,6028,"Department of Technology, Shivaji University, Kolhapur",University Department,University Department,false,60,602850310,Food Technology,60,60,0,0,0,1,6,602850311T,3,FE_2023_SeatMatrix.pdf,1858,false,
2023-24,FE,6028,"Department of Technology, Shivaji University, Kolhapur",University Department,University Department,false,60,602850710,Chemical Engineering,60,60,0,0,0,1,6,,0,FE_2023_SeatMatrix.pdf,1859,false,
2023-24,FE,6028,"Department of Technology, Shivaji University, Kolhapur",University Managed (Un-Aided),University Managed (Un-Aided),false,60,602861210,Mechanical Engineering,60,60,0,0,0,1,6,,0,FE_2023_SeatMatrix.pdf,1860,false,
2023-24,FE,6277,"Dr. J. J. Magdum Charitable Trust's Dr. J.J. Magdum College of Engineering, Jaysingpur",Un-Aided,Un-Aided,false,60,627719110,Civil Engineering,60,51,0,9,0,1,6,,0,FE_2023_SeatMatrix.pdf,1861,false,
2023-24,FE,6277,"Dr. J. J. Magdum Charitable Trust's Dr. J.J. Magdum College of Engineering, Jaysingpur",Un-Aided,Un-Aided,false,48,627724210,Computer Science and Engineering,60,39,0,9,12,0,6,627724211T,3,FE_2023_SeatMatrix.pdf,1862,false,
2023-24,FE,6277,"Dr. J. J. Magdum Charitable Trust's Dr. J.J. Magdum College of Engineering, Jaysingpur",Un-Aided,Un-Aided,false,54,627724610,Information Technology,60,45,0,9,6,0,6,627724611T,3,FE_2023_SeatMatrix.pdf,1863,false,
2023-24,FE,6277,"Dr. J. J. Magdum Charitable Trust's Dr. J.J. Magdum College of Engineering, Jaysingpur",Un-Aided,Un-Aided,false,54,627726310,Artificial Intelligence (AI) and Data Science,60,45,0,9,6,0,6,627726311T,3,FE_2023_SeatMatrix.pdf,1864,false,
2023-24,FE,6277,"Dr. J. J. Magdum Charitable Trust's Dr. J.J. Magdum College of Engineering, Jaysingpur",Un-Aided,Un-Aided,false,54,627737210,Electronics and Telecommunication Engg,60,45,0,9,6,0,6,627737211T,3,FE_2023_SeatMatrix.pdf,1865,false,
2023-24,FE,6277,"Dr. J. J. Magdum Charitable Trust's Dr. J.J. Magdum College of Engineering, Jaysingpur",Un-Aided,Un-Aided,false,60,627761210,Mechanical Engineering,60,51,0,9,0,1,6,,0,FE_2023_SeatMatrix.pdf,1866,false,
2023-24,FE,6288,"Bharati Vidyapeeth's College of Engineering, Kolhapur",Un-Aided,Un-Aided,false,60,628819110,Civil Engineering,60,51,0,9,0,1,6,,0,FE_2023_SeatMatrix.pdf,1867,false,
2023-24,FE,6288,"Bharati Vidyapeeth's College of Engineering, Kolhapur",Un-Aided,Un-Aided,false,48,628824210,Computer Science and Engineering,60,39,0,9,12,0,6,628824211T,3,FE_2023_SeatMatrix.pdf,1868,false,
2023-24,FE,6288,"Bharati Vidyapeeth's College of Engineering, Kolhapur",Un-Aided,Un-Aided,false,60,628837210,Electronics and Telecommunication Engg,60,51,0,9,0,1,6,628837211T,3,FE_2023_SeatMatrix.pdf,1869,false,
2023-24,FE,6288,"Bharati Vidyapeeth's College of Engineering, Kolhapur",Un-Aided,Un-Aided,false,60,628861210,Mechanical Engineering,60,51,0,9,0,1,6,,0,FE_2023_SeatMatrix.pdf,1870,false,
2023-24,FE,6288,"Bharati Vidyapeeth's College of Engineering, Kolhapur",Un-Aided,Un-Aided,false,54,628891110,Computer Science and Engineering(Artificial,60,45,0,9,6,0,6,628891111T,3,FE_2023_SeatMatrix.pdf,1871,false,
2023-24,FE,6303,"Dr. Ashok Gujar Technical Institute's Dr. Daulatrao Aher College of Engineering, Karad",Un-Aided,Un-Aided,false,60,630319110,Civil Engineering,60,51,0,9,0,1,6,,0,FE_2023_SeatMatrix.pdf,1872,false,
2023-24,FE,6303,"Dr. Ashok Gujar Technical Institute's Dr. Daulatrao Aher College of Engineering, Karad",Un-Aided,Un-Aided,false,48,630324210,Computer Science and Engineering,60,39,0,9,12,0,6,630324211T,3,FE_2023_SeatMatrix.pdf,1873,false,
2023-24,FE,6303,"Dr. Ashok Gujar Technical Institute's Dr. Daulatrao Aher College of Engineering, Karad",Un-Aided,Un-Aided,false,57,630337210,Electronics and Telecommunication Engg,60,48,0,9,3,0,6,630337211T,3,FE_2023_SeatMatrix.pdf,1874,false,
2023-24,FE,6303,"Dr. Ashok Gujar Technical Institute's Dr. Daulatrao Aher College of Engineering, Karad",Un-Aided,Un-Aided,false,60,630361210,Mechanical Engineering,60,51,0,9,0,1,6,,0,FE_2023_SeatMatrix.pdf,1875,false,
2023-24,FE,6780,"D.Y.Patil Education Society's,D.Y.Patil Technical Campus, Faculty of Engineering & Faculty of Management,Talsande,Kolhapur.",Un-Aided,Un-Aided,false,30,678019110,Civil Engineering,30,25,0,5,0,0,3,,0,FE_2023_SeatMatrix.pdf,1876,false,
2023-24,FE,6780,"D.Y.Patil Education Society's,D.Y.Patil Technical Campus, Faculty of Engineering & Faculty of Management,Talsande,Kolhapur.",Un-Aided,Un-Aided,false,171,678024210,Computer Science and Engineering,180,144,0,27,9,1,18,678024211T,9,FE_2023_SeatMatrix.pdf,1877,false,
2023-24,FE,6780,"D.Y.Patil Education Society's,D.Y.Patil Technical Campus, Faculty of Engineering & Faculty of Management,Talsande,Kolhapur.",Un-Aided,Un-Aided,false,60,678029310,Electrical Engineering,60,51,0,9,0,1,6,678029311T,3,FE_2023_SeatMatrix.pdf,1878,false,
2023-24,FE,6780,"D.Y.Patil Education Society's,D.Y.Patil Technical Campus, Faculty of Engineering & Faculty of Management,Talsande,Kolhapur.",Un-Aided,Un-Aided,false,30,678061210,Mechanical Engineering,30,25,0,5,0,0,3,678061211T,2,FE_2023_SeatMatrix.pdf,1879,false,
2023-24,FE,6803,"Sant Gajanan Maharaj College of Engineering, Gadhinglaj",Un-Aided,Un-Aided,false,60,680319110,Civil Engineering,60,51,0,9,0,1,6,,0,FE_2023_SeatMatrix.pdf,1880,false,
2023-24,FE,6803,"Sant Gajanan Maharaj College of Engineering, Gadhinglaj",Un-Aided,Un-Aided,false,48,680324210,Computer Science and Engineering,60,39,0,9,12,0,6,680324211T,3,FE_2023_SeatMatrix.pdf,1881,false,
2023-24,FE,6803,"Sant Gajanan Maharaj College of Engineering, Gadhinglaj",Un-Aided,Un-Aided,false,60,680329310,Electrical Engineering,60,51,0,9,0,1,6,680329311T,3,FE_2023_SeatMatrix.pdf,1882,false,
2023-24,FE,6803,"Sant Gajanan Maharaj College of Engineering, Gadhinglaj",Un-Aided,Un-Aided,false,48,680337210,Electronics and Telecommunication Engg,60,39,0,9,12,0,6,680337211T,3,FE_2023_SeatMatrix.pdf,1883,false,
2023-24,FE,6803,"Sant Gajanan Maharaj College of Engineering, Gadhinglaj",Un-Aided,Un-Aided,false,60,680361210,Mechanical Engineering,60,51,0,9,0,1,6,680361211T,3,FE_2023_SeatMatrix.pdf,1884,false,
2023-24,FE,6839,"Dr. D Y Patil Pratishthan's College of Engineering, Kolhapur",Un-Aided,Un-Aided,false,60,683919110,Civil Engineering,60,51,0,9,0,1,6,683919111T,3,FE_2023_SeatMatrix.pdf,1885,false,
2023-24,FE,6839,"Dr. D Y Patil Pratishthan's College of Engineering, Kolhapur",Un-Aided,Un-Aided,false,171,683924210,Computer Science and Engineering,180,144,0,27,9,1,18,683924211T,9,FE_2023_SeatMatrix.pdf,1886,false,
2023-24,FE,6839,"Dr. D Y Patil Pratishthan's College of Engineering, Kolhapur",Un-Aided,Un-Aided,false,60,683929310,Electrical Engineering,60,51,0,9,0,1,6,683929311T,3,FE_2023_SeatMatrix.pdf,1887,false,
2023-24,FE,6839,"Dr. D Y Patil Pratishthan's College of Engineering, Kolhapur",Un-Aided,Un-Aided,false,60,683991210,Computer Science and Engineering(Data Science),60,51,0,9,0,1,6,683991211T,3,FE_2023_SeatMatrix.pdf,1888,false,
2023-24,FE,6878,"Dr. A. D. Shinde College Of Engineering, Tal.Gadhinglaj, Kolhapur",Un-Aided,Un-Aided,false,60,687819110,Civil Engineering,60,51,0,9,0,1,6,,0,FE_2023_SeatMatrix.pdf,1889,false,
2023-24,FE,6878,"Dr. A. D. Shinde College Of Engineering, Tal.Gadhinglaj, Kolhapur",Un-Aided,Un-Aided,false,54,687824210,Computer Science and Engineering,60,45,0,9,6,0,6,,0,FE_2023_SeatMatrix.pdf,1890,false,
2023-24,FE,6878,"Dr. A. D. Shinde College Of Engineering, Tal.Gadhinglaj, Kolhapur",Un-Aided,Un-Aided,false,60,687829310,Electrical Engineering,60,51,0,9,0,1,6,,0,FE_2023_SeatMatrix.pdf,1891,false,
2023-24,FE,6878,"Dr. A. D. Shinde College Of Engineering, Tal.Gadhinglaj, Kolhapur",Un-Aided,Un-Aided,false,60,687861210,Mechanical Engineering,60,51,0,9,0,1,6,,0,FE_2023_SeatMatrix.pdf,1892,false,
2023-24,FE,6878,"Dr. A. D. Shinde College Of Engineering, Tal.Gadhinglaj, Kolhapur",Un-Aided,Un-Aided,false,60,687890010,Electronics and Computer Science,60,51,0,9,0,1,6,,0,FE_2023_SeatMatrix.pdf,1893,false,
2023-24,FE,6006,COEP Technological University,University Deemed University,University Deemed University,false,60,600626610,Robotics and Artificial Intelligence,60,48,0,12,0,0,6,600626611T,3,FE_2023_SeatMatrix.pdf,1900,false,
